{"type":"Topology","bbox":[135.72553401053773,35.00635944159544,135.86081189201252,35.3212961467966],"objects":{"town":{"type":"GeometryCollection","geometries":[{"type":"Polygon","arcs":[[0,1,2,3]],"properties":{"name":"岩倉北岩倉中在地町"}},{"type":"Polygon","arcs":[[4,5,6,7,8,9,10,11,12,13,14,15,16]],"properties":{"name":"岩倉北岩倉上蔵町"}},{"type":"Polygon","arcs":[[17,18,19,20,-1,21,22]],"properties":{"name":"明徳岩倉中在地町"}},{"type":"Polygon","arcs":[[23,-23,24,25,26,27,28,29,30]],"properties":{"name":"明徳岩倉忠在地町"}},{"type":"Polygon","arcs":[[-5,31,-2,-21,-20,-19,32]],"properties":{"name":"明徳岩倉上蔵町"}},{"type":"Polygon","arcs":[[-25,-22,-4,33,34]],"properties":{"name":"岩倉北岩倉忠在地町"}},{"type":"Polygon","arcs":[[35,36,37,38,39,40,41,42,43,-7]],"properties":{"name":"岩倉北岩倉木野町"}},{"type":"Polygon","arcs":[[44,45,46,47,48]],"properties":{"name":"岩倉北岩倉花園町"}},{"type":"Polygon","arcs":[[-34,-3,-32,-17,49,50]],"properties":{"name":"岩倉北岩倉村松町"}},{"type":"Polygon","arcs":[[51,52,53,-26,-35,-51,54,55,56,-49]],"properties":{"name":"岩倉北岩倉長谷町"}},{"type":"Polygon","arcs":[[57,58,59,60,61]],"properties":{"name":"岩倉南岩倉南桑原町"}},{"type":"Polygon","arcs":[[62,63,64,65]],"properties":{"name":"岩倉南岩倉花園町"}},{"type":"Polygon","arcs":[[66,-58,67,68,69]],"properties":{"name":"岩倉南岩倉南四ノ坪町"}},{"type":"Polygon","arcs":[[-39,70,71]],"properties":{"name":"岩倉南岩倉西河原町"}},{"type":"Polygon","arcs":[[72,73,74,75]],"properties":{"name":"岩倉南岩倉南平岡町"}},{"type":"Polygon","arcs":[[76,-60,77,78,79,80]],"properties":{"name":"岩倉南岩倉西五田町"}},{"type":"Polygon","arcs":[[-67,81,82,83,-78,-59]],"properties":{"name":"岩倉南岩倉東五田町"}},{"type":"Polygon","arcs":[[-61,-77,84,85]],"properties":{"name":"岩倉南岩倉東宮田町"}},{"type":"Polygon","arcs":[[86,87,88,89]],"properties":{"name":"岩倉南岩倉南木野町"}},{"type":"Polygon","arcs":[[90,91,92,-70,93,94,95,96,-64,97]],"properties":{"name":"岩倉南岩倉大鷺町"}},{"type":"Polygon","arcs":[[98,99,100]],"properties":{"name":"大原大原古知平町"}},{"type":"Polygon","arcs":[[-86,101,102,-87,103,104]],"properties":{"name":"岩倉南岩倉南河原町"}},{"type":"Polygon","arcs":[[105,106,107,108,109]],"properties":{"name":"久多久多宮の町"}},{"type":"Polygon","arcs":[[-68,-62,-105,110,111]],"properties":{"name":"岩倉南岩倉北桑原町"}},{"type":"Polygon","arcs":[[-111,112,113,114,-95,115]],"properties":{"name":"岩倉南岩倉三笠町"}},{"type":"Polygon","arcs":[[116,-40,-72,-89]],"properties":{"name":"岩倉南岩倉木野町"}},{"type":"Polygon","arcs":[[117,118,119,120,121,122,-82,-93]],"properties":{"name":"岩倉南岩倉南大鷺町"}},{"type":"Polygon","arcs":[[-79,-84,123,124]],"properties":{"name":"岩倉南岩倉南池田町"}},{"type":"Polygon","arcs":[[125,-103,-76]],"properties":{"name":"岩倉南岩倉北平岡町"}},{"type":"Polygon","arcs":[[126,127,128,129]],"properties":{"name":"広河原広河原菅原町"}},{"type":"Polygon","arcs":[[130,131,-128,132,133]],"properties":{"name":"広河原広河原杓子屋町"}},{"type":"Polygon","arcs":[[134,135,-65,-97,136,-28]],"properties":{"name":"岩倉南岩倉忠在地町"}},{"type":"Polygon","arcs":[[137,-130,138]],"properties":{"name":"広河原広河原尾花町"}},{"type":"Polygon","arcs":[[139,140,141]],"properties":{"name":"静市岩倉幡枝町"}},{"type":"Polygon","arcs":[[142,143,144,145,-91,146,147,148]],"properties":{"name":"岩倉南岩倉南三宅町"}},{"type":"Polygon","arcs":[[149,-53,150]],"properties":{"name":"明徳岩倉長谷町"}},{"type":"Polygon","arcs":[[151,-31]],"properties":{"name":"明徳岩倉下在地町"}},{"type":"Polygon","arcs":[[152,-110,153,154]],"properties":{"name":"久多久多上の町"}},{"type":"Polygon","arcs":[[155,156,157,158,159,160,161]],"properties":{"name":"花脊花脊大布施町"}},{"type":"Polygon","arcs":[[162,163,-160,164,165]],"properties":{"name":"花脊花脊別所町"}},{"type":"Polygon","arcs":[[-123,166,167,168,169,170,171,172,-41,-117,-88,-126,-75,173,-124,-83]],"properties":{"name":"岩倉南岩倉幡枝町"}},{"type":"Polygon","arcs":[[174,-36,-6]],"properties":{"name":"岩倉北岩倉西河原町"}},{"type":"Polygon","arcs":[[175,-147,-98,-63,176]],"properties":{"name":"岩倉南岩倉三宅町"}},{"type":"Polygon","arcs":[[-81,177,-73,-102,-85]],"properties":{"name":"岩倉南岩倉西宮田町"}},{"type":"Polygon","arcs":[[-30,-114,178,-37,-175,-33,-18,-24,-152]],"properties":{"name":"明徳岩倉西河原町"}},{"type":"Polygon","arcs":[[179,-66,-136,180,-151,-52,-48,181]],"properties":{"name":"明徳岩倉花園町"}},{"type":"Polygon","arcs":[[-115,-29,-137,-96]],"properties":{"name":"明徳岩倉大鷺町"}},{"type":"Polygon","arcs":[[182,183,184,-177,-180,185,186,187,188,189]],"properties":{"name":"明徳岩倉三宅町"}},{"type":"Polygon","arcs":[[-135,-27,-54,-150,-181]],"properties":{"name":"明徳岩倉中町"}},{"type":"Polygon","arcs":[[-146,190,191,-118,-92]],"properties":{"name":"岩倉南岩倉中大鷺町"}},{"type":"Polygon","arcs":[[192,193,194,-141,195]],"properties":{"name":"鞍馬鞍馬二ノ瀬町"}},{"type":"Polygon","arcs":[[196,197]],"properties":{"name":"久多久多川合町"}},{"type":"Polygon","arcs":[[198,-55,-50,-16,199,-142,-195,200,201,202,203]],"properties":{"name":"静市静市静原町"}},{"type":"Polygon","arcs":[[204,205,206,207]],"properties":{"name":"大原大原戸寺町"}},{"type":"Polygon","arcs":[[208,-208,209,210,211]],"properties":{"name":"大原大原上野町"}},{"type":"Polygon","arcs":[[-104,-90,-71,-38,-179,-113]],"properties":{"name":"岩倉南岩倉中河原町"}},{"type":"Polygon","arcs":[[-13,212]],"properties":{"name":"静市岩倉上蔵町"}},{"type":"Polygon","arcs":[[-156,213]],"properties":{"name":"花脊花脊八桝町"}},{"type":"Polygon","arcs":[[214,215,-106,-153]],"properties":{"name":"久多久多中の町"}},{"type":"Polygon","arcs":[[-178,-80,-125,-174,-74]],"properties":{"name":"岩倉南岩倉北池田町"}},{"type":"Polygon","arcs":[[-154,-109,216,-134,217,218]],"properties":{"name":"広河原広河原能見町"}},{"type":"Polygon","arcs":[[-112,-116,-94,-69]],"properties":{"name":"岩倉南岩倉北四ノ坪町"}},{"type":"Polygon","arcs":[[219,-212,220,221,222]],"properties":{"name":"大原大原大長瀬町"}},{"type":"Polygon","arcs":[[-218,-133,-127,-138,223]],"properties":{"name":"広河原広河原下之町"}},{"type":"Polygon","arcs":[[224,-43]],"properties":{"name":"静市岩倉木野町"}},{"type":"Polygon","arcs":[[225,226,227,-223]],"properties":{"name":"大原大原来迎院町"}},{"type":"Polygon","arcs":[[228,229,-196,-140,-200,-15],[230]],"properties":{"name":"静市静市野中町"}},{"type":"Polygon","arcs":[[231,-198,232,233,234,-107,-216]],"properties":{"name":"久多久多下の町"}},{"type":"Polygon","arcs":[[235,-99,236,237,-227]],"properties":{"name":"大原大原勝林院町"}},{"type":"Polygon","arcs":[[238,239,-163,240,241,-201,-194]],"properties":{"name":"鞍馬鞍馬本町"}},{"type":"Polygon","arcs":[[-193,-230,242,243,-239]],"properties":{"name":"鞍馬鞍馬貴船町"}},{"type":"Polygon","arcs":[[-173,244,-243,-229,-14,-213,-12,245,-10,246,-8,-44,-225,-42]],"properties":{"name":"静市静市市原町"}},{"type":"Polygon","arcs":[[-108,-235,247,-157,-214,-162,248,-131,-217]],"properties":{"name":"花脊花脊原地町"}},{"type":"Polygon","arcs":[[249,-165,-159,250]],"properties":{"name":"大原大原大見町"}},{"type":"Polygon","arcs":[[251,252,253,254,255]],"properties":{"name":"上高野上高野鳥脇町"}},{"type":"Polygon","arcs":[[256,257,258,259]],"properties":{"name":"修学院第一一乗寺出口町"}},{"type":"Polygon","arcs":[[260,261,262,263,264]],"properties":{"name":"聖護院聖護院東町"}},{"type":"Polygon","arcs":[[265,266,267,268]],"properties":{"name":"下鴨下鴨中川原町"}},{"type":"Polygon","arcs":[[269,270,271,272,273,274,275]],"properties":{"name":"養徳高野上竹屋町"}},{"type":"Polygon","arcs":[[276,277,278,279,280]],"properties":{"name":"上高野上高野稲荷町"}},{"type":"Polygon","arcs":[[281,282,283,284,285,286,287,288]],"properties":{"name":"上高野上高野流田町"}},{"type":"Polygon","arcs":[[289,290,291,292,293]],"properties":{"name":"葵下鴨塚本町"}},{"type":"Polygon","arcs":[[294,295,296,297,298,299,300,301]],"properties":{"name":"聖護院聖護院蓮華蔵町"}},{"type":"Polygon","arcs":[[302,303,304,305,306,307]],"properties":{"name":"修学院第一一乗寺向畑町"}},{"type":"Polygon","arcs":[[308,309,310,311,312,313]],"properties":{"name":"修学院第一一乗寺燈籠本町"}},{"type":"Polygon","arcs":[[314,315,316,317,318]],"properties":{"name":"養正田中玄京町"}},{"type":"Polygon","arcs":[[319,320,321,322,323,324]],"properties":{"name":"養徳田中東高原町"}},{"type":"Polygon","arcs":[[325,326,327,328,329]],"properties":{"name":"葵下鴨西半木町"}},{"type":"Polygon","arcs":[[330,331,332,333]],"properties":{"name":"岡崎岡崎真如堂前町"}},{"type":"Polygon","arcs":[[334,335,336,337,338]],"properties":{"name":"上高野上高野東山"}},{"type":"Polygon","arcs":[[339,-277,340,341,342,343]],"properties":{"name":"上高野上高野植ノ町"}},{"type":"Polygon","arcs":[[344,-255,345,346]],"properties":{"name":"上高野上高野三反田町"}},{"type":"Polygon","arcs":[[347,348,-46,349,350,351,-338]],"properties":{"name":"八瀬八瀬野瀬町"}},{"type":"Polygon","arcs":[[352,353,354,355]],"properties":{"name":"錦林東山鹿ケ谷菖蒲谷町"}},{"type":"Polygon","arcs":[[356,-341,-281,357,358]],"properties":{"name":"上高野上高野川原町"}},{"type":"Polygon","arcs":[[359,360,-259,361,362]],"properties":{"name":"修学院第一一乗寺花ノ木町"}},{"type":"Polygon","arcs":[[363,364,365,366,367,368]],"properties":{"name":"修学院第一修学院室町"}},{"type":"Polygon","arcs":[[369,370,371,372,373,374]],"properties":{"name":"吉田吉田上阿達町"}},{"type":"Polygon","arcs":[[375,376,-288,377]],"properties":{"name":"上高野上高野上荒蒔町"}},{"type":"Polygon","arcs":[[378,379,380,381,382]],"properties":{"name":"上高野上高野大塚町"}},{"type":"Polygon","arcs":[[383,384,385,386,-185]],"properties":{"name":"上高野上高野市川町"}},{"type":"Polygon","arcs":[[387,388,389,390,391,392,393]],"properties":{"name":"修学院第一一乗寺葉山町"}},{"type":"Polygon","arcs":[[394,395,-370,396]],"properties":{"name":"吉田吉田河原町"}},{"type":"Polygon","arcs":[[397,398,399,400,401]],"properties":{"name":"下鴨下鴨蓼倉町"}},{"type":"Polygon","arcs":[[402,403,404,405,406,407,408]],"properties":{"name":"養徳田中南大久保町"}},{"type":"Polygon","arcs":[[-358,-280,409,410,411,412,413]],"properties":{"name":"上高野上高野大橋町"}},{"type":"Polygon","arcs":[[414,415,416,417,418]],"properties":{"name":"上高野上高野山ノ橋町"}},{"type":"Polygon","arcs":[[419,420,-278,-340,421,422,423]],"properties":{"name":"上高野上高野畑ケ田町"}},{"type":"Polygon","arcs":[[424,-330,425,426,427,428]],"properties":{"name":"葵下鴨東半木町"}},{"type":"Polygon","arcs":[[429,430,431,432,-413,433]],"properties":{"name":"上高野上高野大明神町"}},{"type":"Polygon","arcs":[[-346,-254,434,-416,435,436,437,438]],"properties":{"name":"上高野上高野車地町"}},{"type":"Polygon","arcs":[[-433,439,-186,-182,-47,-349,440,441,442,-359,-414]],"properties":{"name":"上高野上高野西明寺山"}},{"type":"Polygon","arcs":[[443,444,-361,445]],"properties":{"name":"修学院第一一乗寺薬師堂町"}},{"type":"Polygon","arcs":[[446,447,448,449,450,451,452,453,454,455]],"properties":{"name":"修学院第一修学院山添町"}},{"type":"Polygon","arcs":[[-276,456,457,458,459]],"properties":{"name":"養徳高野玉岡町"}},{"type":"Polygon","arcs":[[460,461,462,-442]],"properties":{"name":"上高野上高野水車町"}},{"type":"Polygon","arcs":[[463,464,465,466,467,468]],"properties":{"name":"川東新生洲町"}},{"type":"Polygon","arcs":[[469,470,-417,471,-252,472,473,474]],"properties":{"name":"上高野上高野隣好町"}},{"type":"Polygon","arcs":[[475,476,477,478,479]],"properties":{"name":"養正田中里ノ前町"}},{"type":"Polygon","arcs":[[480,481,482,483,484]],"properties":{"name":"修学院第一一乗寺馬場町"}},{"type":"Polygon","arcs":[[485,486,487,488,489,490]],"properties":{"name":"吉田吉田二本松町"}},{"type":"Polygon","arcs":[[-336,491,492]],"properties":{"name":"上高野八瀬野瀬町"}},{"type":"Polygon","arcs":[[493,494,495,496,-404]],"properties":{"name":"養徳田中南西浦町"}},{"type":"Polygon","arcs":[[497,498,499,500,501]],"properties":{"name":"川東吉永町"}},{"type":"Polygon","arcs":[[502,503,504,-482,505,506]],"properties":{"name":"修学院第一一乗寺月輪寺町"}},{"type":"Polygon","arcs":[[-143,507]],"properties":{"name":"上高野岩倉南三宅町"}},{"type":"Polygon","arcs":[[-381,508,-376,509,-418,-471,510,511,512]],"properties":{"name":"上高野上高野東氷室町"}},{"type":"Polygon","arcs":[[513,514,515,516,517,518]],"properties":{"name":"岡崎岡崎法勝寺町"}},{"type":"Polygon","arcs":[[519,520,521,522]],"properties":{"name":"養正田中樋ノ口町"}},{"type":"Polygon","arcs":[[-440,-432,523,-187]],"properties":{"name":"上高野上高野三宅町"}},{"type":"Polygon","arcs":[[524,525,526,527,528]],"properties":{"name":"下鴨下鴨宮崎町"}},{"type":"Polygon","arcs":[[529,530,531,532,-293]],"properties":{"name":"葵下鴨東梅ノ木町"}},{"type":"Polygon","arcs":[[533,534,535,536]],"properties":{"name":"錦林東山鹿ケ谷西寺ノ前町"}},{"type":"Polygon","arcs":[[-430,537,538,-385,539]],"properties":{"name":"上高野上高野池ノ内町"}},{"type":"Polygon","arcs":[[540,-257,541,542,543]],"properties":{"name":"修学院第一一乗寺野田町"}},{"type":"Polygon","arcs":[[544,545,546,547,548,549,550,551]],"properties":{"name":"錦林東山鹿ケ谷御所ノ段町"}},{"type":"Polygon","arcs":[[552,553,554,555,-298]],"properties":{"name":"聖護院聖護院東寺領町"}},{"type":"Polygon","arcs":[[556,557,558,559,560,561,-374]],"properties":{"name":"吉田吉田泉殿町"}},{"type":"Polygon","arcs":[[-422,-344,562,563,564]],"properties":{"name":"上高野上高野上畑町"}},{"type":"Polygon","arcs":[[565,566,567,568,569]],"properties":{"name":"上高野上高野掃部林町"}},{"type":"Polygon","arcs":[[570,571,572,573,574,-532]],"properties":{"name":"葵下鴨梅ノ木町"}},{"type":"Polygon","arcs":[[575,576,577]],"properties":{"name":"岡崎岡崎成勝寺町"}},{"type":"Polygon","arcs":[[578,-305,579,-484,580]],"properties":{"name":"修学院第一一乗寺稲荷町"}},{"type":"Polygon","arcs":[[581,-490,582,583]],"properties":{"name":"吉田吉田上大路町"}},{"type":"Polygon","arcs":[[584,585,586,587,588]],"properties":{"name":"養徳田中西春菜町"}},{"type":"Polygon","arcs":[[589,590,591,-550,592,593]],"properties":{"name":"錦林東山鹿ケ谷善気山町"}},{"type":"Polygon","arcs":[[594,-578,595,596,597,598]],"properties":{"name":"岡崎岡崎最勝寺町"}},{"type":"Polygon","arcs":[[599,600,601,-466,602]],"properties":{"name":"川東新先斗町"}},{"type":"Polygon","arcs":[[603,604,605,606,-315,607]],"properties":{"name":"養正田中上柳町"}},{"type":"Polygon","arcs":[[608,609,610]],"properties":{"name":"上高野上高野沢淵町"}},{"type":"Polygon","arcs":[[611,612,-318,613,-480,614]],"properties":{"name":"養正田中飛鳥井町"}},{"type":"Polygon","arcs":[[615,616,617,618,-144,-508,-149]],"properties":{"name":"上高野上高野諸木町"}},{"type":"Polygon","arcs":[[619,-268,-326,-425,620,621]],"properties":{"name":"下鴨下鴨貴船町"}},{"type":"Polygon","arcs":[[-497,622,623,624,-405]],"properties":{"name":"養徳田中西浦町"}},{"type":"Polygon","arcs":[[625,-351,626,627,628]],"properties":{"name":"八瀬八瀬秋元町"}},{"type":"Polygon","arcs":[[629,-439,630,-616,-148,-176,-387]],"properties":{"name":"上高野上高野薩田町"}},{"type":"Polygon","arcs":[[631,-624,632,633,634,635,636,637,638,639]],"properties":{"name":"養徳高野東開町"}},{"type":"Polygon","arcs":[[640,-290,641,642,643]],"properties":{"name":"葵下鴨東塚本町"}},{"type":"Polygon","arcs":[[-317,-494,-403,644]],"properties":{"name":"養正田中上玄京町"}},{"type":"Polygon","arcs":[[645,-478,646,-585,647,-520]],"properties":{"name":"養正田中西樋ノ口町"}},{"type":"Polygon","arcs":[[648,-567,649,650]],"properties":{"name":"上高野上高野防山"}},{"type":"Polygon","arcs":[[-312,651,-306,-579,652]],"properties":{"name":"修学院第一一乗寺西浦畑町"}},{"type":"Polygon","arcs":[[653,654,655,656,657,658,-634]],"properties":{"name":"養徳高野西開町"}},{"type":"Polygon","arcs":[[-640,659,660,661,662]],"properties":{"name":"養徳田中上大久保町"}},{"type":"Polygon","arcs":[[663,664,665,666,667,668,669]],"properties":{"name":"聖護院聖護院川原町"}},{"type":"Polygon","arcs":[[670,671,-251,-158,-248,-234]],"properties":{"name":"大原大原尾越町"}},{"type":"Polygon","arcs":[[672,-527,673,674,675,676]],"properties":{"name":"下鴨下鴨西林町"}},{"type":"Polygon","arcs":[[-406,-625,-632,-663,677]],"properties":{"name":"養徳田中西大久保町"}},{"type":"Polygon","arcs":[[678,-501,679,680]],"properties":{"name":"川東杉本町"}},{"type":"Polygon","arcs":[[681,682,683,-449,684,685]],"properties":{"name":"修学院第一修学院大道町"}},{"type":"Polygon","arcs":[[686,-271,687]],"properties":{"name":"養徳一乗寺赤ノ宮町"}},{"type":"Polygon","arcs":[[688,689,-528,-673,690]],"properties":{"name":"下鴨下鴨松原町"}},{"type":"Polygon","arcs":[[691,-545,692]],"properties":{"name":"錦林東山鹿ケ谷不動山町"}},{"type":"Polygon","arcs":[[693,694,695,696,-261,697,698,699]],"properties":{"name":"岡崎岡崎入江町"}},{"type":"Polygon","arcs":[[700,-189]],"properties":{"name":"上高野岩倉三宅町"}},{"type":"Polygon","arcs":[[701,702,703,704,705,706,-392,707,708]],"properties":{"name":"修学院第一一乗寺病ダレ"}},{"type":"Polygon","arcs":[[709,710,711,-332,712,713,-264]],"properties":{"name":"吉田吉田下大路町"}},{"type":"Polygon","arcs":[[714,715,716,-495]],"properties":{"name":"養徳高野蓼原町"}},{"type":"Polygon","arcs":[[717,-269,-620,718,719,-674,-526]],"properties":{"name":"下鴨下鴨下川原町"}},{"type":"Polygon","arcs":[[720,721,-689,722,-676,723,-402,724,-655,725,-716]],"properties":{"name":"下鴨下鴨泉川町"}},{"type":"Polygon","arcs":[[726,727,728]],"properties":{"name":"松ヶ崎松ケ崎城山"}},{"type":"Polygon","arcs":[[729,730,-638,731]],"properties":{"name":"養徳田中上古川町"}},{"type":"Polygon","arcs":[[732,733,734]],"properties":{"name":"修学院第一北白川瓜生山町"}},{"type":"Polygon","arcs":[[735,-407,-678,-662,736,-587]],"properties":{"name":"養徳田中大久保町"}},{"type":"Polygon","arcs":[[737,738,-451,739,-683]],"properties":{"name":"修学院第一修学院西沮沢町"}},{"type":"Polygon","arcs":[[-542,-260,-445,740]],"properties":{"name":"修学院第一一乗寺才形町"}},{"type":"Polygon","arcs":[[741,742,743,744,745,746]],"properties":{"name":"錦林東山鹿ケ谷若王子山町"}},{"type":"Polygon","arcs":[[747,748,749,750,751]],"properties":{"name":"北白川北白川下別当町"}},{"type":"Polygon","arcs":[[752,753,-382,-513]],"properties":{"name":"上高野修学院千万田町"}},{"type":"Polygon","arcs":[[-535,754,755,756,757,758]],"properties":{"name":"錦林東山浄土寺真如町"}},{"type":"Polygon","arcs":[[-740,-450,-684]],"properties":{"name":"修学院第一修学院北沮沢町"}},{"type":"Polygon","arcs":[[759,-628,760,761,-206]],"properties":{"name":"八瀬八瀬花尻町"}},{"type":"Polygon","arcs":[[-603,-465,762,763]],"properties":{"name":"川東大文字町"}},{"type":"Polygon","arcs":[[764,765,-241,-166,-250,-672]],"properties":{"name":"大原大原百井町"}},{"type":"Polygon","arcs":[[-226,-222,766,-203,767,-100,-236]],"properties":{"name":"大原大原草生町"}},{"type":"Polygon","arcs":[[768,769,-424,770,-611]],"properties":{"name":"上高野上高野前田町"}},{"type":"Polygon","arcs":[[771,-389,772,773,-581,-483,-505]],"properties":{"name":"修学院第一一乗寺東浦町"}},{"type":"Polygon","arcs":[[774,775,776,777,778]],"properties":{"name":"浄楽浄土寺打越町"}},{"type":"Polygon","arcs":[[779,780,-664,781,782]],"properties":{"name":"川東東丸太町"}},{"type":"Polygon","arcs":[[783,784,785,786,787,788,789,790]],"properties":{"name":"松ヶ崎松ケ崎御所海道町"}},{"type":"Polygon","arcs":[[-599,791,792,793,-517]],"properties":{"name":"岡崎岡崎南御所町"}},{"type":"Polygon","arcs":[[794,795,796,797,798,799,-426,-329],[800]],"properties":{"name":"葵下鴨半木町"}},{"type":"Polygon","arcs":[[801,802,803,804,805,806]],"properties":{"name":"浄楽浄土寺東田町"}},{"type":"Polygon","arcs":[[807,808,809,-274,810,811]],"properties":{"name":"松ヶ崎松ケ崎東桜木町"}},{"type":"Polygon","arcs":[[812,813,814,815,-544,816]],"properties":{"name":"修学院第一一乗寺樋ノ口町"}},{"type":"Polygon","arcs":[[817,818,819,820,821,822,823]],"properties":{"name":"松ヶ崎松ケ崎中海道町"}},{"type":"Polygon","arcs":[[824,-502,-679,825,826,-553,-297]],"properties":{"name":"川東秋築町"}},{"type":"Polygon","arcs":[[827,828,829,830,831,832]],"properties":{"name":"北白川北白川山田町"}},{"type":"Polygon","arcs":[[-350,-45,-57,833,-761,-627]],"properties":{"name":"八瀬八瀬近衛町"}},{"type":"Polygon","arcs":[[-834,-56,-199,834,-210,-207,-762]],"properties":{"name":"大原大原井出町"}},{"type":"Polygon","arcs":[[-324,835,836,837,838]],"properties":{"name":"北白川北白川西伊織町"}},{"type":"Polygon","arcs":[[-645,-409,839,-476,-614]],"properties":{"name":"養正田中野神町"}},{"type":"Polygon","arcs":[[-769,-610,840,841,-456,842,-753,-512,843]],"properties":{"name":"上高野上高野氷室山"}},{"type":"Polygon","arcs":[[844,845,846,847,848,849,850,-705]],"properties":{"name":"北白川北白川地蔵谷町"}},{"type":"Polygon","arcs":[[851,852,853,854]],"properties":{"name":"修学院第二一乗寺染殿町"}},{"type":"Polygon","arcs":[[855,856,857,858,859,860,861]],"properties":{"name":"修学院第一山端大城田町"}},{"type":"Polygon","arcs":[[862,863,864,865,866,867]],"properties":{"name":"北白川北白川西瀬ノ内町"}},{"type":"Polygon","arcs":[[868,-569,869,870,-842,871,-564,872]],"properties":{"name":"上高野上高野釜土町"}},{"type":"Polygon","arcs":[[-421,873,-474,874,-410,-279]],"properties":{"name":"上高野上高野木ノ下町"}},{"type":"Polygon","arcs":[[-533,-575,875,876]],"properties":{"name":"葵下鴨岸本町"}},{"type":"Polygon","arcs":[[877,878,879,-263]],"properties":{"name":"聖護院聖護院中町"}},{"type":"Polygon","arcs":[[880,881,-845,-704]],"properties":{"name":"北白川北白川蓬ケ谷町"}},{"type":"Polygon","arcs":[[-723,-691,-677]],"properties":{"name":"下鴨下鴨森本町"}},{"type":"Polygon","arcs":[[882,883,884,885]],"properties":{"name":"錦林東山鹿ケ谷栗木谷町"}},{"type":"Polygon","arcs":[[886,887,-327,-267]],"properties":{"name":"下鴨下鴨上川原町"}},{"type":"Polygon","arcs":[[-747,888,889,890]],"properties":{"name":"錦林東山若王子町"}},{"type":"Polygon","arcs":[[-415,891,-286,892,893,-436]],"properties":{"name":"上高野上高野古川町"}},{"type":"Polygon","arcs":[[894,895,-300,896,-782,-670,897,898]],"properties":{"name":"聖護院聖護院山王町"}},{"type":"Polygon","arcs":[[-648,-589,899,900,901,902,-521]],"properties":{"name":"養徳田中春菜町"}},{"type":"Polygon","arcs":[[-334,903,-756,904,905,906,907,908]],"properties":{"name":"岡崎黒谷町"}},{"type":"Polygon","arcs":[[909,910,911,912,913]],"properties":{"name":"松ヶ崎松ケ崎井出ケ海道町"}},{"type":"Polygon","arcs":[[914,915,916,917,-295,918]],"properties":{"name":"新洞頭町"}},{"type":"Polygon","arcs":[[-588,-737,-661,919,920,921,922,-900]],"properties":{"name":"養徳田中北春菜町"}},{"type":"Polygon","arcs":[[923,924,-743,925,926,927,-693,-552,928,-885]],"properties":{"name":"錦林東山鹿ケ谷徳善谷町"}},{"type":"Polygon","arcs":[[-287,-892,-419,-510,-378]],"properties":{"name":"上高野上高野西氷室町"}},{"type":"Polygon","arcs":[[929,930,-310,931,932]],"properties":{"name":"修学院第一一乗寺釈迦堂町"}},{"type":"Polygon","arcs":[[-777,933,-883,934,935]],"properties":{"name":"浄楽浄土寺七廻リ町"}},{"type":"Polygon","arcs":[[936,-738,-682,937,-368]],"properties":{"name":"修学院第一修学院貝原町"}},{"type":"Polygon","arcs":[[-473,-256,938,-411,-875]],"properties":{"name":"上高野上高野北川原町"}},{"type":"Polygon","arcs":[[-659,939,-811,-273,940,-635]],"properties":{"name":"養徳高野竹屋町"}},{"type":"Polygon","arcs":[[-372,941,942,-605,943]],"properties":{"name":"養正田中下柳町"}},{"type":"Polygon","arcs":[[-776,944,945,-355,946,-924,-884,-934]],"properties":{"name":"錦林東山鹿ケ谷大黒谷町"}},{"type":"Polygon","arcs":[[947,-168,948,949,950,951]],"properties":{"name":"松ヶ崎松ケ崎北裏町"}},{"type":"Polygon","arcs":[[-373,-944,-604,952,-557]],"properties":{"name":"養正田中関田町"}},{"type":"Polygon","arcs":[[953,954,-467,-602,955,956]],"properties":{"name":"新洞孫橋町"}},{"type":"Polygon","arcs":[[-397,-375,-562,957,958]],"properties":{"name":"吉田吉田中阿達町"}},{"type":"Polygon","arcs":[[-511,-470,959]],"properties":{"name":"上高野上高野松田町"}},{"type":"Polygon","arcs":[[-337,-493,960,961,962,-461,-441,-348]],"properties":{"name":"上高野上高野奥小森町"}},{"type":"Polygon","arcs":[[963,964,965,966,967]],"properties":{"name":"修学院第一修学院登リ内町"}},{"type":"Polygon","arcs":[[-420,-770,-844,-960,-475,-874]],"properties":{"name":"上高野上高野鐘突町"}},{"type":"Polygon","arcs":[[-639,-731,968,-920,-660]],"properties":{"name":"養徳田中古川町"}},{"type":"Polygon","arcs":[[-746,969,970,971,972,-889]],"properties":{"name":"錦林東山永観堂町"}},{"type":"Polygon","arcs":[[-794,973,-907,974,-518]],"properties":{"name":"岡崎岡崎天王町"}},{"type":"Polygon","arcs":[[975,-973,976]],"properties":{"name":"錦林東山永観堂西町"}},{"type":"Polygon","arcs":[[-472,-435,-253]],"properties":{"name":"上高野上高野野上町"}},{"type":"Polygon","arcs":[[977,978,979,-956,-601,980,981,982]],"properties":{"name":"新洞大菊町"}},{"type":"Polygon","arcs":[[-388,-314,983,-773]],"properties":{"name":"修学院第一一乗寺堂ノ前町"}},{"type":"Polygon","arcs":[[984,985,-930,-363]],"properties":{"name":"修学院第一一乗寺下リ松町"}},{"type":"Polygon","arcs":[[-675,-720,986,987,-398,-724]],"properties":{"name":"下鴨下鴨松ノ木町"}},{"type":"Polygon","arcs":[[-881,-703,988,989,990]],"properties":{"name":"北白川北白川岩坂町"}},{"type":"Polygon","arcs":[[991,-570,-869,992,993,-962]],"properties":{"name":"上高野上高野奥東野町"}},{"type":"Polygon","arcs":[[-524,-431,-540,-384,-184,994,-190,-701,-188]],"properties":{"name":"上高野上高野北田町"}},{"type":"Polygon","arcs":[[995,-615,-479,-646,-523,996,997,998,999]],"properties":{"name":"北白川北白川追分町"}},{"type":"Polygon","arcs":[[-958,-561,1000,-488,1001]],"properties":{"name":"吉田吉田牛ノ宮町"}},{"type":"Polygon","arcs":[[-536,-759,1002,1003]],"properties":{"name":"錦林東山鹿ケ谷法然院西町"}},{"type":"Polygon","arcs":[[-515,1004,1005,1006,1007,1008]],"properties":{"name":"錦林東山南禅寺草川町"}},{"type":"Polygon","arcs":[[1009,1010,1011]],"properties":{"name":"新洞南門前町"}},{"type":"Polygon","arcs":[[-607,1012,-721,-715,-316]],"properties":{"name":"養正田中馬場町"}},{"type":"Polygon","arcs":[[1013,-580,-304,1014,1015]],"properties":{"name":"修学院第一修学院十権寺町"}},{"type":"Polygon","arcs":[[-707,1016,1017,1018,-543,-741,-444,1019,1020,-393]],"properties":{"name":"修学院第一一乗寺松原町"}},{"type":"Polygon","arcs":[[1021,1022,1023,1024,-949]],"properties":{"name":"松ヶ崎松ケ崎笹ケ谷"}},{"type":"Polygon","arcs":[[-745,1025,1026,1027,1028,1029,1030,1031,-970]],"properties":{"name":"錦林東山粟田口大日山町"}},{"type":"Polygon","arcs":[[1032,-289,-377,-509,-380,1033]],"properties":{"name":"上高野上高野下荒蒔町"}},{"type":"Polygon","arcs":[[-979,1034,1035,-954,1036]],"properties":{"name":"新洞法林寺門前町"}},{"type":"Polygon","arcs":[[-749,1037,1038,1039,1040]],"properties":{"name":"北白川北白川別当町"}},{"type":"Polygon","arcs":[[-438,1041,-617,-631]],"properties":{"name":"上高野上高野大湯手町"}},{"type":"Polygon","arcs":[[1042,1043,-353,1044]],"properties":{"name":"錦林東山粟田口如意ケ嶽町"}},{"type":"Polygon","arcs":[[-119,-192,1045,1046]],"properties":{"name":"上高野上高野鷺町"}},{"type":"Polygon","arcs":[[1047,1048,-919,-302,1049]],"properties":{"name":"新洞正往寺町"}},{"type":"Polygon","arcs":[[-984,-313,-653,-774]],"properties":{"name":"修学院第一一乗寺堀ノ内町"}},{"type":"Polygon","arcs":[[1050,-612,-996,1051,-559]],"properties":{"name":"養正田中門前町"}},{"type":"Polygon","arcs":[[1052,1053,1054,1055,1056,1057,1058,-912,1059]],"properties":{"name":"松ヶ崎松ケ崎芝本町"}},{"type":"Polygon","arcs":[[-606,-943,1060,-529,-690,-722,-1013]],"properties":{"name":"下鴨下鴨宮河町"}},{"type":"Polygon","arcs":[[-285,1061,-120,-1047,1062,-893]],"properties":{"name":"上高野上高野石田町"}},{"type":"Polygon","arcs":[[-554,-827,1063,-763,-464,1064]],"properties":{"name":"川東中川町"}},{"type":"Polygon","arcs":[[1065,-1004,1066,1067,-548]],"properties":{"name":"錦林東山鹿ケ谷法然院町"}},{"type":"Polygon","arcs":[[1068,-1012,1069,1070,1071]],"properties":{"name":"新洞東門前町"}},{"type":"Polygon","arcs":[[-840,-408,-736,-586,-647,-477]],"properties":{"name":"養正田中里ノ内町"}},{"type":"Polygon","arcs":[[-817,-1019,1072,-735,1073]],"properties":{"name":"修学院第一一乗寺庵野町"}},{"type":"Polygon","arcs":[[-362,1074,1075,1076,1077,1078,1079,-985]],"properties":{"name":"修学院第二一乗寺宮ノ東町"}},{"type":"Polygon","arcs":[[-608,-319,-613,-1051,-558,-953]],"properties":{"name":"養正田中大堰町"}},{"type":"Polygon","arcs":[[1080,1081,-857,1082,1083,-458]],"properties":{"name":"養徳高野泉町"}},{"type":"Polygon","arcs":[[-492,-335,1084,-650,-566,-992,-961]],"properties":{"name":"上高野上高野東田町"}},{"type":"Polygon","arcs":[[-1042,-437,-894,1085,-618]],"properties":{"name":"上高野上高野仲町"}},{"type":"Polygon","arcs":[[1086,1087,1088,1089,-321]],"properties":{"name":"養徳田中高原町"}},{"type":"Polygon","arcs":[[-391,1090,-503,1091,1092,1093,1094,-708]],"properties":{"name":"修学院第一一乗寺竹ノ内町"}},{"type":"Polygon","arcs":[[1095,1096,1097,1098,1099]],"properties":{"name":"松ヶ崎松ケ崎中町"}},{"type":"Polygon","arcs":[[-265,-714,1100,-698]],"properties":{"name":"岡崎岡崎西福ノ川町"}},{"type":"Polygon","arcs":[[1101,1102,1103,1104,1105,-788]],"properties":{"name":"松ヶ崎松ケ崎糺田町"}},{"type":"Polygon","arcs":[[1106,1107,1108,1109,-890,-976]],"properties":{"name":"錦林東山鹿ケ谷高岸町"}},{"type":"Polygon","arcs":[[1110,1111,1112,1113,1114]],"properties":{"name":"新洞菊鉾町"}},{"type":"Polygon","arcs":[[-1021,1115,-932,-309,-394]],"properties":{"name":"修学院第一一乗寺小谷町"}},{"type":"Polygon","arcs":[[1116,1117]],"properties":{"name":"北白川北白川向ケ谷町"}},{"type":"Polygon","arcs":[[-583,-489,-1001,-560,-1052,-1000,1118,1119]],"properties":{"name":"吉田吉田本町"}},{"type":"Polygon","arcs":[[1120,1121,-1118,1122]],"properties":{"name":"北白川北白川小亀谷町"}},{"type":"Polygon","arcs":[[1123,-1022,-167]],"properties":{"name":"松ヶ崎松ケ崎丈ケ谷"}},{"type":"Polygon","arcs":[[-1079,1124,1125,1126,-308]],"properties":{"name":"修学院第一一乗寺清水町"}},{"type":"Polygon","arcs":[[1127,-1035,-978,1128]],"properties":{"name":"新洞超勝寺門前町"}},{"type":"Polygon","arcs":[[-993,-873,-563,1129]],"properties":{"name":"上高野上高野下東野町"}},{"type":"Polygon","arcs":[[1130,-901,-923,1131,-1089]],"properties":{"name":"養徳田中西高原町"}},{"type":"Polygon","arcs":[[-652,-311,-931,-986,-1080,-307]],"properties":{"name":"修学院第一一乗寺谷田町"}},{"type":"Polygon","arcs":[[1132,1133,1134,1135,1136,-905,-755,-534]],"properties":{"name":"錦林東山鹿ケ谷上宮ノ前町"}},{"type":"Polygon","arcs":[[-555,-1065,-469,1137,-780,1138]],"properties":{"name":"川東下堤町"}},{"type":"Polygon","arcs":[[-951,1139,1140,1141,1142]],"properties":{"name":"松ヶ崎松ケ崎高山"}},{"type":"Polygon","arcs":[[-963,-994,-1130,-343,1143,-462]],"properties":{"name":"上高野上高野口小森町"}},{"type":"Polygon","arcs":[[1144,-668,1145,-486,1146,-710,-880]],"properties":{"name":"吉田吉田近衛町"}},{"type":"Polygon","arcs":[[-1133,-537,-1066,-547,1147]],"properties":{"name":"錦林東山鹿ケ谷寺ノ前町"}},{"type":"Polygon","arcs":[[1148,1149,1150,-643,1151,1152,1153,1154]],"properties":{"name":"松ヶ崎松ケ崎泉川町"}},{"type":"Polygon","arcs":[[1155,1156,-1088,1157]],"properties":{"name":"北白川北白川西平井町"}},{"type":"Polygon","arcs":[[1158,1159,1160,1161,-1125,-1078]],"properties":{"name":"修学院第一一乗寺青城町"}},{"type":"Polygon","arcs":[[-935,-886,-929,-551,-592,1162]],"properties":{"name":"錦林東山鹿ケ谷多頂山町"}},{"type":"Polygon","arcs":[[-463,-1144,-342,-357,-443]],"properties":{"name":"上高野上高野八幡町"}},{"type":"Polygon","arcs":[[-296,-918,1163,-498,-825]],"properties":{"name":"川東石原町"}},{"type":"Polygon","arcs":[[1164,-460,1165,1166]],"properties":{"name":"修学院第二一乗寺高槻町"}},{"type":"Polygon","arcs":[[1167,-861,1168,1169,-1126,-1162]],"properties":{"name":"修学院第一一乗寺松田町"}},{"type":"Polygon","arcs":[[-945,-775,1170]],"properties":{"name":"浄楽浄土寺広帖町"}},{"type":"Polygon","arcs":[[1171,-696]],"properties":{"name":"岡崎聖護院円頓美町"}},{"type":"Polygon","arcs":[[-1116,-1020,-446,-360,-933]],"properties":{"name":"修学院第一一乗寺門口町"}},{"type":"Polygon","arcs":[[1172,1173,1174,1175,-1023,1176,1177,-727,1178,-283,1179,1180]],"properties":{"name":"松ヶ崎松ケ崎東山"}},{"type":"Polygon","arcs":[[-789,-1106,1181,-1097,1182]],"properties":{"name":"松ヶ崎松ケ崎海尻町"}},{"type":"Polygon","arcs":[[1183,1184,-1048,1185,-596,-577,1186,-1071]],"properties":{"name":"新洞北門前町"}},{"type":"Polygon","arcs":[[-1123,-1117,-1122,1187,1188,1189,-1045,-356,-946,-1171,-779,1190,1191,1192,-847,1193]],"properties":{"name":"北白川北白川南ケ原町"}},{"type":"Polygon","arcs":[[1194,1195,1196,1197,1198]],"properties":{"name":"北白川北白川久保田町"}},{"type":"Polygon","arcs":[[1199,-790,-1183,-1096,1200,1201]],"properties":{"name":"松ヶ崎松ケ崎木ノ本町"}},{"type":"Polygon","arcs":[[1202,-898,-669,-1145,-879]],"properties":{"name":"聖護院聖護院西町"}},{"type":"Polygon","arcs":[[1203,-895,1204,-694,1205,-792,-598]],"properties":{"name":"岡崎岡崎西天王町"}},{"type":"Polygon","arcs":[[-1070,-1011,1206,1207,1208,-1184]],"properties":{"name":"新洞法皇寺町"}},{"type":"Polygon","arcs":[[1209,1210,1211,-1007]],"properties":{"name":"錦林東山粟田口鳥居町"}},{"type":"Polygon","arcs":[[-1072,-1187,-576,-595,-516,-1009,1212]],"properties":{"name":"岡崎岡崎円勝寺町"}},{"type":"Polygon","arcs":[[1213,1214,-998,1215,-1156]],"properties":{"name":"北白川北白川西蔦町"}},{"type":"Polygon","arcs":[[1216,-1060,-911]],"properties":{"name":"松ヶ崎松ケ崎今海道町"}},{"type":"Polygon","arcs":[[1217,1218,-1109,1219,-1136]],"properties":{"name":"錦林東山鹿ケ谷下宮ノ前町"}},{"type":"Polygon","arcs":[[-1029,1220]],"properties":{"name":"錦林東山南禅寺風呂山町"}},{"type":"Polygon","arcs":[[-204,-767,-221,-211,-835]],"properties":{"name":"大原大原野村町"}},{"type":"Polygon","arcs":[[-1083,-856,1221,1222]],"properties":{"name":"修学院第二一乗寺西閉川原町"}},{"type":"Polygon","arcs":[[1223,-1177,-1124,-122,1224]],"properties":{"name":"松ヶ崎松ケ崎木燈篭町"}},{"type":"Polygon","arcs":[[-870,-568,-649,1225,1226,1227]],"properties":{"name":"修学院第一修学院守禅庵"}},{"type":"Polygon","arcs":[[1228,-1141,1229,1230,1231]],"properties":{"name":"松ヶ崎松ケ崎深泥池端"}},{"type":"Polygon","arcs":[[-237,-101,-768,-202,-242,-766,1232]],"properties":{"name":"大原大原小出石町"}},{"type":"Polygon","arcs":[[1233,1234,1235,1236]],"properties":{"name":"修学院第二一乗寺御祭田町"}},{"type":"Polygon","arcs":[[-1110,-1219,1237,-926,-742,-891]],"properties":{"name":"錦林東山南禅寺北ノ坊町"}},{"type":"Polygon","arcs":[[-427,-800,1238,1239,1240,1241,-1153,1242,-876,-574]],"properties":{"name":"葵下鴨北園町"}},{"type":"Polygon","arcs":[[1243,1244,-571,-531,1245,1246]],"properties":{"name":"葵下鴨本町"}},{"type":"Polygon","arcs":[[-1197,1247,1248,-864,1249,-1039,1250]],"properties":{"name":"北白川北白川小倉町"}},{"type":"Polygon","arcs":[[1251,-819,1252,-786]],"properties":{"name":"松ヶ崎松ケ崎久土町"}},{"type":"Polygon","arcs":[[1253,1254,-990]],"properties":{"name":"北白川北白川重石町"}},{"type":"Polygon","arcs":[[1255,1256,-803,1257,1258]],"properties":{"name":"浄楽浄土寺馬場町"}},{"type":"Polygon","arcs":[[-1201,-1100,1259,-1175,1260,1261,1262]],"properties":{"name":"松ヶ崎松ケ崎堀町"}},{"type":"Polygon","arcs":[[-1127,-1170,1263,1264,1265,1266,-1015,-303]],"properties":{"name":"修学院第一修学院大林町"}},{"type":"Polygon","arcs":[[-1208,1267,-1112,1268,-916,1269]],"properties":{"name":"新洞和国町"}},{"type":"Polygon","arcs":[[-1108,-519,-975,-906,-1137,-1220]],"properties":{"name":"岡崎岡崎東天王町"}},{"type":"Polygon","arcs":[[-709,-1095,1270,1271,1272,-1226,-651,-1085,-339,-352,-626]],"properties":{"name":"修学院第一修学院尺羅ケ谷四明ケ嶽"}},{"type":"Polygon","arcs":[[-637,1273,1274,1275,1276,-732]],"properties":{"name":"修学院第二一乗寺地蔵本町"}},{"type":"Polygon","arcs":[[-619,-1086,-1063,-1046,-191,-145]],"properties":{"name":"上高野上高野深田町"}},{"type":"Polygon","arcs":[[-801]],"properties":{"name":"葵賀茂半木町"}},{"type":"Polygon","arcs":[[1277,1278,1279,1280]],"properties":{"name":"北白川北白川上池田町"}},{"type":"Polygon","arcs":[[-1062,-284,-1179,-729,1281,-1225,-121]],"properties":{"name":"松ヶ崎松ケ崎千石岩"}},{"type":"Polygon","arcs":[[1282,1283,1284,1285,1286]],"properties":{"name":"浄楽浄土寺小山町"}},{"type":"Polygon","arcs":[[1287,1288,1289,-1195,-805]],"properties":{"name":"浄楽浄土寺西田町"}},{"type":"Polygon","arcs":[[-717,-726,-654,-633,-623,-496]],"properties":{"name":"養徳高野清水町"}},{"type":"Polygon","arcs":[[1290,-347,-630,-386,-539]],"properties":{"name":"上高野上高野尾保地町"}},{"type":"Polygon","arcs":[[-1091,-390,-772,-504]],"properties":{"name":"修学院第一一乗寺水掛町"}},{"type":"Polygon","arcs":[[-1050,-301,-896,-1204,-597,-1186]],"properties":{"name":"岡崎岡崎徳成町"}},{"type":"Polygon","arcs":[[-1025,1291,1292,-950]],"properties":{"name":"松ヶ崎松ケ崎丸子"}},{"type":"Polygon","arcs":[[-1192,1293,1294,-1284,1295,1296,1297]],"properties":{"name":"北白川北白川外山町"}},{"type":"Polygon","arcs":[[-959,-1002,-487,-1146,-667,1298]],"properties":{"name":"吉田吉田橘町"}},{"type":"Polygon","arcs":[[1299,-1154,-1242,1300,1301,-1053]],"properties":{"name":"松ヶ崎松ケ崎呼返町"}},{"type":"Polygon","arcs":[[-1147,-491,-582,1302,-711]],"properties":{"name":"吉田吉田中大路町"}},{"type":"Polygon","arcs":[[1303,-758,1304,1305,1306,-1256]],"properties":{"name":"浄楽浄土寺下馬場町"}},{"type":"Polygon","arcs":[[-719,-622,1307,-1244,1308,-987]],"properties":{"name":"葵下鴨芝本町"}},{"type":"Polygon","arcs":[[-1293,1309,1310,-1230,-1140]],"properties":{"name":"松ヶ崎松ケ崎狐坂"}},{"type":"Polygon","arcs":[[-806,-1199,-752,1311,1312]],"properties":{"name":"北白川北白川東久保田町"}},{"type":"Polygon","arcs":[[-1209,-1270,-915,-1049,-1185]],"properties":{"name":"新洞福本町"}},{"type":"Polygon","arcs":[[-1037,-957,-980]],"properties":{"name":"新洞新丸太町"}},{"type":"Polygon","arcs":[[-1105,1313,1314,1315,1316,-1182]],"properties":{"name":"松ヶ崎松ケ崎壱町田町"}},{"type":"Polygon","arcs":[[-1139,-783,-897,-299,-556]],"properties":{"name":"川東東竹屋町"}},{"type":"Polygon","arcs":[[-590,1317]],"properties":{"name":"浄楽浄土寺提灯山町"}},{"type":"Polygon","arcs":[[1318,-699,-1101,-713,-331,-909]],"properties":{"name":"岡崎岡崎東福ノ川町"}},{"type":"Polygon","arcs":[[1319,1320,-1181,1321,1322]],"properties":{"name":"松ヶ崎松ケ崎河原田町"}},{"type":"Polygon","arcs":[[1323,-1129,-983,1324,-1114]],"properties":{"name":"新洞讃州寺町"}},{"type":"Polygon","arcs":[[-1014,1325,1326,-968,1327,1328,-485]],"properties":{"name":"修学院第一修学院狭間町"}},{"type":"Polygon","arcs":[[-1241,1329,1330,-1301]],"properties":{"name":"葵下鴨夜光町"}},{"type":"Polygon","arcs":[[1331,-981,-600,-764,-1064,-826,-681]],"properties":{"name":"川東難波町"}},{"type":"Polygon","arcs":[[-454,1332,1333,1334,1335]],"properties":{"name":"修学院第一修学院水上田町"}},{"type":"Polygon","arcs":[[1336,1337,1338,-813,-1074,-734,1339,-830]],"properties":{"name":"北白川北白川上終町"}},{"type":"Polygon","arcs":[[1340,1341,1342,-365]],"properties":{"name":"修学院第一修学院烏丸町"}},{"type":"Polygon","arcs":[[-1068,1343,1344,1345,1346,1347,-593,-549]],"properties":{"name":"浄楽浄土寺南田町"}},{"type":"Polygon","arcs":[[1348,-1272,1349,-369,-938,-686]],"properties":{"name":"修学院第一修学院馬場脇町"}},{"type":"Polygon","arcs":[[1350,1351,1352,1353,1354,1355,1356,-1320]],"properties":{"name":"松ヶ崎松ケ崎小脇町"}},{"type":"Polygon","arcs":[[1357,1358,1359,-1342]],"properties":{"name":"修学院第一修学院石掛町"}},{"type":"Polygon","arcs":[[1360,1361,1362,1363]],"properties":{"name":"葵下鴨北芝町"}},{"type":"Polygon","arcs":[[-1363,1364,1365,1366]],"properties":{"name":"葵下鴨水口町"}},{"type":"Polygon","arcs":[[1367,-852,1368,-921,-969,-730,-1277]],"properties":{"name":"修学院第二一乗寺河原田町"}},{"type":"Polygon","arcs":[[-500,1369,-1115,-1325,-982,-1332,-680]],"properties":{"name":"新洞新車屋町"}},{"type":"Polygon","arcs":[[1370,-447,-871,-1228]],"properties":{"name":"修学院第一修学院檜峠町"}},{"type":"Polygon","arcs":[[-928,1371,-1134,-1148,-546,-692]],"properties":{"name":"錦林東山鹿ケ谷桜谷町"}},{"type":"Polygon","arcs":[[-706,-851,1372,-1017]],"properties":{"name":"北白川北白川清沢口町"}},{"type":"Polygon","arcs":[[-1249,1373,1374,1375,-865]],"properties":{"name":"北白川北白川東蔦町"}},{"type":"Polygon","arcs":[[-1237,1376,1377,-1076,1378]],"properties":{"name":"修学院第二一乗寺里ノ前町"}},{"type":"Polygon","arcs":[[1379,-1262,1380]],"properties":{"name":"松ヶ崎松ケ崎御所ノ内町"}},{"type":"Polygon","arcs":[[1381,1382,-1285,-1295,1383,-1347]],"properties":{"name":"浄楽銀閣寺町"}},{"type":"Polygon","arcs":[[1384,1385,-1328,-967,1386,-1359]],"properties":{"name":"修学院第一修学院坪江町"}},{"type":"Polygon","arcs":[[-952,-1143,1387,-170,1388]],"properties":{"name":"松ヶ崎松ケ崎榎実ケ芝"}},{"type":"Polygon","arcs":[[1389,1390,1391,1392,-965,1393,1394]],"properties":{"name":"修学院第一修学院水川原町"}},{"type":"Polygon","arcs":[[-917,-1269,-1111,-1370,-499,-1164]],"properties":{"name":"新洞新東洞院町"}},{"type":"Polygon","arcs":[[-1304,-1259,1395,-1344,-1067,-1003]],"properties":{"name":"浄楽浄土寺下南田町"}},{"type":"Polygon","arcs":[[1396,-395,-1299,-666]],"properties":{"name":"吉田吉田下阿達町"}},{"type":"Polygon","arcs":[[-1280,1397,-832,1398,-850,1399]],"properties":{"name":"北白川北白川山ノ元町"}},{"type":"Polygon","arcs":[[1400,1401,-1166,1402,1403,-1160]],"properties":{"name":"修学院第二一乗寺北大丸町"}},{"type":"Polygon","arcs":[[1404,1405,1406,1407,1408,-1055]],"properties":{"name":"葵下鴨南野々神町"}},{"type":"Polygon","arcs":[[-453,1409,1410,1411,1412,1413,-1333]],"properties":{"name":"修学院第一修学院高部町"}},{"type":"Polygon","arcs":[[-1033,1414,1415,1416,-1322,-1180,-282]],"properties":{"name":"松ヶ崎松ケ崎井出ケ鼻町"}},{"type":"Polygon","arcs":[[-1389,-169,-948]],"properties":{"name":"松ヶ崎松ケ崎寝子ケ山"}},{"type":"Polygon","arcs":[[-795,-328,-888,1417]],"properties":{"name":"葵賀茂今井町"}},{"type":"Polygon","arcs":[[-522,-903,1418,-1216,-997]],"properties":{"name":"養正田中東樋ノ口町"}},{"type":"Polygon","arcs":[[1419,1420,1421,1422,1423]],"properties":{"name":"修学院第一山端橋ノ本町"}},{"type":"Polygon","arcs":[[-1240,1424,1425,-1406,1426,-1330]],"properties":{"name":"葵下鴨神殿町"}},{"type":"Polygon","arcs":[[-824,1427,-1150,1428,1429,-1103,1430]],"properties":{"name":"松ヶ崎松ケ崎堂ノ上町"}},{"type":"Polygon","arcs":[[1431,1432,1433,1434,1435,1436]],"properties":{"name":"松ヶ崎松ケ崎西池ノ内町"}},{"type":"Polygon","arcs":[[1437,1438,1439,1440,-812,-940,-658]],"properties":{"name":"葵下鴨東森ケ前町"}},{"type":"Polygon","arcs":[[-1441,1441,1442,-808]],"properties":{"name":"松ヶ崎松ケ崎桜木町"}},{"type":"Polygon","arcs":[[-799,1443,1444,-1425,-1239]],"properties":{"name":"葵下鴨萩ケ垣内町"}},{"type":"Polygon","arcs":[[-1082,1445,1446,-1421,1447,-858]],"properties":{"name":"修学院第一山端川端町"}},{"type":"Polygon","arcs":[[-848,-1193,-1298,1448,1449]],"properties":{"name":"北白川北白川琵琶町"}},{"type":"Polygon","arcs":[[-345,-1291,-538,-434,-412,-939]],"properties":{"name":"上高野上高野小野町"}},{"type":"Polygon","arcs":[[-829,1450,1451,1452,-1337]],"properties":{"name":"北白川北白川瀬ノ内町"}},{"type":"Polygon","arcs":[[1453,-1360,-1387,-966,-1393]],"properties":{"name":"修学院第一修学院茶屋ノ前町"}},{"type":"Polygon","arcs":[[1454,-750,-1041,1455,1456,-1279]],"properties":{"name":"北白川北白川上別当町"}},{"type":"Polygon","arcs":[[-1336,1457,-383,-754,-843,-455]],"properties":{"name":"修学院第一修学院千万田町"}},{"type":"Polygon","arcs":[[-481,-1329,-1386,1458,1459,-506]],"properties":{"name":"修学院第一修学院宮ノ脇町"}},{"type":"Polygon","arcs":[[-1276,1460,1461,-1236,1462]],"properties":{"name":"修学院第二一乗寺大原田町"}},{"type":"Polygon","arcs":[[-1436,1463,-1367,1464]],"properties":{"name":"葵下鴨北茶ノ木町"}},{"type":"Polygon","arcs":[[1465,-1031]],"properties":{"name":"錦林東山南禅寺南禅寺山町"}},{"type":"Polygon","arcs":[[-609,-771,-423,-565,-872,-841]],"properties":{"name":"上高野上高野畑町"}},{"type":"Polygon","arcs":[[1466,1467,-1391,1468,-1411,1469]],"properties":{"name":"修学院第一修学院川尻町"}},{"type":"Polygon","arcs":[[1470,1471,-1412,-1469,-1390,1472]],"properties":{"name":"修学院第一修学院沖殿町"}},{"type":"Polygon","arcs":[[-1273,-1349,-685,-448,-1371,-1227]],"properties":{"name":"修学院第一修学院開根坊町"}},{"type":"Polygon","arcs":[[-1356,1473,-1381,-1261,-1174,1474]],"properties":{"name":"松ヶ崎松ケ崎東町"}},{"type":"Polygon","arcs":[[1475,1476,-914,1477,1478,-1316]],"properties":{"name":"松ヶ崎松ケ崎六ノ坪町"}},{"type":"Polygon","arcs":[[1479,-1158,-1087,-320,1480]],"properties":{"name":"北白川北白川平井町"}},{"type":"Polygon","arcs":[[-1173,-1321,-1357,-1475]],"properties":{"name":"松ヶ崎松ケ崎樋ノ上町"}},{"type":"Polygon","arcs":[[1481,-1459,-1385,-1358,1482]],"properties":{"name":"修学院第一修学院南代"}},{"type":"Polygon","arcs":[[-1296,-1283,1483,-1281,-1400,-849,-1450,1484]],"properties":{"name":"北白川北白川仕伏町"}},{"type":"Polygon","arcs":[[-1353,1485,-784,1486]],"properties":{"name":"松ヶ崎松ケ崎橋上町"}},{"type":"Polygon","arcs":[[-1307,1487,-1288,-804,-1257]],"properties":{"name":"浄楽浄土寺上馬場町"}},{"type":"Polygon","arcs":[[-837,1488,1489,-814,-1339,1490]],"properties":{"name":"修学院第二一乗寺塚本町"}},{"type":"Polygon","arcs":[[-1093,1491,-1482,1492]],"properties":{"name":"修学院第一修学院辻ノ田町"}},{"type":"Polygon","arcs":[[1493,-868,-1451,-828,1494]],"properties":{"name":"北白川北白川東瀬ノ内町"}},{"type":"Polygon","arcs":[[1495,-971,-1032,-1466,-1030,-1221,-1028,1496,-1210,-1006]],"properties":{"name":"錦林東山南禅寺福地町"}},{"type":"Polygon","arcs":[[-913,-1059,1497,1498,1499,1500,-1478]],"properties":{"name":"松ヶ崎松ケ崎平田町"}},{"type":"Polygon","arcs":[[1501,1502,1503,-291,-641,1504,-1440]],"properties":{"name":"葵下鴨高木町"}},{"type":"Polygon","arcs":[[-748,-1198,-1251,-1038]],"properties":{"name":"北白川北白川東小倉町"}},{"type":"Polygon","arcs":[[-688,-270,-1165,1505,-1377,-1462,1506]],"properties":{"name":"修学院第二一乗寺払殿町"}},{"type":"Polygon","arcs":[[-778,-936,-1163,-591,-1318,-594,-1348,-1384,-1294,-1191]],"properties":{"name":"浄楽浄土寺大山町"}},{"type":"Polygon","arcs":[[-904,-333,1507,-1305,-757]],"properties":{"name":"浄楽浄土寺真如町"}},{"type":"Polygon","arcs":[[-1427,-1405,-1054,-1302,-1331]],"properties":{"name":"葵下鴨梁田町"}},{"type":"Polygon","arcs":[[-1243,-1152,-642,-294,-877]],"properties":{"name":"葵下鴨東岸本町"}},{"type":"Polygon","arcs":[[-1426,-1445,1508,1509,-1407]],"properties":{"name":"葵下鴨狗子田町"}},{"type":"Polygon","arcs":[[-820,-1252,-785,-1486,-1352,1510]],"properties":{"name":"松ヶ崎松ケ崎正田町"}},{"type":"Polygon","arcs":[[1511,-1214,-1480,1512,-1375]],"properties":{"name":"北白川北白川蔦町"}},{"type":"Polygon","arcs":[[1513,-1312,-751,-1455,-1278,-1484,-1287]],"properties":{"name":"北白川北白川下池田町"}},{"type":"Polygon","arcs":[[1514,1515,-1246,-530,-292,-1504]],"properties":{"name":"葵下鴨東本町"}},{"type":"Polygon","arcs":[[1516,-1202,-1263,-1380,-1474,-1355]],"properties":{"name":"松ヶ崎松ケ崎雲路町"}},{"type":"Polygon","arcs":[[-862,-1168,1517,-1222]],"properties":{"name":"修学院第二一乗寺東閉川原町"}},{"type":"Polygon","arcs":[[-1092,-507,-1460,-1492]],"properties":{"name":"修学院第一修学院月輪寺町"}},{"type":"Polygon","arcs":[[1518,-400,1519,1520,1521,-1438,-657]],"properties":{"name":"葵下鴨森ケ前町"}},{"type":"Polygon","arcs":[[-1024,-1176,-1260,-1099,1522,-1500,1523,1524,-1310,-1292]],"properties":{"name":"松ヶ崎松ケ崎林山"}},{"type":"Polygon","arcs":[[-798,1525,-1509,-1444]],"properties":{"name":"葵下鴨前萩町"}},{"type":"Polygon","arcs":[[1526,-1266,1527,1528]],"properties":{"name":"修学院第一修学院鹿ノ下町"}},{"type":"Polygon","arcs":[[-1343,-1454,-1392,-1468,1529,-366]],"properties":{"name":"修学院第一修学院仏者町"}},{"type":"Polygon","arcs":[[-1447,1530,-1416,1531,1532,1533,1534]],"properties":{"name":"修学院第一山端川岸町"}},{"type":"Polygon","arcs":[[-822,1535,-809,-1443,1536,1537]],"properties":{"name":"松ヶ崎松ケ崎村ケ内町"}},{"type":"Polygon","arcs":[[-725,-401,-1519,-656]],"properties":{"name":"葵下鴨蓼倉町"}},{"type":"Polygon","arcs":[[-836,-323,1538,-855,-1489]],"properties":{"name":"修学院第二一乗寺東水干町"}},{"type":"Polygon","arcs":[[-1378,1539,-1401,-1159,-1077]],"properties":{"name":"修学院第二一乗寺里ノ西町"}},{"type":"Polygon","arcs":[[-816,1540,1541,1542,-541]],"properties":{"name":"修学院第二一乗寺木ノ本町"}},{"type":"Polygon","arcs":[[1543,1544,-1498,-1058,-1434]],"properties":{"name":"松ヶ崎松ケ崎南池ノ内町"}},{"type":"Polygon","arcs":[[1545,-1502,-1439,-1522]],"properties":{"name":"葵下鴨東高木町"}},{"type":"Polygon","arcs":[[1546,1547,-1056,-1409]],"properties":{"name":"葵下鴨北野々神町"}},{"type":"Polygon","arcs":[[-1290,1548,-1119,-999,-1215,-1512,-1374,-1248,-1196]],"properties":{"name":"北白川北白川西町"}},{"type":"Polygon","arcs":[[-1542,-853,-1368,-1463,-1235]],"properties":{"name":"修学院第二一乗寺梅ノ木町"}},{"type":"Polygon","arcs":[[-1467,1549,-739,-937,-367,-1530]],"properties":{"name":"修学院第一修学院泉殿町"}},{"type":"Polygon","arcs":[[-793,-1206,-700,-1319,-908,-974]],"properties":{"name":"岡崎岡崎北御所町"}},{"type":"Polygon","arcs":[[-867,1550,-839,1551,-1452]],"properties":{"name":"北白川北白川伊織町"}},{"type":"Polygon","arcs":[[-1315,1552,-1429,-1149,1553,-1476]],"properties":{"name":"松ヶ崎松ケ崎横縄手町"}},{"type":"Polygon","arcs":[[1554,1555,-1424,1556,-1528,-1265]],"properties":{"name":"修学院第一山端壱町田町"}},{"type":"Polygon","arcs":[[1557,-859,-1448,-1420,-1556]],"properties":{"name":"修学院第一山端川原町"}},{"type":"Polygon","arcs":[[-807,1558,-1382,-1346,1559]],"properties":{"name":"浄楽浄土寺石橋町"}},{"type":"Polygon","arcs":[[-1457,1560,-1495,-833,-1398]],"properties":{"name":"北白川北白川大堂町"}},{"type":"Polygon","arcs":[[-899,-1203,-878,-262,-697,-1172,-695,-1205]],"properties":{"name":"聖護院聖護院円頓美町"}},{"type":"Polygon","arcs":[[1561,-1529,-1557,-1423,1562,-1473,-1395,1563]],"properties":{"name":"修学院第一修学院犬塚町"}},{"type":"Polygon","arcs":[[-1364,-1464,-1435,-1057,-1548]],"properties":{"name":"葵下鴨南茶ノ木町"}},{"type":"Polygon","arcs":[[-1413,-1472,1564,-1534,1565]],"properties":{"name":"修学院第一山端滝ケ鼻町"}},{"type":"Polygon","arcs":[[-1506,-1167,-1402,-1540]],"properties":{"name":"修学院第二一乗寺南大丸町"}},{"type":"Polygon","arcs":[[-1098,-1317,-1479,-1501,-1523]],"properties":{"name":"松ヶ崎松ケ崎西町"}},{"type":"Polygon","arcs":[[-1188,-1121,-1194,-846,-882,-991,-1255,1566]],"properties":{"name":"北白川北白川中山町"}},{"type":"Polygon","arcs":[[-1338,-1453,-1552,-838,-1491]],"properties":{"name":"北白川北白川東伊織町"}},{"type":"Polygon","arcs":[[-1524,-1499,-1545,1567,-1432,1568]],"properties":{"name":"松ヶ崎松ケ崎東池ノ内町"}},{"type":"Polygon","arcs":[[-1449,-1297,-1485]],"properties":{"name":"北白川北白川丸山町"}},{"type":"Polygon","arcs":[[-1169,-860,-1558,-1555,-1264]],"properties":{"name":"修学院第一山端柳ケ坪町"}},{"type":"Polygon","arcs":[[-1461,-1275,1569,-1507]],"properties":{"name":"修学院第二一乗寺大新開町"}},{"type":"Polygon","arcs":[[-1027,1570,-1211,-1497]],"properties":{"name":"錦林東山粟田口山下町"}},{"type":"Polygon","arcs":[[-1309,-1247,-1516,1571,-1520,-399,-988]],"properties":{"name":"葵下鴨膳部町"}},{"type":"Polygon","arcs":[[-1274,-636,-941,-272,-687,-1570]],"properties":{"name":"修学院第二一乗寺赤ノ宮町"}},{"type":"Polygon","arcs":[[-621,-429,1572,-572,-1245,-1308]],"properties":{"name":"葵下鴨西本町"}},{"type":"Polygon","arcs":[[-1396,-1258,-802,-1560,-1345]],"properties":{"name":"浄楽浄土寺上南田町"}},{"type":"Polygon","arcs":[[1573,-1564,-1394,-964,-1327]],"properties":{"name":"修学院第一修学院薬師堂町"}},{"type":"Polygon","arcs":[[-1470,-1410,-452,-1550]],"properties":{"name":"修学院第一修学院山ノ鼻町"}},{"type":"Polygon","arcs":[[-1040,-1250,-863,-1494,-1561,-1456]],"properties":{"name":"北白川北白川堂ノ前町"}},{"type":"Polygon","arcs":[[-1350,-1271,-1094,-1493,-1483,-1341,-364]],"properties":{"name":"修学院第一修学院林ノ脇"}},{"type":"Polygon","arcs":[[-1155,-1300,-1217,-910,-1477,-1554]],"properties":{"name":"松ヶ崎松ケ崎三反長町"}},{"type":"Polygon","arcs":[[-1376,-1513,-1481,-325,-1551,-866]],"properties":{"name":"北白川北白川東平井町"}},{"type":"Polygon","arcs":[[-1234,-1379,-1075,-258,-1543]],"properties":{"name":"修学院第二一乗寺中ノ田町"}},{"type":"Polygon","arcs":[[-1521,-1572,-1515,-1503,-1546]],"properties":{"name":"葵下鴨西高木町"}},{"type":"Polygon","arcs":[[-1340,-733,-1073,-1018,-1373,-1399,-831]],"properties":{"name":"北白川北白川瓜生山町"}},{"type":"Polygon","arcs":[[1574,-1043,-1190]],"properties":{"name":"北白川粟田口如意ケ嶽町"}},{"type":"Polygon","arcs":[[-1563,-1422,-1535,-1565,-1471]],"properties":{"name":"修学院第一山端森本町"}},{"type":"Polygon","arcs":[[-1532,-1415,-1034,-379,-1458,-1335,1575]],"properties":{"name":"修学院第一山端大塚町"}},{"type":"Polygon","arcs":[[-1430,-1553,-1314,-1104]],"properties":{"name":"松ヶ崎松ケ崎修理式町"}},{"type":"Polygon","arcs":[[-1544,-1433,-1568]],"properties":{"name":"松ヶ崎松ケ崎総作町"}},{"type":"Polygon","arcs":[[-1533,-1576,-1334,-1414,-1566]],"properties":{"name":"修学院第一山端大君町"}},{"type":"Polygon","arcs":[[-275,-810,-1536,-821,-1511,-1351,-1323,-1417,-1531,-1446,-1081,-457]],"properties":{"name":"松ヶ崎松ケ崎小竹藪町"}},{"type":"Polygon","arcs":[[-428,-573,-1573]],"properties":{"name":"葵下鴨西梅ノ木町"}},{"type":"Polygon","arcs":[[-1404,1576,-1518,-1161]],"properties":{"name":"修学院第二一乗寺東杉ノ宮町"}},{"type":"Polygon","arcs":[[-712,-1303,-584,-1120,-1549,-1289,-1488,-1306,-1508]],"properties":{"name":"浄楽吉田神楽岡町"}},{"type":"Polygon","arcs":[[-1408,-1510,-1526,-797,1577,-1361,-1547]],"properties":{"name":"葵下鴨南芝町"}},{"type":"Polygon","arcs":[[-823,-1538,1578,-1151,-1428]],"properties":{"name":"松ヶ崎松ケ崎柳井田町"}},{"type":"Polygon","arcs":[[-459,-1084,-1223,-1577,-1403]],"properties":{"name":"修学院第二一乗寺西杉ノ宮町"}},{"type":"Polygon","arcs":[[-1505,-644,-1579,-1537,-1442]],"properties":{"name":"松ヶ崎松ケ崎西桜木町"}},{"type":"Polygon","arcs":[[-728,-1178,-1224,-1282]],"properties":{"name":"松ヶ崎松ケ崎境ケ谷"}},{"type":"Polygon","arcs":[[-1311,-1525,-1569,-1437,-1465,-1366,1579,-1231]],"properties":{"name":"松ヶ崎松ケ崎西山"}},{"type":"Polygon","arcs":[[-1419,-902,-1131,-1157]],"properties":{"name":"養徳田中東春菜町"}},{"type":"Polygon","arcs":[[-1383,-1559,-1313,-1514,-1286]],"properties":{"name":"浄楽銀閣寺前町"}},{"type":"Polygon","arcs":[[-977,-972,-1496,-1005,-514,-1107]],"properties":{"name":"錦林東山南禅寺下河原町"}},{"type":"Polygon","arcs":[[-1016,-1267,-1527,-1562,-1574,-1326]],"properties":{"name":"修学院第一修学院中林町"}},{"type":"Polygon","arcs":[[-1238,-1218,-1135,-1372,-927]],"properties":{"name":"錦林東山鹿ケ谷宮ノ前町"}},{"type":"Polygon","arcs":[[-818,-1431,-1102,-787,-1253]],"properties":{"name":"松ヶ崎松ケ崎杉ケ海道町"}},{"type":"Polygon","arcs":[[-854,-1541,-815,-1490]],"properties":{"name":"修学院第二一乗寺築田町"}},{"type":"Polygon","arcs":[[-1388,-1142,-1229,1580,-171]],"properties":{"name":"松ヶ崎松ケ崎大谷"}},{"type":"Polygon","arcs":[[-1132,-922,-1369,-1539,-322,-1090]],"properties":{"name":"修学院第二一乗寺西水干町"}},{"type":"Polygon","arcs":[[-1354,-1487,-791,-1200,-1517]],"properties":{"name":"松ヶ崎松ケ崎鞍馬田町"}}]}},"arcs":[[[135.78581986310815,35.08232977192299],[135.78507576034977,35.08163684187855]],[[135.78507576034977,35.08163684187855],[135.783587554833,35.08506999528058]],[[135.783587554833,35.08506999528058],[135.7839393125006,35.08632986808867],[135.78579280482603,35.08651884900988],[135.78586045053135,35.08519598256139]],[[135.78586045053135,35.08519598256139],[135.78581986310815,35.08232977192299]],[[135.7819640579056,35.08695980449271],[135.78399342906485,35.0838416192927],[135.78328991372965,35.08043996271087],[135.78012409472123,35.07981002630682],[135.78012409472123,35.07725878387045]],[[135.78012409472123,35.07725878387045],[135.77783766988182,35.07609340152297]],[[135.77783766988182,35.07609340152297],[135.77556477418347,35.07899110898157],[135.77568653645304,35.080660440452284],[135.77146544444182,35.08154235141794]],[[135.77146544444182,35.08154235141794],[135.7724260134572,35.08207779736138]],[[135.7724260134572,35.08207779736138],[135.7726289505731,35.08412509067452],[135.77112721591527,35.08283372104623]],[[135.77112721591527,35.08283372104623],[135.7700313554893,35.08132187367653],[135.7681913923049,35.080975408654304]],[[135.7681913923049,35.080975408654304],[135.76755552267502,35.08270773376542],[135.76486322360375,35.08006200086844]],[[135.76486322360375,35.08006200086844],[135.76221151195568,35.08406209703411]],[[135.76221151195568,35.08406209703411],[135.76589143832445,35.08447155569674],[135.76288796900877,35.08513298892098],[135.76323972667637,35.08629837126846]],[[135.76323972667637,35.08629837126846],[135.764700873911,35.08724327587453]],[[135.764700873911,35.08724327587453],[135.7698419475144,35.08667633311089],[135.7716819106988,35.08992050559171]],[[135.7716819106988,35.08992050559171],[135.77434715148792,35.094172576319]],[[135.77434715148792,35.094172576319],[135.77848706865277,35.09083391337757],[135.7819640579056,35.08695980449271]],[[135.78554928028692,35.07725878387045],[135.7843587158735,35.077132796589645]],[[135.7843587158735,35.077132796589645],[135.78422342446288,35.079652542205814]],[[135.78422342446288,35.079652542205814],[135.78422342446288,35.079652542205814]],[[135.78422342446288,35.079652542205814],[135.78507576034977,35.08163684187855]],[[135.78581986310815,35.08232977192299],[135.78564398427434,35.08173133233915]],[[135.78564398427434,35.08173133233915],[135.78554928028692,35.07725878387045]],[[135.78540045973526,35.07483352871488],[135.78554928028692,35.07725878387045]],[[135.78564398427434,35.08173133233915],[135.7863745578917,35.081699835518954]],[[135.7863745578917,35.081699835518954],[135.78744336003555,35.08138486731693],[135.7880927588065,35.07820368847651]],[[135.7880927588065,35.07820368847651],[135.7872539520607,35.073605152727005],[135.78832275420456,35.07351066226639],[135.78824157935819,35.070833432549215]],[[135.78824157935819,35.070833432549215],[135.7868616069699,35.07117989757144]],[[135.7868616069699,35.07117989757144],[135.7861851499168,35.07133738167245]],[[135.7861851499168,35.07133738167245],[135.78588750881346,35.071746840335074]],[[135.78588750881346,35.071746840335074],[135.78701042752158,35.07461305097347],[135.78540045973526,35.07483352871488]],[[135.7819640579056,35.08695980449271],[135.783587554833,35.08506999528058]],[[135.7843587158735,35.077132796589645],[135.78441283243774,35.0764713633654],[135.78012409472123,35.07725878387045]],[[135.78586045053135,35.08519598256139],[135.78832275420456,35.08601489988664]],[[135.78832275420456,35.08601489988664],[135.78916156095036,35.08569993168462],[135.78667219899503,35.08381012247249],[135.7863745578917,35.081699835518954]],[[135.77783766988182,35.07609340152297],[135.7809764306081,35.07322719088458]],[[135.7809764306081,35.07322719088458],[135.78096290146703,35.071715343514875]],[[135.78096290146703,35.071715343514875],[135.77970469134831,35.07162085305427]],[[135.77970469134831,35.07162085305427],[135.77970469134831,35.07177833715528]],[[135.77970469134831,35.07177833715528],[135.77969116220726,35.072754738581544],[135.77503713768206,35.07266024812094],[135.7706942834013,35.071998814896695]],[[135.7706942834013,35.071998814896695],[135.77045075886218,35.072124802177505]],[[135.77045075886218,35.072124802177505],[135.77373834014017,35.07477053507448],[135.7703831131569,35.073038209963364],[135.76775845979094,35.07382563046842],[135.7665678953775,35.07609340152297],[135.76905725733286,35.07710129976944],[135.76617555028673,35.07722728705025],[135.76579673433702,35.07826668211692]],[[135.76579673433702,35.07826668211692],[135.76743376040545,35.080376969070464]],[[135.76743376040545,35.080376969070464],[135.76993665150187,35.080093497688644],[135.77146544444182,35.08154235141794]],[[135.80930645199106,35.08226677828259],[135.80987467591567,35.0809124150139],[135.80758825107625,35.07842416621793],[135.8055994673402,35.07738477115126],[135.80646533236813,35.07587292378155],[135.80442243206784,35.07240827355932]],[[135.80442243206784,35.07240827355932],[135.8042600823751,35.07102241347043]],[[135.8042600823751,35.07102241347043],[135.80039074803148,35.07017199932497],[135.79952488300353,35.07073894208861]],[[135.79952488300353,35.07073894208861],[135.79913253791275,35.072124802177505],[135.79606142289177,35.0750540064563],[135.79764433239598,35.07631387926438],[135.7967243508038,35.077164293409844]],[[135.7967243508038,35.077164293409844],[135.79951135386247,35.08015649132905],[135.80486889372287,35.083463657450274],[135.8070470854338,35.08204630054117],[135.80930645199106,35.08226677828259]],[[135.77434715148792,35.094172576319],[135.77492890455358,35.09612537917153],[135.78088172662066,35.09782620746245],[135.78254581097124,35.099180570731136],[135.78765982629253,35.09908608027053],[135.7891209735272,35.10188929726852],[135.79167798118783,35.102393246391756],[135.79331500725627,35.10377910648065],[135.79664317595743,35.10053493399983]],[[135.79664317595743,35.10053493399983],[135.79484380019622,35.099054583450325],[135.7925709044979,35.09839315022608],[135.79197562229118,35.095936398250316],[135.79060917904394,35.09518047456547],[135.78822805021713,35.091841811624036],[135.79027095051742,35.09215677982606],[135.79012212996574,35.08881811688463],[135.78832275420456,35.08601489988664]],[[135.7967243508038,35.077164293409844],[135.7946408630803,35.07691231884823]],[[135.7946408630803,35.07691231884823],[135.79533084927445,35.07842416621793],[135.79120446125066,35.07829817893712],[135.79117740296854,35.07741626797146]],[[135.79117740296854,35.07741626797146],[135.7880927588065,35.07820368847651]],[[135.79664317595743,35.10053493399983],[135.79970076183733,35.102141271830135],[135.80141896275217,35.101542832246295],[135.80440890292678,35.10393659058166],[135.80792647960277,35.103464138278625]],[[135.80792647960277,35.103464138278625],[135.80959056395335,35.10261372413317],[135.8104834872634,35.10028295943821],[135.81021290444218,35.097983691563456],[135.80680356089468,35.095054487284656],[135.8072500225497,35.09332216217354],[135.80983408849247,35.092125283005856]],[[135.80983408849247,35.092125283005856],[135.8075611927941,35.08878662006443],[135.80930645199106,35.08226677828259]],[[135.78331697201176,35.067022317304755],[135.782924626921,35.064943527171415]],[[135.782924626921,35.064943527171415],[135.78135524655784,35.06513250809263]],[[135.78135524655784,35.06513250809263],[135.78134171741678,35.06519550173303]],[[135.78134171741678,35.06519550173303],[135.78170700422544,35.067274291866376]],[[135.78170700422544,35.067274291866376],[135.78331697201176,35.067022317304755]],[[135.79062270818503,35.06976254066234],[135.78966213916965,35.06932158517951]],[[135.78966213916965,35.06932158517951],[135.7889315655523,35.06944757246032]],[[135.7889315655523,35.06944757246032],[135.78901274039868,35.0706129548078]],[[135.78901274039868,35.0706129548078],[135.79062270818503,35.06976254066234]],[[135.78442636157882,35.0647545462502],[135.782924626921,35.064943527171415]],[[135.78331697201176,35.067022317304755],[135.78385813765422,35.06695932366435]],[[135.78385813765422,35.06695932366435],[135.78503517292657,35.06677034274314]],[[135.78503517292657,35.06677034274314],[135.78442636157882,35.0647545462502]],[[135.77970469134831,35.07162085305427],[135.77878470975614,35.07152636259366]],[[135.77878470975614,35.07152636259366],[135.77970469134831,35.07177833715528]],[[135.77824354411368,35.067746744169405],[135.7779864904335,35.06563645721586]],[[135.7779864904335,35.06563645721586],[135.77532124964435,35.065951425417886]],[[135.77532124964435,35.065951425417886],[135.77667416375053,35.067715247349206]],[[135.77667416375053,35.067715247349206],[135.77824354411368,35.067746744169405]],[[135.77969116220726,35.065384482654245],[135.78134171741678,35.06519550173303]],[[135.78135524655784,35.06513250809263],[135.77906882171843,35.06396712574515]],[[135.77906882171843,35.06396712574515],[135.7786494183455,35.064219100306765]],[[135.7786494183455,35.064219100306765],[135.77810825270305,35.06560496039566]],[[135.77810825270305,35.06560496039566],[135.77969116220726,35.065384482654245]],[[135.78442636157882,35.0647545462502],[135.78281639379247,35.06308521477949]],[[135.78281639379247,35.06308521477949],[135.778974117731,35.063935628924945]],[[135.778974117731,35.063935628924945],[135.77906882171843,35.06396712574515]],[[135.77969116220726,35.065384482654245],[135.78006997815697,35.06749476960779]],[[135.78006997815697,35.06749476960779],[135.78170700422544,35.067274291866376]],[[135.77846001037065,35.069668050201734],[135.77755355791953,35.06976254066234]],[[135.77755355791953,35.06976254066234],[135.775240074798,35.070833432549215]],[[135.775240074798,35.070833432549215],[135.77878470975614,35.07152636259366]],[[135.77878470975614,35.07152636259366],[135.77846001037065,35.069668050201734]],[[135.78898568211656,35.066266393619905],[135.7885933370258,35.064187603486566]],[[135.7885933370258,35.064187603486566],[135.78560339685117,35.06459706214919]],[[135.78560339685117,35.06459706214919],[135.78442636157882,35.0647545462502]],[[135.78503517292657,35.06677034274314],[135.78573868826177,35.068754642415875]],[[135.78573868826177,35.068754642415875],[135.78572515912072,35.069542062920924]],[[135.78572515912072,35.069542062920924],[135.78656396586655,35.069542062920924]],[[135.78656396586655,35.069542062920924],[135.78866098273107,35.06840817739365],[135.7889315655523,35.06944757246032]],[[135.78966213916965,35.06932158517951],[135.78898568211656,35.066266393619905]],[[135.8355665147916,35.139716978331286],[135.83564768963797,35.13612634082824],[135.83394301786421,35.134897964840356],[135.83371302246616,35.13348060793126],[135.83537710681674,35.13329162701005],[135.83360478933767,35.132094747842366],[135.8334153813628,35.13083487503428],[135.82947840131388,35.13212624466257],[135.8273543261672,35.133575098391866],[135.8259202372147,35.13348060793126]],[[135.8259202372147,35.13348060793126],[135.82403968660714,35.1355593980646],[135.82064387220066,35.13672478041208],[135.82343087525936,35.13823662778179],[135.8251761344563,35.140031946533306]],[[135.8251761344563,35.140031946533306],[135.82816607463093,35.141795768464625],[135.83091249026643,35.14050439883634],[135.83397007614633,35.14081936703836],[135.8355665147916,35.139716978331286]],[[135.78006997815697,35.06749476960779],[135.77824354411368,35.067746744169405]],[[135.77824354411368,35.067746744169405],[135.77755355791953,35.06976254066234]],[[135.77846001037065,35.069668050201734],[135.78204523275198,35.069195597898705]],[[135.78204523275198,35.069195597898705],[135.78170700422544,35.067274291866376]],[[135.8070470854338,35.271184705855],[135.80986114677458,35.26850747613782],[135.81241815443522,35.26781454609337],[135.81382518510563,35.266554673285285],[135.8169368875498,35.2652948004772],[135.81964271576211,35.265483781398416]],[[135.81964271576211,35.265483781398416],[135.81860097190037,35.26309002306305],[135.81857391361825,35.26101123292971],[135.81745099491013,35.25883795233576],[135.81796510227048,35.25590874805697],[135.8172886452174,35.254333907046856],[135.81609808080398,35.25474336570949],[135.815881614547,35.25153069004887],[135.81688277098556,35.24945189991553],[135.8163686636252,35.24737310978219]],[[135.8163686636252,35.24737310978219],[135.81143052713773,35.246113236974104],[135.80842705782206,35.24841250484886],[135.80706061457485,35.25099524410543],[135.8045036069142,35.25017632678018],[135.8007695639812,35.25068027590341],[135.7996060578499,35.251688174149876],[135.79407263915573,35.254207919766046]],[[135.79407263915573,35.254207919766046],[135.7953849658387,35.25562527667515],[135.79489791676048,35.257294608145855],[135.797427866139,35.26031830288527],[135.7951008538764,35.263593972186285],[135.79557437381357,35.26737359061054],[135.7944649842465,35.27222410092167],[135.7955608446725,35.273169005527734],[135.79447851338756,35.2756257575035]],[[135.79447851338756,35.2756257575035],[135.7987266636809,35.275058814739864],[135.8004854520189,35.273735948291375],[135.8049635977103,35.272539069123695],[135.8070470854338,35.271184705855]],[[135.78204523275198,35.069195597898705],[135.78416930789865,35.068943623337084]],[[135.78416930789865,35.068943623337084],[135.78385813765422,35.06695932366435]],[[135.78204523275198,35.069195597898705],[135.78247816526593,35.07177833715528]],[[135.78247816526593,35.07177833715528],[135.7861851499168,35.07133738167245]],[[135.7861851499168,35.07133738167245],[135.78572515912072,35.069542062920924]],[[135.78573868826177,35.068754642415875],[135.78416930789865,35.068943623337084]],[[135.775240074798,35.070833432549215],[135.7706942834013,35.071998814896695]],[[135.78560339685117,35.06459706214919],[135.7874298308945,35.063053717959285]],[[135.7874298308945,35.063053717959285],[135.78691572353415,35.06132139284817],[135.78807922966544,35.06059696598352]],[[135.78807922966544,35.06059696598352],[135.78801158396013,35.060376488242106]],[[135.78801158396013,35.060376488242106],[135.78734865604812,35.060124513680485]],[[135.78734865604812,35.060124513680485],[135.7851704643372,35.0602819977815]],[[135.7851704643372,35.0602819977815],[135.78281639379247,35.06308521477949]],[[135.778974117731,35.063935628924945],[135.77663357632733,35.06267575611686],[135.77348128646,35.063494673442115],[135.77438773891112,35.0647545462502]],[[135.77438773891112,35.0647545462502],[135.7786494183455,35.064219100306765]],[[135.77667416375053,35.067715247349206],[135.77755355791953,35.06976254066234]],[[135.75222700585223,35.266271201903464],[135.75314698744444,35.266113717802455],[135.75571752424614,35.261389194772136],[135.75501400891093,35.259940341042835],[135.75173995677403,35.25899543643678],[135.75247053039135,35.2578930477297],[135.75207818530055,35.25531030847312],[135.74980528960222,35.25354648654181]],[[135.74980528960222,35.25354648654181],[135.7469641699793,35.24942040309532],[135.74597654268177,35.24708963840037],[135.74594948439966,35.2446013896044]],[[135.74594948439966,35.2446013896044],[135.74245896600578,35.243026548594294],[135.73961784638283,35.24324702633571],[135.73854904423897,35.2446643832448],[135.73371914088,35.24535731328925],[135.73183859027242,35.24834951120845],[135.72830748445534,35.24992435221856],[135.72884865009783,35.25127871548725],[135.73296150898054,35.25531030847312],[135.73135154119421,35.257735563628685],[135.73118919150147,35.26135769795194],[135.73177094456713,35.262995532602446]],[[135.73177094456713,35.262995532602446],[135.73756141694147,35.264066424489314],[135.73842728196942,35.263153016703455],[135.74766768531447,35.26069626472769],[135.75015704726982,35.264885341814576],[135.75222700585223,35.266271201903464]],[[135.78782217598527,35.255373302113526],[135.7858469213903,35.25408193248524],[135.78406107477014,35.25187715507109],[135.77874412233294,35.24957788719634],[135.77712062540556,35.24712113522057],[135.77529419136224,35.24620772743471],[135.77341364075468,35.24189266306701],[135.76886784935797,35.23927842699024],[135.76451146593615,35.239939860214484],[135.76244150735374,35.24201865034782],[135.7609397726959,35.24245960583065],[135.75989802883416,35.24447540232359],[135.7539993233313,35.24526282282864]],[[135.7539993233313,35.24526282282864],[135.75249758867346,35.24532581646905],[135.74977823132008,35.244065943660964],[135.74774886016084,35.24494785462662],[135.74594948439966,35.2446013896044]],[[135.74980528960222,35.25354648654181],[135.75348521597095,35.25288505331756],[135.75823394448358,35.251404702768056],[135.75945156717913,35.25023932042058],[135.7638620671652,35.24973537129735],[135.7658643800423,35.25102674092563]],[[135.7658643800423,35.25102674092563],[135.76710906102,35.25162518050947],[135.76628378341522,35.25310553105898],[135.76800198433006,35.25291655013776],[135.76974724352698,35.25584575441656],[135.77211484321276,35.25811352547112],[135.77469890915552,35.2594048950994],[135.78656396586655,35.25628670989939],[135.78782217598527,35.255373302113526]],[[135.78824157935819,35.070833432549215],[135.7889045072702,35.070644451628]],[[135.7889045072702,35.070644451628],[135.78901274039868,35.0706129548078]],[[135.78656396586655,35.069542062920924],[135.7868616069699,35.07117989757144]],[[135.75518988774473,35.28718509051769],[135.754811071795,35.28264954840858],[135.75563634939977,35.28057075827524],[135.75444578498633,35.276665152570175],[135.75307934173912,35.276098209806534],[135.7532958079961,35.272854037325715],[135.75179407333826,35.267846042913575],[135.75222700585223,35.266271201903464]],[[135.73177094456713,35.262995532602446],[135.73220387708108,35.26601922734185],[135.73053979273053,35.266082220982256],[135.72725221145254,35.267720055632765],[135.7269816286313,35.2697358521257],[135.72553401053773,35.27159416451763],[135.73159506573333,35.277704547636844],[135.7295656945741,35.27968884730958],[135.72993098138275,35.28132668196009],[135.72910570377798,35.28372044029545],[135.73070214242324,35.28479133218232],[135.73317797523754,35.28501180992374],[135.73346208719983,35.28664964457425],[135.7360732114247,35.28768903964092],[135.73830551969988,35.28687012231566],[135.741633688401,35.28724808415809],[135.7440283463689,35.28664964457425],[135.74830355494439,35.28658665093384],[135.74945353193462,35.28731107779849],[135.75518988774473,35.28718509051769]],[[135.77662004718627,35.10292869233519],[135.77433362234686,35.10541694113116],[135.77304835394602,35.102865698694785],[135.77120839076164,35.10103888312306],[135.7726289505731,35.098298659765476],[135.7696390103985,35.09776321382204],[135.76878667451163,35.100629424460436],[135.76930078187195,35.10340114463822]],[[135.76930078187195,35.10340114463822],[135.77046428800324,35.10425155878368],[135.77188484781473,35.10762171854531],[135.77394127725609,35.10866111361198],[135.77754002877847,35.10910206909481]],[[135.77754002877847,35.10910206909481],[135.77828413153685,35.10850362951097],[135.77790531558713,35.103306654177615],[135.77662004718627,35.10292869233519]],[[135.7900274259783,35.06484903671081],[135.7900003676962,35.0646915526098]],[[135.7900003676962,35.0646915526098],[135.78987860542662,35.063935628924945]],[[135.78987860542662,35.063935628924945],[135.78856627874364,35.06412460984616]],[[135.78856627874364,35.06412460984616],[135.7885933370258,35.064187603486566]],[[135.78898568211656,35.066266393619905],[135.79142092750766,35.06591992859768]],[[135.79142092750766,35.06591992859768],[135.79125857781492,35.06503801763202]],[[135.79125857781492,35.06503801763202],[135.7900274259783,35.06484903671081]],[[135.7918944474448,35.07483352871488],[135.79117740296854,35.07741626797146]],[[135.7946408630803,35.07691231884823],[135.7918944474448,35.07483352871488]],[[135.78588750881346,35.071746840335074],[135.784466949002,35.074644547793675],[135.78540045973526,35.07483352871488]],[[135.8252437801616,35.28189362472373],[135.8202515271099,35.27805101265906],[135.81830333079702,35.274145406954],[135.81459634614615,35.27427139423481],[135.8133787234506,35.27364145783077],[135.812364037871,35.27496432427925],[135.81029407928855,35.273609961010564],[135.8102805501475,35.27222410092167],[135.8070470854338,35.271184705855]],[[135.79447851338756,35.2756257575035],[135.79219208854815,35.278586458602504],[135.79041977106908,35.27953136320857],[135.78717277721432,35.27978333777018],[135.78468341525897,35.28274403886918],[135.78533281402994,35.28538977176616],[135.7820317036109,35.28879142834799],[135.78163935852012,35.28989381705507]],[[135.78163935852012,35.28989381705507],[135.78050291067095,35.29307499589549],[135.77766179104802,35.29442935916418],[135.7774182665089,35.29644515565711],[135.77832471896002,35.297390060263176],[135.77767532018908,35.29893340445308],[135.77837883552428,35.301799615091475],[135.777215329393,35.30450834162886],[135.7777429658944,35.305169774853105],[135.78211287845727,35.30539025259452],[135.7832628554475,35.30728006180665],[135.7875921805872,35.3080359854915],[135.78962155174645,35.3110281834107],[135.78977037229814,35.31361092266728],[135.7946138047982,35.31890238846123],[135.79400499345041,35.320760700853164],[135.7951008538764,35.3212961467966],[135.80342127562926,35.317390541091534],[135.8058024044561,35.3168550951481],[135.80864352407906,35.317075572889514],[135.81132229400924,35.313736909948084],[135.810835244931,35.308256463232915],[135.81469105013358,35.307091080885435],[135.81569220657212,35.302964997438956],[135.8154216237509,35.300634232743995],[135.8197509488906,35.2992168758349],[135.82123915440738,35.29713808570156],[135.82122562526632,35.29461834008539],[135.82003506085292,35.29090171530154],[135.82537907157223,35.28438187351969],[135.8252437801616,35.28189362472373]],[[135.76885432021692,35.225703297483115],[135.7705184045675,35.224821386517455],[135.7712219199027,35.22315205504675],[135.77035605487475,35.220569315790165],[135.7710460410689,35.21757711787097],[135.77265600885522,35.21678969736591],[135.77289953339434,35.21323055668307],[135.77426597664157,35.21017536512346],[135.77617358553124,35.21039584286488],[135.77881176803825,35.21313606622246],[135.78369578796148,35.21263211709923],[135.78630691218638,35.21499437861439],[135.78694278181626,35.217608614691166],[135.7912991652381,35.2150573722548],[135.7930985409993,35.21493138497399],[135.79634553485405,35.21178170295377],[135.79775256552446,35.21200218069519],[135.801161909072,35.21549832773763],[135.80332657164183,35.21871100339824],[135.8046118400427,35.219057468420466]],[[135.8046118400427,35.219057468420466],[135.8066817986251,35.21896297795986],[135.80868411150223,35.21694718146692],[135.81023996272432,35.216569219624496]],[[135.81023996272432,35.216569219624496],[135.81199875106233,35.2136715121659],[135.81149817284305,35.20973440964063],[135.80990173419778,35.20693119264264]],[[135.80990173419778,35.20693119264264],[135.80845411610417,35.20519886753153],[135.80466595660695,35.20519886753153],[135.8025283523192,35.20359252970122],[135.80001193208176,35.20393899472344],[135.79994428637644,35.20274211555576],[135.79660258853423,35.19943494943453],[135.7970084627661,35.197198675200184],[135.7958043692116,35.194962400965835],[135.79687317135546,35.193104088573904],[135.79530379099234,35.18995440655369],[135.79281442903698,35.187466157757726],[135.79282795817807,35.185702335826406]],[[135.79282795817807,35.185702335826406],[135.79121799039171,35.18519838670317],[135.7853734014531,35.186930711814284],[135.78357402569193,35.18841106236379],[135.78324932630645,35.19137176346279],[135.78047585238883,35.191907209406224],[135.7787982388972,35.188946508307225],[135.7774588539321,35.184284978917304],[135.7748883171304,35.181450265099116],[135.77250718830356,35.1812612841779]],[[135.77250718830356,35.1812612841779],[135.76973371438592,35.18330857749104],[135.7697066561038,35.18592281356782],[135.76796139690686,35.188190584622376],[135.76510674814287,35.18875752738601],[135.76374030489563,35.191592241204205],[135.76162975889005,35.192190680788045],[135.75655633099194,35.19634826105472],[135.75518988774473,35.20104128726484],[135.75348521597095,35.20252163781434],[135.75324169143187,35.20504138343051],[135.7545269598327,35.20743514176588],[135.75631280645283,35.20894698913558],[135.75972215000036,35.213640015345696],[135.76265797361071,35.21417546128914],[135.76185975428808,35.218207054275005],[135.7630909061247,35.22119925219421],[135.7625226822001,35.22441192785483],[135.76114270981182,35.2254513229215]],[[135.76114270981182,35.2254513229215],[135.76663554108282,35.227435622594236],[135.76885432021692,35.225703297483115]],[[135.78997330941405,35.16182774611318],[135.7882686376403,35.15962296869903],[135.78713218979112,35.159559975058635],[135.78423695360394,35.157386694464684],[135.77931234625754,35.15480395520811],[135.77590300271,35.154457490185884],[135.7726289505731,35.15637879621821]],[[135.7726289505731,35.15637879621821],[135.77322423277982,35.15820561178994],[135.7719254352379,35.16006392418186],[135.7709107496583,35.16318210938188],[135.7700584137714,35.16872554973745],[135.7707348708245,35.17291462682434],[135.77307541222814,35.17461545511525],[135.7751994873748,35.17877303538194],[135.77250718830356,35.1812612841779]],[[135.79282795817807,35.185702335826406],[135.79588554405797,35.18447395983852],[135.79769844896023,35.181040806436485]],[[135.79769844896023,35.181040806436485],[135.79664317595743,35.17993841772941],[135.79741433699795,35.17540287562031],[135.79694081706077,35.17316660138595],[135.79414028486102,35.17196972221827],[135.79507379559428,35.16724519918795],[135.7946138047982,35.16563886135764],[135.79156974805932,35.16428449808895],[135.78997330941405,35.16182774611318]],[[135.7851704643372,35.0602819977815],[135.78230228643213,35.059652061377456]],[[135.78230228643213,35.059652061377456],[135.7813687756989,35.060533972343116]],[[135.7813687756989,35.060533972343116],[135.7796776330662,35.062140310173426],[135.77828413153685,35.061258399207766]],[[135.77828413153685,35.061258399207766],[135.7757271238762,35.061699354690596],[135.77479361314295,35.060407985062305]],[[135.77479361314295,35.060407985062305],[135.77345422817785,35.059967029579475]],[[135.77345422817785,35.059967029579475],[135.7720742557896,35.062014322892615],[135.76553968065684,35.06280174339767],[135.76758258095714,35.06604591587849],[135.76934136929515,35.06724279504617],[135.76870549966526,35.06900661697749],[135.76461969906464,35.068912126516885],[135.76773140150883,35.06988852794315],[135.76823197972809,35.0720618085371]],[[135.76823197972809,35.0720618085371],[135.77045075886218,35.072124802177505]],[[135.77532124964435,35.065951425417886],[135.77438773891112,35.0647545462502]],[[135.78012409472123,35.07725878387045],[135.78165288766118,35.07587292378155],[135.78349285084556,35.07621938880378],[135.78422342446288,35.07341617180579],[135.7809764306081,35.07322719088458]],[[135.79254384621575,35.065793941316876],[135.79142092750766,35.06591992859768]],[[135.79062270818503,35.06976254066234],[135.79194856400906,35.068219196472434],[135.79254384621575,35.065793941316876]],[[135.77810825270305,35.06560496039566],[135.7779864904335,35.06563645721586]],[[135.78247816526593,35.07177833715528],[135.78096290146703,35.071715343514875]],[[135.7946814505035,35.06929008835931],[135.7929226621655,35.070392477066385],[135.79062270818503,35.06976254066234]],[[135.7889045072702,35.070644451628],[135.7894592020537,35.07341617180579],[135.7918944474448,35.07483352871488]],[[135.79952488300353,35.07073894208861],[135.7980231483457,35.07102241347043],[135.79550672810825,35.06869164877547],[135.7946814505035,35.06929008835931]],[[135.79357206093644,35.066108909518896],[135.79342324038475,35.065982922238085]],[[135.79342324038475,35.065982922238085],[135.79336912382053,35.065699450856265]],[[135.79336912382053,35.065699450856265],[135.79254384621575,35.065793941316876]],[[135.7946814505035,35.06929008835931],[135.7937885271934,35.06856566149466]],[[135.7937885271934,35.06856566149466],[135.7937885271934,35.06695932366435]],[[135.7937885271934,35.06695932366435],[135.79381558547556,35.066581361821925]],[[135.79381558547556,35.066581361821925],[135.79381558547556,35.06651836818152]],[[135.79381558547556,35.06651836818152],[135.79357206093644,35.066108909518896]],[[135.78856627874364,35.06412460984616],[135.788417458192,35.06292773067848]],[[135.788417458192,35.06292773067848],[135.7874298308945,35.063053717959285]],[[135.76296914385514,35.09615687599173],[135.76187328342914,35.09848764068669],[135.7598439122699,35.09981050713518],[135.76202210398083,35.104188565143275],[135.76384853802415,35.10484999836752]],[[135.76384853802415,35.10484999836752],[135.76617555028673,35.106834298040255],[135.76751493525182,35.109165062735215],[135.77142485701862,35.11105487194734],[135.7742930349237,35.11322815254129],[135.77701239227707,35.11836213423424],[135.77713415454662,35.11993697524434],[135.78103054717235,35.11905506427868]],[[135.78103054717235,35.11905506427868],[135.7792852879754,35.114173057147354],[135.77852765607597,35.113732101664525],[135.7788252971793,35.11118085922815],[135.77754002877847,35.10910206909481]],[[135.76930078187195,35.10340114463822],[135.76785316377837,35.10321216371701],[135.76702788617362,35.099936494415985],[135.76418676655067,35.095936398250316],[135.76296914385514,35.09615687599173]],[[135.83445712522456,35.274145406954],[135.83798823104163,35.27483833699845],[135.84034230158633,35.27590922888532],[135.8403558307274,35.27729508897421],[135.8418305071031,35.278428974501495],[135.84394105310872,35.27820849676008],[135.84946094266186,35.2800038155116],[135.85135502241047,35.28381493075606],[135.8517744257834,35.28611419863081],[135.855643760127,35.28863394424698],[135.85829547177508,35.28923238383082],[135.85853899631417,35.28712209687728],[135.85989191042034,35.28579923042879],[135.86081189201252,35.282996013430804],[135.85876899171222,35.2814841660611],[135.8586742877248,35.27839747768129],[135.85457495798312,35.27531078930148],[135.8550755362024,35.271814642259045],[135.85234264970796,35.26929489664287],[135.84841919880012,35.267562571531755],[135.84728275095094,35.266523176465085],[135.84614630310176,35.26365696582669],[135.8447528015724,35.262113621636786],[135.8460651282554,35.25745209224687],[135.84319695035035,35.25556228303474],[135.84252049329726,35.25401893884484]],[[135.84252049329726,35.25401893884484],[135.83973349023856,35.25562527667515],[135.83863762981258,35.25720011768525],[135.83428124639076,35.25811352547112],[135.83179188443543,35.259782856941825],[135.8311018982413,35.261515182052946],[135.833239502529,35.264475883151945],[135.83696001632094,35.26542078775801],[135.83612120957514,35.26841298567721],[135.83509299485445,35.269452380743886],[135.83445712522456,35.274145406954]],[[135.80903586916983,35.111653311531185],[135.80826470812931,35.109889489599865],[135.8079535378849,35.106361845737226],[135.80872469892543,35.10525945703015],[135.80792647960277,35.103464138278625]],[[135.7716819106988,35.08992050559171],[135.76890843678117,35.09083391337757],[135.76705494445574,35.09297569715132],[135.7689760824865,35.09467652544223],[135.7709378079404,35.09467652544223],[135.77284541683008,35.09763722654123],[135.77281835854797,35.09981050713518],[135.77498302111783,35.099054583450325],[135.77662004718627,35.10292869233519]],[[135.78103054717235,35.11905506427868],[135.78173406250755,35.1222362431191],[135.7844940072841,35.12488197601608],[135.78581986310815,35.12463000145446],[135.79014918824785,35.13272468424641],[135.79050094591545,35.13514993940198],[135.79181327259843,35.13833111824239],[135.7936261775007,35.13952799741007],[135.79431616369482,35.142110736666645],[135.79572319436522,35.144126533159586],[135.79864548883452,35.14551239324848],[135.80335362992398,35.146205323292925]],[[135.80335362992398,35.146205323292925],[135.80781824647428,35.14406353951918],[135.80913057315726,35.14261468578988],[135.81061877867404,35.13703974861411]],[[135.81061877867404,35.13703974861411],[135.81360871884866,35.135338920323186],[135.81258050412796,35.13335462065045],[135.8130946114883,35.13140181779792],[135.81262109155116,35.12777968347468],[135.81290520351345,35.12541742195952],[135.81140346885562,35.122551211321124]],[[135.81140346885562,35.122551211321124],[135.81041584155813,35.1222362431191],[135.8086976406433,35.11839363105444],[135.8103481958528,35.11688178368474],[135.81005055474947,35.11275570023826],[135.80903586916983,35.111653311531185]],[[135.8390164457623,35.098897099349315],[135.83867821723578,35.09779471064224]],[[135.83867821723578,35.09779471064224],[135.8362700301268,35.1000309848766],[135.8299654503921,35.101511335426096],[135.82690786451218,35.103306654177615],[135.82382322035014,35.10264522095337]],[[135.82382322035014,35.10264522095337],[135.8212662126895,35.104188565143275],[135.82106327557358,35.10617286481601],[135.82240266053867,35.10677130439985],[135.82219972342276,35.108283151769555]],[[135.82219972342276,35.108283151769555],[135.8242967402873,35.10790518992713],[135.82928899333902,35.10938554047663],[135.8314130684857,35.108440635870565],[135.834335362955,35.108724107252385],[135.8369058997567,35.106676813939245],[135.8358100393307,35.10469251426651],[135.8390164457623,35.098897099349315]],[[135.84392752396766,35.110960381486734],[135.84335930004306,35.109794999139254],[135.84390046568555,35.10692878850086],[135.84312930464503,35.10261372413317],[135.8390164457623,35.098897099349315]],[[135.82219972342276,35.108283151769555],[135.8234173461183,35.109794999139254]],[[135.8234173461183,35.109794999139254],[135.82424262372305,35.113889585765534]],[[135.82424262372305,35.113889585765534],[135.8262990531644,35.113606114383714],[135.82793607923287,35.11502347129281],[135.83346949792707,35.110802897385724],[135.8382452847218,35.11127534968875],[135.84026112673996,35.11058241964431],[135.84392752396766,35.110960381486734]],[[135.76221151195568,35.08406209703411],[135.76215739539143,35.08614088716745],[135.76323972667637,35.08629837126846]],[[135.76885432021692,35.225703297483115],[135.77134368217224,35.230711291895254],[135.77440126805217,35.23222313926496],[135.7773912082268,35.23559329902659],[135.78227522815,35.234238935757894],[135.78254581097124,35.23256960428718],[135.78729453948387,35.22932543180636],[135.78765982629253,35.232916069309404],[135.78918861923248,35.233073553410414],[135.79315265756352,35.23814454146296],[135.79477615449093,35.23782957326094],[135.79175915603417,35.23269559156799],[135.79449204252862,35.233797980275064],[135.79702199190714,35.23389247073567],[135.79669729252166,35.232884572489205],[135.80029604404405,35.228223043099284],[135.80298834311532,35.22589227840433],[135.8046118400427,35.219057468420466]],[[135.8252437801616,35.28189362472373],[135.82708374334598,35.28041327417423],[135.82988427554574,35.27660215892977]],[[135.82988427554574,35.27660215892977],[135.82968133842982,35.27543677658229],[135.8258120040862,35.27086973765298],[135.82448614826217,35.27042878217015],[135.82329558384873,35.267594068351954],[135.8194397786462,35.26762556517216],[135.81964271576211,35.265483781398416]],[[135.79407263915573,35.254207919766046],[135.78782217598527,35.255373302113526]],[[135.7658643800423,35.25102674092563],[135.76357795520292,35.25279056285695],[135.76401088771686,35.25480635934989],[135.7614674091973,35.25833400321253],[135.76236033250737,35.26321601034386],[135.7633344306638,35.26453887679235],[135.76167034631322,35.269515374384284],[135.76337501808698,35.27143668041662],[135.7642138248328,35.27458636243683],[135.7657020303496,35.275783241604515],[135.7658779091834,35.2785234649621],[135.76989606407867,35.28312200071161],[135.7722095472002,35.28283852932979],[135.77440126805217,35.28409840213788]],[[135.77440126805217,35.28409840213788],[135.77672828031476,35.28494881628333],[135.7772423876751,35.28661814775405],[135.77994821588743,35.2873425746187],[135.78163935852012,35.28989381705507]],[[135.84473927243135,35.113606114383714],[135.8452127923685,35.111558821070574],[135.84392752396766,35.110960381486734]],[[135.82424262372305,35.113889585765534],[135.82435085685154,35.11470850309079]],[[135.82435085685154,35.11470850309079],[135.82789549180967,35.11707076460595]],[[135.82789549180967,35.11707076460595],[135.83100719425386,35.1164093313817],[135.83587768503602,35.1163148409211],[135.84078876324136,35.11540143313524],[135.84473927243135,35.113606114383714]],[[135.75518988774473,35.28718509051769],[135.75735455031457,35.28857095060658],[135.76191387085234,35.28772053646112],[135.76475499047527,35.28831897604496],[135.76765022666245,35.28986232023487],[135.7707213416834,35.28872843470759],[135.7732918784851,35.28611419863081],[135.77440126805217,35.28409840213788]],[[135.76579673433702,35.07826668211692],[135.76743376040545,35.080376969070464]],[[135.82789549180967,35.11707076460595],[135.82708374334598,35.11993697524434]],[[135.82708374334598,35.11993697524434],[135.82946487217282,35.121952771737284],[135.83022250407228,35.12037793072717],[135.83379419731253,35.11911805791909],[135.83417301326227,35.12025194344636],[135.8382046972986,35.120787389389804],[135.84066700097182,35.1222677399393],[135.84226343961708,35.12491347283628],[135.8453616129202,35.12507095693729],[135.8469715807065,35.12601586154336],[135.84956917579035,35.12595286790295]],[[135.84956917579035,35.12595286790295],[135.8502862202666,35.123874077769614],[135.84963682149566,35.12214175265849],[135.85038092425404,35.120503918007984],[135.8483515530948,35.11896057381808],[135.84744510064368,35.11411006350695],[135.84473927243135,35.113606114383714]],[[135.764700873911,35.08724327587453],[135.76443029108978,35.08947955010888],[135.76196798741657,35.09152684342202],[135.75997920368053,35.09102289429878],[135.7593162757685,35.094046589038186]],[[135.7593162757685,35.094046589038186],[135.76296914385514,35.09615687599173]],[[135.76670318678813,35.09032996425434],[135.76670318678813,35.09032996425434]],[[135.82988427554574,35.27660215892977],[135.83445712522456,35.274145406954]],[[135.84252049329726,35.25401893884484],[135.84415751936572,35.25187715507109],[135.84220932305283,35.24938890627512],[135.8408834672288,35.2490424412529],[135.83966584453327,35.24601874651349],[135.8398958399313,35.244065943660964],[135.8372576574243,35.24157769486499],[135.83460594577622,35.24119973302257],[135.8366623752176,35.23918393652963],[135.83794764361843,35.236695687733665],[135.83709530773157,35.231750686961924],[135.83840763441452,35.22592377522453],[135.83553945650948,35.224033966012406],[135.83276598259187,35.223750494630586],[135.8302495623544,35.222333137721485]],[[135.8302495623544,35.222333137721485],[135.82854489058064,35.22239613136189],[135.827746671258,35.22050632214977],[135.82508143046888,35.21748262741036],[135.82399909918394,35.217608614691166],[135.82248383538504,35.22088428399219],[135.82265971421884,35.223183551866946],[135.8218344366141,35.22708915757201],[135.82106327557358,35.227782087616454]],[[135.82106327557358,35.227782087616454],[135.82100915900935,35.230396323693235],[135.822253839987,35.232758585208394],[135.82483790592977,35.23549880856598],[135.82375557464485,35.23751460505892],[135.82470261451914,35.23915243970943],[135.822253839987,35.2416721853256],[135.82252442280824,35.24693215429936],[135.82081975103446,35.24800304618623],[135.8163686636252,35.24737310978219]],[[135.82708374334598,35.11993697524434],[135.8268266896658,35.12182678445647],[135.82819313291304,35.12585837744235],[135.82689433537112,35.12822063895751],[135.8259202372147,35.13348060793126]],[[135.8355665147916,35.139716978331286],[135.83889468349275,35.138992551466636],[135.84005818962405,35.140031946533306],[135.84273695955423,35.13962248787068],[135.84500985525258,35.14154379390301],[135.84621394880708,35.14110283842018],[135.8487033107624,35.142236723947455]],[[135.8487033107624,35.142236723947455],[135.85050268652358,35.13792165957977],[135.85005622486855,35.135338920323186],[135.85220735829736,35.13448850617773],[135.85203147946356,35.13168528917974],[135.84952858836715,35.12702375978982],[135.84956917579035,35.12595286790295]],[[135.76384853802415,35.10484999836752],[135.7639973585758,35.106267355276614],[135.76246856563586,35.10673980757965],[135.76218445367357,35.108913088173594],[135.7600603785269,35.11070840692512],[135.76039860705345,35.114299044428165],[135.76156211318474,35.11552742041604],[135.76221151195568,35.118015669212014],[135.76319913925317,35.11845662469484],[135.76306384784257,35.12044092436758],[135.766013200594,35.12554340924032],[135.7662161377099,35.13017344181004],[135.76507968986076,35.13089786867469],[135.7636861883314,35.13480347437975],[135.76392971287052,35.13760669137774],[135.7652014521303,35.140441405195936],[135.76476851961633,35.14337060947474],[135.76564791378533,35.145480896428275],[135.76524203955347,35.147969145224245],[135.7660808462993,35.150740865402035]],[[135.7660808462993,35.150740865402035],[135.76733905641802,35.151181820884865],[135.7696795978217,35.15376456014144],[135.77181720210942,35.15492994248892],[135.7726289505731,35.15637879621821]],[[135.78997330941405,35.16182774611318],[135.79146151493083,35.16110331924853],[135.7910150532758,35.159150516396004],[135.79293619130655,35.15659927395963],[135.7923544382409,35.155181917050534],[135.7953443784155,35.15483545202831],[135.79596671890434,35.153985037882855],[135.79526320356914,35.1517172668283],[135.79706257933034,35.15159127954749]],[[135.79706257933034,35.15159127954749],[135.79948429558036,35.147528189741415],[135.80282599342257,35.147402202460604],[135.80335362992398,35.146205323292925]],[[135.7593162757685,35.094046589038186],[135.75753042914837,35.095495442767486],[135.75799041994446,35.09722776787861],[135.7562857481707,35.09899158980993],[135.751077028862,35.09738525197962],[135.74826296752119,35.09552693958769]],[[135.74826296752119,35.09552693958769],[135.74772180187873,35.09599939189072],[135.7436765887013,35.09514897774526],[135.74201250435073,35.09590490143012],[135.7435007098675,35.09688130285638],[135.74232367459516,35.09883410570891],[135.7426619031217,35.1001254753372],[135.74210720833818,35.10393659058166],[135.74272954882701,35.106204361636216],[135.7417419215295,35.109039075454405],[135.7419583877865,35.1133856366423],[135.74118722674598,35.116377834561504],[135.74208015005604,35.11952751658172],[135.74049724055183,35.12163780353526],[135.7417825089527,35.123716593668604],[135.74087605650158,35.12450401417365],[135.73948255497223,35.12878758172114],[135.73854904423897,35.13020493863024],[135.73902256417614,35.13477197755955],[135.74105193533538,35.135464907603996],[135.7426619031217,35.13744920727673],[135.7445289245882,35.13785866593936],[135.74557066844994,35.13952799741007],[135.74507009023066,35.14330761583433],[135.74386599667616,35.146488794674745],[135.7420936791971,35.147402202460604],[135.7436765887013,35.149701470335366],[135.74711299053095,35.14992194807678],[135.75104997057988,35.14907153393132],[135.75255170523772,35.15039440037981],[135.75694867608274,35.148252616606065],[135.75892393067772,35.15036290355961],[135.76357795520292,35.150898349503045],[135.76464675734678,35.151811757288904],[135.7660808462993,35.150740865402035]],[[135.76823197972809,35.0720618085371],[135.76589143832445,35.072124802177505],[135.76357795520292,35.070990916650224],[135.76581026347807,35.073605152727005],[135.76428147053812,35.07521149055731],[135.7605474276051,35.07385712728862],[135.76338854722803,35.07571543968054],[135.7649849858733,35.075526458759335],[135.76430852882024,35.078046204375504],[135.7621032788272,35.07754225525227],[135.7634697220744,35.0794320644644],[135.76204916226294,35.08223528146239],[135.76014155337327,35.08138486731693],[135.75965450429504,35.0794320644644],[135.75786865767492,35.07873913441995],[135.75441872670422,35.07593591742196],[135.75268699664832,35.07719579023004],[135.75547399970702,35.07814069483611],[135.75640751044025,35.07968403902601],[135.7587209935618,35.08040846589066],[135.7610480058244,35.08261324330481],[135.75962744601293,35.08409359385431],[135.75500047976985,35.083022701967444],[135.75974920828247,35.08516448574119],[135.75677279724894,35.08592040942604],[135.753715211369,35.085668434864424],[135.74801944298207,35.08796770273918],[135.74697769912035,35.08658184265028],[135.74208015005604,35.08632986808867],[135.74014548288423,35.08790470909877],[135.74120075588704,35.08941655646847],[135.73883315620128,35.09048744835535],[135.7405107696929,35.09165283070283],[135.74295954422504,35.09089690701798],[135.74580066384797,35.0927867162301],[135.74826296752119,35.09552693958769]],[[135.76486322360375,35.08006200086844],[135.7681913923049,35.080975408654304]],[[135.77112721591527,35.08283372104623],[135.7724260134572,35.08207779736138]],[[135.82106327557358,35.227782087616454],[135.82030564367415,35.225986768864935],[135.81604396423973,35.22428594057402],[135.81367636455397,35.220537818969966],[135.81336519430954,35.21741963376996],[135.81023996272432,35.216569219624496]],[[135.76114270981182,35.2254513229215],[135.76060154416936,35.226585208448775],[135.76141329263305,35.22926243816596],[135.76116976809394,35.233325527972035],[135.7583692358942,35.236884668654874],[135.75466225124333,35.244790370525614],[135.7539993233313,35.24526282282864]],[[135.8262719948823,35.198521541648674],[135.82708374334598,35.19606478967291],[135.82949193045496,35.19193870622642],[135.8280307832203,35.18831657190318],[135.8261637617538,35.18797010688096],[135.82339028783616,35.185292877163775],[135.82343087525936,35.182332176064776],[135.82451320654428,35.18315109339003],[135.82655610684458,35.1797494368082],[135.82456732310854,35.17776513713547],[135.82610964518955,35.176316283406166],[135.8223891313976,35.1767887357092],[135.82156385379287,35.178678544921326],[135.81607102252187,35.18006440501022],[135.81406870964474,35.18154475555972],[135.81235050872993,35.18138727145871],[135.80994232162095,35.18286762200821],[135.80645180322708,35.18239516970518],[135.8049906559924,35.1812612841779],[135.8028801099868,35.182174691963766],[135.80160837072702,35.181450265099116],[135.79769844896023,35.181040806436485]],[[135.80990173419778,35.20693119264264],[135.81321637375785,35.20737214812547],[135.8163686636252,35.20844304001235],[135.81769451944925,35.2062382625982],[135.82198325716578,35.20456893112748],[135.8220103154479,35.20236415371333],[135.8262719948823,35.198521541648674]],[[135.79483027105516,35.063022221139086],[135.7946408630803,35.062896233858275]],[[135.7946408630803,35.062896233858275],[135.79276031247275,35.06166785787039]],[[135.79276031247275,35.06166785787039],[135.79281442903698,35.062864737038076]],[[135.79281442903698,35.062864737038076],[135.7944379259644,35.06340018298151]],[[135.7944379259644,35.06340018298151],[135.79483027105516,35.063022221139086]],[[135.7936261775007,35.04163588022183],[135.79181327259843,35.041730370682444]],[[135.79181327259843,35.041730370682444],[135.79184033088055,35.04273826892891]],[[135.79184033088055,35.04273826892891],[135.79374793977024,35.0426752752885]],[[135.79374793977024,35.0426752752885],[135.7936261775007,35.04163588022183]],[[135.7827758063693,35.018517214193466],[135.7817205333665,35.01854871101367]],[[135.7817205333665,35.01854871101367],[135.78163935852012,35.01854871101367]],[[135.78163935852012,35.01854871101367],[135.78190994134135,35.020407023405596]],[[135.78190994134135,35.020407023405596],[135.78284345207462,35.02091097252883]],[[135.78284345207462,35.02091097252883],[135.7827758063693,35.018517214193466]],[[135.76544497666941,35.03974607100971],[135.76378089231883,35.04236030708648]],[[135.76378089231883,35.04236030708648],[135.7658779091834,35.04327371487235]],[[135.7658779091834,35.04327371487235],[135.76778551807305,35.040848459716784]],[[135.76778551807305,35.040848459716784],[135.76544497666941,35.03974607100971]],[[135.78377696280785,35.0440611353774],[135.78364167139725,35.04362017989457]],[[135.78364167139725,35.04362017989457],[135.7833034428707,35.04324221805214]],[[135.7833034428707,35.04324221805214],[135.7827487480872,35.04273826892891]],[[135.7827487480872,35.04273826892891],[135.78046232324778,35.04421861947841]],[[135.78046232324778,35.04421861947841],[135.78105760545446,35.04488005270265]],[[135.78105760545446,35.04488005270265],[135.78117936772404,35.04500603998346]],[[135.78117936772404,35.04500603998346],[135.78377696280785,35.0440611353774]],[[135.7988348968094,35.063305692520906],[135.79878078024515,35.06204581971282]],[[135.79878078024515,35.06204581971282],[135.79699493362503,35.06223480063403]],[[135.79699493362503,35.06223480063403],[135.7972519873052,35.0632426988805]],[[135.7972519873052,35.0632426988805],[135.79746845356217,35.0632426988805]],[[135.79746845356217,35.0632426988805],[135.7988348968094,35.063305692520906]],[[135.79094740757048,35.05747878078351],[135.79012212996574,35.05754177442391]],[[135.79012212996574,35.05754177442391],[135.78944567291265,35.05779374898553]],[[135.78944567291265,35.05779374898553],[135.7894321437716,35.05955757091685]],[[135.7894321437716,35.05955757091685],[135.79018977567105,35.05911661543402]],[[135.79018977567105,35.05911661543402],[135.7903791836459,35.05911661543402]],[[135.7903791836459,35.05911661543402],[135.79098799499369,35.05810871718755]],[[135.79098799499369,35.05810871718755],[135.79102858241686,35.05798272990674]],[[135.79102858241686,35.05798272990674],[135.79094740757048,35.05747878078351]],[[135.7757677112994,35.04613992551074],[135.77591653185107,35.044533587680434]],[[135.77591653185107,35.044533587680434],[135.7747800840019,35.04450209086023]],[[135.7747800840019,35.04450209086023],[135.77472596743766,35.04447059404003]],[[135.77472596743766,35.04447059404003],[135.77463126345023,35.04588795094912]],[[135.77463126345023,35.04588795094912],[135.7757677112994,35.04613992551074]],[[135.7764035809293,35.01363520706214],[135.7760112358385,35.01363520706214]],[[135.7760112358385,35.01363520706214],[135.77525360393906,35.01448562120759]],[[135.77525360393906,35.01448562120759],[135.77406303952563,35.01524154489245]],[[135.77406303952563,35.01524154489245],[135.7742524475005,35.016154952678306]],[[135.7742524475005,35.016154952678306],[135.7775670870606,35.01643842406013]],[[135.7775670870606,35.01643842406013],[135.77793237386925,35.01637543041972]],[[135.77793237386925,35.01637543041972],[135.77709356712344,35.013666703882336]],[[135.77709356712344,35.013666703882336],[135.7764035809293,35.01363520706214]],[[135.79198915143223,35.04780925698145],[135.79297677872972,35.04790374744206]],[[135.79297677872972,35.04790374744206],[135.79335559467947,35.04771476652085]],[[135.79335559467947,35.04771476652085],[135.79313912842247,35.0470848301168]],[[135.79313912842247,35.0470848301168],[135.79254384621575,35.04544699546629]],[[135.79254384621575,35.04544699546629],[135.79192150572692,35.04544699546629]],[[135.79192150572692,35.04544699546629],[135.79198915143223,35.04780925698145]],[[135.79648082626468,35.04591944776932],[135.79607495203282,35.04510053044407]],[[135.79607495203282,35.04510053044407],[135.7939779351683,35.04475406542185]],[[135.7939779351683,35.04475406542185],[135.79427557627164,35.04566747320771]],[[135.79427557627164,35.04566747320771],[135.79437028025907,35.04585645412892]],[[135.79437028025907,35.04585645412892],[135.795452611544,35.04601393822993]],[[135.795452611544,35.04601393822993],[135.79648082626468,35.04591944776932]],[[135.77647122663458,35.03149390411674],[135.77593006099212,35.03124192955513]],[[135.77593006099212,35.03124192955513],[135.77641711007035,35.033635687890495]],[[135.77641711007035,35.033635687890495],[135.7782300149726,35.03287976420564]],[[135.7782300149726,35.03287976420564],[135.77755355791953,35.032060846880384]],[[135.77755355791953,35.032060846880384],[135.77647122663458,35.03149390411674]],[[135.78765982629253,35.03593495576525],[135.7868616069699,35.03596645258545]],[[135.7868616069699,35.03596645258545],[135.78695631095732,35.03810823635919]],[[135.78695631095732,35.03810823635919],[135.78734865604812,35.038045242718795]],[[135.78734865604812,35.038045242718795],[135.78744336003555,35.038045242718795]],[[135.78744336003555,35.038045242718795],[135.78836334162773,35.036753873090504]],[[135.78836334162773,35.036753873090504],[135.78765982629253,35.03593495576525]],[[135.76723082328954,35.04387215445619],[135.7658779091834,35.04327371487235]],[[135.7658779091834,35.04327371487235],[135.7643897036666,35.04500603998346]],[[135.7643897036666,35.04500603998346],[135.7645655825004,35.04513202726427]],[[135.7645655825004,35.04513202726427],[135.7665678953775,35.04576196366831]],[[135.7665678953775,35.04576196366831],[135.76723082328954,35.04387215445619]],[[135.78625279562212,35.021005462989436],[135.78538693059417,35.02125743755105]],[[135.78538693059417,35.02125743755105],[135.7870374858037,35.02286377538136]],[[135.7870374858037,35.02286377538136],[135.78764629715147,35.02179288349449]],[[135.78764629715147,35.02179288349449],[135.78625279562212,35.021005462989436]],[[135.8046118400427,35.061132411926955],[135.80361068360415,35.06191983243201]],[[135.80361068360415,35.06191983243201],[135.80316422194912,35.063148208419896]],[[135.80316422194912,35.063148208419896],[135.80386773728432,35.064219100306765]],[[135.80386773728432,35.064219100306765],[135.80679003175362,35.06371515118353],[135.80885999033603,35.064534068508785],[135.80792647960277,35.066266393619905],[135.80968526794078,35.067904228270415],[135.8135816605665,35.066392380900716],[135.81919625410708,35.06340018298151]],[[135.81919625410708,35.06340018298151],[135.816977474973,35.06018750732089],[135.8151375117886,35.060691456444125],[135.812147571614,35.059526074096645],[135.81041584155813,35.05974655183806],[135.8077100133458,35.061541870589586],[135.8046118400427,35.061132411926955]],[[135.79871313453984,35.06191983243201],[135.79878078024515,35.06204581971282]],[[135.7988348968094,35.063305692520906],[135.79891607165575,35.063305692520906]],[[135.79891607165575,35.063305692520906],[135.79983605324796,35.06340018298151]],[[135.79983605324796,35.06340018298151],[135.79998487379964,35.06220330381383]],[[135.79998487379964,35.06220330381383],[135.79871313453984,35.06191983243201]],[[135.7943973385412,35.063620660722925],[135.7944379259644,35.06340018298151]],[[135.79281442903698,35.062864737038076],[135.79286854560124,35.06368365436333]],[[135.79286854560124,35.06368365436333],[135.7943973385412,35.063620660722925]],[[135.80386773728432,35.064219100306765],[135.80382714986112,35.06431359076737]],[[135.80382714986112,35.06431359076737],[135.80381362072006,35.067116807765366],[135.8049635977103,35.068187699652235],[135.80561299648124,35.070707445268404],[135.8042600823751,35.07102241347043]],[[135.80442243206784,35.07240827355932],[135.81005055474947,35.071715343514875],[135.81053760382767,35.07269174494114],[135.81318931547574,35.073321681345185]],[[135.81318931547574,35.073321681345185],[135.81557044430258,35.07117989757144],[135.82146914980544,35.070234992965375],[135.8255955378292,35.068943623337084],[135.82615023261275,35.06692782684415]],[[135.82615023261275,35.06692782684415],[135.82551436298286,35.064471074868386],[135.81919625410708,35.06340018298151]],[[135.81962918662106,35.019115653777305],[135.82068445962386,35.01590297811669]],[[135.82068445962386,35.01590297811669],[135.8202515271099,35.012942277017686],[135.81719394122996,35.01347772296113],[135.8165174841769,35.01272179927627],[135.81558397344364,35.014989570330826],[135.81091641977739,35.01549351945406],[135.81088936149527,35.01653291452073]],[[135.81088936149527,35.01653291452073],[135.81222874646036,35.01870619511468],[135.81501574951906,35.019997564742965]],[[135.81501574951906,35.019997564742965],[135.81962918662106,35.019115653777305]],[[135.79910547963064,35.06425059712697],[135.79891607165575,35.063305692520906]],[[135.79746845356217,35.0632426988805],[135.79717081245883,35.06484903671081]],[[135.79717081245883,35.06484903671081],[135.79910547963064,35.06425059712697]],[[135.79384264375767,35.04399814173699],[135.7939373477451,35.04368317353497]],[[135.7939373477451,35.04368317353497],[135.79374793977024,35.0426752752885]],[[135.79184033088055,35.04273826892891],[135.7918673891627,35.04380916081578]],[[135.7918673891627,35.04380916081578],[135.79384264375767,35.04399814173699]],[[135.80156778330385,35.0529747354946],[135.79937606245187,35.0529747354946]],[[135.79937606245187,35.0529747354946],[135.79842902257755,35.053793652819856]],[[135.79842902257755,35.053793652819856],[135.798307260308,35.05382514964006]],[[135.798307260308,35.05382514964006],[135.7984154934365,35.05426610512289]],[[135.7984154934365,35.05426610512289],[135.79860490141135,35.05502202880774]],[[135.79860490141135,35.05502202880774],[135.80145955017534,35.054234608302686],[135.80156778330385,35.0529747354946]],[[135.7740765686667,35.025005559155105],[135.77160073585242,35.025855973300565]],[[135.77160073585242,35.025855973300565],[135.7716142649935,35.02724183338946]],[[135.7716142649935,35.02724183338946],[135.772385426034,35.02724183338946]],[[135.772385426034,35.02724183338946],[135.7736436361527,35.027619795231885]],[[135.7736436361527,35.027619795231885],[135.77634946436504,35.02654890334501]],[[135.77634946436504,35.02654890334501],[135.7740765686667,35.025005559155105]],[[135.79265207934426,35.0587386535916],[135.79247620051046,35.05779374898553]],[[135.79247620051046,35.05779374898553],[135.79102858241686,35.05798272990674]],[[135.79098799499369,35.05810871718755],[135.79265207934426,35.0587386535916]],[[135.7934502986669,35.05606142387441],[135.79231385081772,35.056565372997646]],[[135.79231385081772,35.056565372997646],[135.79244914222832,35.057604768064316]],[[135.79244914222832,35.057604768064316],[135.79350441523113,35.05763626488452]],[[135.79350441523113,35.05763626488452],[135.79353147351327,35.0573842903229]],[[135.79353147351327,35.0573842903229],[135.7934502986669,35.05606142387441]],[[135.79336912382053,35.065699450856265],[135.79355853179538,35.065699450856265]],[[135.79355853179538,35.065699450856265],[135.793260890692,35.064376584407775]],[[135.793260890692,35.064376584407775],[135.7928820747423,35.06440808122798]],[[135.7928820747423,35.06440808122798],[135.79254384621575,35.065793941316876]],[[135.79648082626468,35.04591944776932],[135.7968596422144,35.04692734601579]],[[135.7968596422144,35.04692734601579],[135.79892960079684,35.04777776016125]],[[135.79892960079684,35.04777776016125],[135.8013377879058,35.04746279195923]],[[135.8013377879058,35.04746279195923],[135.80300187225637,35.04802973472287]],[[135.80300187225637,35.04802973472287],[135.80398949955386,35.04343119897336],[135.80367832930943,35.04081696289658]],[[135.80367832930943,35.04081696289658],[135.80273128943514,35.04201384206426],[135.80020134005662,35.04229731344608],[135.79653494282894,35.0441241290178]],[[135.79653494282894,35.0441241290178],[135.79776609466552,35.04443909721982],[135.79648082626468,35.04591944776932]],[[135.77426597664157,35.023052756302576],[135.771506031865,35.022328329437926]],[[135.771506031865,35.022328329437926],[135.77160073585242,35.025855973300565]],[[135.7740765686667,35.025005559155105],[135.77426597664157,35.023052756302576]],[[135.7736571652938,35.03974607100971],[135.77252071744462,35.04157288658143]],[[135.77252071744462,35.04157288658143],[135.77394127725609,35.04163588022183]],[[135.77394127725609,35.04163588022183],[135.77476655486083,35.04163588022183]],[[135.77476655486083,35.04163588022183],[135.7748883171304,35.0396515805491]],[[135.7748883171304,35.0396515805491],[135.7736571652938,35.03974607100971]],[[135.77933940453966,35.03442310839554],[135.77771590761228,35.033982152912714]],[[135.77771590761228,35.033982152912714],[135.7792852879754,35.0351790320804]],[[135.7792852879754,35.0351790320804],[135.77994821588743,35.035871962124844]],[[135.77994821588743,35.035871962124844],[135.78103054717235,35.0353050193612]],[[135.78103054717235,35.0353050193612],[135.7818964122003,35.035116038439995]],[[135.7818964122003,35.035116038439995],[135.78012409472123,35.03464358613696]],[[135.78012409472123,35.03464358613696],[135.77933940453966,35.03442310839554]],[[135.7972519873052,35.0632426988805],[135.79645376798257,35.063305692520906]],[[135.79645376798257,35.063305692520906],[135.79667023423954,35.063746648003736]],[[135.79667023423954,35.063746648003736],[135.79671082166274,35.064376584407775]],[[135.79671082166274,35.064376584407775],[135.79665670509848,35.06488053353101]],[[135.79665670509848,35.06488053353101],[135.79717081245883,35.06484903671081]],[[135.79043330021014,35.05940008681584],[135.7914073983666,35.06047097870271]],[[135.7914073983666,35.06047097870271],[135.79267913762638,35.060848940545135]],[[135.79267913762638,35.060848940545135],[135.79319324498672,35.06062846280372]],[[135.79319324498672,35.06062846280372],[135.7931255992814,35.06047097870271]],[[135.7931255992814,35.06047097870271],[135.79043330021014,35.05940008681584]],[[135.79606142289177,35.06047097870271],[135.79645376798257,35.06210881335322]],[[135.79645376798257,35.06210881335322],[135.79699493362503,35.06223480063403]],[[135.79871313453984,35.06191983243201],[135.79825314374375,35.060691456444125]],[[135.79825314374375,35.060691456444125],[135.79805020662783,35.06059696598352]],[[135.79805020662783,35.06059696598352],[135.79606142289177,35.06047097870271]],[[135.7674878769697,35.04387215445619],[135.76723082328954,35.04387215445619]],[[135.7665678953775,35.04576196366831],[135.76758258095714,35.04585645412892]],[[135.76758258095714,35.04585645412892],[135.7692872527309,35.04588795094912]],[[135.7692872527309,35.04588795094912],[135.7679749260479,35.04469107178144]],[[135.7679749260479,35.04469107178144],[135.7674878769697,35.04387215445619]],[[135.79524967442808,35.0646915526098],[135.7949249750426,35.065667954036066]],[[135.7949249750426,35.065667954036066],[135.79449204252862,35.066738845922934]],[[135.79449204252862,35.066738845922934],[135.7946408630803,35.067431775967385]],[[135.7946408630803,35.067431775967385],[135.79607495203282,35.066990820484556],[135.79665670509848,35.06488053353101]],[[135.79671082166274,35.064376584407775],[135.79524967442808,35.0646915526098]],[[135.79276031247275,35.06166785787039],[135.79267913762638,35.060848940545135]],[[135.7914073983666,35.06047097870271],[135.7915832772004,35.061888335611805]],[[135.7915832772004,35.061888335611805],[135.79202973885543,35.063652157543125]],[[135.79202973885543,35.063652157543125],[135.79212444284286,35.063652157543125]],[[135.79212444284286,35.063652157543125],[135.79286854560124,35.06368365436333]],[[135.7946408630803,35.067431775967385],[135.7937885271934,35.06856566149466]],[[135.80382714986112,35.06431359076737],[135.80347539219352,35.064219100306765]],[[135.80347539219352,35.064219100306765],[135.8004854520189,35.064345087587576]],[[135.8004854520189,35.064345087587576],[135.79910547963064,35.06425059712697]],[[135.7956284903778,35.04346269579356],[135.79539849497976,35.0425492880077]],[[135.79539849497976,35.0425492880077],[135.79374793977024,35.0426752752885]],[[135.7939373477451,35.04368317353497],[135.7956284903778,35.04346269579356]],[[135.8011213216488,35.05958906773705],[135.79979546582476,35.05697483166028]],[[135.79979546582476,35.05697483166028],[135.7994978247214,35.05647088253704]],[[135.7994978247214,35.05647088253704],[135.7992543001823,35.056439385716835]],[[135.7992543001823,35.056439385716835],[135.7968596422144,35.05618741115522]],[[135.7968596422144,35.05618741115522],[135.79661611767528,35.05514801608855]],[[135.79661611767528,35.05514801608855],[135.79414028486102,35.05404562738148]],[[135.79414028486102,35.05404562738148],[135.79409969743784,35.054360595583496]],[[135.79409969743784,35.054360595583496],[135.7941132265789,35.0558724429532]],[[135.7941132265789,35.0558724429532],[135.7945055716697,35.05703782530068]],[[135.7945055716697,35.05703782530068],[135.7994978247214,35.05807722036735],[135.8011213216488,35.05958906773705]],[[135.78117936772404,35.04500603998346],[135.78269463152293,35.04651788735317]],[[135.78269463152293,35.04651788735317],[135.78485929409277,35.0456044795673]],[[135.78485929409277,35.0456044795673],[135.7852381100425,35.04532100818548]],[[135.7852381100425,35.04532100818548],[135.78377696280785,35.0440611353774]],[[135.80347539219352,35.064219100306765],[135.80148660845748,35.06368365436333]],[[135.80148660845748,35.06368365436333],[135.80047192287785,35.063494673442115]],[[135.80047192287785,35.063494673442115],[135.8004854520189,35.064345087587576]],[[135.77261542143205,35.01530453853285],[135.77261542143205,35.01495807351063]],[[135.77261542143205,35.01495807351063],[135.77261542143205,35.01473759576921]],[[135.77261542143205,35.01473759576921],[135.77266953799628,35.013666703882336]],[[135.77266953799628,35.013666703882336],[135.77170896898093,35.01363520706214]],[[135.77170896898093,35.01363520706214],[135.77162779413456,35.01533603535305]],[[135.77162779413456,35.01533603535305],[135.77261542143205,35.01530453853285]],[[135.7943973385412,35.06122690238756],[135.79354500265433,35.060691456444125]],[[135.79354500265433,35.060691456444125],[135.79319324498672,35.06062846280372]],[[135.79267913762638,35.060848940545135],[135.7946408630803,35.062896233858275]],[[135.79483027105516,35.063022221139086],[135.79610201031497,35.063337189341105]],[[135.79610201031497,35.063337189341105],[135.79600730632754,35.062329291094635]],[[135.79600730632754,35.062329291094635],[135.7943973385412,35.06122690238756]],[[135.77974527877151,35.032785273745034],[135.77990762846423,35.033541197429884]],[[135.77990762846423,35.033541197429884],[135.78182876649498,35.03347820378948]],[[135.78182876649498,35.03347820378948],[135.7823834612785,35.033194732407665]],[[135.7823834612785,35.033194732407665],[135.78222111158578,35.03243880872281]],[[135.78222111158578,35.03243880872281],[135.77974527877151,35.032785273745034]],[[135.79654847197,35.04884865204812],[135.79849666828287,35.049226613890546]],[[135.79849666828287,35.049226613890546],[135.79842902257755,35.04831320610469]],[[135.79842902257755,35.04831320610469],[135.79495203332473,35.04771476652085]],[[135.79495203332473,35.04771476652085],[135.79493850418365,35.04834470292489]],[[135.79493850418365,35.04834470292489],[135.79654847197,35.04884865204812]],[[135.78195052876453,35.022044858056105],[135.77855471435808,35.023084253122775]],[[135.77855471435808,35.023084253122775],[135.77856824349914,35.025005559155105]],[[135.77856824349914,35.025005559155105],[135.77856824349914,35.02522603689652]],[[135.77856824349914,35.02522603689652],[135.7818964122003,35.02522603689652]],[[135.7818964122003,35.02522603689652],[135.7818964122003,35.023966164088435]],[[135.7818964122003,35.023966164088435],[135.78195052876453,35.022044858056105]],[[135.80361068360415,35.06191983243201],[135.80240659004966,35.06251827201585]],[[135.80240659004966,35.06251827201585],[135.80316422194912,35.063148208419896]],[[135.77771590761228,35.033982152912714],[135.77641711007035,35.033635687890495]],[[135.77641711007035,35.033635687890495],[135.77771590761228,35.035588490743024]],[[135.77771590761228,35.035588490743024],[135.77835177724216,35.03590345894504]],[[135.77835177724216,35.03590345894504],[135.7792852879754,35.0351790320804]],[[135.77509125424632,35.014391130746986],[135.77511831252843,35.01363520706214]],[[135.77511831252843,35.01363520706214],[135.7749559628357,35.01363520706214]],[[135.7749559628357,35.01363520706214],[135.7748206714251,35.01363520706214]],[[135.7748206714251,35.01363520706214],[135.77480714228403,35.014391130746986]],[[135.77480714228403,35.014391130746986],[135.77509125424632,35.014391130746986]],[[135.80191954097143,35.04969906619358],[135.80032310232616,35.048785658407716]],[[135.80032310232616,35.048785658407716],[135.7990107756432,35.04831320610469]],[[135.7990107756432,35.04831320610469],[135.79842902257755,35.04831320610469]],[[135.79849666828287,35.049226613890546],[135.80021486919767,35.04973056301378]],[[135.80021486919767,35.04973056301378],[135.80191954097143,35.04969906619358]],[[135.7900274259783,35.06484903671081],[135.7900003676962,35.0646915526098]],[[135.79244914222832,35.057604768064316],[135.79247620051046,35.05779374898553]],[[135.79265207934426,35.0587386535916],[135.7931255992814,35.06047097870271]],[[135.79354500265433,35.060691456444125],[135.7937885271934,35.06059696598352]],[[135.7937885271934,35.06059696598352],[135.79331500725627,35.05810871718755]],[[135.79331500725627,35.05810871718755],[135.79350441523113,35.05763626488452]],[[135.7905550624797,35.01552501627427],[135.7889315655523,35.01297377383789]],[[135.7889315655523,35.01297377383789],[135.7858469213903,35.01183988831061]],[[135.7858469213903,35.01183988831061],[135.7847104735411,35.01360371024193]],[[135.7847104735411,35.01360371024193],[135.78611750421152,35.01511555761164]],[[135.78611750421152,35.01511555761164],[135.7886203953079,35.01521004807224]],[[135.7886203953079,35.01521004807224],[135.7905550624797,35.01552501627427]],[[135.7832357971654,35.03313173876726],[135.78391225421848,35.03464358613696]],[[135.78391225421848,35.03464358613696],[135.78460224041262,35.03458059249655]],[[135.78460224041262,35.03458059249655],[135.78483223581065,35.03303724830665]],[[135.78483223581065,35.03303724830665],[135.7832357971654,35.03313173876726]],[[135.79449204252862,35.066738845922934],[135.7937885271934,35.06695932366435]],[[135.77013958861778,35.032029350060185],[135.76631084169733,35.03832871410061]],[[135.76631084169733,35.03832871410061],[135.7698148892323,35.03917912824607]],[[135.7698148892323,35.03917912824607],[135.76997723892504,35.03832871410061]],[[135.76997723892504,35.03832871410061],[135.77080251652978,35.03417113383393]],[[135.77080251652978,35.03417113383393],[135.77013958861778,35.032029350060185]],[[135.77472596743766,35.04447059404003],[135.77271012541948,35.04443909721982]],[[135.77271012541948,35.04443909721982],[135.77269659627842,35.04450209086023]],[[135.77269659627842,35.04450209086023],[135.77261542143205,35.04582495730872]],[[135.77261542143205,35.04582495730872],[135.77463126345023,35.04588795094912]],[[135.79386970203979,35.020123552023776],[135.79179974345737,35.019997564742965]],[[135.79179974345737,35.019997564742965],[135.79240855480515,35.02179288349449]],[[135.79240855480515,35.02179288349449],[135.79427557627164,35.02166689621368]],[[135.79427557627164,35.02166689621368],[135.79386970203979,35.020123552023776]],[[135.79524967442808,35.0646915526098],[135.79451910081076,35.06428209394717]],[[135.79451910081076,35.06428209394717],[135.793260890692,35.064376584407775]],[[135.79355853179538,35.065699450856265],[135.7949249750426,35.065667954036066]],[[135.79177268517526,35.04059648515516],[135.79181327259843,35.041730370682444]],[[135.7936261775007,35.04163588022183],[135.79354500265433,35.04103744063799]],[[135.79354500265433,35.04103744063799],[135.79338265296158,35.04053349151476]],[[135.79338265296158,35.04053349151476],[135.79177268517526,35.04059648515516]],[[135.79790138607615,35.02037552658539],[135.7973602204337,35.020155048843975]],[[135.7973602204337,35.020155048843975],[135.79554731553142,35.02034402976519]],[[135.79554731553142,35.02034402976519],[135.79575025264737,35.021131450270246]],[[135.79575025264737,35.021131450270246],[135.79680552565017,35.02358820224601]],[[135.79680552565017,35.02358820224601],[135.79796903178146,35.024659094132886]],[[135.79796903178146,35.024659094132886],[135.79768491981918,35.023430718145]],[[135.79768491981918,35.023430718145],[135.7973872787158,35.021288934371256]],[[135.7973872787158,35.021288934371256],[135.79790138607615,35.02037552658539]],[[135.77406303952563,35.01524154489245],[135.7738195149865,35.015273041712646]],[[135.7738195149865,35.015273041712646],[135.77285894597117,35.01530453853285]],[[135.77285894597117,35.01530453853285],[135.77335952419043,35.0160919590379]],[[135.77335952419043,35.0160919590379],[135.7742524475005,35.016154952678306]],[[135.7736436361527,35.027619795231885],[135.7774588539321,35.028249731635924],[135.77789178644608,35.02916313942179]],[[135.77789178644608,35.02916313942179],[135.7779188447282,35.02916313942179]],[[135.7779188447282,35.02916313942179],[135.77924470055223,35.028816674399565]],[[135.77924470055223,35.028816674399565],[135.77859530178128,35.02591896694097]],[[135.77859530178128,35.02591896694097],[135.7764035809293,35.026454412884405]],[[135.7764035809293,35.026454412884405],[135.77634946436504,35.02654890334501]],[[135.79998487379964,35.06220330381383],[135.79998487379964,35.061541870589586]],[[135.79998487379964,35.061541870589586],[135.7999307572354,35.06062846280372]],[[135.7999307572354,35.06062846280372],[135.79825314374375,35.060691456444125]],[[135.80185189526614,35.061573367409785],[135.8025283523192,35.060659959623926]],[[135.8025283523192,35.060659959623926],[135.80201424495888,35.05984104229867]],[[135.80201424495888,35.05984104229867],[135.80156778330385,35.060124513680485]],[[135.80156778330385,35.060124513680485],[135.80163542900914,35.06106941828655]],[[135.80163542900914,35.06106941828655],[135.80185189526614,35.061573367409785]],[[135.77269659627842,35.04450209086023],[135.77013958861778,35.04434460675922]],[[135.77013958861778,35.04434460675922],[135.77013958861778,35.044376103579424]],[[135.77013958861778,35.044376103579424],[135.7692872527309,35.04588795094912]],[[135.7692872527309,35.04588795094912],[135.77252071744462,35.04743129513903]],[[135.77252071744462,35.04743129513903],[135.77261542143205,35.04582495730872]],[[135.78257286925339,35.01363520706214],[135.7815446545327,35.01221785015304],[135.77937999196283,35.01253281835506]],[[135.77937999196283,35.01253281835506],[135.77955587079663,35.013666703882336]],[[135.77955587079663,35.013666703882336],[135.78257286925339,35.01363520706214]],[[135.79489791676048,35.04711632693701],[135.79313912842247,35.0470848301168]],[[135.79335559467947,35.04771476652085],[135.79493850418365,35.04834470292489]],[[135.79495203332473,35.04771476652085],[135.79489791676048,35.04711632693701]],[[135.78407460391122,35.023934667268236],[135.7818964122003,35.023966164088435]],[[135.7818964122003,35.02522603689652],[135.7836146131151,35.025100049615716]],[[135.7836146131151,35.025100049615716],[135.78407460391122,35.023934667268236]],[[135.78374990452573,35.03486406387837],[135.78200464532878,35.034958554338985]],[[135.78200464532878,35.034958554338985],[135.78193699962347,35.035147535260194]],[[135.78193699962347,35.035147535260194],[135.78356049655088,35.036155433506664]],[[135.78356049655088,35.036155433506664],[135.78373637538468,35.036155433506664]],[[135.78373637538468,35.036155433506664],[135.78374990452573,35.03486406387837]],[[135.79997134465856,35.024816578233896],[135.80018781091556,35.02462759731268]],[[135.80018781091556,35.02462759731268],[135.7999307572354,35.02415514500965]],[[135.7999307572354,35.02415514500965],[135.79768491981918,35.023430718145]],[[135.79796903178146,35.024659094132886],[135.79849666828287,35.024816578233896]],[[135.79849666828287,35.024816578233896],[135.79997134465856,35.024816578233896]],[[135.7847104735411,35.01360371024193],[135.78257286925339,35.01363520706214]],[[135.77955587079663,35.013666703882336],[135.77883882632037,35.013666703882336]],[[135.77883882632037,35.013666703882336],[135.77894705944885,35.01492657669042]],[[135.77894705944885,35.01492657669042],[135.7847104735411,35.01502106715103]],[[135.7847104735411,35.01502106715103],[135.7847104735411,35.01360371024193]],[[135.7736436361527,35.01391867844396],[135.7735083447421,35.013666703882336]],[[135.7735083447421,35.013666703882336],[135.77292659167645,35.013383232500516]],[[135.77292659167645,35.013383232500516],[135.77266953799628,35.013666703882336]],[[135.77261542143205,35.01473759576921],[135.7736436361527,35.01391867844396]],[[135.77551065761924,35.029950559926846],[135.77476655486083,35.03004505038745]],[[135.77476655486083,35.03004505038745],[135.7722501346234,35.030454509050074]],[[135.7722501346234,35.030454509050074],[135.7734406990368,35.0323758150824]],[[135.7734406990368,35.0323758150824],[135.77593006099212,35.03124192955513]],[[135.77647122663458,35.03149390411674],[135.77551065761924,35.029950559926846]],[[135.79807726490995,35.05924260271483],[135.798307260308,35.05854967267038]],[[135.798307260308,35.05854967267038],[135.79593966062222,35.05845518220978],[135.79626436000768,35.05968355819766]],[[135.79626436000768,35.05968355819766],[135.79807726490995,35.05924260271483]],[[135.7820722910341,35.03108444545412],[135.7792852879754,35.03136791683594]],[[135.7792852879754,35.03136791683594],[135.77755355791953,35.032060846880384]],[[135.7782300149726,35.03287976420564],[135.77974527877151,35.032785273745034]],[[135.78222111158578,35.03243880872281],[135.7820722910341,35.03108444545412]],[[135.79125857781492,35.06503801763202],[135.79125857781492,35.0647545462502]],[[135.79125857781492,35.0647545462502],[135.79121799039171,35.063778144823935]],[[135.79121799039171,35.063778144823935],[135.79014918824785,35.063904132104746]],[[135.79014918824785,35.063904132104746],[135.78987860542662,35.063935628924945]],[[135.76881373279375,35.04122642155921],[135.76778551807305,35.040848459716784]],[[135.7674878769697,35.04387215445619],[135.76781257635517,35.04308473395113]],[[135.76781257635517,35.04308473395113],[135.76881373279375,35.04122642155921]],[[135.77835177724216,35.03590345894504],[135.77898764687205,35.037478299955154]],[[135.77898764687205,35.037478299955154],[135.78058408551732,35.03700584765212]],[[135.78058408551732,35.03700584765212],[135.77994821588743,35.035871962124844]],[[135.8344435960835,35.065856934957274],[135.83217070038515,35.06705381412496],[135.8321842295262,35.06837668057345],[135.82615023261275,35.06692782684415]],[[135.81318931547574,35.073321681345185],[135.81525927405815,35.07455005733306],[135.815002220378,35.07593591742196],[135.81692335840873,35.076691841106815],[135.816977474973,35.078014707555305],[135.8195074243515,35.080093497688644],[135.81828980165596,35.081101395935114],[135.8181003936811,35.08314868924825],[135.81673395043387,35.08481802071896],[135.8180598062579,35.08667633311089],[135.8198997694423,35.0868338172119],[135.8211985669842,35.08938505964827],[135.82293029704007,35.09064493245636]],[[135.82293029704007,35.09064493245636],[135.82344440440042,35.09187330844424],[135.82981662984042,35.09102289429878],[135.83555298565054,35.09152684342202]],[[135.83555298565054,35.09152684342202],[135.83850233840198,35.08888111052504],[135.8396929028154,35.08551095076341],[135.83878645036427,35.08340066380987],[135.83828587214498,35.07895961216136],[135.83659472951229,35.07895961216136],[135.83637826325528,35.07732177751085],[135.83403772185164,35.07593591742196],[135.83410536755696,35.074959515995694],[135.83210305467983,35.071305884852244],[135.83432183381393,35.06799871873102],[135.8344435960835,35.065856934957274]],[[135.7928820747423,35.06440808122798],[135.79286854560124,35.06368365436333]],[[135.79212444284286,35.063652157543125],[135.79125857781492,35.0647545462502]],[[135.78181523735392,35.03785626179758],[135.78058408551732,35.03700584765212]],[[135.77898764687205,35.037478299955154],[135.77832471896002,35.03773027451677]],[[135.77832471896002,35.03773027451677],[135.78096290146703,35.04166737704204]],[[135.78096290146703,35.04166737704204],[135.78216699502153,35.04191935160365]],[[135.78216699502153,35.04191935160365],[135.78281639379247,35.0411004342784]],[[135.78281639379247,35.0411004342784],[135.78266757324081,35.04069097561577]],[[135.78266757324081,35.04069097561577],[135.7822075824447,35.039084637785464]],[[135.7822075824447,35.039084637785464],[135.78199111618773,35.03839170774101]],[[135.78199111618773,35.03839170774101],[135.78181523735392,35.03785626179758]],[[135.77691768828964,35.04447059404003],[135.77591653185107,35.044533587680434]],[[135.7757677112994,35.04613992551074],[135.77575418215832,35.0469903396562]],[[135.77575418215832,35.0469903396562],[135.7770665088413,35.04642339689256]],[[135.7770665088413,35.04642339689256],[135.77691768828964,35.04447059404003]],[[135.77933940453966,35.03442310839554],[135.7782300149726,35.03287976420564]],[[135.7832357971654,35.03313173876726],[135.7823834612785,35.033194732407665]],[[135.78182876649498,35.03347820378948],[135.78200464532878,35.034958554338985]],[[135.78374990452573,35.03486406387837],[135.78391225421848,35.03464358613696]],[[135.80378656243795,35.058329194928966],[135.80201424495888,35.05984104229867]],[[135.8025283523192,35.060659959623926],[135.80407067440024,35.061100915106756]],[[135.80407067440024,35.061100915106756],[135.80466595660695,35.05895913133301],[135.80378656243795,35.058329194928966]],[[135.79427557627164,35.04566747320771],[135.79254384621575,35.04544699546629]],[[135.79489791676048,35.04711632693701],[135.79437028025907,35.04585645412892]],[[135.77832471896002,35.03773027451677],[135.77647122663458,35.038643682302634]],[[135.77647122663458,35.038643682302634],[135.77683651344327,35.03927361870667]],[[135.77683651344327,35.03927361870667],[135.77797296129242,35.0410689374582]],[[135.77797296129242,35.0410689374582],[135.7781623692673,35.04135240884001]],[[135.7781623692673,35.04135240884001],[135.77913646742374,35.0426752752885]],[[135.77913646742374,35.0426752752885],[135.78096290146703,35.04166737704204]],[[135.78199111618773,35.03839170774101],[135.78439930329668,35.03801374589859]],[[135.78439930329668,35.03801374589859],[135.78389872507742,35.03694285401172]],[[135.78389872507742,35.03694285401172],[135.7815717128148,35.03706884129252]],[[135.7815717128148,35.03706884129252],[135.78181523735392,35.03785626179758]],[[135.77766179104802,35.01741482548639],[135.77403598124351,35.01782428414902],[135.7715736775703,35.018674698294475]],[[135.7715736775703,35.018674698294475],[135.77153309014713,35.020470017046]],[[135.77153309014713,35.020470017046],[135.7758759444279,35.02053301068641],[135.77637652264715,35.02182438031469]],[[135.77637652264715,35.02182438031469],[135.77854118521702,35.021887373955096]],[[135.77854118521702,35.021887373955096],[135.77850059779382,35.020470017046]],[[135.77850059779382,35.020470017046],[135.77843295208854,35.018517214193466]],[[135.77843295208854,35.018517214193466],[135.77766179104802,35.01741482548639]],[[135.8302495623544,35.222333137721485],[135.8293701681854,35.220254347588146],[135.830817786279,35.21855351929723],[135.8309530776896,35.21549832773763],[135.83275245345078,35.214364442210346],[135.83096660683066,35.21026985558407],[135.83267127860444,35.20976590646084],[135.83570180620222,35.20664772126082],[135.83520122798294,35.20236415371333]],[[135.83520122798294,35.20236415371333],[135.83237363750106,35.2003483572204],[135.83000603781528,35.2003798540406],[135.82909958536416,35.19915147805271],[135.8262719948823,35.198521541648674]],[[135.77095133708147,35.03832871410061],[135.76997723892504,35.03832871410061]],[[135.7698148892323,35.03917912824607],[135.76980136009124,35.03927361870667]],[[135.76980136009124,35.03927361870667],[135.7713977987365,35.03974607100971]],[[135.7713977987365,35.03974607100971],[135.77146544444182,35.038360210920814]],[[135.77146544444182,35.038360210920814],[135.77095133708147,35.03832871410061]],[[135.7815717128148,35.03706884129252],[135.78103054717235,35.0353050193612]],[[135.7743200932058,35.0145171180278],[135.77480714228403,35.014391130746986]],[[135.7748206714251,35.01363520706214],[135.77441479719323,35.013666703882336]],[[135.77441479719323,35.013666703882336],[135.7743200932058,35.0145171180278]],[[135.79868607625772,35.055116519268346],[135.79810432319206,35.05521100972896]],[[135.79810432319206,35.05521100972896],[135.79825314374375,35.055966933413806]],[[135.79825314374375,35.055966933413806],[135.7992543001823,35.056439385716835]],[[135.7994978247214,35.05647088253704],[135.79926782932336,35.05565196521179]],[[135.79926782932336,35.05565196521179],[135.79868607625772,35.055116519268346]],[[135.78349285084556,35.04314772759154],[135.7833034428707,35.04324221805214]],[[135.78364167139725,35.04362017989457],[135.78349285084556,35.04314772759154]],[[135.77112721591527,35.0352105289006],[135.77118133247953,35.03417113383393]],[[135.77118133247953,35.03417113383393],[135.77080251652978,35.03417113383393]],[[135.77095133708147,35.03832871410061],[135.77112721591527,35.0352105289006]],[[135.79684611307334,35.018800685575286],[135.7973602204337,35.020155048843975]],[[135.79790138607615,35.02037552658539],[135.79849666828287,35.0189896664965],[135.79684611307334,35.018800685575286]],[[135.78465635697685,35.01640692723993],[135.78219405330364,35.01722584456518],[135.78123348428826,35.01640692723993]],[[135.78123348428826,35.01640692723993],[135.78116583858298,35.01694237318336]],[[135.78116583858298,35.01694237318336],[135.7813687756989,35.01732033502579]],[[135.7813687756989,35.01732033502579],[135.7817205333665,35.01854871101367]],[[135.7827758063693,35.018517214193466],[135.78433165759137,35.01842272373286]],[[135.78433165759137,35.01842272373286],[135.78479164838748,35.01842272373286]],[[135.78479164838748,35.01842272373286],[135.78465635697685,35.01640692723993]],[[135.79381558547556,35.066581361821925],[135.79381558547556,35.06651836818152]],[[135.8344435960835,35.065856934957274],[135.83590474331814,35.062423781555246],[135.83572886448434,35.05927409953503],[135.8347547663279,35.0559039397734],[135.83353714363236,35.054801551066326],[135.83371302246616,35.05325820687642],[135.83047955775245,35.0528487482138],[135.82708374334598,35.053793652819856],[135.82395851176076,35.051431391304696],[135.82198325716578,35.05092744218147],[135.8210903338557,35.04938409799156],[135.8186956758878,35.04906912978954],[135.81593573111124,35.04736830149862],[135.81469105013358,35.04478556224205]],[[135.81469105013358,35.04478556224205],[135.8126752081154,35.0426752752885],[135.81000996732627,35.04302174031073]],[[135.81000996732627,35.04302174031073],[135.80624886611113,35.03987205829051]],[[135.80624886611113,35.03987205829051],[135.80394891213066,35.03993505193092]],[[135.80394891213066,35.03993505193092],[135.80363774188626,35.039840561470314]],[[135.80363774188626,35.039840561470314],[135.80367832930943,35.04081696289658]],[[135.80300187225637,35.04802973472287],[135.8042600823751,35.0484391933855],[135.80403008697704,35.0513998944845],[135.8048147771586,35.05168336586632]],[[135.8048147771586,35.05168336586632],[135.80635709923965,35.05184084996733],[135.8111328860344,35.0544550860441],[135.81391988909306,35.054959035167336],[135.81626043049673,35.05373065917946],[135.81716688294784,35.05499053198754],[135.81948036606937,35.05527400336936],[135.8211309212789,35.059809545478466],[135.82248383538504,35.06166785787039],[135.82763843812953,35.06387263528454],[135.83091249026643,35.064660055789595],[135.83219775866726,35.06573094767647],[135.8344435960835,35.065856934957274]],[[135.78190994134135,35.020407023405596],[135.78205876189304,35.022044858056105]],[[135.78205876189304,35.022044858056105],[135.7851704643372,35.02239132307833],[135.78479164838748,35.023084253122775]],[[135.78479164838748,35.023084253122775],[135.7870374858037,35.02286377538136]],[[135.78538693059417,35.02125743755105],[135.78422342446288,35.02119444391065]],[[135.78422342446288,35.02119444391065],[135.78284345207462,35.02091097252883]],[[135.77641711007035,35.033635687890495],[135.7746042051681,35.03429712111474]],[[135.7746042051681,35.03429712111474],[135.7756594781709,35.0366593826299]],[[135.7756594781709,35.0366593826299],[135.77771590761228,35.035588490743024]],[[135.76631084169733,35.03832871410061],[135.76544497666941,35.03974607100971]],[[135.76881373279375,35.04122642155921],[135.76884079107586,35.04122642155921]],[[135.76884079107586,35.04122642155921],[135.76980136009124,35.03927361870667]],[[135.7746042051681,35.03429712111474],[135.7742524475005,35.0337301783511]],[[135.7742524475005,35.0337301783511],[135.77118133247953,35.03417113383393]],[[135.77112721591527,35.0352105289006],[135.77212837235382,35.03798224907839],[135.77146544444182,35.038360210920814]],[[135.7713977987365,35.03974607100971],[135.7736571652938,35.03974607100971]],[[135.7748883171304,35.0396515805491],[135.77683651344327,35.03927361870667]],[[135.77647122663458,35.038643682302634],[135.7756594781709,35.0366593826299]],[[135.78941861463053,35.057730755345126],[135.78951331861796,35.055840946132996],[135.78705101494475,35.05530550018956]],[[135.78705101494475,35.05530550018956],[135.78713218979112,35.05741578714311],[135.78903979868082,35.059809545478466]],[[135.78903979868082,35.059809545478466],[135.78941861463053,35.057730755345126]],[[135.78560339685117,35.04053349151476],[135.78507576034977,35.039399605987484]],[[135.78507576034977,35.039399605987484],[135.7822075824447,35.039084637785464]],[[135.78266757324081,35.04069097561577],[135.78560339685117,35.04053349151476]],[[135.79418087228422,35.03899014732485],[135.79319324498672,35.038486198201625]],[[135.79319324498672,35.038486198201625],[135.79285501646018,35.03858068866223]],[[135.79285501646018,35.03858068866223],[135.79418087228422,35.03899014732485]],[[135.78193699962347,35.035147535260194],[135.7818964122003,35.035116038439995]],[[135.78389872507742,35.03694285401172],[135.78356049655088,35.036155433506664]],[[135.79810432319206,35.05521100972896],[135.79744139528006,35.054801551066326]],[[135.79744139528006,35.054801551066326],[135.79661611767528,35.05514801608855]],[[135.7968596422144,35.05618741115522],[135.79825314374375,35.055966933413806]],[[135.79539849497976,35.0425492880077],[135.7956284903778,35.04160438340163],[135.79354500265433,35.04103744063799]],[[135.79581789835265,35.01665890180154],[135.79752257012643,35.01662740498134],[135.79744139528006,35.01785578096922]],[[135.79744139528006,35.01785578096922],[135.80089132625076,35.017950271429825],[135.8013377879058,35.01583998447629],[135.80278540599937,35.01561950673487],[135.80392185384855,35.01372969752274]],[[135.80392185384855,35.01372969752274],[135.80325892593655,35.0116509073894]],[[135.80325892593655,35.0116509073894],[135.80071544741696,35.01042253140152],[135.79772550724235,35.01187138513082],[135.79648082626468,35.01376119434295]],[[135.79648082626468,35.01376119434295],[135.79614259773814,35.014107659365166]],[[135.79614259773814,35.014107659365166],[135.79817196889738,35.0159974685773],[135.79581789835265,35.01665890180154]],[[135.79146151493083,35.02963559172482],[135.79148857321294,35.030580496330884]],[[135.79148857321294,35.030580496330884],[135.7915156314951,35.03152540093695]],[[135.7915156314951,35.03152540093695],[135.79311207014035,35.03121043273493]],[[135.79311207014035,35.03121043273493],[135.79338265296158,35.02960409490462]],[[135.79338265296158,35.02960409490462],[135.79146151493083,35.02963559172482]],[[135.79331500725627,35.05810871718755],[135.79407263915573,35.05741578714311]],[[135.79407263915573,35.05741578714311],[135.79353147351327,35.0573842903229]],[[135.79179974345737,35.019997564742965],[135.79135328180234,35.018674698294475]],[[135.79135328180234,35.018674698294475],[135.7910421115579,35.01933613151872]],[[135.7910421115579,35.01933613151872],[135.7920432679965,35.022044858056105]],[[135.7920432679965,35.022044858056105],[135.79243561308726,35.02242281989853]],[[135.79243561308726,35.02242281989853],[135.79240855480515,35.02179288349449]],[[135.83867821723578,35.09779471064224],[135.83758235680978,35.09599939189072],[135.83727118656537,35.09319617489273],[135.83555298565054,35.09152684342202]],[[135.82293029704007,35.09064493245636],[135.81854685533614,35.09407808585839],[135.81544868203304,35.09590490143012],[135.8153539780456,35.09662932829476]],[[135.8153539780456,35.09662932829476],[135.81632807620204,35.09672381875537],[135.81985918201912,35.09955853257356],[135.82194266974258,35.10192079408872],[135.82382322035014,35.10264522095337]],[[135.77261542143205,35.01495807351063],[135.77377892756334,35.0145171180278]],[[135.77377892756334,35.0145171180278],[135.7736436361527,35.01391867844396]],[[135.83520122798294,35.20236415371333],[135.8369058997567,35.199686923996154],[135.8374335362581,35.19656873879614],[135.841803448821,35.188505552824395],[135.84076170495925,35.18683622135368],[135.8410999334858,35.184568450299125],[135.8404234764327,35.18255265380619],[135.84080229238245,35.180284882751636]],[[135.84080229238245,35.180284882751636],[135.83867821723578,35.17893051948295],[135.83570180620222,35.17889902266274],[135.83221128780832,35.1752453915193],[135.83104778167703,35.17133978581423],[135.8294107556086,35.17061535894958],[135.8275031467189,35.1679066324122],[135.8256090669703,35.16626879776169],[135.82555495040603,35.16475695039198],[135.82121209612527,35.16415851080814],[135.82041387680263,35.16179624929298],[135.81853332619508,35.16116631288894],[135.81439340903023,35.16126080334955],[135.80948233082486,35.159717459159644],[135.8063706283807,35.16012691782227],[135.80141896275217,35.15830010225054],[135.80174366213762,35.1561583184768],[135.79702199190714,35.152504687333355],[135.79706257933034,35.15159127954749]],[[135.82435085685154,35.11470850309079],[135.8233767586951,35.116944777325145],[135.8244726191211,35.11877159289686],[135.82169914520347,35.11795267557161],[135.81935860379983,35.11921254837969],[135.81466399185146,35.11952751658172],[135.81413635535006,35.12088187985041],[135.81140346885562,35.122551211321124]],[[135.81061877867404,35.13703974861411],[135.81170110995896,35.13773267865855],[135.81486692896738,35.144000545878775],[135.81822215595065,35.144693475923226],[135.81971036146743,35.14393755223837],[135.821374445818,35.14100834795957],[135.8251761344563,35.140031946533306]],[[135.79626436000768,35.05968355819766],[135.7958720149169,35.0603134946017]],[[135.7958720149169,35.0603134946017],[135.79606142289177,35.06047097870271]],[[135.79805020662783,35.06059696598352],[135.79807726490995,35.05924260271483]],[[135.7990107756432,35.04831320610469],[135.79892960079684,35.04777776016125]],[[135.7968596422144,35.04692734601579],[135.7955202572493,35.04711632693701]],[[135.7955202572493,35.04711632693701],[135.79489791676048,35.04711632693701]],[[135.8117958139464,35.027651292052084],[135.810172317019,35.022611800819746],[135.81088936149527,35.02138342483186]],[[135.81088936149527,35.02138342483186],[135.80950938910698,35.02094246934903],[135.8070470854338,35.021761386674285]],[[135.8070470854338,35.021761386674285],[135.8050988891209,35.02607645104198]],[[135.8050988891209,35.02607645104198],[135.80477418973544,35.028816674399565]],[[135.80477418973544,35.028816674399565],[135.81092994891844,35.0292891267026],[135.8117958139464,35.027651292052084]],[[135.7729130625354,35.017194347744976],[135.77160073585242,35.0175723095874]],[[135.77160073585242,35.0175723095874],[135.7715736775703,35.018674698294475]],[[135.77766179104802,35.01741482548639],[135.77762120362482,35.01700536682377]],[[135.77762120362482,35.01700536682377],[135.77327834934405,35.016753392262146],[135.7729130625354,35.017194347744976]],[[135.78190994134135,35.05017151849661],[135.78241051956064,35.04916362025015]],[[135.78241051956064,35.04916362025015],[135.7816799459433,35.04828170928449]],[[135.7816799459433,35.04828170928449],[135.78047585238883,35.04821871564408]],[[135.78047585238883,35.04821871564408],[135.7802052695676,35.04834470292489]],[[135.7802052695676,35.04834470292489],[135.7801646821444,35.05064397079965]],[[135.7801646821444,35.05064397079965],[135.78035409011926,35.05064397079965]],[[135.78035409011926,35.05064397079965],[135.78151759625058,35.05067546761985]],[[135.78151759625058,35.05067546761985],[135.78190994134135,35.05017151849661]],[[135.7847104735411,35.01502106715103],[135.7846698861179,35.01580848765608]],[[135.7846698861179,35.01580848765608],[135.78614456249363,35.01580848765608]],[[135.78614456249363,35.01580848765608],[135.78611750421152,35.01511555761164]],[[135.7645655825004,35.04513202726427],[135.76218445367357,35.04629740961175],[135.76402441685795,35.04711632693701],[135.76141329263305,35.04774626334105],[135.75997920368053,35.05086444854106]],[[135.75997920368053,35.05086444854106],[135.7672714107127,35.05152588176531]],[[135.7672714107127,35.05152588176531],[135.7673119981359,35.0514628881249]],[[135.7673119981359,35.0514628881249],[135.76740670212334,35.04960457573298]],[[135.76740670212334,35.04960457573298],[135.7674608186876,35.04834470292489]],[[135.7674608186876,35.04834470292489],[135.76758258095714,35.04585645412892]],[[135.7645655825004,35.04963607255318],[135.7645655825004,35.04963607255318]],[[135.79349088609007,35.02607645104198],[135.7940455808736,35.02547801145814]],[[135.7940455808736,35.02547801145814],[135.79188091830375,35.025446514637935]],[[135.79188091830375,35.025446514637935],[135.79173209775206,35.02623393514299]],[[135.79173209775206,35.02623393514299],[135.79142092750766,35.027903266613706]],[[135.79142092750766,35.027903266613706],[135.7925303170747,35.02768278887229]],[[135.7925303170747,35.02768278887229],[135.79349088609007,35.02607645104198]],[[135.77841942294748,35.04346269579356],[135.77954234165557,35.04488005270265]],[[135.77954234165557,35.04488005270265],[135.78040820668352,35.04519502090468]],[[135.78040820668352,35.04519502090468],[135.78105760545446,35.04488005270265]],[[135.78046232324778,35.04421861947841],[135.77937999196283,35.04295874667032]],[[135.77937999196283,35.04295874667032],[135.77841942294748,35.04346269579356]],[[135.79240855480515,35.03845470138142],[135.7916915103289,35.03773027451677]],[[135.7916915103289,35.03773027451677],[135.791718568611,35.03886416004405]],[[135.791718568611,35.03886416004405],[135.79175915603417,35.04021852331274]],[[135.79175915603417,35.04021852331274],[135.79177268517526,35.04059648515516]],[[135.79338265296158,35.04053349151476],[135.79240855480515,35.03845470138142]],[[135.77916352570585,35.04739979831883],[135.78063820208158,35.04736830149862]],[[135.78063820208158,35.04736830149862],[135.78176112078967,35.04730530785822]],[[135.78176112078967,35.04730530785822],[135.78188288305924,35.04730530785822]],[[135.78188288305924,35.04730530785822],[135.78116583858298,35.045698970027914]],[[135.78116583858298,35.045698970027914],[135.77820295669048,35.04617142233094]],[[135.77820295669048,35.04617142233094],[135.77902823429523,35.04736830149862]],[[135.77902823429523,35.04736830149862],[135.77916352570585,35.04739979831883]],[[135.77525360393906,35.01448562120759],[135.77509125424632,35.014391130746986]],[[135.7743200932058,35.0145171180278],[135.77377892756334,35.01467460212881]],[[135.77377892756334,35.01467460212881],[135.7738195149865,35.015273041712646]],[[135.79124504867386,35.034391611575344],[135.79124504867386,35.035116038439995]],[[135.79124504867386,35.035116038439995],[135.79125857781492,35.03533651618141]],[[135.79125857781492,35.03533651618141],[135.7933014781152,35.035714478023834]],[[135.7933014781152,35.035714478023834],[135.7955202572493,35.03650189852889],[135.79661611767528,35.035588490743024]],[[135.79661611767528,35.035588490743024],[135.79349088609007,35.03413963701372]],[[135.79349088609007,35.03413963701372],[135.79124504867386,35.034391611575344]],[[135.80983408849247,35.092125283005856],[135.8108487740721,35.09203079254525],[135.813026965783,35.09530646184628],[135.8153539780456,35.09662932829476]],[[135.80903586916983,35.111653311531185],[135.81074054094358,35.11086589102613],[135.81364930627183,35.111401336969564],[135.81543515289195,35.11026745144229],[135.816544542459,35.110960381486734],[135.82134738753587,35.11102337512714],[135.82202384458895,35.10951152775744],[135.8234173461183,35.109794999139254]],[[135.78744336003555,35.038045242718795],[135.78856627874364,35.037919255437984]],[[135.78856627874364,35.037919255437984],[135.7897839014392,35.03782476497738]],[[135.7897839014392,35.03782476497738],[135.78959449346434,35.036879860371315]],[[135.78959449346434,35.036879860371315],[135.78836334162773,35.036753873090504]],[[135.78012409472123,35.03464358613696],[135.77990762846423,35.033541197429884]],[[135.798307260308,35.05854967267038],[135.8003095731851,35.05968355819766]],[[135.8003095731851,35.05968355819766],[135.8011213216488,35.05958906773705]],[[135.7945055716697,35.05703782530068],[135.79407263915573,35.05741578714311]],[[135.7937885271934,35.06059696598352],[135.7958720149169,35.0603134946017]],[[135.80624886611113,35.03987205829051],[135.8092523354268,35.03823422364]],[[135.8092523354268,35.03823422364],[135.80914410229832,35.03473807659757]],[[135.80914410229832,35.03473807659757],[135.80800765444914,35.032501802363214]],[[135.80800765444914,35.032501802363214],[135.8048553645818,35.03121043273493],[135.7999578155175,35.03199785323998]],[[135.7999578155175,35.03199785323998],[135.79899724650213,35.03347820378948],[135.7977796238066,35.03281677056523]],[[135.7977796238066,35.03281677056523],[135.79649435540574,35.032753776924835],[135.79772550724235,35.035147535260194]],[[135.79772550724235,35.035147535260194],[135.8010130885203,35.035714478023834],[135.80294775569212,35.03706884129252],[135.80394891213066,35.03993505193092]],[[135.78709160236795,35.03905314096526],[135.7861580916347,35.04050199469456]],[[135.7861580916347,35.04050199469456],[135.78878274500065,35.04034451059355]],[[135.78878274500065,35.04034451059355],[135.78867451187216,35.03902164414506]],[[135.78867451187216,35.03902164414506],[135.78709160236795,35.03905314096526]],[[135.78821452107604,35.04825021246428],[135.7874298308945,35.04837619974509]],[[135.7874298308945,35.04837619974509],[135.78755159316404,35.0485336838461]],[[135.78755159316404,35.0485336838461],[135.78818746279393,35.04916362025015]],[[135.78818746279393,35.04916362025015],[135.78903979868082,35.04913212342994]],[[135.78903979868082,35.04913212342994],[135.78940508548948,35.04815572200368]],[[135.78940508548948,35.04815572200368],[135.78918861923248,35.04777776016125]],[[135.78918861923248,35.04777776016125],[135.78821452107604,35.04825021246428]],[[135.78987860542662,35.03328922286827],[135.78986507628557,35.03303724830665]],[[135.78986507628557,35.03303724830665],[135.78889097812913,35.033100241947054]],[[135.78889097812913,35.033100241947054],[135.78875568671853,35.03436011475514]],[[135.78875568671853,35.03436011475514],[135.78868804101322,35.03492705751878]],[[135.78868804101322,35.03492705751878],[135.78991919284982,35.035147535260194]],[[135.78991919284982,35.035147535260194],[135.78987860542662,35.03328922286827]],[[135.8006613308527,35.06151037376938],[135.80163542900914,35.06106941828655]],[[135.80156778330385,35.060124513680485],[135.80139190447005,35.06003002321988]],[[135.80139190447005,35.06003002321988],[135.8011213216488,35.05958906773705]],[[135.8003095731851,35.05968355819766],[135.7999307572354,35.06062846280372]],[[135.79998487379964,35.061541870589586],[135.8006613308527,35.06151037376938]],[[135.79645376798257,35.06210881335322],[135.79600730632754,35.062329291094635]],[[135.79610201031497,35.063337189341105],[135.79645376798257,35.063305692520906]],[[135.77252071744462,35.04743129513903],[135.7744959720396,35.04727381103802]],[[135.7744959720396,35.04727381103802],[135.77463126345023,35.04588795094912]],[[135.78163935852012,35.01854871101367],[135.77994821588743,35.018517214193466]],[[135.77994821588743,35.018517214193466],[135.7801376238623,35.02037552658539]],[[135.7801376238623,35.02037552658539],[135.78190994134135,35.020407023405596]],[[135.81000996732627,35.04302174031073],[135.80931998113212,35.03826572046021]],[[135.80931998113212,35.03826572046021],[135.8092523354268,35.03823422364]],[[135.80174366213762,35.02314724676318],[135.80286658084574,35.02223383897732],[135.80519359310836,35.02270629128035],[135.80702002715165,35.0218558771349]],[[135.80702002715165,35.0218558771349],[135.80477418973544,35.01933613151872],[135.8017571912787,35.01965109972075]],[[135.8017571912787,35.01965109972075],[135.80009310692813,35.0205015138662],[135.80037721889042,35.022611800819746]],[[135.80037721889042,35.022611800819746],[135.80174366213762,35.02314724676318]],[[135.76378089231883,35.04236030708648],[135.76253621134117,35.04418712265821]],[[135.76253621134117,35.04418712265821],[135.7643897036666,35.04500603998346]],[[135.79614259773814,35.014107659365166],[135.79357206093644,35.01549351945406]],[[135.79357206093644,35.01549351945406],[135.79357206093644,35.015588009914666]],[[135.79357206093644,35.015588009914666],[135.79581789835265,35.01665890180154]],[[135.79043330021014,35.05940008681584],[135.7903791836459,35.05911661543402]],[[135.79018977567105,35.05911661543402],[135.7896486100286,35.062140310173426]],[[135.7896486100286,35.062140310173426],[135.7915832772004,35.061888335611805]],[[135.77973174963043,35.01634393359952],[135.778974117731,35.016312436779316]],[[135.778974117731,35.016312436779316],[135.77793237386925,35.01637543041972]],[[135.7775670870606,35.01643842406013],[135.77762120362482,35.01700536682377]],[[135.77843295208854,35.018517214193466],[135.7798129244768,35.018517214193466]],[[135.7798129244768,35.018517214193466],[135.77973174963043,35.01634393359952]],[[135.78373637538468,35.036155433506664],[135.78483223581065,35.03609243986626]],[[135.78483223581065,35.03609243986626],[135.78487282323385,35.03609243986626]],[[135.78487282323385,35.03609243986626],[135.7847104735411,35.03458059249655]],[[135.7847104735411,35.03458059249655],[135.78460224041262,35.03458059249655]],[[135.78764629715147,35.02179288349449],[135.7910421115579,35.01933613151872]],[[135.79135328180234,35.018674698294475],[135.7911909321096,35.018233742811645]],[[135.7911909321096,35.018233742811645],[135.78856627874364,35.01766680004801]],[[135.78856627874364,35.01766680004801],[135.7861851499168,35.01782428414902]],[[135.7861851499168,35.01782428414902],[135.78557633856906,35.01832823327226]],[[135.78557633856906,35.01832823327226],[135.78625279562212,35.021005462989436]],[[135.77670122203264,35.05051798351884],[135.7762547603776,35.05051798351884]],[[135.7762547603776,35.05051798351884],[135.77492890455358,35.05155737858551]],[[135.77492890455358,35.05155737858551],[135.77542948277286,35.05237629591076]],[[135.77542948277286,35.05237629591076],[135.77666063460947,35.05247078637137]],[[135.77666063460947,35.05247078637137],[135.77670122203264,35.05051798351884]],[[135.77613299810807,35.01246982471466],[135.7759435901332,35.01187138513082]],[[135.7759435901332,35.01187138513082],[135.77575418215832,35.01187138513082]],[[135.77575418215832,35.01187138513082],[135.77549712847815,35.01363520706214]],[[135.77549712847815,35.01363520706214],[135.7760112358385,35.01363520706214]],[[135.7764035809293,35.01363520706214],[135.77613299810807,35.01246982471466]],[[135.78439930329668,35.03801374589859],[135.7848863523749,35.03902164414506]],[[135.7848863523749,35.03902164414506],[135.78503517292657,35.03902164414506]],[[135.78503517292657,35.03902164414506],[135.78511634777294,35.03798224907839]],[[135.78511634777294,35.03798224907839],[135.78483223581065,35.03609243986626]],[[135.8017571912787,35.01965109972075],[135.80300187225637,35.0174463223066],[135.80587005016142,35.01738332866619],[135.8068712066,35.01533603535305]],[[135.8068712066,35.01533603535305],[135.8055994673402,35.01552501627427],[135.80392185384855,35.01372969752274]],[[135.79744139528006,35.01785578096922],[135.79553378639037,35.01769829686821]],[[135.79553378639037,35.01769829686821],[135.79623730172557,35.01848571737327]],[[135.79623730172557,35.01848571737327],[135.79684611307334,35.018800685575286]],[[135.7973872787158,35.021288934371256],[135.80037721889042,35.022611800819746]],[[135.79384264375767,35.04399814173699],[135.79396440602721,35.04465957496124]],[[135.79396440602721,35.04465957496124],[135.7939779351683,35.04475406542185]],[[135.79607495203282,35.04510053044407],[135.79589907319902,35.04418712265821]],[[135.79589907319902,35.04418712265821],[135.79384264375767,35.04399814173699]],[[135.8070470854338,35.021761386674285],[135.80702002715165,35.0218558771349]],[[135.80174366213762,35.02314724676318],[135.800945442815,35.024092151369246]],[[135.800945442815,35.024092151369246],[135.8030695179617,35.02402915772884],[135.80385420814324,35.025855973300565],[135.8050988891209,35.02607645104198]],[[135.7984154934365,35.05426610512289],[135.79744139528006,35.054801551066326]],[[135.79868607625772,35.055116519268346],[135.79860490141135,35.05502202880774]],[[135.7944379259644,35.06340018298151],[135.79667023423954,35.063746648003736]],[[135.77913646742374,35.0426752752885],[135.77937999196283,35.04295874667032]],[[135.7827487480872,35.04273826892891],[135.78216699502153,35.04191935160365]],[[135.7716142649935,35.02724183338946],[135.77166838155773,35.0293206235228]],[[135.77166838155773,35.0293206235228],[135.7722501346234,35.030454509050074]],[[135.77476655486083,35.03004505038745],[135.77403598124351,35.028249731635924],[135.772385426034,35.02724183338946]],[[135.81088936149527,35.02138342483186],[135.8140145930805,35.02075348842782]],[[135.8140145930805,35.02075348842782],[135.81501574951906,35.019997564742965]],[[135.81088936149527,35.01653291452073],[135.8068712066,35.01533603535305]],[[135.77824354411368,35.06119540556736],[135.7813687756989,35.060533972343116]],[[135.78230228643213,35.059652061377456],[135.78094937232598,35.05694333484007]],[[135.78094937232598,35.05694333484007],[135.77782414074076,35.057604768064316]],[[135.77782414074076,35.057604768064316],[135.7793935211039,35.05889613769261],[135.77813531098516,35.06078594690473]],[[135.77813531098516,35.06078594690473],[135.77824354411368,35.06119540556736]],[[135.77551065761924,35.029950559926846],[135.77789178644608,35.02916313942179]],[[135.77288600425328,35.0102020536601],[135.77177661468622,35.0102020536601]],[[135.77177661468622,35.0102020536601],[135.77170896898093,35.01363520706214]],[[135.77292659167645,35.013383232500516],[135.77287247511222,35.01218635333284]],[[135.77287247511222,35.01218635333284],[135.77288600425328,35.0102020536601]],[[135.7764035809293,35.026454412884405],[135.77647122663458,35.02415514500965]],[[135.77647122663458,35.02415514500965],[135.77426597664157,35.023052756302576]],[[135.7943973385412,35.06122690238756],[135.7937885271934,35.06059696598352]],[[135.80240659004966,35.06251827201585],[135.801824836984,35.06248677519565]],[[135.801824836984,35.06248677519565],[135.80178424956082,35.06254976883605]],[[135.80178424956082,35.06254976883605],[135.80148660845748,35.06368365436333]],[[135.79546614068505,35.05026600895722],[135.79577731092948,35.0514943849451]],[[135.79577731092948,35.0514943849451],[135.79589907319902,35.0514943849451]],[[135.79589907319902,35.0514943849451],[135.797211399882,35.05127390720369]],[[135.797211399882,35.05127390720369],[135.79711669589457,35.0500140343956]],[[135.79711669589457,35.0500140343956],[135.79546614068505,35.05026600895722]],[[135.78507576034977,35.039399605987484],[135.7848863523749,35.03902164414506]],[[135.79648082626468,35.01376119434295],[135.7952090870049,35.01231234061365]],[[135.7952090870049,35.01231234061365],[135.79369382320598,35.012784792916676]],[[135.79369382320598,35.012784792916676],[135.79370735234707,35.01467460212881]],[[135.79370735234707,35.01467460212881],[135.79357206093644,35.01549351945406]],[[135.78614456249363,35.01580848765608],[135.7861851499168,35.01782428414902]],[[135.78856627874364,35.01766680004801],[135.7886203953079,35.01521004807224]],[[135.79097446585263,35.01546202263386],[135.79357206093644,35.01549351945406]],[[135.79370735234707,35.01467460212881],[135.79062270818503,35.014548614847996],[135.79097446585263,35.01546202263386]],[[135.774360680629,35.0102020536601],[135.77391421897397,35.0102020536601]],[[135.77391421897397,35.0102020536601],[135.7736165778706,35.0102020536601]],[[135.7736165778706,35.0102020536601],[135.77287247511222,35.01218635333284]],[[135.7735083447421,35.013666703882336],[135.77440126805217,35.01332023886012]],[[135.77440126805217,35.01332023886012],[135.77440126805217,35.01187138513082]],[[135.77440126805217,35.01187138513082],[135.774360680629,35.0102020536601]],[[135.795452611544,35.04601393822993],[135.7955202572493,35.04711632693701]],[[135.7918673891627,35.04380916081578],[135.7918944474448,35.04475406542185]],[[135.7918944474448,35.04475406542185],[135.79396440602721,35.04465957496124]],[[135.76884079107586,35.04122642155921],[135.77092427879936,35.04166737704204]],[[135.77092427879936,35.04166737704204],[135.77252071744462,35.04157288658143]],[[135.81469105013358,35.04478556224205],[135.81593573111124,35.0440611353774],[135.8153539780456,35.04204533888446],[135.81632807620204,35.04075396925617]],[[135.81632807620204,35.04075396925617],[135.81367636455397,35.03980906465011]],[[135.81367636455397,35.03980906465011],[135.81290520351345,35.03842320456122],[135.81118700259861,35.038958650504654],[135.80931998113212,35.03826572046021]],[[135.801824836984,35.06248677519565],[135.80185189526614,35.061573367409785]],[[135.8006613308527,35.06151037376938],[135.80072897655802,35.062171806993625]],[[135.80072897655802,35.062171806993625],[135.80178424956082,35.06254976883605]],[[135.79342324038475,35.065982922238085],[135.79357206093644,35.066108909518896]],[[135.78158524195587,35.028533203017744],[135.7820722910341,35.03108444545412]],[[135.78483223581065,35.03303724830665],[135.78596868365983,35.03297425466625]],[[135.78596868365983,35.03297425466625],[135.7861580916347,35.03297425466625]],[[135.7861580916347,35.03297425466625],[135.78531928488889,35.028533203017744]],[[135.78531928488889,35.028533203017744],[135.78158524195587,35.028533203017744]],[[135.77859530178128,35.02591896694097],[135.77856824349914,35.02522603689652]],[[135.77856824349914,35.025005559155105],[135.77647122663458,35.02415514500965]],[[135.79243561308726,35.02242281989853],[135.7951684995817,35.02258030399954]],[[135.7951684995817,35.02258030399954],[135.79427557627164,35.02166689621368]],[[135.7889315655523,35.01297377383789],[135.7912991652381,35.01265880563587]],[[135.7912991652381,35.01265880563587],[135.7904874167744,35.01111546144597],[135.78836334162773,35.01130444236718]],[[135.78836334162773,35.01130444236718],[135.78475106096428,35.01064300914293]],[[135.78475106096428,35.01064300914293],[135.78475106096428,35.01086348688435]],[[135.78475106096428,35.01086348688435],[135.7858469213903,35.01183988831061]],[[135.77901470515417,35.01032804094091],[135.77795943215136,35.00985558863788]],[[135.77795943215136,35.00985558863788],[135.77793237386925,35.01032804094091]],[[135.77793237386925,35.01032804094091],[135.77901470515417,35.01032804094091]],[[135.7734406990368,35.0323758150824],[135.7742524475005,35.0337301783511]],[[135.7948167419141,35.048785658407716],[135.79493850418365,35.04834470292489]],[[135.79297677872972,35.04790374744206],[135.79300383701187,35.04825021246428]],[[135.79300383701187,35.04825021246428],[135.7948167419141,35.048785658407716]],[[135.80363774188626,35.039840561470314],[135.80043133545468,35.03990355511072],[135.79811785233312,35.03845470138142]],[[135.79811785233312,35.03845470138142],[135.7952090870049,35.03876966958344]],[[135.7952090870049,35.03876966958344],[135.79338265296158,35.04053349151476]],[[135.7956284903778,35.04346269579356],[135.79644023884148,35.044092632197604]],[[135.79644023884148,35.044092632197604],[135.79653494282894,35.0441241290178]],[[135.78230228643213,35.059652061377456],[135.7825999275355,35.056439385716835],[135.7836552005383,35.05618741115522]],[[135.7836552005383,35.05618741115522],[135.782708160664,35.05508502244815]],[[135.782708160664,35.05508502244815],[135.77955587079663,35.05473855742592]],[[135.77955587079663,35.05473855742592],[135.78094937232598,35.05694333484007]],[[135.80325892593655,35.0116509073894],[135.80348892133458,35.010296544120706],[135.80089132625076,35.00777679850454],[135.79798256092252,35.00635944159544],[135.79575025264737,35.00771380486413],[135.7939373477451,35.00645393205605],[135.79261149192106,35.00676890025807]],[[135.79261149192106,35.00676890025807],[135.79255737535684,35.00900517449242]],[[135.79255737535684,35.00900517449242],[135.79313912842247,35.00966660771667]],[[135.79313912842247,35.00966660771667],[135.7949926207479,35.00891068403182],[135.795669077801,35.00991858227828],[135.79759021583172,35.00960361407626]],[[135.79759021583172,35.00960361407626],[135.79673787994486,35.00998157591869]],[[135.79673787994486,35.00998157591869],[135.79694081706077,35.01120995190657],[135.79526320356914,35.01228084379344]],[[135.79526320356914,35.01228084379344],[135.7952090870049,35.01231234061365]],[[135.79110975726323,35.056439385716835],[135.79094740757048,35.05747878078351]],[[135.79231385081772,35.056565372997646],[135.79110975726323,35.056439385716835]],[[135.77391421897397,35.0102020536601],[135.77323776192088,35.00957211725606]],[[135.77323776192088,35.00957211725606],[135.77177661468622,35.0102020536601]],[[135.77288600425328,35.0102020536601],[135.7736165778706,35.0102020536601]],[[135.79148857321294,35.030580496330884],[135.7902033048121,35.031430910476345]],[[135.7902033048121,35.031430910476345],[135.7903385962227,35.03193485959957]],[[135.7903385962227,35.03193485959957],[135.7915156314951,35.031871865959175]],[[135.7915156314951,35.031871865959175],[135.7915156314951,35.03152540093695]],[[135.79202973885543,35.063652157543125],[135.79121799039171,35.063778144823935]],[[135.82525730930269,35.01870619511468],[135.82620434917698,35.01886367921569]],[[135.82620434917698,35.01886367921569],[135.82702962678175,35.02062750114701],[135.833239502529,35.021918870775295],[135.8344435960835,35.021761386674285],[135.8351471114187,35.01870619511468],[135.83467359148153,35.0174463223066],[135.83583709761282,35.01445412438739],[135.8353906359578,35.01221785015304],[135.8320083506924,35.011587913749],[135.82514907617417,35.01209186287223],[135.82403968660714,35.01325724521971],[135.82118503784315,35.01379269116315],[135.82068445962386,35.01590297811669]],[[135.81962918662106,35.019115653777305],[135.82076563447023,35.019556609260135],[135.82525730930269,35.01870619511468]],[[135.788417458192,35.06292773067848],[135.78839039990984,35.062329291094635]],[[135.78839039990984,35.062329291094635],[135.78807922966544,35.06059696598352]],[[135.77766179104802,35.013666703882336],[135.77701239227707,35.01183988831061]],[[135.77701239227707,35.01183988831061],[135.77613299810807,35.01246982471466]],[[135.77709356712344,35.013666703882336],[135.77766179104802,35.013666703882336]],[[135.7779188447282,35.02916313942179],[135.7792852879754,35.03136791683594]],[[135.78158524195587,35.028533203017744],[135.77924470055223,35.028816674399565]],[[135.77496949197675,35.0499825375754],[135.7734406990368,35.0499825375754]],[[135.7734406990368,35.0499825375754],[135.7734406990368,35.05020301531682]],[[135.7734406990368,35.05020301531682],[135.7731295287924,35.05155737858551]],[[135.7731295287924,35.05155737858551],[135.7730889413692,35.05262827047238]],[[135.7730889413692,35.05262827047238],[135.77306188308708,35.05357317507844]],[[135.77306188308708,35.05357317507844],[135.77525360393906,35.05262827047238]],[[135.77525360393906,35.05262827047238],[135.77542948277286,35.05237629591076]],[[135.77492890455358,35.05155737858551],[135.77496949197675,35.0499825375754]],[[135.77166838155773,35.0293206235228],[135.77013958861778,35.032029350060185]],[[135.7894321437716,35.05955757091685],[135.78801158396013,35.060376488242106]],[[135.78839039990984,35.062329291094635],[135.7896486100286,35.062140310173426]],[[135.77377892756334,35.01467460212881],[135.77377892756334,35.0145171180278]],[[135.77261542143205,35.01530453853285],[135.77285894597117,35.01530453853285]],[[135.79575025264737,35.021131450270246],[135.79427557627164,35.02166689621368]],[[135.7951684995817,35.02258030399954],[135.796332005713,35.023682692706615]],[[135.796332005713,35.023682692706615],[135.79680552565017,35.02358820224601]],[[135.77901470515417,35.01039103458132],[135.77901470515417,35.01032804094091]],[[135.77793237386925,35.01032804094091],[135.77785119902288,35.01095797734495]],[[135.77785119902288,35.01095797734495],[135.77913646742374,35.01139893282778]],[[135.77913646742374,35.01139893282778],[135.77901470515417,35.01039103458132]],[[135.7952090870049,35.03876966958344],[135.79418087228422,35.03899014732485]],[[135.79285501646018,35.03858068866223],[135.79240855480515,35.03845470138142]],[[135.79184033088055,35.04273826892891],[135.79014918824785,35.04283275938952]],[[135.79014918824785,35.04283275938952],[135.79024389223528,35.04384065763598]],[[135.79024389223528,35.04384065763598],[135.79040624192803,35.0455099891067]],[[135.79040624192803,35.0455099891067],[135.79117740296854,35.0454784922865]],[[135.79117740296854,35.0454784922865],[135.79192150572692,35.04544699546629]],[[135.79192150572692,35.04544699546629],[135.7918944474448,35.04475406542185]],[[135.78269463152293,35.04651788735317],[135.78617162077575,35.04928960753095]],[[135.78617162077575,35.04928960753095],[135.78755159316404,35.0485336838461]],[[135.7874298308945,35.04837619974509],[135.78626632476318,35.04721081739761]],[[135.78626632476318,35.04721081739761],[135.78485929409277,35.0456044795673]],[[135.8046118400427,35.061132411926955],[135.80407067440024,35.061100915106756]],[[135.7896486100286,35.062140310173426],[135.79014918824785,35.063904132104746]],[[135.7868616069699,35.03596645258545],[135.78665866985398,35.035997949405655]],[[135.78665866985398,35.035997949405655],[135.7859822128009,35.03606094304606]],[[135.7859822128009,35.03606094304606],[135.78595515451877,35.03798224907839]],[[135.78595515451877,35.03798224907839],[135.78695631095732,35.03810823635919]],[[135.8013377879058,35.04746279195923],[135.80032310232616,35.048785658407716]],[[135.80191954097143,35.04969906619358],[135.8027448185762,35.05089594536126]],[[135.8027448185762,35.05089594536126],[135.80296128483317,35.0514943849451]],[[135.80296128483317,35.0514943849451],[135.8042871406572,35.05158887540571]],[[135.8042871406572,35.05158887540571],[135.8048147771586,35.05168336586632]],[[135.7808005517743,35.05196683724814],[135.78023232784972,35.05196683724814]],[[135.78023232784972,35.05196683724814],[135.77905529257737,35.05237629591076]],[[135.77905529257737,35.05237629591076],[135.77905529257737,35.052754257753186]],[[135.77905529257737,35.052754257753186],[135.78067878950475,35.0529747354946]],[[135.78067878950475,35.0529747354946],[135.7808005517743,35.05196683724814]],[[135.78422342446288,35.02119444391065],[135.78433165759137,35.01842272373286]],[[135.7802052695676,35.04834470292489],[135.77929881711646,35.04821871564408]],[[135.77929881711646,35.04821871564408],[135.7792852879754,35.04837619974509]],[[135.7792852879754,35.04837619974509],[135.7791770548469,35.05036049941783]],[[135.7791770548469,35.05036049941783],[135.77916352570585,35.05061247397944]],[[135.77916352570585,35.05061247397944],[135.7801646821444,35.05064397079965]],[[135.79097446585263,35.01546202263386],[135.7905550624797,35.01552501627427]],[[135.7905550624797,35.01552501627427],[135.79166445204675,35.01684788272276]],[[135.79166445204675,35.01684788272276],[135.79346382780795,35.01681638590255]],[[135.79346382780795,35.01681638590255],[135.79357206093644,35.015588009914666]],[[135.7751724290927,35.01187138513082],[135.7754835993371,35.01187138513082]],[[135.7754835993371,35.01187138513082],[135.7755512450424,35.010139060019696]],[[135.7755512450424,35.010139060019696],[135.77496949197675,35.01007606637929]],[[135.77496949197675,35.01007606637929],[135.77494243369463,35.01187138513082]],[[135.77494243369463,35.01187138513082],[135.7751724290927,35.01187138513082]],[[135.79644023884148,35.044092632197604],[135.79589907319902,35.04418712265821]],[[135.8195750700568,35.02374568634702],[135.81674747957493,35.02771428569249]],[[135.81674747957493,35.02771428569249],[135.8195750700568,35.02374568634702]],[[135.78531928488889,35.028533203017744],[135.78586045053135,35.02856469983795]],[[135.78586045053135,35.02856469983795],[135.7836146131151,35.025100049615716]],[[135.81646336761264,35.02802925389451],[135.81701806239616,35.028249731635924],[135.81964271576211,35.0249110686945],[135.8216179703571,35.024690590953085]],[[135.8216179703571,35.024690590953085],[135.8195750700568,35.02374568634702]],[[135.81674747957493,35.02771428569249],[135.81646336761264,35.02802925389451]],[[135.7851704643372,35.0602819977815],[135.78527869746569,35.05917960907443],[135.7836552005383,35.05618741115522]],[[135.79117740296854,35.0454784922865],[135.79113681554534,35.04667537145418]],[[135.79113681554534,35.04667537145418],[135.7913397526613,35.04774626334105]],[[135.7913397526613,35.04774626334105],[135.79198915143223,35.04780925698145]],[[135.77468538001446,35.01001307273889],[135.77323776192088,35.00957211725606]],[[135.774360680629,35.0102020536601],[135.77468538001446,35.01001307273889]],[[135.79998487379964,35.06220330381383],[135.80072897655802,35.062171806993625]],[[135.7859822128009,35.03606094304606],[135.78487282323385,35.03609243986626]],[[135.78511634777294,35.03798224907839],[135.78595515451877,35.03798224907839]],[[135.79386970203979,35.020123552023776],[135.7939373477451,35.020155048843975]],[[135.7939373477451,35.020155048843975],[135.79501967903002,35.018359730092456]],[[135.79501967903002,35.018359730092456],[135.79483027105516,35.01826523963185]],[[135.79483027105516,35.01826523963185],[135.79159680634146,35.01813925235104]],[[135.79159680634146,35.01813925235104],[135.7911909321096,35.018233742811645]],[[135.77162779413456,35.01533603535305],[135.77160073585242,35.0175723095874]],[[135.7729130625354,35.017194347744976],[135.77335952419043,35.0160919590379]],[[135.77782414074076,35.057604768064316],[135.77450950118066,35.057006328480476]],[[135.77450950118066,35.057006328480476],[135.7748477297072,35.05741578714311]],[[135.7748477297072,35.05741578714311],[135.77528066222118,35.05851817585018]],[[135.77528066222118,35.05851817585018],[135.7770665088413,35.059211105894626],[135.77813531098516,35.06078594690473]],[[135.79983605324796,35.06340018298151],[135.80047192287785,35.063494673442115]],[[135.7801376238623,35.02037552658539],[135.77850059779382,35.020470017046]],[[135.77854118521702,35.021887373955096],[135.77855471435808,35.023084253122775]],[[135.78195052876453,35.022044858056105],[135.78205876189304,35.022044858056105]],[[135.79554731553142,35.02034402976519],[135.7939373477451,35.020155048843975]],[[135.77634946436504,35.04834470292489],[135.77683651344327,35.04809272836327]],[[135.77683651344327,35.04809272836327],[135.77687710086644,35.04743129513903]],[[135.77687710086644,35.04743129513903],[135.7770665088413,35.04642339689256]],[[135.77575418215832,35.0469903396562],[135.77452303032172,35.04762027606024]],[[135.77452303032172,35.04762027606024],[135.77438773891112,35.04831320610469]],[[135.77438773891112,35.04831320610469],[135.775023608541,35.04834470292489]],[[135.775023608541,35.04834470292489],[135.77634946436504,35.04834470292489]],[[135.7867127864182,35.03442310839554],[135.78581986310815,35.034517598856155]],[[135.78581986310815,35.034517598856155],[135.7859822128009,35.03606094304606]],[[135.78665866985398,35.035997949405655],[135.7867127864182,35.03442310839554]],[[135.79040624192803,35.0455099891067],[135.78805217138333,35.0455729827471]],[[135.78805217138333,35.0455729827471],[135.78830922506347,35.04607693187034]],[[135.78830922506347,35.04607693187034],[135.7886203953079,35.04676986191478]],[[135.7886203953079,35.04676986191478],[135.79113681554534,35.04667537145418]],[[135.7999307572354,35.02415514500965],[135.800945442815,35.024092151369246]],[[135.77549712847815,35.01363520706214],[135.77511831252843,35.01363520706214]],[[135.78586045053135,35.04399814173699],[135.78377696280785,35.0440611353774]],[[135.7852381100425,35.04532100818548],[135.78592809623666,35.04513202726427]],[[135.78592809623666,35.04513202726427],[135.78586045053135,35.04399814173699]],[[135.7886203953079,35.04676986191478],[135.78918861923248,35.04777776016125]],[[135.78940508548948,35.04815572200368],[135.7913668109434,35.04809272836327]],[[135.7913668109434,35.04809272836327],[135.7913397526613,35.04774626334105]],[[135.8117958139464,35.027651292052084],[135.81279697038497,35.02610794786218],[135.8146098752872,35.0263599224238],[135.81483987068526,35.025131546435915],[135.81324343204,35.02431262911066],[135.8140145930805,35.02075348842782]],[[135.78116583858298,35.01694237318336],[135.7813687756989,35.01732033502579]],[[135.79021683395317,35.05458107332491],[135.78648279102018,35.05325820687642]],[[135.78648279102018,35.05325820687642],[135.78489988151597,35.054077124201676]],[[135.78489988151597,35.054077124201676],[135.782924626921,35.05473855742592]],[[135.782924626921,35.05473855742592],[135.782708160664,35.05508502244815]],[[135.7836552005383,35.05618741115522],[135.78560339685117,35.05543148747037]],[[135.78560339685117,35.05543148747037],[135.78705101494475,35.05530550018956]],[[135.78941861463053,35.057730755345126],[135.78944567291265,35.05779374898553]],[[135.79012212996574,35.05754177442391],[135.79044682935123,35.05483304788653]],[[135.79044682935123,35.05483304788653],[135.79021683395317,35.05458107332491]],[[135.77916352570585,35.05061247397944],[135.77905529257737,35.05237629591076]],[[135.78023232784972,35.05196683724814],[135.78035409011926,35.05064397079965]],[[135.77785119902288,35.01095797734495],[135.77701239227707,35.01114695826617]],[[135.77701239227707,35.01114695826617],[135.77701239227707,35.01183988831061]],[[135.77766179104802,35.013666703882336],[135.77883882632037,35.013666703882336]],[[135.77937999196283,35.01253281835506],[135.77913646742374,35.01139893282778]],[[135.8216179703571,35.024690590953085],[135.82278147648842,35.02462759731268],[135.8244049734158,35.022485813538935],[135.82643434457503,35.022202342157115]],[[135.82643434457503,35.022202342157115],[135.8259608246379,35.01980858382176]],[[135.8259608246379,35.01980858382176],[135.82525730930269,35.01870619511468]],[[135.80477418973544,35.028816674399565],[135.80209541980523,35.02947810762381]],[[135.80209541980523,35.02947810762381],[135.8015136667396,35.03111594227432]],[[135.8015136667396,35.03111594227432],[135.80465242746587,35.03095845817331],[135.80800765444914,35.032501802363214]],[[135.80914410229832,35.03473807659757],[135.8137710685414,35.033982152912714],[135.8163010179199,35.03165138821776],[135.81646336761264,35.02802925389451]],[[135.79142092750766,35.027903266613706],[135.78696984009838,35.028816674399565]],[[135.78696984009838,35.028816674399565],[135.78801158396013,35.029226133062195]],[[135.78801158396013,35.029226133062195],[135.78937802720736,35.02947810762381]],[[135.78937802720736,35.02947810762381],[135.79146151493083,35.02963559172482]],[[135.79146151493083,35.02963559172482],[135.79142092750766,35.027903266613706]],[[135.78153112539164,35.05124241038349],[135.78151759625058,35.05067546761985]],[[135.7808005517743,35.05196683724814],[135.78149053796844,35.05190384360773]],[[135.78149053796844,35.05190384360773],[135.78153112539164,35.05124241038349]],[[135.77994821588743,35.018517214193466],[135.7798129244768,35.018517214193466]],[[135.77894705944885,35.01492657669042],[135.778974117731,35.016312436779316]],[[135.77973174963043,35.01634393359952],[135.78123348428826,35.01640692723993]],[[135.78465635697685,35.01640692723993],[135.7846698861179,35.01580848765608]],[[135.77795943215136,35.00985558863788],[135.77617358553124,35.00979259499748]],[[135.77617358553124,35.00979259499748],[135.77613299810807,35.01076899642374]],[[135.77613299810807,35.01076899642374],[135.77701239227707,35.01114695826617]],[[135.78836334162773,35.01130444236718],[135.78991919284982,35.00906816813283],[135.79124504867386,35.00906816813283]],[[135.79124504867386,35.00906816813283],[135.7908662327241,35.00815476034696]],[[135.7908662327241,35.00815476034696],[135.78935096892522,35.00935163951465],[135.78475106096428,35.01064300914293]],[[135.78475106096428,35.01086348688435],[135.77901470515417,35.01039103458132]],[[135.7867127864182,35.03442310839554],[135.78682101954672,35.032942757846044]],[[135.78682101954672,35.032942757846044],[135.7861580916347,35.03297425466625]],[[135.78596868365983,35.03297425466625],[135.78581986310815,35.034517598856155]],[[135.7762547603776,35.05051798351884],[135.77496949197675,35.0499825375754]],[[135.79483027105516,35.01826523963185],[135.7947490962088,35.01772979368841]],[[135.7947490962088,35.01772979368841],[135.79346382780795,35.01681638590255]],[[135.79166445204675,35.01684788272276],[135.79159680634146,35.01813925235104]],[[135.79313912842247,35.00966660771667],[135.79339618210264,35.01051702186212],[135.79759021583172,35.00960361407626]],[[135.78821452107604,35.04825021246428],[135.78701042752158,35.046958842836]],[[135.78701042752158,35.046958842836],[135.78626632476318,35.04721081739761]],[[135.78751100574084,35.059967029579475],[135.78542751801737,35.05634489525623],[135.78560339685117,35.05543148747037]],[[135.78734865604812,35.060124513680485],[135.78751100574084,35.059967029579475]],[[135.80378656243795,35.058329194928966],[135.803800091579,35.058045723547146]],[[135.803800091579,35.058045723547146],[135.80124308391837,35.057321296682495]],[[135.80124308391837,35.057321296682495],[135.80223071121586,35.058927634512806],[135.80139190447005,35.06003002321988]],[[135.7725613048678,35.0573527935027],[135.7748477297072,35.05741578714311]],[[135.77450950118066,35.057006328480476],[135.77491537541252,35.05637639207644]],[[135.77491537541252,35.05637639207644],[135.77050487542644,35.05625040479563],[135.7688272619348,35.05741578714311]],[[135.7688272619348,35.05741578714311],[135.7725613048678,35.0573527935027]],[[135.84080229238245,35.180284882751636],[135.84339988746626,35.17899351312335],[135.84230402704029,35.17392252507081],[135.84392752396766,35.17196972221827],[135.84429281077632,35.16872554973745],[135.84572689972885,35.16711921190714],[135.8455780791772,35.16510341541421],[135.84717451782245,35.162079720674804],[135.85023210370235,35.16044188602429],[135.85633374632113,35.15962296869903],[135.85699667423316,35.15719771354347],[135.85664491656556,35.15395354106265],[135.8539526174943,35.151937744569715],[135.85284322792725,35.1487880625495],[135.85241029541328,35.14554389006868],[135.8507732693448,35.145008444125246],[135.8487033107624,35.142236723947455]],[[135.789080386104,35.04289575302992],[135.7889045072702,35.041446899300624]],[[135.7889045072702,35.041446899300624],[135.78614456249363,35.04163588022183]],[[135.78614456249363,35.04163588022183],[135.78683454868778,35.04302174031073]],[[135.78683454868778,35.04302174031073],[135.789080386104,35.04289575302992]],[[135.7947490962088,35.01772979368841],[135.79553378639037,35.01769829686821]],[[135.7674608186876,35.04834470292489],[135.76953077727,35.04865967112691]],[[135.76953077727,35.04865967112691],[135.77064016683704,35.04872266476732]],[[135.77064016683704,35.04872266476732],[135.77348128646,35.04865967112691]],[[135.77348128646,35.04865967112691],[135.77438773891112,35.04831320610469]],[[135.77452303032172,35.04762027606024],[135.7744959720396,35.04727381103802]],[[135.7708972205172,35.04314772759154],[135.7701666468999,35.04346269579356]],[[135.7701666468999,35.04346269579356],[135.77013958861778,35.04434460675922]],[[135.77271012541948,35.04443909721982],[135.77281835854797,35.04317922441174]],[[135.77281835854797,35.04317922441174],[135.7708972205172,35.04314772759154]],[[135.78801158396013,35.029226133062195],[135.7889045072702,35.03297425466625]],[[135.7889045072702,35.03297425466625],[135.78889097812913,35.033100241947054]],[[135.78986507628557,35.03303724830665],[135.7903385962227,35.03193485959957]],[[135.7902033048121,35.031430910476345],[135.78937802720736,35.02947810762381]],[[135.7816799459433,35.04828170928449],[135.78176112078967,35.04730530785822]],[[135.78063820208158,35.04736830149862],[135.78047585238883,35.04821871564408]],[[135.81632807620204,35.04075396925617],[135.81640925104838,35.04075396925617]],[[135.81640925104838,35.04075396925617],[135.81367636455397,35.03980906465011]],[[135.79240855480515,35.02258030399954],[135.79211091370178,35.024123648189445]],[[135.79211091370178,35.024123648189445],[135.79188091830375,35.025446514637935]],[[135.7940455808736,35.02547801145814],[135.79373441062918,35.02459610049248]],[[135.79373441062918,35.02459610049248],[135.79240855480515,35.02258030399954]],[[135.78067878950475,35.0529747354946],[135.782924626921,35.05473855742592]],[[135.78489988151597,35.054077124201676],[135.78491341065703,35.05360467189865]],[[135.78491341065703,35.05360467189865],[135.78272168980504,35.05382514964006],[135.782491694407,35.052155818169346]],[[135.782491694407,35.052155818169346],[135.78149053796844,35.05190384360773]],[[135.7913668109434,35.04809272836327],[135.79185386002163,35.04963607255318]],[[135.79185386002163,35.04963607255318],[135.79202973885543,35.04969906619358]],[[135.79202973885543,35.04969906619358],[135.79250325879258,35.049667569373376]],[[135.79250325879258,35.049667569373376],[135.79300383701187,35.04825021246428]],[[135.77617358553124,35.00979259499748],[135.7755512450424,35.010139060019696]],[[135.7754835993371,35.01187138513082],[135.77575418215832,35.01187138513082]],[[135.7759435901332,35.01187138513082],[135.77613299810807,35.01076899642374]],[[135.8042871406572,35.05158887540571],[135.80451713605527,35.05206132770874]],[[135.80451713605527,35.05206132770874],[135.8046118400427,35.056124417514816]],[[135.8046118400427,35.056124417514816],[135.803800091579,35.058045723547146]],[[135.78281639379247,35.0411004342784],[135.78324932630645,35.04242330072689]],[[135.78324932630645,35.04242330072689],[135.7848863523749,35.04138390566022]],[[135.7848863523749,35.04138390566022],[135.78573868826177,35.040848459716784]],[[135.78573868826177,35.040848459716784],[135.78560339685117,35.04053349151476]],[[135.79546614068505,35.031304923195535],[135.79359911921856,35.031777375498564]],[[135.79359911921856,35.031777375498564],[135.79354500265433,35.032911261025845]],[[135.79354500265433,35.032911261025845],[135.79634553485405,35.03196635641978]],[[135.79634553485405,35.03196635641978],[135.79546614068505,35.031304923195535]],[[135.78903979868082,35.059809545478466],[135.78751100574084,35.059967029579475]],[[135.79744139528006,35.02891116486017],[135.79860490141135,35.02843871255714]],[[135.79860490141135,35.02843871255714],[135.7986184305524,35.028375718916735]],[[135.7986184305524,35.028375718916735],[135.79497909160685,35.02796626025411]],[[135.79497909160685,35.02796626025411],[135.79400499345041,35.0293206235228]],[[135.79400499345041,35.0293206235228],[135.79744139528006,35.02891116486017]],[[135.79173209775206,35.02623393514299],[135.7898244888624,35.026139444682386]],[[135.7898244888624,35.026139444682386],[135.78991919284982,35.02711584610865],[135.78614456249363,35.028785177579365]],[[135.78614456249363,35.028785177579365],[135.78696984009838,35.028816674399565]],[[135.79451910081076,35.06428209394717],[135.7943973385412,35.063620660722925]],[[135.77955587079663,35.05473855742592],[135.77737767908573,35.05621890797542]],[[135.77737767908573,35.05621890797542],[135.77782414074076,35.057604768064316]],[[135.80209541980523,35.02947810762381],[135.79903783392533,35.028249731635924]],[[135.79903783392533,35.028249731635924],[135.7986184305524,35.028375718916735]],[[135.79860490141135,35.02843871255714],[135.79926782932336,35.029667088545025]],[[135.79926782932336,35.029667088545025],[135.7994978247214,35.030139540848054]],[[135.7994978247214,35.030139540848054],[135.8015136667396,35.03111594227432]],[[135.77637652264715,35.02182438031469],[135.77641711007035,35.022800781740955],[135.77426597664157,35.023052756302576]],[[135.77496949197675,35.0499825375754],[135.775023608541,35.04834470292489]],[[135.77348128646,35.04865967112691],[135.77345422817785,35.04957307891277]],[[135.77345422817785,35.04957307891277],[135.7734406990368,35.0499825375754]],[[135.78407460391122,35.023934667268236],[135.78479164838748,35.023084253122775]],[[135.79240855480515,35.02258030399954],[135.79243561308726,35.02242281989853]],[[135.7920432679965,35.022044858056105],[135.79163739376463,35.023210240403586],[135.7897839014392,35.023052756302576]],[[135.7897839014392,35.023052756302576],[135.7896756683107,35.02462759731268]],[[135.7896756683107,35.02462759731268],[135.79211091370178,35.024123648189445]],[[135.76781257635517,35.04308473395113],[135.7701666468999,35.04346269579356]],[[135.7708972205172,35.04314772759154],[135.77092427879936,35.04166737704204]],[[135.77737767908573,35.05621890797542],[135.776998863136,35.055557474751176]],[[135.776998863136,35.055557474751176],[135.77491537541252,35.05637639207644]],[[135.79338265296158,35.02960409490462],[135.793260890692,35.02903715214098]],[[135.793260890692,35.02903715214098],[135.7925303170747,35.02768278887229]],[[135.7791770548469,35.05036049941783],[135.7779459030103,35.05039199623803]],[[135.7779459030103,35.05039199623803],[135.7777700241765,35.05039199623803]],[[135.7777700241765,35.05039199623803],[135.77785119902288,35.05237629591076]],[[135.77785119902288,35.05237629591076],[135.77905529257737,35.05237629591076]],[[135.79997134465856,35.024816578233896],[135.80018781091556,35.02462759731268]],[[135.78557633856906,35.01832823327226],[135.78479164838748,35.01842272373286]],[[135.78713218979112,35.05102193264207],[135.7872133646375,35.05199833406834]],[[135.7872133646375,35.05199833406834],[135.78847157475622,35.05221881180975],[135.79021683395317,35.05458107332491]],[[135.79044682935123,35.05483304788653],[135.79054153333865,35.05483304788653]],[[135.79054153333865,35.05483304788653],[135.78864745359002,35.051872346787526],[135.78713218979112,35.05102193264207]],[[135.77496949197675,35.01007606637929],[135.77468538001446,35.01001307273889]],[[135.77440126805217,35.01187138513082],[135.77494243369463,35.01187138513082]],[[135.7948167419141,35.048785658407716],[135.7953849658387,35.0499510407552]],[[135.7953849658387,35.0499510407552],[135.79546614068505,35.05026600895722]],[[135.79711669589457,35.0500140343956],[135.7977390363834,35.04960457573298]],[[135.7977390363834,35.04960457573298],[135.79654847197,35.04884865204812]],[[135.77064016683704,35.04872266476732],[135.77061310855493,35.04951008527237]],[[135.77061310855493,35.04951008527237],[135.77345422817785,35.04957307891277]],[[135.77441479719323,35.013666703882336],[135.77440126805217,35.01332023886012]],[[135.79409969743784,35.054360595583496],[135.7929497204476,35.05458107332491]],[[135.7929497204476,35.05458107332491],[135.79335559467947,35.05546298429057]],[[135.79335559467947,35.05546298429057],[135.7934367695258,35.0559039397734]],[[135.7934367695258,35.0559039397734],[135.7941132265789,35.0558724429532]],[[135.79125857781492,35.03533651618141],[135.79128563609703,35.0367853699107]],[[135.79128563609703,35.0367853699107],[135.79106916984006,35.03773027451677]],[[135.79106916984006,35.03773027451677],[135.7916915103289,35.03773027451677]],[[135.79319324498672,35.038486198201625],[135.7933014781152,35.035714478023834]],[[135.79937606245187,35.0529747354946],[135.79920018361807,35.05196683724814]],[[135.79920018361807,35.05196683724814],[135.79776609466552,35.05237629591076]],[[135.79776609466552,35.05237629591076],[135.79842902257755,35.053793652819856]],[[135.796332005713,35.023682692706615],[135.79646729712363,35.024564603672275]],[[135.79646729712363,35.024564603672275],[135.79558790295462,35.02607645104198]],[[135.79558790295462,35.02607645104198],[135.7955202572493,35.026611896985415]],[[135.7955202572493,35.026611896985415],[135.79852372656498,35.026044954221774]],[[135.79852372656498,35.026044954221774],[135.79849666828287,35.024816578233896]],[[135.79926782932336,35.05565196521179],[135.8010130885203,35.05533699700976],[135.8046118400427,35.056124417514816]],[[135.80451713605527,35.05206132770874],[135.80156778330385,35.0529747354946]],[[135.78713218979112,35.05102193264207],[135.78479164838748,35.04906912978954]],[[135.78479164838748,35.04906912978954],[135.7847104735411,35.04925811071075]],[[135.7847104735411,35.04925811071075],[135.78508928949083,35.05020301531682]],[[135.78508928949083,35.05020301531682],[135.78508928949083,35.05117941674308]],[[135.78508928949083,35.05117941674308],[135.78511634777294,35.05209282452894]],[[135.78511634777294,35.05209282452894],[135.7861851499168,35.05218731498955]],[[135.7861851499168,35.05218731498955],[135.7872133646375,35.05199833406834]],[[135.79920018361807,35.05196683724814],[135.79903783392533,35.05102193264207]],[[135.79903783392533,35.05102193264207],[135.79737374957475,35.05124241038349]],[[135.79737374957475,35.05124241038349],[135.79776609466552,35.05237629591076]],[[135.7705184045675,35.052596773652176],[135.7672443524306,35.05253378001177]],[[135.7672443524306,35.05253378001177],[135.76719023586634,35.05373065917946]],[[135.76719023586634,35.05373065917946],[135.77049134628538,35.053793652819856]],[[135.77049134628538,35.053793652819856],[135.7705184045675,35.052596773652176]],[[135.76719023586634,35.05373065917946],[135.76714964844317,35.05470706060572],[135.76989606407867,35.05514801608855]],[[135.76989606407867,35.05514801608855],[135.77046428800324,35.054959035167336]],[[135.77046428800324,35.054959035167336],[135.77049134628538,35.053793652819856]],[[135.78573868826177,35.040848459716784],[135.7861580916347,35.04050199469456]],[[135.78709160236795,35.03905314096526],[135.78503517292657,35.03902164414506]],[[135.7749559628357,35.01363520706214],[135.7751724290927,35.01187138513082]],[[135.80124308391837,35.057321296682495],[135.79979546582476,35.05697483166028]],[[135.79623730172557,35.01848571737327],[135.79501967903002,35.018359730092456]],[[135.79772550724235,35.035147535260194],[135.79811785233312,35.03845470138142]],[[135.7889045072702,35.03297425466625],[135.78799805481907,35.032911261025845]],[[135.78799805481907,35.032911261025845],[135.78775453027995,35.034391611575344]],[[135.78775453027995,35.034391611575344],[135.78875568671853,35.03436011475514]],[[135.78683454868778,35.04302174031073],[135.7872810103428,35.04396664491679]],[[135.7872810103428,35.04396664491679],[135.79024389223528,35.04384065763598]],[[135.79014918824785,35.04283275938952],[135.789080386104,35.04289575302992]],[[135.78498105636234,35.05209282452894],[135.782491694407,35.052155818169346]],[[135.78491341065703,35.05360467189865],[135.78498105636234,35.05209282452894]],[[135.7955202572493,35.026611896985415],[135.79537143669762,35.026926865187434]],[[135.79537143669762,35.026926865187434],[135.79497909160685,35.02796626025411]],[[135.79903783392533,35.028249731635924],[135.79852372656498,35.026044954221774]],[[135.79903783392533,35.05102193264207],[135.79899724650213,35.05036049941783]],[[135.79899724650213,35.05036049941783],[135.7977390363834,35.04960457573298]],[[135.797211399882,35.05127390720369],[135.79737374957475,35.05124241038349]],[[135.77528066222118,35.05851817585018],[135.77479361314295,35.060407985062305]],[[135.77828413153685,35.061258399207766],[135.77824354411368,35.06119540556736]],[[135.7940455808736,35.05206132770874],[135.79483027105516,35.05243928955117]],[[135.79483027105516,35.05243928955117],[135.79664317595743,35.05272276093299]],[[135.79664317595743,35.05272276093299],[135.79662964681637,35.05265976729258]],[[135.79662964681637,35.05265976729258],[135.79589907319902,35.0514943849451]],[[135.79577731092948,35.0514943849451],[135.79546614068505,35.05155737858551]],[[135.79546614068505,35.05155737858551],[135.7940455808736,35.05206132770874]],[[135.79373441062918,35.02459610049248],[135.79646729712363,35.024564603672275]],[[135.77153309014713,35.020470017046],[135.771506031865,35.022328329437926]],[[135.79354500265433,35.032911261025845],[135.79349088609007,35.03413963701372]],[[135.79661611767528,35.035588490743024],[135.79772550724235,35.035147535260194]],[[135.7977796238066,35.03281677056523],[135.79634553485405,35.03196635641978]],[[135.78805217138333,35.0455729827471],[135.78778158856207,35.04506903362387]],[[135.78778158856207,35.04506903362387],[135.78592809623666,35.04513202726427]],[[135.7852381100425,35.04532100818548],[135.78627985390423,35.04617142233094]],[[135.78627985390423,35.04617142233094],[135.78830922506347,35.04607693187034]],[[135.7734406990368,35.05020301531682],[135.77059957941387,35.05014002167641]],[[135.77059957941387,35.05014002167641],[135.76944960242363,35.05064397079965]],[[135.76944960242363,35.05064397079965],[135.76940901500046,35.0514943849451]],[[135.76940901500046,35.0514943849451],[135.7705589919907,35.0514943849451]],[[135.7705589919907,35.0514943849451],[135.7731295287924,35.05155737858551]],[[135.79414028486102,35.05404562738148],[135.79372088148813,35.05351018143804]],[[135.79372088148813,35.05351018143804],[135.7936126483596,35.053478684617836]],[[135.7936126483596,35.053478684617836],[135.79267913762638,35.05360467189865]],[[135.79267913762638,35.05360467189865],[135.79280089989592,35.054518079684506]],[[135.79280089989592,35.054518079684506],[135.7929497204476,35.05458107332491]],[[135.79110975726323,35.056439385716835],[135.79110975726323,35.05536849382997]],[[135.79110975726323,35.05536849382997],[135.7907309413135,35.0544235892239]],[[135.7907309413135,35.0544235892239],[135.79054153333865,35.05483304788653]],[[135.76253621134117,35.04418712265821],[135.75828806104784,35.05032900259762],[135.75997920368053,35.05086444854106]],[[135.7847104735411,35.03458059249655],[135.78581986310815,35.034517598856155]],[[135.79046035849228,35.05108492628248],[135.7902033048121,35.05105342946227]],[[135.7902033048121,35.05105342946227],[135.79060917904394,35.05152588176531]],[[135.79060917904394,35.05152588176531],[135.79246267136938,35.05171486268652]],[[135.79246267136938,35.05171486268652],[135.79244914222832,35.05165186904611]],[[135.79244914222832,35.05165186904611],[135.79046035849228,35.05108492628248]],[[135.76953077727,35.04865967112691],[135.7694631315647,35.05039199623803]],[[135.7694631315647,35.05039199623803],[135.76944960242363,35.05064397079965]],[[135.77059957941387,35.05014002167641],[135.77061310855493,35.04951008527237]],[[135.77902823429523,35.04736830149862],[135.77687710086644,35.04743129513903]],[[135.77683651344327,35.04809272836327],[135.77801354871562,35.04888014886833]],[[135.77801354871562,35.04888014886833],[135.7792852879754,35.04837619974509]],[[135.77929881711646,35.04821871564408],[135.77916352570585,35.04739979831883]],[[135.77444185547537,35.05473855742592],[135.77440126805217,35.05448658286431]],[[135.77440126805217,35.05448658286431],[135.7745365594628,35.05344718779764]],[[135.7745365594628,35.05344718779764],[135.77306188308708,35.05357317507844]],[[135.77306188308708,35.05357317507844],[135.77304835394602,35.05385664646026]],[[135.77304835394602,35.05385664646026],[135.77284541683008,35.05454957650471]],[[135.77284541683008,35.05454957650471],[135.77444185547537,35.05473855742592]],[[135.7781623692673,35.04135240884001],[135.77731003338042,35.042171326165274]],[[135.77731003338042,35.042171326165274],[135.7773506208036,35.04330521169255]],[[135.7773506208036,35.04330521169255],[135.7777700241765,35.04384065763598]],[[135.7777700241765,35.04384065763598],[135.77841942294748,35.04346269579356]],[[135.7777700241765,35.04384065763598],[135.77850059779382,35.0455414859269]],[[135.77850059779382,35.0455414859269],[135.77954234165557,35.04488005270265]],[[135.76740670212334,35.04960457573298],[135.76842138770294,35.05036049941783]],[[135.76842138770294,35.05036049941783],[135.7694631315647,35.05039199623803]],[[135.78617162077575,35.04928960753095],[135.78924273579673,35.05155737858551]],[[135.78924273579673,35.05155737858551],[135.79060917904394,35.05152588176531]],[[135.7902033048121,35.05105342946227],[135.78818746279393,35.04916362025015]],[[135.7994978247214,35.030139540848054],[135.79963311613204,35.03184036913897]],[[135.79963311613204,35.03184036913897],[135.7999578155175,35.03199785323998]],[[135.79124504867386,35.035116038439995],[135.78991919284982,35.035147535260194]],[[135.78991919284982,35.035147535260194],[135.78997330941405,35.03684836355111]],[[135.78997330941405,35.03684836355111],[135.79128563609703,35.0367853699107]],[[135.79662964681637,35.05265976729258],[135.79776609466552,35.05237629591076]],[[135.79359911921856,35.031777375498564],[135.79311207014035,35.03121043273493]],[[135.7915156314951,35.031871865959175],[135.79156974805932,35.033068745126855]],[[135.79156974805932,35.033068745126855],[135.79354500265433,35.032911261025845]],[[135.7934367695258,35.0559039397734],[135.7934502986669,35.05606142387441]],[[135.79899724650213,35.05036049941783],[135.7999578155175,35.05067546761985]],[[135.7999578155175,35.05067546761985],[135.80021486919767,35.04973056301378]],[[135.7848863523749,35.04138390566022],[135.7852381100425,35.04308473395113]],[[135.7852381100425,35.04308473395113],[135.78683454868778,35.04302174031073]],[[135.78614456249363,35.04163588022183],[135.78573868826177,35.040848459716784]],[[135.77304835394602,35.05385664646026],[135.77049134628538,35.053793652819856]],[[135.77046428800324,35.054959035167336],[135.77284541683008,35.05454957650471]],[[135.79673787994486,35.00998157591869],[135.79526320356914,35.01228084379344]],[[135.795452611544,35.05388814328047],[135.79681905479123,35.05325820687642]],[[135.79681905479123,35.05325820687642],[135.79664317595743,35.05272276093299]],[[135.79483027105516,35.05243928955117],[135.7936126483596,35.053478684617836]],[[135.79372088148813,35.05351018143804],[135.795452611544,35.05388814328047]],[[135.79248972965152,35.05177785632692],[135.79269266676744,35.053478684617836]],[[135.79269266676744,35.053478684617836],[135.79267913762638,35.05360467189865]],[[135.7940455808736,35.05206132770874],[135.79248972965152,35.05177785632692]],[[135.78511634777294,35.05209282452894],[135.78498105636234,35.05209282452894]],[[135.78648279102018,35.05325820687642],[135.7861851499168,35.05218731498955]],[[135.7777700241765,35.05039199623803],[135.77680945516113,35.05042349305823]],[[135.77680945516113,35.05042349305823],[135.77670122203264,35.05051798351884]],[[135.77666063460947,35.05247078637137],[135.77783766988182,35.05240779273097]],[[135.77783766988182,35.05240779273097],[135.77785119902288,35.05237629591076]],[[135.7876327680104,35.034391611575344],[135.7867127864182,35.03442310839554]],[[135.78765982629253,35.03593495576525],[135.7876327680104,35.034391611575344]],[[135.80124308391837,35.05127390720369],[135.7999578155175,35.05067546761985]],[[135.79920018361807,35.05196683724814],[135.80124308391837,35.05127390720369]],[[135.79744139528006,35.02891116486017],[135.7956284903778,35.029415113983404],[135.79546614068505,35.031304923195535]],[[135.79963311613204,35.03184036913897],[135.79867254711667,35.03243880872281],[135.79713022503563,35.030863967712705],[135.79926782932336,35.029667088545025]],[[135.7847104735411,35.04925811071075],[135.78241051956064,35.04916362025015]],[[135.78190994134135,35.05017151849661],[135.78508928949083,35.05020301531682]],[[135.7896756683107,35.02462759731268],[135.7898244888624,35.026139444682386]],[[135.78856627874364,35.037919255437984],[135.78867451187216,35.03902164414506]],[[135.78867451187216,35.03902164414506],[135.791718568611,35.03886416004405]],[[135.79106916984006,35.03773027451677],[135.7897839014392,35.03782476497738]],[[135.8027448185762,35.05089594536126],[135.7999578155175,35.05067546761985]],[[135.80124308391837,35.05127390720369],[135.80296128483317,35.0514943849451]],[[135.79113681554534,35.03316323558746],[135.78987860542662,35.03328922286827]],[[135.79124504867386,35.034391611575344],[135.79113681554534,35.03316323558746]],[[135.7912991652381,35.01265880563587],[135.79369382320598,35.012784792916676]],[[135.79255737535684,35.00900517449242],[135.79124504867386,35.00906816813283]],[[135.77525360393906,35.05262827047238],[135.77620064381335,35.053478684617836]],[[135.77620064381335,35.053478684617836],[135.77729650423936,35.053793652819856]],[[135.77729650423936,35.053793652819856],[135.7777429658944,35.05332120051683]],[[135.7777429658944,35.05332120051683],[135.77783766988182,35.05240779273097]],[[135.7773506208036,35.04330521169255],[135.77549712847815,35.04362017989457]],[[135.77549712847815,35.04362017989457],[135.77487478798932,35.04339970215315]],[[135.77487478798932,35.04339970215315],[135.7747800840019,35.04450209086023]],[[135.77691768828964,35.04447059404003],[135.7777700241765,35.04384065763598]],[[135.78586045053135,35.04399814173699],[135.7872810103428,35.04396664491679]],[[135.7852381100425,35.04308473395113],[135.78349285084556,35.04314772759154]],[[135.7870374858037,35.02286377538136],[135.78810628794756,35.023682692706615],[135.7897839014392,35.023052756302576]],[[135.76842138770294,35.05036049941783],[135.76838080027977,35.0514628881249]],[[135.76838080027977,35.0514628881249],[135.76940901500046,35.0514943849451]],[[135.78479164838748,35.04906912978954],[135.78188288305924,35.04730530785822]],[[135.78799805481907,35.032911261025845],[135.78682101954672,35.032942757846044]],[[135.7876327680104,35.034391611575344],[135.78775453027995,35.034391611575344]],[[135.79400499345041,35.0293206235228],[135.793260890692,35.02903715214098]],[[135.77487478798932,35.04339970215315],[135.77388716069183,35.04317922441174]],[[135.77388716069183,35.04317922441174],[135.77281835854797,35.04317922441174]],[[135.78508928949083,35.05117941674308],[135.78153112539164,35.05124241038349]],[[135.7886203953079,35.04676986191478],[135.78701042752158,35.046958842836]],[[135.77797296129242,35.0410689374582],[135.77476655486083,35.04163588022183]],[[135.77394127725609,35.04163588022183],[135.77403598124351,35.04195084842386]],[[135.77403598124351,35.04195084842386],[135.7757000655941,35.04213982934507]],[[135.7757000655941,35.04213982934507],[135.77731003338042,35.042171326165274]],[[135.77905529257737,35.052754257753186],[135.7777429658944,35.05332120051683]],[[135.77729650423936,35.053793652819856],[135.7770665088413,35.054959035167336]],[[135.7770665088413,35.054959035167336],[135.776998863136,35.055557474751176]],[[135.7673119981359,35.0514628881249],[135.76838080027977,35.0514628881249]],[[135.7934502986669,35.05048648669864],[135.79250325879258,35.049667569373376]],[[135.79202973885543,35.04969906619358],[135.79225973425346,35.05070696444005]],[[135.79225973425346,35.05070696444005],[135.7934502986669,35.05048648669864]],[[135.79681905479123,35.05325820687642],[135.798307260308,35.05382514964006]],[[135.78924273579673,35.05155737858551],[135.7907309413135,35.0544235892239]],[[135.79110975726323,35.05536849382997],[135.79144798578977,35.05536849382997]],[[135.79144798578977,35.05536849382997],[135.79131269437914,35.054518079684506]],[[135.79131269437914,35.054518079684506],[135.79117740296854,35.05373065917946]],[[135.79117740296854,35.05373065917946],[135.79060917904394,35.05152588176531]],[[135.78116583858298,35.045698970027914],[135.78040820668352,35.04519502090468]],[[135.77850059779382,35.0455414859269],[135.77804060699773,35.04582495730872]],[[135.77804060699773,35.04582495730872],[135.77820295669048,35.04617142233094]],[[135.78734865604812,35.038045242718795],[135.78709160236795,35.03905314096526]],[[135.7872810103428,35.04396664491679],[135.78778158856207,35.04506903362387]],[[135.79175915603417,35.04021852331274],[135.78878274500065,35.04034451059355]],[[135.78878274500065,35.04034451059355],[135.7889045072702,35.041446899300624]],[[135.7889045072702,35.041446899300624],[135.79181327259843,35.041730370682444]],[[135.7745365594628,35.05344718779764],[135.7757677112994,35.05344718779764]],[[135.7757677112994,35.05344718779764],[135.77620064381335,35.053478684617836]],[[135.7757000655941,35.04213982934507],[135.77549712847815,35.04362017989457]],[[135.7705589919907,35.0514943849451],[135.7705184045675,35.052596773652176]],[[135.7705184045675,35.052596773652176],[135.7730889413692,35.05262827047238]],[[135.78614456249363,35.028785177579365],[135.78586045053135,35.02856469983795]],[[135.795452611544,35.05388814328047],[135.79661611767528,35.05514801608855]],[[135.78868804101322,35.03492705751878],[135.78836334162773,35.036753873090504]],[[135.78959449346434,35.036879860371315],[135.78997330941405,35.03684836355111]],[[135.7779459030103,35.05039199623803],[135.77801354871562,35.04888014886833]],[[135.77634946436504,35.04834470292489],[135.77680945516113,35.05042349305823]],[[135.79185386002163,35.04963607255318],[135.79062270818503,35.049667569373376]],[[135.79062270818503,35.049667569373376],[135.79046035849228,35.05108492628248]],[[135.79244914222832,35.05165186904611],[135.79225973425346,35.05070696444005]],[[135.79062270818503,35.049667569373376],[135.78903979868082,35.04913212342994]],[[135.7925303170747,35.02768278887229],[135.79537143669762,35.026926865187434]],[[135.79558790295462,35.02607645104198],[135.79349088609007,35.02607645104198]],[[135.79156974805932,35.033068745126855],[135.79113681554534,35.03316323558746]],[[135.7936261775007,35.05045498987843],[135.7934502986669,35.05048648669864]],[[135.79246267136938,35.05171486268652],[135.79248972965152,35.05177785632692]],[[135.79546614068505,35.05155737858551],[135.7936261775007,35.05045498987843]],[[135.79269266676744,35.053478684617836],[135.79117740296854,35.05373065917946]],[[135.79131269437914,35.054518079684506],[135.79280089989592,35.054518079684506]],[[135.81640925104838,35.04075396925617],[135.81906096269645,35.03892715368445],[135.82146914980544,35.03609243986626],[135.82421556544094,35.03621842714707],[135.82567671267557,35.03199785323998],[135.82786843352756,35.030423012229875],[135.82851783229853,35.02796626025411],[135.82754373414207,35.026863871547036],[135.82643434457503,35.022202342157115]],[[135.7757677112994,35.05344718779764],[135.77440126805217,35.05448658286431]],[[135.77444185547537,35.05473855742592],[135.7770665088413,35.054959035167336]],[[135.78324932630645,35.04242330072689],[135.78349285084556,35.04314772759154]],[[135.79261149192106,35.00676890025807],[135.79067682474926,35.00698937799949],[135.7908662327241,35.00815476034696]],[[135.77388716069183,35.04317922441174],[135.77403598124351,35.04195084842386]],[[135.7679749260479,35.04469107178144],[135.77013958861778,35.044376103579424]],[[135.7953849658387,35.0499510407552],[135.7936261775007,35.05045498987843]],[[135.8259608246379,35.01980858382176],[135.82620434917698,35.01886367921569]],[[135.79335559467947,35.05546298429057],[135.79144798578977,35.05536849382997]],[[135.78627985390423,35.04617142233094],[135.78701042752158,35.046958842836]],[[135.7672714107127,35.05152588176531],[135.7672443524306,35.05253378001177]],[[135.77804060699773,35.04582495730872],[135.7770665088413,35.04642339689256]],[[135.76989606407867,35.05514801608855],[135.7688272619348,35.05741578714311]],[[135.7725613048678,35.0573527935027],[135.77147897358287,35.058927634512806],[135.77345422817785,35.059967029579475]]]}