{"type":"Topology","bbox":[135.55910592096407,34.979438797762185,135.775201395534,35.26772424967165],"objects":{"town":{"type":"GeometryCollection","geometries":[{"type":"Polygon","arcs":[[0,1,2,3,4,5,6,7]],"properties":{"name":"太秦太秦一ノ井町"}},{"type":"Polygon","arcs":[[8,-7,9,10,11,12,13,14]],"properties":{"name":"太秦太秦和泉式部町"}},{"type":"Polygon","arcs":[[15,16,17,18,19]],"properties":{"name":"太秦太秦井戸ケ尻町"}},{"type":"Polygon","arcs":[[20,21,-15,22,23,24]],"properties":{"name":"太秦太秦森ケ東町"}},{"type":"Polygon","arcs":[[25,26,27,28,-25]],"properties":{"name":"太秦太秦上刑部町"}},{"type":"Polygon","arcs":[[29,30,31,-16,32,33,34]],"properties":{"name":"太秦太秦門田町"}},{"type":"Polygon","arcs":[[35,36,37,38,-18]],"properties":{"name":"太秦太秦辻ケ本町"}},{"type":"Polygon","arcs":[[39,-1,40,-38]],"properties":{"name":"太秦太秦垣内町"}},{"type":"Polygon","arcs":[[41,-33,-20,42,-21,-29,43]],"properties":{"name":"太秦太秦森ケ前町"}},{"type":"Polygon","arcs":[[44,-44,-28,45]],"properties":{"name":"太秦太秦下刑部町"}},{"type":"Polygon","arcs":[[-34,-42,-45,46,47,48]],"properties":{"name":"太秦太秦下角田町"}},{"type":"Polygon","arcs":[[-39,-41,-8,-9,-22,-43,-19]],"properties":{"name":"太秦太秦森ケ西町"}},{"type":"Polygon","arcs":[[49,50,51,-31]],"properties":{"name":"太秦太秦藤ケ森町"}},{"type":"Polygon","arcs":[[52,53,54,55]],"properties":{"name":"太秦太秦椙ケ本町"}},{"type":"Polygon","arcs":[[-32,-52,56,57,-36,-17]],"properties":{"name":"太秦太秦海正寺町"}},{"type":"Polygon","arcs":[[58,59,60,61,62,63]],"properties":{"name":"太秦太秦小手角町"}},{"type":"Polygon","arcs":[[64,65,66,67,68,69,-54]],"properties":{"name":"太秦太秦奥殿町"}},{"type":"Polygon","arcs":[[70,71,72,-67,73]],"properties":{"name":"太秦太秦石垣町"}},{"type":"Polygon","arcs":[[74,75,-59,76,-50,-30,77]],"properties":{"name":"太秦太秦滝ケ花町"}},{"type":"Polygon","arcs":[[78,-56,79,-57,-51,-77,-64]],"properties":{"name":"太秦太秦朱雀町"}},{"type":"Polygon","arcs":[[80,81,-49,82]],"properties":{"name":"太秦太秦野元町"}},{"type":"Polygon","arcs":[[-68,-73,83,84,85,86]],"properties":{"name":"太秦太秦多藪町"}},{"type":"Polygon","arcs":[[-76,87,88,89,90,-60]],"properties":{"name":"太秦太秦中堤町"}},{"type":"Polygon","arcs":[[91,92,93,94]],"properties":{"name":"太秦太秦青木元町"}},{"type":"Polygon","arcs":[[95,96,-74,-66,97,98]],"properties":{"name":"南太秦太秦土本町"}},{"type":"Polygon","arcs":[[99,100,101]],"properties":{"name":"太秦太秦桂木町"}},{"type":"Polygon","arcs":[[102,103,104,105,106,-71,-97]],"properties":{"name":"南太秦太秦前ノ田町"}},{"type":"Polygon","arcs":[[107,108,109,110,111]],"properties":{"name":"嵯峨野嵯峨野嵯峨ノ段町"}},{"type":"Polygon","arcs":[[112,-102,113,114,115,-40]],"properties":{"name":"太秦太秦蜂岡町"}},{"type":"Polygon","arcs":[[116,-12,117,118]],"properties":{"name":"太秦常盤森町"}},{"type":"Polygon","arcs":[[-116,119,120,-2]],"properties":{"name":"太秦太秦東蜂岡町"}},{"type":"Polygon","arcs":[[121,122,-99,123,124,-90,125]],"properties":{"name":"南太秦太秦樋ノ内町"}},{"type":"Polygon","arcs":[[126,127,128,-126,-89]],"properties":{"name":"南太秦太秦唐渡町"}},{"type":"Polygon","arcs":[[129,130,131,-3,-121]],"properties":{"name":"常磐野太秦東蜂岡町"}},{"type":"Polygon","arcs":[[132,133,134,135,-105,136]],"properties":{"name":"南太秦太秦八反田町"}},{"type":"Polygon","arcs":[[137,138,139,140,-92]],"properties":{"name":"嵯峨野太秦上ノ段町"}},{"type":"Polygon","arcs":[[-124,-98,-65,-53,141,142,143,144]],"properties":{"name":"南太秦太秦棚森町"}},{"type":"Polygon","arcs":[[-81,145,146,147,148,149]],"properties":{"name":"太秦太秦巽町"}},{"type":"Polygon","arcs":[[150,151,152,153,-93,-141,154,155]],"properties":{"name":"常磐野太秦青木ケ原町"}},{"type":"Polygon","arcs":[[156,157,158]],"properties":{"name":"常磐野山越東町"}},{"type":"Polygon","arcs":[[159,160,161,-135]],"properties":{"name":"南太秦太秦袴田町"}},{"type":"Polygon","arcs":[[162,163,164,165,166,167,168]],"properties":{"name":"嵯峨野嵯峨野千代ノ道町"}},{"type":"Polygon","arcs":[[169,170,171,172]],"properties":{"name":"嵯峨野嵯峨野六反田町"}},{"type":"Polygon","arcs":[[173,174,-173,175,-169,176,177,-161]],"properties":{"name":"嵯峨野嵯峨野芝野町"}},{"type":"Polygon","arcs":[[-165,178,179,180,181,182,183]],"properties":{"name":"嵯峨野嵯峨野宮ノ元町"}},{"type":"Polygon","arcs":[[184,185,186,-163,-176,-172]],"properties":{"name":"嵯峨野嵯峨野東田町"}},{"type":"Polygon","arcs":[[187,188,-112,189,190,191]],"properties":{"name":"常磐野太秦一町芝町"}},{"type":"Polygon","arcs":[[-182,192,193,194,195]],"properties":{"name":"嵯峨野嵯峨野有栖川町"}},{"type":"Polygon","arcs":[[196,197,198,199,-188,200,201]],"properties":{"name":"嵯峨野嵯峨野開町"}},{"type":"Polygon","arcs":[[-153,202,203,204,205,206]],"properties":{"name":"常磐野常盤窪町"}},{"type":"Polygon","arcs":[[207,208,209,210,-179,-164,-187]],"properties":{"name":"嵯峨野嵯峨野内田町"}},{"type":"Polygon","arcs":[[211,212,213,214,215,216]],"properties":{"name":"常磐野太秦京ノ道町"}},{"type":"Polygon","arcs":[[217,218,219,220,221,222,223]],"properties":{"name":"常磐野常盤古御所町"}},{"type":"Polygon","arcs":[[224,225,226,227,228,229,-222]],"properties":{"name":"常磐野常盤出口町"}},{"type":"Polygon","arcs":[[-152,230,231,232,233,-203]],"properties":{"name":"常磐野常盤馬塚町"}},{"type":"Polygon","arcs":[[-205,234,235,236]],"properties":{"name":"常磐野常盤北裏町"}},{"type":"Polygon","arcs":[[237,238,239,-236,240,-227]],"properties":{"name":"常磐野常盤村ノ内町"}},{"type":"Polygon","arcs":[[-204,-234,241,242,243,244,-235]],"properties":{"name":"常磐野常盤下田町"}},{"type":"Polygon","arcs":[[-80,-55,-70,245,-113,-37,-58]],"properties":{"name":"太秦太秦組石町"}},{"type":"Polygon","arcs":[[-63,246,-144,247,-142,-79]],"properties":{"name":"太秦太秦荒木町"}},{"type":"Polygon","arcs":[[-84,-72,-107,248,249,250,251]],"properties":{"name":"太秦太秦面影町"}},{"type":"Polygon","arcs":[[-149,252,-127,-88,-75,253]],"properties":{"name":"太秦太秦東唐渡町"}},{"type":"Polygon","arcs":[[-48,254,255,-146,-83]],"properties":{"name":"太秦太秦木ノ下町"}},{"type":"Polygon","arcs":[[256,-145,-247,-62]],"properties":{"name":"南太秦太秦荒木町"}},{"type":"Polygon","arcs":[[-123,257,258,259,260,-103,-96]],"properties":{"name":"南太秦太秦川所町"}},{"type":"Polygon","arcs":[[-87,261,-100,-246,-69]],"properties":{"name":"太秦太秦桂ケ原町"}},{"type":"Polygon","arcs":[[-262,-86,262,263,-138,-95,264,-114,-101]],"properties":{"name":"太秦太秦西蜂岡町"}},{"type":"Polygon","arcs":[[-78,-35,-82,-150,-254]],"properties":{"name":"太秦太秦松本町"}},{"type":"Polygon","arcs":[[-249,-106,-136,-162,-178,265]],"properties":{"name":"南太秦太秦皆正寺町"}},{"type":"Polygon","arcs":[[-260,259,266,-137,-104,-261]],"properties":{"name":"南太秦太秦百合ケ本町"}},{"type":"Polygon","arcs":[[-131,267,-206,-237,-240,268]],"properties":{"name":"常磐野常盤西町"}},{"type":"Polygon","arcs":[[269,270,271,272,273]],"properties":{"name":"常磐野太秦中筋町"}},{"type":"Polygon","arcs":[[274,-271,275,-217,276,-156,277]],"properties":{"name":"常磐野太秦宮ノ前町"}},{"type":"Polygon","arcs":[[-276,-270,278,279,280,-212]],"properties":{"name":"常磐野太秦北路町"}},{"type":"Polygon","arcs":[[281,282,283,284,285,-159,286]],"properties":{"name":"常磐野太秦堀池町"}},{"type":"Polygon","arcs":[[287,-285,288,289,290]],"properties":{"name":"常磐野太秦御領田町"}},{"type":"Polygon","arcs":[[-274,291,-287,-158,292,-279]],"properties":{"name":"常磐野太秦開日町"}},{"type":"Polygon","arcs":[[-132,-269,-239,293]],"properties":{"name":"常磐野常盤仲之町"}},{"type":"Polygon","arcs":[[-277,-216,294,-231,-151]],"properties":{"name":"常磐野常盤段ノ上町"}},{"type":"Polygon","arcs":[[295,296,297,298,299,-228,-241,-245]],"properties":{"name":"常磐野常盤柏ノ木町"}},{"type":"Polygon","arcs":[[300,-5,301,-225,-221,302]],"properties":{"name":"常磐野常盤一ノ井町"}},{"type":"Polygon","arcs":[[-295,-215,303,304,305,-232]],"properties":{"name":"常磐野常盤草木町"}},{"type":"Polygon","arcs":[[-4,-294,-238,-226,-302]],"properties":{"name":"常磐野常盤東ノ町"}},{"type":"Polygon","arcs":[[306,-118,-11,307,-303,-220]],"properties":{"name":"常磐野常盤森町"}},{"type":"Polygon","arcs":[[308,309,310]],"properties":{"name":"花園花園馬代町"}},{"type":"Polygon","arcs":[[-229,-300,311]],"properties":{"name":"常磐野常盤神田町"}},{"type":"Polygon","arcs":[[312,313,314,315,316]],"properties":{"name":"花園花園猪ノ毛町"}},{"type":"Polygon","arcs":[[-309,317,318,319,320,321]],"properties":{"name":"花園花園艮北町"}},{"type":"Polygon","arcs":[[322,323,324,325,326]],"properties":{"name":"花園花園藪ノ下町"}},{"type":"Polygon","arcs":[[327,-319,328,-326]],"properties":{"name":"花園花園巽南町"}},{"type":"Polygon","arcs":[[-155,-140,329,-191,330,-278]],"properties":{"name":"常磐野太秦馬塚町"}},{"type":"Polygon","arcs":[[331,-167,332,-197,333,334,-251]],"properties":{"name":"嵯峨野太秦御所ノ内町"}},{"type":"Polygon","arcs":[[-334,-202,335,336]],"properties":{"name":"嵯峨野太秦帷子ケ辻町"}},{"type":"Polygon","arcs":[[-111,-272,-275,-331,-190]],"properties":{"name":"常磐野太秦乾町"}},{"type":"Polygon","arcs":[[-268,-130,-120,-115,-265,-94,-154,-207]],"properties":{"name":"常磐野太秦蜂岡町"}},{"type":"Polygon","arcs":[[-264,-336,-201,-192,-330,-139]],"properties":{"name":"嵯峨野太秦垂箕山町"}},{"type":"Polygon","arcs":[[-308,-10,-6,-301]],"properties":{"name":"常磐野太秦和泉式部町"}},{"type":"Polygon","arcs":[[337,338,339,340,341,342,-23,-14,343]],"properties":{"name":"安井太秦安井西裏町"}},{"type":"Polygon","arcs":[[344,-339,345,346,347]],"properties":{"name":"花園花園寺ノ内町"}},{"type":"Polygon","arcs":[[348,349,350,351,352,353]],"properties":{"name":"西院第一西院春日町"}},{"type":"Polygon","arcs":[[354,355,356]],"properties":{"name":"花園花園春日町"}},{"type":"Polygon","arcs":[[357,-321,358,359,360,-317]],"properties":{"name":"花園花園木辻北町"}},{"type":"Polygon","arcs":[[361,362,363,364]],"properties":{"name":"西院第一西院東今田町"}},{"type":"Polygon","arcs":[[365,366,367,-340,-345,368,369,370]],"properties":{"name":"安井太秦安井車道町"}},{"type":"Polygon","arcs":[[371,372,373,374,375,376,377]],"properties":{"name":"西院第一西院久田町"}},{"type":"Polygon","arcs":[[378,-344,-13,-117,379]],"properties":{"name":"花園花園内畑町"}},{"type":"Polygon","arcs":[[-352,380,381,382]],"properties":{"name":"西院第一西院下花田町"}},{"type":"Polygon","arcs":[[383,384,385,386,387]],"properties":{"name":"西院第二西院高田町"}},{"type":"Polygon","arcs":[[388,389]],"properties":{"name":"西院第一山ノ内赤山町"}},{"type":"Polygon","arcs":[[390,391,392,393,394]],"properties":{"name":"西院第二西院月双町"}},{"type":"Polygon","arcs":[[395,396,397,398,399,400,401]],"properties":{"name":"山ノ内山ノ内御堂殿町"}},{"type":"Polygon","arcs":[[-356,402,-323,403]],"properties":{"name":"花園花園八ツ口町"}},{"type":"Polygon","arcs":[[404,405,406,407,408]],"properties":{"name":"西京極西京極芝ノ下町"}},{"type":"Polygon","arcs":[[-369,-348,409,410,411,412]],"properties":{"name":"花園花園伊町"}},{"type":"Polygon","arcs":[[-189,-200,413,-195,414,415,-108]],"properties":{"name":"嵯峨野嵯峨野清水町"}},{"type":"Polygon","arcs":[[416,417,418,419,420]],"properties":{"name":"宇多野鳴滝泉谷町"}},{"type":"Polygon","arcs":[[421,422,423]],"properties":{"name":"西京極西西京極殿田町"}},{"type":"Polygon","arcs":[[424,425,-359,-320,-328,-325]],"properties":{"name":"花園花園木辻南町"}},{"type":"Polygon","arcs":[[426,427,-185,-171,428,429,430]],"properties":{"name":"嵯峨野嵯峨野南浦町"}},{"type":"Polygon","arcs":[[431,-341,-368,432,433,434]],"properties":{"name":"安井太秦安井北御所町"}},{"type":"Polygon","arcs":[[435,436,437,438,439,440]],"properties":{"name":"西院第二西院西寿町"}},{"type":"Polygon","arcs":[[441,442,443,444,445]],"properties":{"name":"西京極西京極町ノ坪町"}},{"type":"Polygon","arcs":[[446,447,448,449,450,451,452]],"properties":{"name":"西京極西京極堤外町"}},{"type":"Polygon","arcs":[[453,454,455,456,-447,457,-405,458]],"properties":{"name":"西京極西西京極堤外町"}},{"type":"Polygon","arcs":[[459,460,461,462]],"properties":{"name":"西京極西西京極西向河原町"}},{"type":"Polygon","arcs":[[463,464,465,466,467,468,469,470]],"properties":{"name":"宇多野太秦三尾町"}},{"type":"Polygon","arcs":[[471,472,473,474,475]],"properties":{"name":"山ノ内山ノ内山ノ下町"}},{"type":"Polygon","arcs":[[476,477,478,-443]],"properties":{"name":"西京極西京極豆田町"}},{"type":"Polygon","arcs":[[479,480,-360,-426]],"properties":{"name":"花園花園坤南町"}},{"type":"Polygon","arcs":[[481,482,483,484]],"properties":{"name":"高雄梅ケ畑栂尾町"}},{"type":"Polygon","arcs":[[485,-429,-170,-175,486]],"properties":{"name":"嵯峨野嵯峨野投渕町"}},{"type":"Polygon","arcs":[[-266,-177,-168,-332,-250]],"properties":{"name":"南太秦太秦西野町"}},{"type":"Polygon","arcs":[[487,488,489,490,491,492,493,-477]],"properties":{"name":"西京極西京極畔勝町"}},{"type":"Polygon","arcs":[[494,495,-47,-46,-27,496,497]],"properties":{"name":"安井太秦安井松本町"}},{"type":"Polygon","arcs":[[498,499,500,501,502,503]],"properties":{"name":"西京極西西京極西中島町"}},{"type":"Polygon","arcs":[[504,505,-350,506,507]],"properties":{"name":"西院第一西院乾町"}},{"type":"Polygon","arcs":[[508,-478,-494,509]],"properties":{"name":"西院第二西院六反田町"}},{"type":"Polygon","arcs":[[510,511,512]],"properties":{"name":"西京極西院溝崎町"}},{"type":"Polygon","arcs":[[513,514,-390,515,516,517,518,519,-381,-351,-506]],"properties":{"name":"西院第一西院春栄町"}},{"type":"Polygon","arcs":[[520,521,522,-396]],"properties":{"name":"安井太秦安井二条裏町"}},{"type":"Polygon","arcs":[[523,524,-445,525,526]],"properties":{"name":"西京極西京極三反田町"}},{"type":"Polygon","arcs":[[527,528,529,-355]],"properties":{"name":"安井太秦安井春日町"}},{"type":"Polygon","arcs":[[530,531,532,533,534]],"properties":{"name":"梅津梅津堤上町"}},{"type":"Polygon","arcs":[[535,536,-255,-496,537,538]],"properties":{"name":"山ノ内山ノ内荒木町"}},{"type":"Polygon","arcs":[[-184,539,-198,-333,-166]],"properties":{"name":"嵯峨野嵯峨野秋街道町"}},{"type":"Polygon","arcs":[[540,541,542,543]],"properties":{"name":"西京極西西京極郡猪馬場町"}},{"type":"Polygon","arcs":[[544,-435,545,546]],"properties":{"name":"安井太秦安井辻ノ内町"}},{"type":"Polygon","arcs":[[547,548,549,-500,550,551]],"properties":{"name":"西京極西西京極古浜町"}},{"type":"Polygon","arcs":[[552,553,-514,-505,554,555]],"properties":{"name":"山ノ内西院小米町"}},{"type":"Polygon","arcs":[[556,557,558,559,560,561,562]],"properties":{"name":"西院第二西院高山寺町"}},{"type":"Polygon","arcs":[[563,564,565,566,567]],"properties":{"name":"西院第二西院西中水町"}},{"type":"Polygon","arcs":[[568,-558,569,570]],"properties":{"name":"西院第二西院三蔵町"}},{"type":"Polygon","arcs":[[-412,571,-481,572]],"properties":{"name":"花園花園寺ノ前町"}},{"type":"Polygon","arcs":[[573,574]],"properties":{"name":"西院第一西院北矢掛町"}},{"type":"Polygon","arcs":[[-387,575,576,-571,577]],"properties":{"name":"西院第二西院平町"}},{"type":"Polygon","arcs":[[578,579,580,581,582,583]],"properties":{"name":"山ノ内山ノ内北ノ口町"}},{"type":"Polygon","arcs":[[584,585,586]],"properties":{"name":"西京極西西京極河原町裏町"}},{"type":"Polygon","arcs":[[-379,587,588,589,-346,-338]],"properties":{"name":"花園花園扇野町"}},{"type":"Polygon","arcs":[[-492,-395,590,-372,591]],"properties":{"name":"西院第二西院清水町"}},{"type":"Polygon","arcs":[[592,593,-454,594,595,-424,596,-463,597]],"properties":{"name":"西京極西西京極橋詰町"}},{"type":"Polygon","arcs":[[-403,-530,-366,598,-425,-324]],"properties":{"name":"花園花園中御門町"}},{"type":"Polygon","arcs":[[-386,599,600,601,602,-576]],"properties":{"name":"西院第二西院西平町"}},{"type":"Polygon","arcs":[[-556,603,-374,604,605,606]],"properties":{"name":"山ノ内西院日照町"}},{"type":"Polygon","arcs":[[607,608,-547,609,610,-522,611]],"properties":{"name":"安井太秦安井柳通町"}},{"type":"Polygon","arcs":[[612,613,614,-528,615]],"properties":{"name":"安井太秦安井藤ノ木町"}},{"type":"Polygon","arcs":[[-581,616,-498,617,618,-401,619]],"properties":{"name":"山ノ内山ノ内五反田町"}},{"type":"Polygon","arcs":[[620,-472,621,-553,-607,622]],"properties":{"name":"山ノ内西院四条畑町"}},{"type":"Polygon","arcs":[[623,624,625,-473,-621,626]],"properties":{"name":"山ノ内山ノ内池尻町"}},{"type":"Polygon","arcs":[[627,628,629]],"properties":{"name":"西京極西京極下沢町"}},{"type":"Polygon","arcs":[[-354,630,631,632]],"properties":{"name":"西院第一西院西淳和院町"}},{"type":"Polygon","arcs":[[-615,633,-433,-367,-529]],"properties":{"name":"安井太秦安井東裏町"}},{"type":"Polygon","arcs":[[-620,-400,634,635,-582]],"properties":{"name":"山ノ内山ノ内大町"}},{"type":"Polygon","arcs":[[636,-605,-373,-591]],"properties":{"name":"西院第二西院日照町"}},{"type":"Polygon","arcs":[[637,638,-375,-604,-555,-508,639]],"properties":{"name":"西院第一西院坤町"}},{"type":"Polygon","arcs":[[-449,640,-543,641,642]],"properties":{"name":"西京極西西京極郡醍醐田町"}},{"type":"Polygon","arcs":[[643,-539,644,-625]],"properties":{"name":"山ノ内山ノ内苗町"}},{"type":"Polygon","arcs":[[645,646,647,648]],"properties":{"name":"葛野西院東貝川町"}},{"type":"Polygon","arcs":[[649,650,651,652,-147,-256,-537,653,654,-648]],"properties":{"name":"葛野西院西貝川町"}},{"type":"Polygon","arcs":[[655,-584,656,657,658,-475]],"properties":{"name":"山ノ内山ノ内中畑町"}},{"type":"Polygon","arcs":[[659,-209,660,661,662,663]],"properties":{"name":"嵯峨野嵯峨野北野町"}},{"type":"Polygon","arcs":[[-623,-606,664,665,666,-627]],"properties":{"name":"山ノ内西院安塚町"}},{"type":"Polygon","arcs":[[667,-598,-462,668,669,670,671]],"properties":{"name":"西京極西西京極藪ノ下町"}},{"type":"Polygon","arcs":[[672,-407,673,674,675]],"properties":{"name":"西京極西京極南方町"}},{"type":"Polygon","arcs":[[-611,-613,676,677]],"properties":{"name":"安井太秦安井辰巳町"}},{"type":"Polygon","arcs":[[678,679,680]],"properties":{"name":"高雄梅ケ畑西ノ畑町"}},{"type":"Polygon","arcs":[[681,-568,682,683]],"properties":{"name":"西院第二西院中水町"}},{"type":"Polygon","arcs":[[684,685,686,-669,-461]],"properties":{"name":"西京極西西京極河原町"}},{"type":"Polygon","arcs":[[687,688,689,-438,690,691,-378,692]],"properties":{"name":"西院第二西院太田町"}},{"type":"Polygon","arcs":[[693,694,695,696,-484]],"properties":{"name":"高雄梅ケ畑引地町"}},{"type":"Polygon","arcs":[[697,698,699,-446,-525]],"properties":{"name":"西京極西京極宮ノ東町"}},{"type":"Polygon","arcs":[[700,701,702,703,704]],"properties":{"name":"宇多野鳴滝蓮池町"}},{"type":"Polygon","arcs":[[705,706,707]],"properties":{"name":"西院第二西院松井町"}},{"type":"Polygon","arcs":[[708,-676,709,710,711,712]],"properties":{"name":"西京極西京極前田町"}},{"type":"Polygon","arcs":[[-646,713,-665,-637,-394]],"properties":{"name":"西院第二西院安塚町"}},{"type":"Polygon","arcs":[[-688,714,715,716]],"properties":{"name":"西院第二西院西矢掛町"}},{"type":"Polygon","arcs":[[717,718,719,-699,720,721]],"properties":{"name":"西京極西京極北裏町"}},{"type":"Polygon","arcs":[[722,723,724,-595,-459,-409]],"properties":{"name":"西京極西京極東向河原町"}},{"type":"Polygon","arcs":[[725,726,-312,-299,727]],"properties":{"name":"宇多野常盤神田町"}},{"type":"Polygon","arcs":[[-518,728,729]],"properties":{"name":"西院第一西院金槌町"}},{"type":"Polygon","arcs":[[-392,730,731,732,733]],"properties":{"name":"葛野西京極葛野町"}},{"type":"Polygon","arcs":[[-252,-335,-337,-263,-85]],"properties":{"name":"嵯峨野太秦堀ケ内町"}},{"type":"Polygon","arcs":[[734,735,-600,-385]],"properties":{"name":"西院第二西院西高田町"}},{"type":"Polygon","arcs":[[736,737,738,739,740]],"properties":{"name":"高雄梅ケ畑古田町"}},{"type":"Polygon","arcs":[[-675,741,-722,742,-710]],"properties":{"name":"西京極西京極中町"}},{"type":"Polygon","arcs":[[-509,743,744,745,-512,746]],"properties":{"name":"西院第二西院西溝崎町"}},{"type":"Polygon","arcs":[[747,-24,-343,748]],"properties":{"name":"安井太秦安井池田町"}},{"type":"Polygon","arcs":[[749,750,-640,-507,-349,-633,751,-561]],"properties":{"name":"西院第一西院巽町"}},{"type":"Polygon","arcs":[[752,753,754,755,756,757]],"properties":{"name":"高雄梅ケ畑奥殿町"}},{"type":"Polygon","arcs":[[-609,758,-749,-342,-432,-545]],"properties":{"name":"安井太秦安井奥畑町"}},{"type":"Polygon","arcs":[[-554,759,760,-516,-389,-515]],"properties":{"name":"山ノ内山ノ内赤山町"}},{"type":"Polygon","arcs":[[-684,761,762]],"properties":{"name":"西院第二西院東中水町"}},{"type":"Polygon","arcs":[[763,764,765,766,767]],"properties":{"name":"葛野西京極新田町"}},{"type":"Polygon","arcs":[[-397,-523,-678,768]],"properties":{"name":"安井太秦安井水戸田町"}},{"type":"Polygon","arcs":[[769,-488,-442,-700,-720]],"properties":{"name":"西京極西京極東池田町"}},{"type":"Polygon","arcs":[[-527,770,771]],"properties":{"name":"西京極西京極中溝町"}},{"type":"Polygon","arcs":[[772,773,774,775,-549,776,777]],"properties":{"name":"西京極西西京極末広町"}},{"type":"Polygon","arcs":[[-687,778,779,-773,780,781,782,-670]],"properties":{"name":"西京極西西京極東側町"}},{"type":"Polygon","arcs":[[783,-781,-778,784,785,-544,-641,-448,-457]],"properties":{"name":"西京極西西京極徳大寺団子田町"}},{"type":"Polygon","arcs":[[786,787,788,789,790]],"properties":{"name":"葛野西京極西衣手町"}},{"type":"Polygon","arcs":[[-358,-316,791,-310,-322]],"properties":{"name":"花園花園鷹司町"}},{"type":"Polygon","arcs":[[792,-563,793]],"properties":{"name":"西院第一西院高山寺町"}},{"type":"Polygon","arcs":[[794,-574,-708,795,-638,-751]],"properties":{"name":"西院第一西院松井町"}},{"type":"Polygon","arcs":[[-655,796,-666,-714,-649]],"properties":{"name":"西院第一西院東貝川町"}},{"type":"Polygon","arcs":[[797,798,-671,-783]],"properties":{"name":"西京極西西京極藪開町"}},{"type":"Polygon","arcs":[[-587,799,-685,-460,-597,-423,800]],"properties":{"name":"西京極西西京極堤下町"}},{"type":"Polygon","arcs":[[-476,-659,801,-760,-622]],"properties":{"name":"山ノ内山ノ内瀬戸畑町"}},{"type":"Polygon","arcs":[[802,-650,803,-733,804]],"properties":{"name":"葛野西京極北大入町"}},{"type":"Polygon","arcs":[[-715,-693,-377,805,806]],"properties":{"name":"西院第二西院南井御料町"}},{"type":"Polygon","arcs":[[-384,807,-762,-683,-567,808,809,-735]],"properties":{"name":"西院第二西院南高田町"}},{"type":"Polygon","arcs":[[810,811,812,813,814]],"properties":{"name":"葛野西京極堤町"}},{"type":"Polygon","arcs":[[-540,-183,-196,-414,-199]],"properties":{"name":"嵯峨野嵯峨野神ノ木町"}},{"type":"Polygon","arcs":[[815,-635,-399,816]],"properties":{"name":"山ノ内山ノ内宮脇町"}},{"type":"Polygon","arcs":[[-629,817,-712,818,819,820]],"properties":{"name":"西京極西京極佃田町"}},{"type":"Polygon","arcs":[[821,822,823,824,825]],"properties":{"name":"嵯峨嵯峨小倉山緋明神町"}},{"type":"Polygon","arcs":[[-546,-434,-634,-614,-610]],"properties":{"name":"安井太秦安井馬塚町"}},{"type":"Polygon","arcs":[[826,827,828,829,830,831,832,833,834]],"properties":{"name":"宇多野宇多野福王子町"}},{"type":"Polygon","arcs":[[835,836,-788,837,838]],"properties":{"name":"葛野西京極南衣手町"}},{"type":"Polygon","arcs":[[839,-838,-787,840,841]],"properties":{"name":"葛野西京極東衣手町"}},{"type":"Polygon","arcs":[[-618,-497,-26,-748,-759,-608,842]],"properties":{"name":"安井太秦安井一町田町"}},{"type":"Polygon","arcs":[[-743,-721,-698,843,-819,-711]],"properties":{"name":"西京極西京極東町"}},{"type":"Polygon","arcs":[[-645,844,-579,-656,-474,-626]],"properties":{"name":"山ノ内山ノ内西裏町"}},{"type":"Polygon","arcs":[[-719,845,-450,-643,846,-811,847,-489,-770]],"properties":{"name":"西京極西京極西池田町"}},{"type":"Polygon","arcs":[[-370,-413,-573,848]],"properties":{"name":"安井太秦安井小山町"}},{"type":"Polygon","arcs":[[-764,849,-552,850,851]],"properties":{"name":"葛野西京極徳大寺西団子田町"}},{"type":"Polygon","arcs":[[-642,-542,852,-812,-847]],"properties":{"name":"西京極西西京極郡沢町"}},{"type":"Polygon","arcs":[[853,-441,854,-601,-736,-810]],"properties":{"name":"西院第二西院寿町"}},{"type":"Polygon","arcs":[[-577,-603,855,856,-559,-569]],"properties":{"name":"西院第二西院西三蔵町"}},{"type":"Polygon","arcs":[[-796,-707,-806,-376,-639]],"properties":{"name":"西院第一西院北井御料町"}},{"type":"Polygon","arcs":[[-479,-747,-511,857,858]],"properties":{"name":"西京極西京極北庄境町"}},{"type":"Polygon","arcs":[[859,-596,-725]],"properties":{"name":"西京極西京極橋詰町"}},{"type":"Polygon","arcs":[[860,861,-758,862,863]],"properties":{"name":"高雄梅ケ畑上砥町"}},{"type":"Polygon","arcs":[[-583,-636,-816,864,-657]],"properties":{"name":"山ノ内山ノ内宮前町"}},{"type":"Polygon","arcs":[[-566,865,-745,866,-436,-854,-809]],"properties":{"name":"西院第二西院南寿町"}},{"type":"Polygon","arcs":[[867,868,869,-756,870,871,872,873,874,875]],"properties":{"name":"高雄梅ケ畑菖蒲谷"}},{"type":"Polygon","arcs":[[876,877,878,879,880,881]],"properties":{"name":"高雄梅ケ畑向井山"}},{"type":"Polygon","arcs":[[882,883,-662,884,-427]],"properties":{"name":"嵯峨野嵯峨野西ノ藤町"}},{"type":"Polygon","arcs":[[-776,885,-501,-550]],"properties":{"name":"西京極西西京極中島町"}},{"type":"Polygon","arcs":[[886,887,888,889,890]],"properties":{"name":"高雄梅ケ畑槇尾町"}},{"type":"Polygon","arcs":[[891,892,-753,-862,893]],"properties":{"name":"高雄梅ケ畑広芝町"}},{"type":"Polygon","arcs":[[-313,-361,-572,-411,894,895,896,897,898,899]],"properties":{"name":"御室花園妙心寺町"}},{"type":"Polygon","arcs":[[900,901,902,903]],"properties":{"name":"宕陰嵯峨越畑南ノ町"}},{"type":"Polygon","arcs":[[904,905,906,907,908]],"properties":{"name":"嵯峨嵯峨清滝堂尻町"}},{"type":"Polygon","arcs":[[909,910]],"properties":{"name":"高雄梅ケ畑向ノ地町"}},{"type":"Polygon","arcs":[[911,-482,912]],"properties":{"name":"高雄梅ケ畑川西町"}},{"type":"Polygon","arcs":[[-843,-612,-521,-402,-619]],"properties":{"name":"安井太秦安井西沢町"}},{"type":"Polygon","arcs":[[913,914,915,916,917,918,919]],"properties":{"name":"嵯峨嵯峨天龍寺瀬戸川町"}},{"type":"Polygon","arcs":[[920,921,922,923,924]],"properties":{"name":"御室龍安寺池ノ下町"}},{"type":"Polygon","arcs":[[-485,925,-888,926,927]],"properties":{"name":"高雄梅ケ畑谷山"}},{"type":"Polygon","arcs":[[928,929,930,931]],"properties":{"name":"御室花園一条田町"}},{"type":"Polygon","arcs":[[-589,932,933]],"properties":{"name":"御室花園扇野町"}},{"type":"Polygon","arcs":[[-490,-848,-815,934,935]],"properties":{"name":"葛野西京極西大丸町"}},{"type":"Polygon","arcs":[[936,-798,-782,-784,-456]],"properties":{"name":"西京極西西京極火打畑町"}},{"type":"Polygon","arcs":[[937,938,939,940,941]],"properties":{"name":"嵯峨北嵯峨六代芝町"}},{"type":"Polygon","arcs":[[942,-740,943,944,945]],"properties":{"name":"高雄梅ケ畑猪ノ尻町"}},{"type":"Polygon","arcs":[[-186,-428,-885,-661,-208]],"properties":{"name":"嵯峨野嵯峨野高田町"}},{"type":"Polygon","arcs":[[946,947,948,949,950,951,952]],"properties":{"name":"嵯峨嵯峨大沢町"}},{"type":"Polygon","arcs":[[953,954,955,956,957]],"properties":{"name":"宕陰嵯峨樒原若宮下町"}},{"type":"Polygon","arcs":[[-716,-807,-706,-575,-795,-750,-560,-857,958]],"properties":{"name":"西院第二西院北矢掛町"}},{"type":"Polygon","arcs":[[959,-954,960]],"properties":{"name":"宕陰嵯峨樒原稲荷元町"}},{"type":"Polygon","arcs":[[-873,961,962,963,964,965,966,-905,967]],"properties":{"name":"嵯峨嵯峨清滝一華表町"}},{"type":"Polygon","arcs":[[968,969]],"properties":{"name":"広沢山越中町"}},{"type":"Polygon","arcs":[[970,971,972,973]],"properties":{"name":"嵯峨嵯峨鳥居本仏餉田町"}},{"type":"Polygon","arcs":[[974,975,976]],"properties":{"name":"御室龍安寺山田町"}},{"type":"Polygon","arcs":[[977,978,979,980,981,982]],"properties":{"name":"梅津梅津北町"}},{"type":"Polygon","arcs":[[983,984,985]],"properties":{"name":"高雄梅ケ畑中田町"}},{"type":"Polygon","arcs":[[986,987,988,989,990,991]],"properties":{"name":"嵯峨嵯峨大覚寺門前井頭町"}},{"type":"Polygon","arcs":[[992,993,994,995,-991,996,997]],"properties":{"name":"嵯峨嵯峨大覚寺門前八軒町"}},{"type":"Polygon","arcs":[[-727,998,999,1000,-223,-230],[1001]],"properties":{"name":"宇多野常盤山下町"}},{"type":"Polygon","arcs":[[-904,1002,1003,1004,-956,1005,1006,1007]],"properties":{"name":"宕陰嵯峨越畑兵庫前町"}},{"type":"Polygon","arcs":[[-765,-852,1008,-504,1009,1010]],"properties":{"name":"葛野西京極郡附洲町"}},{"type":"Polygon","arcs":[[1011,1012,1013]],"properties":{"name":"高雄梅ケ畑桧社町"}},{"type":"Polygon","arcs":[[1014,1015,-713,-818,-628]],"properties":{"name":"西京極西京極中沢町"}},{"type":"Polygon","arcs":[[-406,-458,-453,1016,-451,-846,-718,-742,-674]],"properties":{"name":"西京極西京極西川町"}},{"type":"Polygon","arcs":[[1017,1018,1019]],"properties":{"name":"水尾嵯峨水尾北垣内町"}},{"type":"Polygon","arcs":[[-233,-306,1020,1021,1022,1023,-242]],"properties":{"name":"宇多野鳴滝嵯峨園町"}},{"type":"Polygon","arcs":[[-298,1024,1025,1026,1027,1028,1029,-728]],"properties":{"name":"宇多野宇多野御屋敷町"}},{"type":"Polygon","arcs":[[-593,-668,1030]],"properties":{"name":"西京極西西京極走上リ町"}},{"type":"Polygon","arcs":[[-218,1031,1032]],"properties":{"name":"御室常盤古御所町"}},{"type":"Polygon","arcs":[[-452,-1017]],"properties":{"name":"西京極西京極郡醍醐田町"}},{"type":"Polygon","arcs":[[-879,-864,1033,-869,1034]],"properties":{"name":"高雄梅ケ畑蓮華谷"}},{"type":"Polygon","arcs":[[-802,-658,1035,-729,-517,-761]],"properties":{"name":"山ノ内山ノ内養老町"}},{"type":"Polygon","arcs":[[1036,-779,-686,-800,-586,1037,-502,-886,-775]],"properties":{"name":"西京極西西京極東中島町"}},{"type":"Polygon","arcs":[[-945,1038,1039,1040]],"properties":{"name":"高雄梅ケ畑上ノ町"}},{"type":"Polygon","arcs":[[1041,1042,1043,1044,1045]],"properties":{"name":"嵯峨嵯峨野々宮町"}},{"type":"Polygon","arcs":[[1046,1047,1048,1049,1050,-663,-884]],"properties":{"name":"嵐山嵯峨罧原町"}},{"type":"Polygon","arcs":[[1051,-290,1052,-970,1053,1054,-468]],"properties":{"name":"宇多野山越中町"}},{"type":"Polygon","arcs":[[-1007,1055,1056]],"properties":{"name":"宕陰嵯峨越畑筋違"}},{"type":"Polygon","arcs":[[1057,-723,-408,-673,-709,-1016]],"properties":{"name":"西京極西京極畑田町"}},{"type":"Polygon","arcs":[[1058,-291,-1052,-467,1059]],"properties":{"name":"宇多野鳴滝音戸山町"}},{"type":"Polygon","arcs":[[1060,1061,1062,1063,-961,-958,1064,1065,1066]],"properties":{"name":"宕陰嵯峨樒原高見町"}},{"type":"Polygon","arcs":[[-891,1067,-681,1068,-1012,1069,1070,-695,1071,-880,-1035,-868,1072,1073]],"properties":{"name":"高雄梅ケ畑御経坂町"}},{"type":"Polygon","arcs":[[-968,-909,1074,-874]],"properties":{"name":"嵯峨嵯峨清滝八丁山町"}},{"type":"Polygon","arcs":[[-936,1075,-391,-491]],"properties":{"name":"葛野西京極東大丸町"}},{"type":"Polygon","arcs":[[1076,1077,1078,-834,1079,-1026,1080]],"properties":{"name":"宇多野宇多野法安寺町"}},{"type":"Polygon","arcs":[[-110,1081,-282,-292,-273]],"properties":{"name":"広沢嵯峨広沢南下馬野町"}},{"type":"Polygon","arcs":[[-631,-353,-383,1082,1083,-362]],"properties":{"name":"西院第一西院西今田町"}},{"type":"Polygon","arcs":[[1084]],"properties":{"name":"宇多野鳴滝松本町"}},{"type":"Polygon","arcs":[[-934,1085,1086,1087,1088]],"properties":{"name":"御室花園段ノ岡町"}},{"type":"Polygon","arcs":[[1089,-841,-791,1090]],"properties":{"name":"葛野西京極北衣手町"}},{"type":"Polygon","arcs":[[-1049,1091,1092,1093,1094,1095,1096]],"properties":{"name":"嵐山嵯峨柳田町"}},{"type":"Polygon","arcs":[[-1043,1097,1098,1099,1100]],"properties":{"name":"嵯峨嵯峨小倉山田淵山町"}},{"type":"Polygon","arcs":[[1101,-1065,-957,-1005,1102]],"properties":{"name":"宕陰嵯峨樒原清水"}},{"type":"Polygon","arcs":[[1103,-942,1104,1105,1106]],"properties":{"name":"嵯峨北嵯峨赤阪町"}},{"type":"Polygon","arcs":[[-814,1107,-731,-1076,-935]],"properties":{"name":"葛野西京極野田町"}},{"type":"Polygon","arcs":[[1108,1109,1110,1111,1112,1113]],"properties":{"name":"御室谷口垣ノ内町"}},{"type":"Polygon","arcs":[[-495,-617,-580,-845,-538]],"properties":{"name":"山ノ内山ノ内西八反田町"}},{"type":"Polygon","arcs":[[1114,1115,1116,1117]],"properties":{"name":"御室御室小松野町"}},{"type":"Polygon","arcs":[[-855,-440,1118,-689,-717,-959,-856,-602]],"properties":{"name":"西院第二西院矢掛町"}},{"type":"Polygon","arcs":[[-1066,-1102,1119]],"properties":{"name":"宕陰嵯峨樒原宮ノ上町"}},{"type":"Polygon","arcs":[[1120,1121,1122,1123,1124]],"properties":{"name":"水尾嵯峨水尾岡ノ窪町"}},{"type":"Polygon","arcs":[[-594,-1031,-672,-799,-937,-455]],"properties":{"name":"西京極西西京極長町"}},{"type":"Polygon","arcs":[[-533,1125,1126,1127,1128,1129,1130]],"properties":{"name":"梅津梅津東構口町"}},{"type":"Polygon","arcs":[[1131,-702,1132,1133]],"properties":{"name":"宇多野鳴滝川西町"}},{"type":"Polygon","arcs":[[1134,1135,1136,1137,-258,-122,-129]],"properties":{"name":"北梅津梅津段町"}},{"type":"Polygon","arcs":[[-243,-1024,1138,1139]],"properties":{"name":"宇多野鳴滝中道町"}},{"type":"Polygon","arcs":[[-562,-752,-632,-365,1140,-794]],"properties":{"name":"西院第一西院東淳和院町"}},{"type":"Polygon","arcs":[[-599,-371,-849,-480]],"properties":{"name":"花園花園車道町"}},{"type":"Polygon","arcs":[[1141,1142,1143,-1116,1144]],"properties":{"name":"御室御室芝橋町"}},{"type":"Polygon","arcs":[[-697,1145,-889,-926]],"properties":{"name":"高雄梅ケ畑殿畑町"}},{"type":"Polygon","arcs":[[-734,-804,-647,-393]],"properties":{"name":"葛野西院西田町"}},{"type":"Polygon","arcs":[[-741,-943,1146,1147,1148]],"properties":{"name":"高雄梅ケ畑宮ノ口町"}},{"type":"Polygon","arcs":[[1149,1150,-1028,1151,-832,1152,1153,-1142]],"properties":{"name":"宇多野宇多野御池町"}},{"type":"Polygon","arcs":[[-1023,1154,1155,1156,1157]],"properties":{"name":"宇多野鳴滝瑞穂町"}},{"type":"Polygon","arcs":[[-777,-548,-850,-768,-785]],"properties":{"name":"西京極西西京極西団子田町"}},{"type":"Polygon","arcs":[[1158,-513,-746,-866,-565]],"properties":{"name":"西院第二西院溝崎町"}},{"type":"Polygon","arcs":[[-844,-524,-772,1159,1160,-820]],"properties":{"name":"西京極西京極大門町"}},{"type":"Polygon","arcs":[[-900,1161,1162,-314]],"properties":{"name":"御室花園寺ノ中町"}},{"type":"Polygon","arcs":[[-210,-660,1163,1164,1165]],"properties":{"name":"嵐山嵯峨蜻蛉尻町"}},{"type":"Polygon","arcs":[[1166,1167,1168,1169,1170,1171]],"properties":{"name":"黒田灰屋"}},{"type":"Polygon","arcs":[[1172,1173,1174,1175,1176]],"properties":{"name":"広沢嵯峨広沢池下町"}},{"type":"Polygon","arcs":[[1177,1178,1179,1180,1181]],"properties":{"name":"御室花園天授ケ岡町"}},{"type":"Polygon","arcs":[[1182,1183,1184,1185,1186,1187,1188,1189,1190,1191,1192]],"properties":{"name":"嵐山嵯峨北堀町"}},{"type":"Polygon","arcs":[[-919,1193,-995,1194,1195,1196]],"properties":{"name":"嵯峨嵯峨天龍寺若宮町"}},{"type":"Polygon","arcs":[[-931,1197,1198,1199,1200,-1182,1201,-897,1202]],"properties":{"name":"御室谷口円成寺町"}},{"type":"Polygon","arcs":[[-853,-541,-786,-767,1203,1204,1205,-1108,-813]],"properties":{"name":"葛野西京極新明町"}},{"type":"Polygon","arcs":[[-895,-410,-347,-590,-1089,1206,1207,1208]],"properties":{"name":"御室花園宮ノ上町"}},{"type":"Polygon","arcs":[[-989,1209,1210,1211,-950,1212,1213]],"properties":{"name":"嵯峨嵯峨大覚寺門前六道町"}},{"type":"Polygon","arcs":[[1214,1215,1216,1217,-1176,1218,1219,1220,-939]],"properties":{"name":"嵯峨嵯峨広沢町"}},{"type":"Polygon","arcs":[[-881,-1072,-694,-483,-912,1221]],"properties":{"name":"高雄梅ケ畑川東"}},{"type":"Polygon","arcs":[[-790,1222,-535,1223,1224,1225,-1091]],"properties":{"name":"梅津梅津堤下町"}},{"type":"Polygon","arcs":[[-1158,1226,1227,1228,-1078,1229,-1139]],"properties":{"name":"宇多野鳴滝桐ケ淵町"}},{"type":"Polygon","arcs":[[-941,1230,1231,1232,1233,-1105]],"properties":{"name":"嵯峨北嵯峨洞ノ内町"}},{"type":"Polygon","arcs":[[-867,-744,1234,-691,-437]],"properties":{"name":"西院第二西院追分町"}},{"type":"Polygon","arcs":[[-1129,1235,1236,-1137,1237]],"properties":{"name":"梅津梅津南上田町"}},{"type":"Polygon","arcs":[[1238,1239,1240,1241,1242,-1211]],"properties":{"name":"嵯峨嵯峨観空寺久保殿町"}},{"type":"Polygon","arcs":[[1243,-1148,1244,1245,-911,1246,-892]],"properties":{"name":"高雄梅ケ畑清水町"}},{"type":"Polygon","arcs":[[1247,1248,-882,-1222,-913,-928,1249,1250]],"properties":{"name":"高雄梅ケ畑亀石町"}},{"type":"Polygon","arcs":[[1251,1252,1253,1254]],"properties":{"name":"嵯峨嵯峨清滝月ノ輪町"}},{"type":"Polygon","arcs":[[-1209,1255,-932,-1203,-896]],"properties":{"name":"御室花園大藪町"}},{"type":"Polygon","arcs":[[1256,1257,1258,1259]],"properties":{"name":"嵯峨嵯峨鳥居本深谷町"}},{"type":"Polygon","arcs":[[1260,-1081,-1025,-297]],"properties":{"name":"宇多野常盤柏ノ木町"}},{"type":"Polygon","arcs":[[1261,1262,1263]],"properties":{"name":"嵯峨嵯峨一本木町"}},{"type":"Polygon","arcs":[[-380,-119,-307,-219,-1033,1264,-1086,-933,-588]],"properties":{"name":"御室花園内畑町"}},{"type":"Polygon","arcs":[[-651,1265,1266]],"properties":{"name":"葛野梅津南広町"}},{"type":"Polygon","arcs":[[-1000,1267,1268]],"properties":{"name":"宇多野御室岡ノ裾町"}},{"type":"Polygon","arcs":[[-1163,1269,-1109,1270]],"properties":{"name":"御室谷口唐田ノ内町"}},{"type":"Polygon","arcs":[[-624,-667,-797,-654,-536,-644]],"properties":{"name":"山ノ内西院笠目町"}},{"type":"Polygon","arcs":[[-964,-1257,1271,1272,-1121,1273,1274,1275]],"properties":{"name":"嵯峨嵯峨清滝深谷町"}},{"type":"Polygon","arcs":[[1276,-985,1277,1278,-738]],"properties":{"name":"高雄梅ケ畑山崎町"}},{"type":"Polygon","arcs":[[-824,1279,1280,1281,1282]],"properties":{"name":"嵯峨嵯峨小倉山小倉町"}},{"type":"Polygon","arcs":[[-304,-214,-465,1283,1284]],"properties":{"name":"宇多野太秦京ノ道町"}},{"type":"Polygon","arcs":[[-703,-1132,1285,1286,1287,-421,1288]],"properties":{"name":"宇多野鳴滝宅間町"}},{"type":"Polygon","arcs":[[-757,-870,-1034,-863]],"properties":{"name":"高雄梅ケ畑久保谷町"}},{"type":"Polygon","arcs":[[-1123,1289,1290]],"properties":{"name":"水尾嵯峨水尾竹ノ尻町"}},{"type":"Polygon","arcs":[[-839,-840,1291,1292,-1205]],"properties":{"name":"葛野西京極郡町"}},{"type":"Polygon","arcs":[[1293,1294,-971,1295]],"properties":{"name":"嵯峨嵯峨鳥居本中筋町"}},{"type":"Polygon","arcs":[[-705,1296,-419,1297,1298]],"properties":{"name":"宇多野鳴滝泉殿町"}},{"type":"Polygon","arcs":[[1299,1300,-1047,-883,1301,1302]],"properties":{"name":"北梅津梅津罧原町"}},{"type":"Polygon","arcs":[[-1233,1303,-953,1304,1305]],"properties":{"name":"嵯峨北嵯峨名古曽町"}},{"type":"Polygon","arcs":[[-109,1306,1307,-1173,1308,-283,-1082]],"properties":{"name":"広沢嵯峨広沢南野町"}},{"type":"Polygon","arcs":[[-1153,-831,1309,1310,1311,1312]],"properties":{"name":"宇多野宇多野馬場町"}},{"type":"Polygon","arcs":[[1313,1314,1315,1316,-977,1317,1318,1319]],"properties":{"name":"御室御室住吉山町"}},{"type":"Polygon","arcs":[[-1107,1320,1321,1322,1323,-871,-755,1324,1325,1326]],"properties":{"name":"嵯峨北嵯峨朝原山町"}},{"type":"Polygon","arcs":[[-766,-1011,1327,-836,-1204]],"properties":{"name":"葛野西京極浜ノ本町"}},{"type":"Polygon","arcs":[[-876,1328,-1073]],"properties":{"name":"高雄梅ケ畑高雄町"}},{"type":"Polygon","arcs":[[-999,-726,-1030,1329,-1268]],"properties":{"name":"宇多野常盤御池町"}},{"type":"Polygon","arcs":[[1330,-1225,1331,1332]],"properties":{"name":"梅津梅津神田町"}},{"type":"Polygon","arcs":[[-921,1333,1334,1335,-1316,1336]],"properties":{"name":"御室龍安寺住吉町"}},{"type":"Polygon","arcs":[[1337,-1044,-1101,1338,-1281]],"properties":{"name":"嵯峨嵯峨小倉山山本町"}},{"type":"Polygon","arcs":[[-910,-1246,1339,-1040,1340,-1325,-754,-893,-1247]],"properties":{"name":"高雄梅ケ畑篝町"}},{"type":"Polygon","arcs":[[1341,1342,-920,-1197,1343,1344]],"properties":{"name":"嵯峨嵯峨天龍寺車道町"}},{"type":"Polygon","arcs":[[-903,1345,-1061,1346,-1003]],"properties":{"name":"宕陰嵯峨越畑天慶"}},{"type":"Polygon","arcs":[[-296,-244,-1140,-1230,-1077,-1261]],"properties":{"name":"宇多野鳴滝蓮花寺町"}},{"type":"Polygon","arcs":[[1347,-983,1348,-1127]],"properties":{"name":"梅津梅津構口町"}},{"type":"Polygon","arcs":[[-1235,-510,-493,-592,-692]],"properties":{"name":"西院第二西院久保田町"}},{"type":"Polygon","arcs":[[-1287,1349,1350]],"properties":{"name":"宇多野鳴滝般若寺町"}},{"type":"Polygon","arcs":[[1351,-1254,1352,1353,-1274,-1125,1354,-1020,1355,-1063,1356]],"properties":{"name":"水尾嵯峨水尾宮ノ脇町"}},{"type":"Polygon","arcs":[[1357,1358,1359,-1241,1360,1361,-962,-872,-1324]],"properties":{"name":"嵯峨嵯峨観空寺谷町"}},{"type":"Polygon","arcs":[[1362,1363,1364,1365,1366]],"properties":{"name":"弓削井崎"}},{"type":"Polygon","arcs":[[-1146,1367,-1070,-1014,1368,-679,-1068,-890]],"properties":{"name":"高雄梅ケ畑中嶋町"}},{"type":"Polygon","arcs":[[-181,1369,1370,1371,1372,-193]],"properties":{"name":"嵐山嵯峨朝日町"}},{"type":"Polygon","arcs":[[1373,1374,1375,-923,1376]],"properties":{"name":"御室龍安寺衣笠下町"}},{"type":"Polygon","arcs":[[1377,1378,1379,1380,-986,-1277,-737,-1149,-1244,-894,-861,-878,1381]],"properties":{"name":"高雄梅ケ畑高鼻町"}},{"type":"Polygon","arcs":[[1382,1383,1384,1385,-981,1386,1387]],"properties":{"name":"北梅津梅津北浦町"}},{"type":"Polygon","arcs":[[1388,-1259,1389,1390,1391]],"properties":{"name":"嵯峨嵯峨鳥居本仙翁町"}},{"type":"Polygon","arcs":[[-1292,-842,-1090,-1226,1392,-1266,-803]],"properties":{"name":"葛野西京極午塚町"}},{"type":"Polygon","arcs":[[1393,1394,1395,1396,1397,1398]],"properties":{"name":"周山熊田"}},{"type":"Polygon","arcs":[[-973,1399,1400,1401,1402,1403]],"properties":{"name":"嵯峨嵯峨鳥居本小坂町"}},{"type":"Polygon","arcs":[[1404,-470]],"properties":{"name":"宇多野太秦中山町"}},{"type":"Polygon","arcs":[[1405,1406,1407,-430,-486,1408]],"properties":{"name":"北梅津梅津北川町"}},{"type":"Polygon","arcs":[[1409,1410,1411,1412]],"properties":{"name":"周山漆谷"}},{"type":"Polygon","arcs":[[1413,1414,1415,1416,1417,1418,1419,1420]],"properties":{"name":"山国中江"}},{"type":"Polygon","arcs":[[1421,-1055,-1217,1422]],"properties":{"name":"宇多野山越西町"}},{"type":"Polygon","arcs":[[1423,1424,-1213,-949,1425]],"properties":{"name":"嵯峨嵯峨大覚寺門前登リ町"}},{"type":"Polygon","arcs":[[-1385,1426,-1406,1427,1428]],"properties":{"name":"北梅津梅津開キ町"}},{"type":"Polygon","arcs":[[-1002]],"properties":{"name":"宇多野常盤音戸町"}},{"type":"Polygon","arcs":[[-1079,-1229,1429,1430,-1133,-701,-1299,1431,-835]],"properties":{"name":"宇多野鳴滝本町"}},{"type":"Polygon","arcs":[[1432,1433,-1383,1434]],"properties":{"name":"北梅津梅津徳丸町"}},{"type":"Polygon","arcs":[[1435,-966]],"properties":{"name":"嵯峨嵯峨清滝田鶴原町"}},{"type":"Polygon","arcs":[[-704,-1289,-420,-1297]],"properties":{"name":"宇多野鳴滝宇多野谷"}},{"type":"Polygon","arcs":[[1436,1437,-1379]],"properties":{"name":"高雄梅ケ畑藪ノ下町"}},{"type":"Polygon","arcs":[[-1347,-1067,-1120,-1103,-1004]],"properties":{"name":"宕陰嵯峨越畑正権条"}},{"type":"Polygon","arcs":[[1438,1439,-1342,1440]],"properties":{"name":"嵯峨嵯峨天龍寺龍門町"}},{"type":"Polygon","arcs":[[1441,-280,-293,-157,-286,-288,-1059]],"properties":{"name":"宇多野山越東町"}},{"type":"Polygon","arcs":[[1442,1443,1444,1445]],"properties":{"name":"嵯峨嵯峨中ノ島町"}},{"type":"Polygon","arcs":[[1446,-1430,-1228,1447]],"properties":{"name":"宇多野鳴滝安井殿町"}},{"type":"Polygon","arcs":[[1448,-1361,-1240,1449,-1296,1450]],"properties":{"name":"嵯峨嵯峨鳥居本北代町"}},{"type":"Polygon","arcs":[[1451,1452,-1046,1453,1454,-915]],"properties":{"name":"嵯峨嵯峨天龍寺立石町"}},{"type":"Polygon","arcs":[[-946,-1041,-1340,-1245,-1147]],"properties":{"name":"高雄梅ケ畑中縄手町"}},{"type":"Polygon","arcs":[[-1221,1455,1456,1457,-1231,-940]],"properties":{"name":"嵯峨嵯峨釣殿町"}},{"type":"Polygon","arcs":[[1458,1459,1460,1461,-1388,1462,-979,1463,1464]],"properties":{"name":"梅津梅津中村町"}},{"type":"Polygon","arcs":[[1465,-1242,-1360]],"properties":{"name":"嵯峨嵯峨観空寺岡崎町"}},{"type":"Polygon","arcs":[[1466,-1452,-914,-1343,1467]],"properties":{"name":"嵯峨嵯峨天龍寺北造路町"}},{"type":"Polygon","arcs":[[1468,-827,-1432,-1298,-418]],"properties":{"name":"宇多野宇多野上ノ谷町"}},{"type":"Polygon","arcs":[[-997,-990,-1214,-1425,1469]],"properties":{"name":"嵯峨嵯峨大覚寺門前宮ノ下町"}},{"type":"Polygon","arcs":[[1470,-1448,-1227,-1157]],"properties":{"name":"宇多野鳴滝藤ノ木町"}},{"type":"Polygon","arcs":[[-1380,-1438,1471,-1278,1472]],"properties":{"name":"高雄梅ケ畑畑ノ下町"}},{"type":"Polygon","arcs":[[-1377,-922,-1337,-1315,1473,1474]],"properties":{"name":"御室龍安寺御陵ノ下町"}},{"type":"Polygon","arcs":[[-1126,-532,1475,-1464,-978,-1348]],"properties":{"name":"梅津梅津南町"}},{"type":"Polygon","arcs":[[1476,1477,1478]],"properties":{"name":"広沢嵯峨折戸町"}},{"type":"Polygon","arcs":[[-1186,1479,-1344,-1196,1480,1481]],"properties":{"name":"嵯峨嵯峨天龍寺広道町"}},{"type":"Polygon","arcs":[[-947,-1304,-1232,-1458,1482,1483]],"properties":{"name":"嵯峨北嵯峨八丈町"}},{"type":"Polygon","arcs":[[1484,1485,1486,1487,1488,1489,-1364,1490,-1415,1491,1492]],"properties":{"name":"山国下"}},{"type":"Polygon","arcs":[[1493,1494,1495,-1401,1496]],"properties":{"name":"嵯峨嵯峨二尊院門前往生院町"}},{"type":"Polygon","arcs":[[1497,1498,1499,1500,-1118,1501,1502,-1199]],"properties":{"name":"御室御室竪町"}},{"type":"Polygon","arcs":[[-906,-967,-1436,1503,-1252,1504]],"properties":{"name":"嵯峨嵯峨清滝空也滝町"}},{"type":"Polygon","arcs":[[-1282,-1339,-1100,1505,1506,1507]],"properties":{"name":"嵯峨嵯峨小倉山町"}},{"type":"Polygon","arcs":[[1508,1509,1510,-1397,1511,-1413,1512,1513,1514]],"properties":{"name":"弓削田貫"}},{"type":"Polygon","arcs":[[-1411,1515,1516,1517,1518,1519]],"properties":{"name":"周山西"}},{"type":"Polygon","arcs":[[-305,-1285,1520,-1021]],"properties":{"name":"宇多野鳴滝西嵯峨園町"}},{"type":"Polygon","arcs":[[1521,1522,1523]],"properties":{"name":"宕陰嵯峨越畑北ノ町"}},{"type":"Polygon","arcs":[[-1095,1524,-1192,1525]],"properties":{"name":"嵐山嵯峨中山町"}},{"type":"Polygon","arcs":[[-1283,-1508,1526,-1495,1527,1528,-825]],"properties":{"name":"嵯峨嵯峨二尊院門前長神町"}},{"type":"Polygon","arcs":[[-1369,-1013,-1069,-680]],"properties":{"name":"高雄梅ケ畑御所ノ口町"}},{"type":"Polygon","arcs":[[-1519,1529,1530,1531,1532]],"properties":{"name":"周山宇野"}},{"type":"Polygon","arcs":[[-1183,1533,1534,-1441,-1345,-1480,-1185,1535]],"properties":{"name":"嵯峨嵯峨天龍寺今堀町"}},{"type":"Polygon","arcs":[[-1494,1536,-1295,1537,1538,-1528]],"properties":{"name":"嵯峨嵯峨二尊院門前北中院町"}},{"type":"Polygon","arcs":[[1539]],"properties":{"name":"宇多野音戸山山ノ茶屋町"}},{"type":"Polygon","arcs":[[-1482,1540,1541,-1187]],"properties":{"name":"嵯峨嵯峨天龍寺椎野町"}},{"type":"Polygon","arcs":[[-1243,-1466,-1359,1542,1543,-951,-1212]],"properties":{"name":"嵯峨嵯峨観空寺明水町"}},{"type":"Polygon","arcs":[[-1423,-1216,1544,1545]],"properties":{"name":"宇多野山越乾町"}},{"type":"Polygon","arcs":[[-1154,-1313,1546,-1143]],"properties":{"name":"御室宇多野柴橋町"}},{"type":"Polygon","arcs":[[-1220,1547,-1456]],"properties":{"name":"広沢嵯峨釣殿町"}},{"type":"Polygon","arcs":[[-1473,-984,-1381]],"properties":{"name":"高雄梅ケ畑畑町"}},{"type":"Polygon","arcs":[[1548,1549,1550,1551,1552,1553]],"properties":{"name":"弓削上川"}},{"type":"Polygon","arcs":[[-1459,1554,-1300,1555,1556]],"properties":{"name":"梅津梅津大縄場町"}},{"type":"Polygon","arcs":[[1557,-1096,-1526,-1191,1558,1559,1560,-1371,1561]],"properties":{"name":"嵐山嵯峨中通町"}},{"type":"Polygon","arcs":[[1562,1563,-1530,-1518]],"properties":{"name":"周山浅江"}},{"type":"Polygon","arcs":[[1564,1565,-1479,1566,1567,1568]],"properties":{"name":"広沢嵯峨中又町"}},{"type":"Polygon","arcs":[[-1355,-1124,-1291,1569,-1018]],"properties":{"name":"水尾嵯峨水尾武蔵嶋町"}},{"type":"Polygon","arcs":[[1570,1571,1572,1573,-1549,1574]],"properties":{"name":"山国初川"}},{"type":"Polygon","arcs":[[-1489,1575,1576,1577,1578,1579,1580]],"properties":{"name":"周山宮坂"}},{"type":"Polygon","arcs":[[1581,-1179,1582,1583,-1335]],"properties":{"name":"御室龍安寺玉津芝町"}},{"type":"Polygon","arcs":[[-1445,1584,1585,-1098,-1042,-1453,-1467,1586]],"properties":{"name":"嵯峨嵯峨天龍寺芒ノ馬場町"}},{"type":"Polygon","arcs":[[1587,1588,-1542,1589,1590,1591,-1567,-1478]],"properties":{"name":"広沢嵯峨天龍寺油掛町"}},{"type":"Polygon","arcs":[[1592,1593,1594,1595]],"properties":{"name":"弓削下中"}},{"type":"Polygon","arcs":[[1596,1597,1598,1599,1600]],"properties":{"name":"弓削筒江"}},{"type":"Polygon","arcs":[[-1093,1601,-1443,1602,-1439,-1535,1603]],"properties":{"name":"嵯峨嵯峨天龍寺角倉町"}},{"type":"Polygon","arcs":[[-1404,1604,-1391,1605,-1451,-974]],"properties":{"name":"嵯峨嵯峨鳥居本六反町"}},{"type":"Polygon","arcs":[[1606,-1551]],"properties":{"name":"弓削下川"}},{"type":"Polygon","arcs":[[1607,-1150,-1145,-1115,-1501,1608]],"properties":{"name":"御室御室岡ノ裾町"}},{"type":"Polygon","arcs":[[1609,-1575,-1554,1610,1611,1612,1613]],"properties":{"name":"山国小塩"}},{"type":"Polygon","arcs":[[-1573,1614,-1600,1615,1616,1617]],"properties":{"name":"弓削沢尻"}},{"type":"Polygon","arcs":[[-1586,1618,1619,-1506,-1099]],"properties":{"name":"嵯峨嵯峨亀ノ尾町"}},{"type":"Polygon","arcs":[[-1386,-1429,1620,1621]],"properties":{"name":"北梅津梅津後藤町"}},{"type":"Polygon","arcs":[[-907,-1505,-1255,-1352,1622,1623]],"properties":{"name":"嵯峨嵯峨清滝北谷町"}},{"type":"Polygon","arcs":[[-1160,-771,-526,-444,-859,1624]],"properties":{"name":"西京極西京極南庄境町"}},{"type":"Polygon","arcs":[[-1393,-1331,1625,1626,-652,-1267]],"properties":{"name":"梅津梅津南広町"}},{"type":"Polygon","arcs":[[-1590,-1541,-1481,-1195,-994,1627]],"properties":{"name":"嵯峨嵯峨天龍寺中島町"}},{"type":"Polygon","arcs":[[-1366,1628,-1399,1629]],"properties":{"name":"弓削塩田"}},{"type":"Polygon","arcs":[[-1202,-1181,1630,1631,-1111,1632,-898]],"properties":{"name":"御室谷口園町"}},{"type":"Polygon","arcs":[[-851,-551,-499,-1009]],"properties":{"name":"葛野西京極古浜町"}},{"type":"Polygon","arcs":[[-664,-1051,1633,-1164]],"properties":{"name":"嵐山嵯峨石ケ坪町"}},{"type":"Polygon","arcs":[[1634,1635,1636,1637,1638,-1486]],"properties":{"name":"周山橋北"}},{"type":"Polygon","arcs":[[1639,-1169,1640,1641,1642,-1601,-1615,-1572]],"properties":{"name":"山国井戸"}},{"type":"Polygon","arcs":[[-998,-1470,-1424,1643,-1263,1644,1645]],"properties":{"name":"嵯峨嵯峨大覚寺門前堂ノ前町"}},{"type":"Polygon","arcs":[[-1504,-965,-1276,1646,-1353,-1253]],"properties":{"name":"嵯峨嵯峨清滝町"}},{"type":"Polygon","arcs":[[-1050,-1097,-1558,1647,-1165,-1634]],"properties":{"name":"嵐山嵯峨五島町"}},{"type":"Polygon","arcs":[[1648,-1170,-1640,-1571,-1610,1649]],"properties":{"name":"黒田下黒田"}},{"type":"Polygon","arcs":[[1650,1651,1652,-1636]],"properties":{"name":"周山城山"}},{"type":"Polygon","arcs":[[-1617,1653,-1595,1654,-1510,1655]],"properties":{"name":"弓削赤石"}},{"type":"Polygon","arcs":[[-1172,1656,-1612,1657]],"properties":{"name":"黒田片波"}},{"type":"Polygon","arcs":[[1658,1659,1660,-1435,-1462]],"properties":{"name":"梅津梅津西浦町"}},{"type":"Polygon","arcs":[[-1503,1661,-975,-1317,-1336,-1584,1662,-1200]],"properties":{"name":"御室龍安寺塔ノ下町"}},{"type":"Polygon","arcs":[[-1305,-952,-1544,1663,-1322,1664]],"properties":{"name":"嵯峨北嵯峨北ノ段町"}},{"type":"Polygon","arcs":[[-1022,-1521,-1284,-464,1665,-1155]],"properties":{"name":"宇多野鳴滝春木町"}},{"type":"Polygon","arcs":[[-918,1666,-992,-996,-1194]],"properties":{"name":"嵯峨嵯峨釈迦堂門前瀬戸川町"}},{"type":"Polygon","arcs":[[-1491,-1363,1667,1668,1669,-1416]],"properties":{"name":"山国鳥居"}},{"type":"Polygon","arcs":[[-1606,-1390,-1258,-963,-1362,-1449]],"properties":{"name":"嵯峨嵯峨鳥居本一華表町"}},{"type":"Polygon","arcs":[[-1639,1670,1671,-1487]],"properties":{"name":"周山神明"}},{"type":"Polygon","arcs":[[-988,1672,1673,-1538,-1294,-1450,-1239,-1210]],"properties":{"name":"嵯峨嵯峨釈迦堂藤ノ木町"}},{"type":"Polygon","arcs":[[-1188,-1589,1674]],"properties":{"name":"嵐山嵯峨天龍寺油掛町"}},{"type":"Polygon","arcs":[[-1396,1675,-1516,-1410,-1512]],"properties":{"name":"周山矢代中"}},{"type":"Polygon","arcs":[[-930,-1498,-1198]],"properties":{"name":"御室花園円成寺町"}},{"type":"Polygon","arcs":[[1676,1677,1678,1679]],"properties":{"name":"周山栗尾"}},{"type":"Polygon","arcs":[[1680,-1598,1681,-1419]],"properties":{"name":"山国比賀江"}},{"type":"Polygon","arcs":[[-1523,1682,-901,-1008,-1057,1683]],"properties":{"name":"宕陰嵯峨越畑中ノ町"}},{"type":"Polygon","arcs":[[-1112,-1632,1684,-924,-1376,1685]],"properties":{"name":"御室龍安寺五反田町"}},{"type":"Polygon","arcs":[[-1514,1686]],"properties":{"name":"弓削室谷"}},{"type":"Polygon","arcs":[[-1275,-1354,-1647]],"properties":{"name":"嵯峨嵯峨清滝大谷町"}},{"type":"Polygon","arcs":[[-1496,-1527,-1507,-1620,1687,-1272,-1260,-1389,1688,-1402]],"properties":{"name":"嵯峨嵯峨亀山町"}},{"type":"Polygon","arcs":[[-1502,-1117,-1144,-1547,-1312,1689,1690,-829,1691,-1318,-976,-1662]],"properties":{"name":"御室御室大内"}},{"type":"Polygon","arcs":[[-1417,-1670,1692]],"properties":{"name":"山国辻"}},{"type":"Polygon","arcs":[[-134,1693,-1428,-1409,-487,-174,-160]],"properties":{"name":"北梅津梅津坂本町"}},{"type":"Polygon","arcs":[[-1580,1694,1695,-1676,-1395]],"properties":{"name":"周山下熊田"}},{"type":"Polygon","arcs":[[-1545,-1215,-938,-1104,-1327,1696]],"properties":{"name":"嵯峨北嵯峨長刀坂町"}},{"type":"Polygon","arcs":[[-1679,1697,-1652]],"properties":{"name":"周山橋向"}},{"type":"Polygon","arcs":[[-1641,-1168,1698]],"properties":{"name":"黒田芹生"}},{"type":"Polygon","arcs":[[-1599,1699,-1596,-1654,-1616]],"properties":{"name":"弓削上中"}},{"type":"Polygon","arcs":[[-1367,-1630,-1398,-1511,-1655,-1594,1700,-1668]],"properties":{"name":"弓削下弓削"}},{"type":"Polygon","arcs":[[-887,-1074,-1329,-875,-1075,-908,-1624,1701,1702,1703,-1250,-927]],"properties":{"name":"高雄梅ケ畑谷山川西"}},{"type":"Polygon","arcs":[[-1695,-1579,1704,-1671,-1638,1705,1706,1707,1708]],"properties":{"name":"宇津柏原"}},{"type":"Polygon","arcs":[[1709,-1577]],"properties":{"name":"周山八津良"}},{"type":"Polygon","arcs":[[1710,1711,1712,1713,1714,1715]],"properties":{"name":"宇津中地"}},{"type":"Polygon","arcs":[[-1454,-1045,-1338,-1280,-823,1716]],"properties":{"name":"嵯峨嵯峨小倉山堂ノ前町"}},{"type":"Polygon","arcs":[[-1446,-1587,-1468,-1440,-1603]],"properties":{"name":"嵯峨嵯峨天龍寺造路町"}},{"type":"Polygon","arcs":[[-1698,-1678,1717,1718,-1706,-1637,-1653]],"properties":{"name":"周山魚ヶ淵"}},{"type":"Polygon","arcs":[[-1365,-1490,-1581,-1394,-1629]],"properties":{"name":"周山五本松"}},{"type":"Polygon","arcs":[[-1311,1719,-1690]],"properties":{"name":"宇多野宇多野北ノ院町"}},{"type":"Polygon","arcs":[[-1309,-1177,-1218,-1054,-969,-1053,-289,-284]],"properties":{"name":"広沢嵯峨広沢北下馬野町"}},{"type":"Polygon","arcs":[[-1708,1720,1721,1722,1723]],"properties":{"name":"宇津弓槻"}},{"type":"Polygon","arcs":[[-1672,-1705,-1578,-1710,-1576,-1488]],"properties":{"name":"周山仲"}},{"type":"Polygon","arcs":[[1724,-1714,1725,-1531]],"properties":{"name":"宇津上浮井"}},{"type":"Polygon","arcs":[[-1717,-822,1726,1727,-916,-1455]],"properties":{"name":"嵯峨嵯峨釈迦堂門前裏柳町"}},{"type":"Polygon","arcs":[[-1236,-1128,-1349,-982,-1622,1728]],"properties":{"name":"梅津梅津後藤町"}},{"type":"Polygon","arcs":[[-1190,1729,-1559]],"properties":{"name":"嵐山嵯峨梅ノ木町"}},{"type":"Polygon","arcs":[[-1605,-1403,-1689,-1392]],"properties":{"name":"嵯峨嵯峨鳥居本化野町"}},{"type":"Polygon","arcs":[[-1649,1730,-1613,-1657,-1171]],"properties":{"name":"黒田上黒田"}},{"type":"Polygon","arcs":[[-826,-1529,-1539,-1674,1731,-1727]],"properties":{"name":"嵯峨嵯峨釈迦堂門前南中院町"}},{"type":"Polygon","arcs":[[-1560,-1730,-1189,-1675,-1588,-1477,1732]],"properties":{"name":"嵐山嵯峨折戸町"}},{"type":"Polygon","arcs":[[-1130,-1238,-1136,1733,-1626,-1333,1734]],"properties":{"name":"梅津梅津高畝町"}},{"type":"Polygon","arcs":[[1735,-1680,-1651,-1635,-1485]],"properties":{"name":"周山橋南"}},{"type":"Polygon","arcs":[[-1537,-1497,-1400,-972]],"properties":{"name":"嵯峨嵯峨二尊院門前善光寺山町"}},{"type":"Polygon","arcs":[[1736,1737,-1556,-1303,1738,-1660]],"properties":{"name":"梅津梅津前田町"}},{"type":"Polygon","arcs":[[-1592,1739,1740,-1174,-1308,1741,-1568]],"properties":{"name":"広沢嵯峨広沢御所ノ内町"}},{"type":"Polygon","arcs":[[-1569,-1742,-1307,-416,1742]],"properties":{"name":"広沢嵯峨甲塚町"}},{"type":"Polygon","arcs":[[-1457,1743,1744,1745,-1483]],"properties":{"name":"嵯峨嵯峨大沢落久保町"}},{"type":"Polygon","arcs":[[-1433,-1661,-1739,-1302,-431,-1408,1746]],"properties":{"name":"北梅津梅津フケノ川町"}},{"type":"Polygon","arcs":[[-1463,-1387,-980]],"properties":{"name":"梅津梅津北浦町"}},{"type":"Polygon","arcs":[[-1648,-1562,-1370,-180,-211,-1166]],"properties":{"name":"嵐山嵯峨明星町"}},{"type":"Polygon","arcs":[[-1293,-805,-732,-1206]],"properties":{"name":"葛野西京極南大入町"}},{"type":"Polygon","arcs":[[1747,1748,1749]],"properties":{"name":"細野滝"}},{"type":"Polygon","arcs":[[-899,-1633,-1110,-1270,-1162]],"properties":{"name":"御室谷口梅津間町"}},{"type":"Polygon","arcs":[[-1696,-1709,-1724,1750,-1716,1751,-1563,-1517]],"properties":{"name":"宇津明石"}},{"type":"Polygon","arcs":[[-1748,1752,1753,-1492,-1414,1754]],"properties":{"name":"細野余野"}},{"type":"Polygon","arcs":[[-1752,-1715,-1725,-1564]],"properties":{"name":"宇津粟生谷"}},{"type":"Polygon","arcs":[[1755,1756,-1645,-1262,1757,-1745]],"properties":{"name":"広沢嵯峨一本木町"}},{"type":"Polygon","arcs":[[-917,-1728,-1732,-1673,-987,-1667]],"properties":{"name":"嵯峨嵯峨釈迦堂大門町"}},{"type":"Polygon","arcs":[[-1723,1758,1759,-1711,-1751]],"properties":{"name":"宇津栃本"}},{"type":"Polygon","arcs":[[-1373,1760,-1565,-1743,-415,-194]],"properties":{"name":"嵐山嵯峨苅分町"}},{"type":"Polygon","arcs":[[-213,-281,-1442,-1060,-466]],"properties":{"name":"宇多野山越巽町"}},{"type":"Polygon","arcs":[[-1418,-1693,-1669,-1701,-1593,-1700,-1681]],"properties":{"name":"山国塔"}},{"type":"Polygon","arcs":[[-1722,1761,1762,-1759]],"properties":{"name":"細野長野"}},{"type":"Polygon","arcs":[[1763,-1703,1764,-1718,-1677,-1736,-1493,-1754]],"properties":{"name":"細野中"}},{"type":"Polygon","arcs":[[1765,1766,-1087,-1265,-1032,-224,-1001,-1269,-1330,-1029,-1151,-1608]],"properties":{"name":"御室御室双岡町"}},{"type":"Polygon","arcs":[[1767,-1382,-877,-1249,1768,-1319,-1692,-828,-1469,-417,-1288,-1351],[-1085]],"properties":{"name":"宇多野鳴滝白砂"}},{"type":"Polygon","arcs":[[1769,1770,-363,-1084]],"properties":{"name":"西院第一西院上今田町"}},{"type":"Polygon","arcs":[[-1664,-1543,-1358,-1323]],"properties":{"name":"嵯峨北嵯峨気比社町"}},{"type":"Polygon","arcs":[[-1113,-1686,-1375,1771]],"properties":{"name":"御室龍安寺斎宮町"}},{"type":"Polygon","arcs":[[1772,-1499,-929,-1256,-1208,1773]],"properties":{"name":"御室花園土堂町"}},{"type":"Polygon","arcs":[[1774,-1756,-1744,-1548,-1219,-1175,-1741]],"properties":{"name":"広沢嵯峨広沢西裏町"}},{"type":"Polygon","arcs":[[-1237,-1729,-1621,-1694,-133,-267,-260,-259,-1138]],"properties":{"name":"北梅津梅津上田町"}},{"type":"Polygon","arcs":[[1775,-1474,-1314]],"properties":{"name":"御室龍安寺朱山"}},{"type":"Polygon","arcs":[[-1628,-993,-1646,-1757,-1775,-1740,-1591]],"properties":{"name":"広沢嵯峨新宮町"}},{"type":"Polygon","arcs":[[-1460,-1557,-1738,1776]],"properties":{"name":"梅津梅津尻溝町"}},{"type":"Polygon","arcs":[[-1027,-1080,-833,-1152]],"properties":{"name":"宇多野宇多野長尾町"}},{"type":"Polygon","arcs":[[-534,-1131,-1735,-1332,-1224]],"properties":{"name":"梅津梅津石灘町"}},{"type":"Polygon","arcs":[[-1604,-1534,-1193,-1525,-1094]],"properties":{"name":"嵐山嵯峨伊勢ノ上町"}},{"type":"Polygon","arcs":[[-1372,-1561,-1733,-1566,-1761]],"properties":{"name":"嵐山嵯峨中又町"}},{"type":"Polygon","arcs":[[-1614,-1731,-1650]],"properties":{"name":"黒田宮"}},{"type":"Polygon","arcs":[[-1536,-1184]],"properties":{"name":"嵐山嵯峨天龍寺今堀町"}},{"type":"Polygon","arcs":[[-1746,-1758,-1264,-1644,-1426,-948,-1484]],"properties":{"name":"嵯峨嵯峨大沢柳井手町"}},{"type":"Polygon","arcs":[[-1071,-1368,-696]],"properties":{"name":"高雄梅ケ畑笹江辺町"}},{"type":"Polygon","arcs":[[-1750,1777,-1251,-1704,-1764,-1753]],"properties":{"name":"細野上"}},{"type":"Polygon","arcs":[[-1656,-1509,1778,-1552,-1607,-1550,-1574,-1618]],"properties":{"name":"弓削十一"}},{"type":"Polygon","arcs":[[-1420,-1682,-1597,-1643,1779]],"properties":{"name":"山国大野"}},{"type":"Polygon","arcs":[[-1765,-1702,-1623,-1357,-1062,-1346,-902,-1683,-1522,1780,-1762,-1721,-1707,-1719]],"properties":{"name":"細野下"}},{"type":"Polygon","arcs":[[-520,1781,-1770,-1083,-382]],"properties":{"name":"西院第一西院上花田町"}},{"type":"Polygon","arcs":[[-1659,-1461,-1777,-1737]],"properties":{"name":"梅津梅津中倉町"}},{"type":"Polygon","arcs":[[-1726,-1713,1782,-1532]],"properties":{"name":"宇津下浮井"}},{"type":"Polygon","arcs":[[-1106,-1234,-1306,-1665,-1321]],"properties":{"name":"嵯峨北嵯峨山王町"}},{"type":"Polygon","arcs":[[-1691,-1720,-1310,-830]],"properties":{"name":"宇多野宇多野芝町"}},{"type":"Polygon","arcs":[[-1180,-1582,-1334,-925,-1685,-1631]],"properties":{"name":"御室龍安寺西ノ川町"}},{"type":"Polygon","arcs":[[-1207,-1088,-1767,1783,-1774]],"properties":{"name":"御室花園岡ノ本町"}},{"type":"Polygon","arcs":[[-253,-148,-653,-1627,-1734,-1135,-128]],"properties":{"name":"北梅津梅津北広町"}},{"type":"Polygon","arcs":[[-1747,-1407,-1427,-1384,-1434]],"properties":{"name":"北梅津梅津林口町"}}]}},"arcs":[[[135.71038788135905,35.0150456117544],[135.70935051934492,35.014757297471064]],[[135.70935051934492,35.014757297471064],[135.7091776256759,35.01732329459277]],[[135.7091776256759,35.01732329459277],[135.70913440225866,35.018101743157786]],[[135.70913440225866,35.018101743157786],[135.71082011553162,35.018159406014455]],[[135.71082011553162,35.018159406014455],[135.71177103071125,35.018159406014455]],[[135.71177103071125,35.018159406014455],[135.71198714779752,35.01775576601778]],[[135.71198714779752,35.01775576601778],[135.71235454684418,35.016458351742756]],[[135.71235454684418,35.016458351742756],[135.71038788135905,35.0150456117544]],[[135.71237615855281,35.016458351742756],[135.71235454684418,35.016458351742756]],[[135.71198714779752,35.01775576601778],[135.71254905222185,35.01787109173112]],[[135.71254905222185,35.01787109173112],[135.71261388734771,35.01787109173112]],[[135.71261388734771,35.01787109173112],[135.71458055283287,35.01772693458945]],[[135.71458055283287,35.01772693458945],[135.7150127870054,35.0170926431661]],[[135.7150127870054,35.0170926431661],[135.71505601042267,35.0170061488811]],[[135.71505601042267,35.0170061488811],[135.71237615855281,35.016458351742756]],[[135.71250582880458,35.01074972893267],[135.7110362326179,35.010778560361004]],[[135.7110362326179,35.010778560361004],[135.71097139749202,35.01227779463436]],[[135.71097139749202,35.01227779463436],[135.71092817407475,35.01363287176605]],[[135.71092817407475,35.01363287176605],[135.71241938197008,35.01377702890772]],[[135.71241938197008,35.01377702890772],[135.71250582880458,35.01074972893267]],[[135.7136944727791,35.01377702890772],[135.71328385031518,35.01377702890772]],[[135.71328385031518,35.01377702890772],[135.71237615855281,35.016458351742756]],[[135.71505601042267,35.0170061488811],[135.71628787781447,35.0150456117544]],[[135.71628787781447,35.0150456117544],[135.7166985002784,35.01369053462272]],[[135.7166985002784,35.01369053462272],[135.7136944727791,35.01377702890772]],[[135.7166985002784,35.01369053462272],[135.7167849471129,35.0129985803427]],[[135.7167849471129,35.0129985803427],[135.71620143097996,35.01152817749768]],[[135.71620143097996,35.01152817749768],[135.7136728610705,35.012075974636026]],[[135.7136728610705,35.012075974636026],[135.7136944727791,35.01377702890772]],[[135.71090656236612,35.008558540379305],[135.71069044527985,35.008616203235974]],[[135.71069044527985,35.008616203235974],[135.71092817407475,35.010778560361004]],[[135.71092817407475,35.010778560361004],[135.7110362326179,35.010778560361004]],[[135.71250582880458,35.01074972893267],[135.7125274405132,35.00965413465599]],[[135.7125274405132,35.00965413465599],[135.71257066393048,35.008587371807636]],[[135.71257066393048,35.008587371807636],[135.71090656236612,35.008558540379305]],[[135.71097139749202,35.01227779463436],[135.7094153544708,35.012393120347696]],[[135.7094153544708,35.012393120347696],[135.70935051934492,35.01366170319438]],[[135.70935051934492,35.01366170319438],[135.71079850382299,35.01366170319438]],[[135.71079850382299,35.01366170319438],[135.71092817407475,35.01363287176605]],[[135.70935051934492,35.01366170319438],[135.70935051934492,35.014757297471064]],[[135.71038788135905,35.0150456117544],[135.71079850382299,35.01366170319438]],[[135.71378091961364,35.00962530322765],[135.7125274405132,35.00965413465599]],[[135.71241938197008,35.01377702890772],[135.71328385031518,35.01377702890772]],[[135.7136728610705,35.012075974636026],[135.71378091961364,35.00962530322765]],[[135.71674172369566,35.00956764037099],[135.71378091961364,35.00962530322765]],[[135.71620143097996,35.01152817749768],[135.71674172369566,35.00956764037099]],[[135.71674172369566,35.00956764037099],[135.71674172369566,35.008904517519305]],[[135.71674172369566,35.008904517519305],[135.71505601042267,35.008587371807636]],[[135.71505601042267,35.008587371807636],[135.71257066393048,35.008587371807636]],[[135.71069044527985,35.008616203235974],[135.70928568421903,35.008702697520974]],[[135.70928568421903,35.008702697520974],[135.70935051934492,35.010663234647666]],[[135.70935051934492,35.010663234647666],[135.71092817407475,35.010778560361004]],[[135.70744868898566,35.00971179751265],[135.70664905576643,35.010317257507666]],[[135.70664905576643,35.010317257507666],[135.7083131573308,35.01129752607101]],[[135.7083131573308,35.01129752607101],[135.70835638074803,35.01109570607267]],[[135.70835638074803,35.01109570607267],[135.70744868898566,35.00971179751265]],[[135.70935051934492,35.010663234647666],[135.70937213105356,35.01109570607267]],[[135.70937213105356,35.01109570607267],[135.7094153544708,35.012393120347696]],[[135.70898312029826,35.008731528949305],[135.70891828517236,35.006770991822606]],[[135.70891828517236,35.006770991822606],[135.7077080294892,35.006742160394275]],[[135.7077080294892,35.006742160394275],[135.70779447632373,35.0079530803843]],[[135.70779447632373,35.0079530803843],[135.70783769974096,35.008875686090974]],[[135.70783769974096,35.008875686090974],[135.70783769974096,35.00925049465931]],[[135.70783769974096,35.00925049465931],[135.70898312029826,35.008731528949305]],[[135.70664905576643,35.010317257507666],[135.70528751812287,35.010317257507666]],[[135.70528751812287,35.010317257507666],[135.70496334249347,35.010461414649335]],[[135.70496334249347,35.010461414649335],[135.70524429470564,35.01141285178435]],[[135.70524429470564,35.01141285178435],[135.70582781083857,35.011989480351026]],[[135.70582781083857,35.011989480351026],[135.70768641778056,35.01317156891271]],[[135.70768641778056,35.01317156891271],[135.7083131573308,35.01129752607101]],[[135.7037530868103,35.010461414649335],[135.70178642132518,35.010634403219335]],[[135.70178642132518,35.010634403219335],[135.70174319790792,35.01204714320769]],[[135.70174319790792,35.01204714320769],[135.70265088967028,35.01126869464268],[135.70524429470564,35.01141285178435]],[[135.70496334249347,35.010461414649335],[135.7037530868103,35.010461414649335]],[[135.71047432819358,35.006799823250944],[135.71008531743826,35.006770991822606]],[[135.71008531743826,35.006770991822606],[135.70891828517236,35.006770991822606]],[[135.70898312029826,35.008731528949305],[135.70928568421903,35.008702697520974]],[[135.71090656236612,35.008558540379305],[135.71047432819358,35.006799823250944]],[[135.70783769974096,35.00925049465931],[135.70744868898566,35.00971179751265]],[[135.70835638074803,35.01109570607267],[135.70937213105356,35.01109570607267]],[[135.71488311675364,35.006684497537606],[135.71324062689794,35.006713328965944]],[[135.71324062689794,35.006713328965944],[135.71257066393048,35.008587371807636]],[[135.71505601042267,35.008587371807636],[135.71488311675364,35.006684497537606]],[[135.70174319790792,35.01204714320769],[135.70174319790792,35.012450783204365]],[[135.70174319790792,35.012450783204365],[135.70249960770988,35.01498794889773]],[[135.70249960770988,35.01498794889773],[135.7040556507311,35.01472846604273]],[[135.7040556507311,35.01472846604273],[135.70582781083857,35.011989480351026]],[[135.71008531743826,35.006770991822606],[135.70999887060375,35.00570422897426]],[[135.70999887060375,35.00570422897426],[135.7068435611441,35.0059925432576]],[[135.7068435611441,35.0059925432576],[135.70656260893193,35.006742160394275]],[[135.70656260893193,35.006742160394275],[135.7077080294892,35.006742160394275]],[[135.70301828871695,35.01582406031942],[135.70245638429265,35.01749628316278]],[[135.70245638429265,35.01749628316278],[135.70433660294327,35.01787109173112]],[[135.70433660294327,35.01787109173112],[135.70416370927424,35.01752511459111]],[[135.70416370927424,35.01752511459111],[135.70301828871695,35.01582406031942]],[[135.70533074154014,35.00717463181928],[135.70412048585698,35.00815490038263]],[[135.70412048585698,35.00815490038263],[135.7037530868103,35.010461414649335]],[[135.70528751812287,35.010317257507666],[135.70554685862643,35.0081260689543]],[[135.70554685862643,35.0081260689543],[135.70533074154014,35.00717463181928]],[[135.70759997094606,35.01357520890938],[135.70524429470564,35.01357520890938],[135.70479044882444,35.014555477472726]],[[135.70479044882444,35.014555477472726],[135.7062384333025,35.014613140329395]],[[135.7062384333025,35.014613140329395],[135.70759997094606,35.01357520890938]],[[135.70412048585698,35.00815490038263],[135.70412048585698,35.0081260689543]],[[135.70412048585698,35.0081260689543],[135.70254283112715,35.008731528949305]],[[135.70254283112715,35.008731528949305],[135.70152708082165,35.00919283180264]],[[135.70152708082165,35.00919283180264],[135.70172158619928,35.010634403219335]],[[135.70172158619928,35.010634403219335],[135.70178642132518,35.010634403219335]],[[135.69634027075097,35.01723680030777],[135.69275272711872,35.01876486600946],[135.69149924801832,35.01994695457115]],[[135.69149924801832,35.01994695457115],[135.69322818470854,35.020062280284485]],[[135.69322818470854,35.020062280284485],[135.695756754618,35.01986046028615]],[[135.695756754618,35.01986046028615],[135.69655638783723,35.01807291172945]],[[135.69655638783723,35.01807291172945],[135.69634027075097,35.01723680030777]],[[135.70935051934492,35.01366170319438],[135.70759997094606,35.01357520890938]],[[135.7062384333025,35.014613140329395],[135.70502817761934,35.016746666026094]],[[135.70502817761934,35.016746666026094],[135.7073838538598,35.01706381173777]],[[135.7073838538598,35.01706381173777],[135.70775125290646,35.014584308901064],[135.70935051934492,35.014757297471064]],[[135.71427798891207,35.018188237442786],[135.71458055283287,35.01772693458945]],[[135.71261388734771,35.01787109173112],[135.7140834835344,35.01813057458612]],[[135.7140834835344,35.01813057458612],[135.71427798891207,35.018188237442786]],[[135.7073838538598,35.01706381173777],[135.70744868898566,35.01706381173777]],[[135.70744868898566,35.01706381173777],[135.7091776256759,35.01732329459277]],[[135.7063897152629,35.00570422897426],[135.7060871513421,35.0059060489726]],[[135.7060871513421,35.0059060489726],[135.70533074154014,35.00717463181928]],[[135.70554685862643,35.0081260689543],[135.70667066747507,35.0079530803843]],[[135.70667066747507,35.0079530803843],[135.70656260893193,35.006742160394275]],[[135.7068435611441,35.0059925432576],[135.7063897152629,35.00570422897426]],[[135.70999887060375,35.00570422897426],[135.70991242376925,35.004608634697576]],[[135.70991242376925,35.004608634697576],[135.70833476903942,35.004839286124245]],[[135.70833476903942,35.004839286124245],[135.7063897152629,35.00570422897426]],[[135.70744868898566,35.01706381173777],[135.70764319436333,35.018390057441124]],[[135.70764319436333,35.018390057441124],[135.70783769974096,35.018361226012786]],[[135.70783769974096,35.018361226012786],[135.70913440225866,35.018101743157786]],[[135.70284539504794,35.006742160394275],[135.70280217163068,35.006742160394275]],[[135.70280217163068,35.006742160394275],[135.70115968177495,35.00754944038762]],[[135.70115968177495,35.00754944038762],[135.70092195298005,35.00913516894598]],[[135.70092195298005,35.00913516894598],[135.70152708082165,35.00919283180264]],[[135.70254283112715,35.008731528949305],[135.70284539504794,35.006742160394275]],[[135.70301828871695,35.01582406031942],[135.7021970437891,35.01524743175274]],[[135.7021970437891,35.01524743175274],[135.7004897188075,35.01740978887777]],[[135.7004897188075,35.01740978887777],[135.70245638429265,35.01758277744778]],[[135.70245638429265,35.01758277744778],[135.70245638429265,35.01749628316278]],[[135.70744868898566,35.00971179751265],[135.7069948431045,35.00916400037431]],[[135.7069948431045,35.00916400037431],[135.70688678456133,35.00901984323264]],[[135.70688678456133,35.00901984323264],[135.70680033772683,35.00884685466264]],[[135.70680033772683,35.00884685466264],[135.70667066747507,35.0079530803843]],[[135.71488311675364,35.006684497537606],[135.7151640689658,35.00564656611759]],[[135.7151640689658,35.00564656611759],[135.71317579177204,35.00455097184091]],[[135.71317579177204,35.00455097184091],[135.7125274405132,35.00449330898424]],[[135.7125274405132,35.00449330898424],[135.71263549905635,35.006713328965944]],[[135.71263549905635,35.006713328965944],[135.71324062689794,35.006713328965944]],[[135.7029750652997,35.0192261688628],[135.70440143806914,35.0189666860078]],[[135.70440143806914,35.0189666860078],[135.70502817761934,35.01879369743779]],[[135.70502817761934,35.01879369743779],[135.70509301274524,35.01876486600946]],[[135.70509301274524,35.01876486600946],[135.70433660294327,35.01787109173112]],[[135.70245638429265,35.01758277744778],[135.70262927796165,35.0192261688628]],[[135.70262927796165,35.0192261688628],[135.7029750652997,35.0192261688628]],[[135.69765858497726,35.02366620882621],[135.6982421011102,35.02283009740452]],[[135.6982421011102,35.02283009740452],[135.69750730301686,35.02285892883286]],[[135.69750730301686,35.02285892883286],[135.69765858497726,35.02366620882621]],[[135.70115968177495,35.00754944038762],[135.69934429825022,35.00806840609763]],[[135.69934429825022,35.00806840609763],[135.6997116972969,35.00939465180098]],[[135.6997116972969,35.00939465180098],[135.70092195298005,35.00913516894598]],[[135.6952812970282,35.010461414649335],[135.69361719546384,35.010576740362666]],[[135.69361719546384,35.010576740362666],[135.69270950370148,35.0126526032027]],[[135.69270950370148,35.0126526032027],[135.69363880717248,35.012710266059365]],[[135.69363880717248,35.012710266059365],[135.69744246789097,35.012220131777696]],[[135.69744246789097,35.012220131777696],[135.69750730301686,35.01219130034936]],[[135.69750730301686,35.01219130034936],[135.69780986693766,35.010807391789335]],[[135.69780986693766,35.010807391789335],[135.6952812970282,35.010461414649335]],[[135.69720473909607,35.00835672038097],[135.69541096727997,35.00801074324096]],[[135.69541096727997,35.00801074324096],[135.69487067456427,35.0081260689543]],[[135.69487067456427,35.0081260689543],[135.69649155271134,35.00907750608931]],[[135.69649155271134,35.00907750608931],[135.69720473909607,35.00835672038097]],[[135.69934429825022,35.00806840609763],[135.69793953718943,35.00801074324096]],[[135.69793953718943,35.00801074324096],[135.69720473909607,35.00835672038097]],[[135.69649155271134,35.00907750608931],[135.6952812970282,35.010461414649335]],[[135.69780986693766,35.010807391789335],[135.69936590995886,35.010576740362666]],[[135.69936590995886,35.010576740362666],[135.6997116972969,35.00939465180098]],[[135.69270950370148,35.0126526032027],[135.69188825877362,35.01311390605604]],[[135.69188825877362,35.01311390605604],[135.69171536510459,35.014353657474395]],[[135.69171536510459,35.014353657474395],[135.69188825877362,35.01507444318274]],[[135.69188825877362,35.01507444318274],[135.69463294576934,35.01521860032441]],[[135.69463294576934,35.01521860032441],[135.69461133406074,35.01423833176106]],[[135.69461133406074,35.01423833176106],[135.69363880717248,35.012710266059365]],[[135.69487067456427,35.0081260689543],[135.69402781792778,35.0082990575243]],[[135.69402781792778,35.0082990575243],[135.69348752521208,35.01014426893766]],[[135.69348752521208,35.01014426893766],[135.69361719546384,35.010576740362666]],[[135.69880400553453,35.01668900316943],[135.69646994100273,35.0171791374511]],[[135.69646994100273,35.0171791374511],[135.69634027075097,35.01723680030777]],[[135.69655638783723,35.01807291172945],[135.6992362397071,35.01798641744445]],[[135.6992362397071,35.01798641744445],[135.69925785141572,35.01758277744778]],[[135.69925785141572,35.01758277744778],[135.69880400553453,35.01668900316943]],[[135.69188825877362,35.01507444318274],[135.69190987048225,35.01567990317775]],[[135.69190987048225,35.01567990317775],[135.69197470560812,35.01781342887445]],[[135.69197470560812,35.01781342887445],[135.6947626160211,35.01715030602277]],[[135.6947626160211,35.01715030602277],[135.69463294576934,35.01521860032441]],[[135.69934429825022,35.014555477472726],[135.6973776327651,35.014267163189395]],[[135.6973776327651,35.014267163189395],[135.69616737708193,35.014209500332726]],[[135.69616737708193,35.014209500332726],[135.6959944834129,35.01686199173943]],[[135.6959944834129,35.01686199173943],[135.69646994100273,35.0171791374511]],[[135.69880400553453,35.01668900316943],[135.69921462799846,35.016429520314425]],[[135.69921462799846,35.016429520314425],[135.69934429825022,35.014555477472726]],[[135.70502817761934,35.01879369743779],[135.70556847033504,35.02115787456116]],[[135.70556847033504,35.02115787456116],[135.70667066747507,35.02086956027783]],[[135.70667066747507,35.02086956027783],[135.70673550260096,35.02011994314115]],[[135.70673550260096,35.02011994314115],[135.7063897152629,35.018418888869455]],[[135.7063897152629,35.018418888869455],[135.70509301274524,35.01876486600946]],[[135.69348752521208,35.01014426893766],[135.69314173787404,35.010086606080996]],[[135.69314173787404,35.010086606080996],[135.692968844205,35.01123986321434]],[[135.692968844205,35.01123986321434],[135.69095895530262,35.01320040034104]],[[135.69095895530262,35.01320040034104],[135.69188825877362,35.01311390605604]],[[135.70150546911302,35.01986046028615],[135.70187286815968,35.02179216598451]],[[135.70187286815968,35.02179216598451],[135.70191609157695,35.02268594026285]],[[135.70191609157695,35.02268594026285],[135.70280217163068,35.02277243454785]],[[135.70280217163068,35.02277243454785],[135.70342891118088,35.02138852598784]],[[135.70342891118088,35.02138852598784],[135.7028237833393,35.01928383171947]],[[135.7028237833393,35.01928383171947],[135.70150546911302,35.01986046028615]],[[135.71395381328264,35.01882252886613],[135.71393220157404,35.018591877439455]],[[135.71393220157404,35.018591877439455],[135.7136944727791,35.01867837172446]],[[135.7136944727791,35.01867837172446],[135.71265711076498,35.01911084314947]],[[135.71265711076498,35.01911084314947],[135.71140363166458,35.01977396600115]],[[135.71140363166458,35.01977396600115],[135.71097139749202,35.02098488599116]],[[135.71097139749202,35.02098488599116],[135.71233293513558,35.0211867059895]],[[135.71233293513558,35.0211867059895],[135.71395381328264,35.01882252886613]],[[135.71140363166458,35.01977396600115],[135.71125234970418,35.01980279742948]],[[135.71125234970418,35.01980279742948],[135.70896150858962,35.02061007742282]],[[135.70896150858962,35.02061007742282],[135.7087886149206,35.02150385170117]],[[135.7087886149206,35.02150385170117],[135.7093937427622,35.02153268312951]],[[135.7093937427622,35.02153268312951],[135.70980436522612,35.02161917741451]],[[135.70980436522612,35.02161917741451],[135.71097139749202,35.02098488599116]],[[135.70440143806914,35.0189666860078],[135.70474722540717,35.02089839170616]],[[135.70474722540717,35.02089839170616],[135.70481206053307,35.02184982884118]],[[135.70481206053307,35.02184982884118],[135.70571975229544,35.02173450312784]],[[135.70571975229544,35.02173450312784],[135.70556847033504,35.02115787456116]],[[135.70667066747507,35.02086956027783],[135.7077728646151,35.02150385170117]],[[135.7077728646151,35.02150385170117],[135.70796736999273,35.020004617427816]],[[135.70796736999273,35.020004617427816],[135.70673550260096,35.02011994314115]],[[135.70896150858962,35.02061007742282],[135.7090911788414,35.01942798886114]],[[135.7090911788414,35.01942798886114],[135.70790253486686,35.01942798886114]],[[135.70790253486686,35.01942798886114],[135.70796736999273,35.020004617427816]],[[135.7077728646151,35.02150385170117],[135.7087886149206,35.02150385170117]],[[135.70571975229544,35.02173450312784],[135.70597909279897,35.022311131694515]],[[135.70597909279897,35.022311131694515],[135.70757835923743,35.02233996312285]],[[135.70757835923743,35.02233996312285],[135.70759997094606,35.022282300266184]],[[135.70759997094606,35.022282300266184],[135.7077728646151,35.02150385170117]],[[135.70768641778056,35.01317156891271],[135.70759997094606,35.01357520890938]],[[135.70783769974096,35.008875686090974],[135.70680033772683,35.00884685466264]],[[135.70688678456133,35.00901984323264],[135.7069948431045,35.00916400037431]],[[135.70172158619928,35.010634403219335],[135.70070583589379,35.010951548931004]],[[135.70070583589379,35.010951548931004],[135.69919301628983,35.01201831177936]],[[135.69919301628983,35.01201831177936],[135.70027360172122,35.012479614632696]],[[135.70027360172122,35.012479614632696],[135.70174319790792,35.012450783204365]],[[135.7125274405132,35.00449330898424],[135.70991242376925,35.004608634697576]],[[135.71047432819358,35.006799823250944],[135.71263549905635,35.006713328965944]],[[135.71674172369566,35.008904517519305],[135.71594209047643,35.00567539754592]],[[135.71594209047643,35.00567539754592],[135.7151640689658,35.00564656611759]],[[135.70779447632373,35.0079530803843],[135.70667066747507,35.0079530803843]],[[135.7060871513421,35.0059060489726],[135.70541718837464,35.00596371182926]],[[135.70541718837464,35.00596371182926],[135.70485528395034,35.0059925432576]],[[135.70485528395034,35.0059925432576],[135.7048336722417,35.0059925432576]],[[135.7048336722417,35.0059925432576],[135.70412048585698,35.0081260689543]],[[135.7040556507311,35.01472846604273],[135.70479044882444,35.014555477472726]],[[135.70249960770988,35.01498794889773],[135.70189447986832,35.0151321060394]],[[135.70189447986832,35.0151321060394],[135.7021970437891,35.01524743175274]],[[135.70416370927424,35.01752511459111],[135.70502817761934,35.016746666026094]],[[135.69936590995886,35.010576740362666],[135.70070583589379,35.010951548931004]],[[135.7048336722417,35.0059925432576],[135.70284539504794,35.006742160394275]],[[135.70764319436333,35.018390057441124],[135.7063897152629,35.018418888869455]],[[135.70790253486686,35.01942798886114],[135.70783769974096,35.018361226012786]],[[135.69921462799846,35.020465920281154],[135.69927946312436,35.02043708885282]],[[135.69927946312436,35.02043708885282],[135.69921462799846,35.0193991574328]],[[135.69921462799846,35.0193991574328],[135.695756754618,35.01986046028615]],[[135.695756754618,35.01986046028615],[135.69627543562507,35.02121553741783]],[[135.69627543562507,35.02121553741783],[135.69921462799846,35.020465920281154]],[[135.69934429825022,35.01934149457614],[135.69921462799846,35.0193991574328]],[[135.69927946312436,35.02043708885282],[135.70150546911302,35.01986046028615]],[[135.7028237833393,35.01928383171947],[135.7029750652997,35.0192261688628]],[[135.70262927796165,35.0192261688628],[135.69934429825022,35.01934149457614]],[[135.69921462799846,35.020465920281154],[135.6993875216675,35.02170567169951]],[[135.6993875216675,35.02170567169951],[135.70020876659535,35.02179216598451]],[[135.70020876659535,35.02179216598451],[135.70187286815968,35.02179216598451]],[[135.6954541906972,35.02164800884284],[135.69493550969014,35.022051648839515]],[[135.69493550969014,35.022051648839515],[135.69480583943837,35.022166974552846]],[[135.69480583943837,35.022166974552846],[135.6945897223521,35.023810365967876]],[[135.6945897223521,35.023810365967876],[135.69618898879057,35.02455998310455]],[[135.69618898879057,35.02455998310455],[135.69765858497726,35.02366620882621]],[[135.69750730301686,35.02285892883286],[135.6954541906972,35.02164800884284]],[[135.696686058089,35.0252807688129],[135.69618898879057,35.02455998310455]],[[135.6945897223521,35.023810365967876],[135.69441682868307,35.02455998310455]],[[135.69441682868307,35.02455998310455],[135.69627543562507,35.02565557738124]],[[135.69627543562507,35.02565557738124],[135.696686058089,35.0252807688129]],[[135.69627543562507,35.02121553741783],[135.6954541906972,35.02164800884284]],[[135.6982421011102,35.02283009740452],[135.6993875216675,35.02170567169951]],[[135.7090911788414,35.01942798886114],[135.70913440225866,35.018101743157786]],[[135.70342891118088,35.02138852598784],[135.70474722540717,35.02089839170616]],[[135.70759997094606,35.022282300266184],[135.70835638074803,35.02369504025454]],[[135.70835638074803,35.02369504025454],[135.70876700321196,35.023810365967876]],[[135.70876700321196,35.023810365967876],[135.7088534500465,35.02366620882621]],[[135.7088534500465,35.02366620882621],[135.70919923738452,35.022397625979515]],[[135.70919923738452,35.022397625979515],[135.7093937427622,35.02153268312951]],[[135.71207359463205,35.018101743157786],[135.71177103071125,35.018159406014455]],[[135.71082011553162,35.018159406014455],[135.71125234970418,35.01980279742948]],[[135.71265711076498,35.01911084314947],[135.71207359463205,35.018101743157786]],[[135.70280217163068,35.02277243454785],[135.70319118238598,35.02283009740452]],[[135.70319118238598,35.02283009740452],[135.7047688371158,35.022080480267846]],[[135.7047688371158,35.022080480267846],[135.70481206053307,35.02184982884118]],[[135.7136944727791,35.01867837172446],[135.7140834835344,35.01813057458612]],[[135.71254905222185,35.01787109173112],[135.71207359463205,35.018101743157786]],[[135.72581864131934,35.02107138027616],[135.7255376891072,35.022224637409515]],[[135.7255376891072,35.022224637409515],[135.72551607739857,35.022282300266184]],[[135.72551607739857,35.022282300266184],[135.72581864131934,35.02107138027616]],[[135.70919923738452,35.022397625979515],[135.70980436522612,35.02161917741451]],[[135.72281461382008,35.02308958025953],[135.72326845970127,35.02432933167788]],[[135.72326845970127,35.02432933167788],[135.72305234261498,35.025943891664575]],[[135.72305234261498,35.025943891664575],[135.72398164608597,35.0253672630979]],[[135.72398164608597,35.0253672630979],[135.7240680929205,35.02248412026452]],[[135.7240680929205,35.02248412026452],[135.72281461382008,35.02308958025953]],[[135.72581864131934,35.02107138027616],[135.72558091252444,35.02107138027616]],[[135.72558091252444,35.02107138027616],[135.72404648121187,35.02107138027616]],[[135.72404648121187,35.02107138027616],[135.7240032577946,35.02107138027616]],[[135.7240032577946,35.02107138027616],[135.7240680929205,35.022311131694515]],[[135.7240680929205,35.022311131694515],[135.7255376891072,35.022224637409515]],[[135.72558091252444,35.018505383154455],[135.7240897046291,35.018505383154455]],[[135.7240897046291,35.018505383154455],[135.7240680929205,35.0190531802928]],[[135.7240680929205,35.0190531802928],[135.72402486950324,35.01977396600115]],[[135.72402486950324,35.01977396600115],[135.7255593008158,35.01980279742948]],[[135.7255593008158,35.01980279742948],[135.72558091252444,35.018505383154455]],[[135.72402486950324,35.01977396600115],[135.72404648121187,35.02107138027616]],[[135.72558091252444,35.02107138027616],[135.7255593008158,35.01980279742948]],[[135.7004897188075,35.01740978887777],[135.69925785141572,35.01758277744778]],[[135.6992362397071,35.01798641744445],[135.69934429825022,35.01934149457614]],[[135.69919301628983,35.01201831177936],[135.69750730301686,35.01219130034936]],[[135.69744246789097,35.012220131777696],[135.6973776327651,35.014267163189395]],[[135.69934429825022,35.014555477472726],[135.69981975584002,35.014670803186064]],[[135.69981975584002,35.014670803186064],[135.70027360172122,35.012479614632696]],[[135.69921462799846,35.016429520314425],[135.70189447986832,35.0151321060394]],[[135.70189447986832,35.0151321060394],[135.69981975584002,35.014670803186064]],[[135.71548824459524,35.01715030602277],[135.71713073445096,35.0171791374511]],[[135.71713073445096,35.0171791374511],[135.7179519793788,35.01723680030777]],[[135.7179519793788,35.01723680030777],[135.71905417651882,35.0172656317361]],[[135.71905417651882,35.0172656317361],[135.7186435540549,35.015881723176086]],[[135.7186435540549,35.015881723176086],[135.71799520279606,35.01593938603275]],[[135.71799520279606,35.01593938603275],[135.7164607714835,35.016429520314425],[135.71628787781447,35.0150456117544]],[[135.7150127870054,35.0170926431661],[135.71548824459524,35.01715030602277]],[[135.71808164963056,35.01761160887611],[135.7179519793788,35.01723680030777]],[[135.71713073445096,35.0171791374511],[135.71674172369566,35.020638908851154]],[[135.71674172369566,35.020638908851154],[135.71818970817372,35.0211002117045]],[[135.71818970817372,35.0211002117045],[135.71808164963056,35.01761160887611]],[[135.73009775962765,35.00426265755757],[135.7285633283151,35.00391668041757]],[[135.7285633283151,35.00391668041757],[135.72821754097703,35.00495461183758]],[[135.72821754097703,35.00495461183758],[135.72819592926842,35.00573306040259]],[[135.72819592926842,35.00573306040259],[135.73016259475355,35.00573306040259]],[[135.73016259475355,35.00573306040259],[135.73016259475355,35.00561773468926]],[[135.73016259475355,35.00561773468926],[135.73009775962765,35.00426265755757]],[[135.72419776317227,35.01591055460442],[135.7240680929205,35.01723680030777]],[[135.7240680929205,35.01723680030777],[135.72558091252444,35.01729446316444]],[[135.72558091252444,35.01729446316444],[135.72419776317227,35.01591055460442]],[[135.7240680929205,35.02248412026452],[135.7240680929205,35.022311131694515]],[[135.7240032577946,35.02107138027616],[135.72251204989928,35.02101371741949]],[[135.72251204989928,35.02101371741949],[135.7215179113024,35.02098488599116]],[[135.7215179113024,35.02098488599116],[135.72281461382008,35.02308958025953]],[[135.73139446214535,35.00581955468759],[135.73126479189358,35.00749177753095]],[[135.73126479189358,35.00749177753095],[135.73282083491478,35.00757827181595]],[[135.73282083491478,35.00757827181595],[135.7328424466234,35.0059925432576]],[[135.7328424466234,35.0059925432576],[135.73139446214535,35.00581955468759]],[[135.7225336616079,35.018390057441124],[135.7225336616079,35.01723680030777]],[[135.7225336616079,35.01723680030777],[135.72112890054711,35.01723680030777]],[[135.72112890054711,35.01723680030777],[135.71905417651882,35.0172656317361]],[[135.71808164963056,35.01761160887611],[135.71955124581726,35.01853421458279]],[[135.71955124581726,35.01853421458279],[135.72153952301105,35.01899551743613]],[[135.72153952301105,35.01899551743613],[135.7225336616079,35.018390057441124]],[[135.72549446568993,34.998669360460816],[135.72551607739857,34.99990911187917]],[[135.72551607739857,34.99990911187917],[135.7254728539813,35.00143717758086]],[[135.7254728539813,35.00143717758086],[135.7254728539813,35.00227328900254]],[[135.7254728539813,35.00227328900254],[135.72720179067153,35.00233095185921]],[[135.72720179067153,35.00233095185921],[135.7271801789629,35.00019742616251]],[[135.7271801789629,35.00019742616251],[135.72683439162486,34.99990911187917]],[[135.72683439162486,34.99990911187917],[135.72549446568993,34.998669360460816]],[[135.71548824459524,35.018361226012786],[135.71548824459524,35.01715030602277]],[[135.71427798891207,35.018188237442786],[135.71548824459524,35.018361226012786]],[[135.72819592926842,35.00573306040259],[135.72780691851312,35.00720346324761]],[[135.72780691851312,35.00720346324761],[135.72994647766726,35.00720346324761]],[[135.72994647766726,35.00720346324761],[135.73016259475355,35.00573306040259]],[[135.7330153402924,34.99670882333412],[135.73171863777475,34.996593497620786]],[[135.73171863777475,34.996593497620786],[135.73165380264888,34.998784686174155]],[[135.73165380264888,34.998784686174155],[135.73163219094025,34.998928843315824]],[[135.73163219094025,34.998928843315824],[135.7328424466234,34.999015337600824]],[[135.7328424466234,34.999015337600824],[135.7330153402924,34.99670882333412]],[[135.7257105827762,35.00556007183259],[135.72573219448483,35.00579072325926]],[[135.72573219448483,35.00579072325926],[135.7257105827762,35.00556007183259]],[[135.72264172015105,34.99601686905411],[135.7196376926518,34.99601686905411]],[[135.7196376926518,34.99601686905411],[135.71959446923452,34.998640529032485]],[[135.71959446923452,34.998640529032485],[135.7195728575259,34.99990911187917]],[[135.7195728575259,34.99990911187917],[135.7226201084424,34.99988028045084]],[[135.7226201084424,34.99988028045084],[135.72264172015105,34.99601686905411]],[[135.72006992682435,35.011989480351026],[135.7226201084424,35.01190298606602]],[[135.7226201084424,35.01190298606602],[135.72421937488087,35.01178766035269]],[[135.72421937488087,35.01178766035269],[135.72417615146364,35.01089388607434]],[[135.72417615146364,35.01089388607434],[135.72236076793888,35.010865054646004]],[[135.72236076793888,35.010865054646004],[135.72132340592475,35.01089388607434]],[[135.72132340592475,35.01089388607434],[135.7198754214467,35.010865054646004]],[[135.7198754214467,35.010865054646004],[135.72006992682435,35.011989480351026]],[[135.7240680929205,35.01723680030777],[135.7240897046291,35.018505383154455]],[[135.72558091252444,35.018505383154455],[135.72558091252444,35.01729446316444]],[[135.71836260184273,34.98598353199395],[135.7181032613392,34.987453934838975]],[[135.7181032613392,34.987453934838975],[135.71860033063766,34.98834770911732]],[[135.71860033063766,34.98834770911732],[135.72039410245375,34.987540429123975]],[[135.72039410245375,34.987540429123975],[135.71976736290355,34.985522229140614]],[[135.71976736290355,34.985522229140614],[135.71836260184273,34.98598353199395]],[[135.71818970817372,35.0211002117045],[135.7188596711412,35.02107138027616]],[[135.7188596711412,35.02107138027616],[135.7194864106914,35.02104254884783]],[[135.7194864106914,35.02104254884783],[135.71946479898276,35.01977396600115]],[[135.71946479898276,35.01977396600115],[135.71955124581726,35.01853421458279]],[[135.6959944834129,35.01686199173943],[135.6947626160211,35.01715030602277]],[[135.69197470560812,35.01781342887445],[135.69197470560812,35.018159406014455]],[[135.69197470560812,35.018159406014455],[135.69149924801832,35.01994695457115]],[[135.70489850736757,35.03326707446135],[135.70671389089233,35.03427617445303],[135.70695161968723,35.032373300183]],[[135.70695161968723,35.032373300183],[135.7069300079786,35.031883165901334]],[[135.7069300079786,35.031883165901334],[135.70634649184566,35.03119121162132]],[[135.70634649184566,35.03119121162132],[135.7049849542021,35.031969660186334]],[[135.7049849542021,35.031969660186334],[135.70489850736757,35.03326707446135]],[[135.71875161259803,34.98416715200892],[135.7175413569149,34.98298506344724]],[[135.7175413569149,34.98298506344724],[135.71637432464897,34.98425364629393]],[[135.71637432464897,34.98425364629393],[135.71875161259803,34.98416715200892]],[[135.7240680929205,35.0190531802928],[135.72251204989928,35.01925500029114]],[[135.72251204989928,35.01925500029114],[135.72251204989928,35.02101371741949]],[[135.69415748817954,35.006280857540936],[135.69232049294618,35.008645034664305]],[[135.69232049294618,35.008645034664305],[135.69402781792778,35.0082990575243]],[[135.69541096727997,35.00801074324096],[135.69558386094897,35.00717463181928]],[[135.69558386094897,35.00717463181928],[135.69554063753174,35.00654034039594]],[[135.69554063753174,35.00654034039594],[135.69415748817954,35.006280857540936]],[[135.71890289455843,35.015881723176086],[135.7186435540549,35.015881723176086]],[[135.72112890054711,35.01723680030777],[135.72112890054711,35.01579522889108]],[[135.72112890054711,35.01579522889108],[135.72030765561925,35.01576639746275]],[[135.72030765561925,35.01576639746275],[135.71890289455843,35.015881723176086]],[[135.72916845615666,34.996593497620786],[135.7281743175598,34.996593497620786]],[[135.7281743175598,34.996593497620786],[135.72823915268566,34.99855403474748]],[[135.72823915268566,34.99855403474748],[135.7282607643943,34.998727023317485]],[[135.7282607643943,34.998727023317485],[135.7284984931892,34.999217157599155]],[[135.7284984931892,34.999217157599155],[135.72929812640842,34.998900011887486]],[[135.72929812640842,34.998900011887486],[135.72916845615666,34.996593497620786]],[[135.7226849435683,34.991432671949035],[135.72266333185968,34.99241294051239]],[[135.72266333185968,34.99241294051239],[135.72564574765033,34.99249943479739]],[[135.72564574765033,34.99249943479739],[135.72566735935897,34.991432671949035]],[[135.72566735935897,34.991432671949035],[135.72428421000677,34.99146150337737]],[[135.72428421000677,34.99146150337737],[135.7226849435683,34.991432671949035]],[[135.7178655325443,34.98854952911566],[135.7177790857098,34.98854952911566]],[[135.7177790857098,34.98854952911566],[135.71758458033213,34.98964512339234]],[[135.71758458033213,34.98964512339234],[135.71730362811996,34.991144357665696]],[[135.71730362811996,34.991144357665696],[135.7178655325443,34.991259683379035]],[[135.7178655325443,34.991259683379035],[135.71797359108743,34.99053889767069]],[[135.71797359108743,34.99053889767069],[135.71799520279606,34.99019292053069]],[[135.71799520279606,34.99019292053069],[135.7178655325443,34.98854952911566]],[[135.7186435540549,34.98488793771727],[135.71814648475646,34.98488793771727]],[[135.71814648475646,34.98488793771727],[135.71751974520626,34.98589703770895]],[[135.71751974520626,34.98589703770895],[135.71715234615957,34.987223283412305]],[[135.71715234615957,34.987223283412305],[135.7177790857098,34.98854952911566]],[[135.7178655325443,34.98854952911566],[135.7181032613392,34.987453934838975]],[[135.71836260184273,34.98598353199395],[135.7186435540549,34.98488793771727]],[[135.71535857434347,34.98431130915059],[135.7150776221313,34.98468611771893]],[[135.7150776221313,34.98468611771893],[135.7152289040917,34.98575288056728]],[[135.7152289040917,34.98575288056728],[135.71637432464897,34.984916769145606]],[[135.71637432464897,34.984916769145606],[135.71535857434347,34.98431130915059]],[[135.7035153580154,35.02464647738955],[135.70293184188245,35.02346438882787]],[[135.70293184188245,35.02346438882787],[135.70191609157695,35.02268594026285]],[[135.70191609157695,35.02268594026285],[135.70072744760242,35.02337789454287]],[[135.70072744760242,35.02337789454287],[135.6990849577467,35.0252807688129],[135.69562708436624,35.02678000308625]],[[135.69562708436624,35.02678000308625],[135.69547580240584,35.02721247451126]],[[135.69547580240584,35.02721247451126],[135.6986095001569,35.02735663165293]],[[135.6986095001569,35.02735663165293],[135.70012231976082,35.026030385949575],[135.70038166026436,35.0275872830796]],[[135.70038166026436,35.0275872830796],[135.7035153580154,35.02464647738955]],[[135.72257688502518,35.004695128982576],[135.72132340592475,35.004723960410914]],[[135.72132340592475,35.004723960410914],[135.72108567712985,35.00593488040093]],[[135.72108567712985,35.00593488040093],[135.72099923029535,35.00685748610761]],[[135.72099923029535,35.00685748610761],[135.7229226723632,35.006742160394275]],[[135.7229226723632,35.006742160394275],[135.72257688502518,35.004695128982576]],[[135.72266333185968,34.99241294051239],[135.72264172015105,34.99428698335408]],[[135.72264172015105,34.99428698335408],[135.72564574765033,34.99425815192575]],[[135.72564574765033,34.99425815192575],[135.72564574765033,34.99249943479739]],[[135.72251204989928,35.01925500029114],[135.72156113471965,35.01968747171614]],[[135.72156113471965,35.01968747171614],[135.7215179113024,35.02098488599116]],[[135.67695456811177,35.06408787135016],[135.67902929214003,35.060801088520115],[135.6806285585785,35.061291222801785]],[[135.6806285585785,35.061291222801785],[135.68071500541302,35.05982081995676],[135.67831610575533,35.05817742854174]],[[135.67831610575533,35.05817742854174],[135.6776677544965,35.05832158568341]],[[135.6776677544965,35.05832158568341],[135.6752040197129,35.06054160566511],[135.67695456811177,35.06408787135016]],[[135.69843660648786,35.00743411467428],[135.69558386094897,35.00717463181928]],[[135.69793953718943,35.00801074324096],[135.69843660648786,35.00743411467428]],[[135.72266333185968,34.99241294051239],[135.71970252777766,34.99235527765572]],[[135.71970252777766,34.99235527765572],[135.71965930436042,34.993393209075734]],[[135.71965930436042,34.993393209075734],[135.71976736290355,34.9934508719324]],[[135.71976736290355,34.9934508719324],[135.72264172015105,34.99601686905411]],[[135.72264172015105,34.99601686905411],[135.7228362255287,34.99601686905411]],[[135.7228362255287,34.99601686905411],[135.7231604011581,34.99601686905411]],[[135.7231604011581,34.99601686905411],[135.72264172015105,34.99428698335408]],[[135.7183193784255,35.00910633751764],[135.71834099013412,35.00844321466597]],[[135.71834099013412,35.00844321466597],[135.71674172369566,35.008904517519305]],[[135.7167849471129,35.0129985803427],[135.71836260184273,35.01005777465266]],[[135.71836260184273,35.01005777465266],[135.7183193784255,35.00910633751764]],[[135.71181425412848,34.99065422338403],[135.71235454684418,34.98947213482234]],[[135.71235454684418,34.98947213482234],[135.71293806297714,34.98843420340233]],[[135.71293806297714,34.98843420340233],[135.71341352056695,34.98647366627563]],[[135.71341352056695,34.98647366627563],[135.7127435575995,34.98480144343227]],[[135.7127435575995,34.98480144343227],[135.71069044527985,34.988751349114],[135.71038788135905,34.990798380525696]],[[135.71038788135905,34.990798380525696],[135.71181425412848,34.99065422338403]],[[135.7254728539813,35.00342654613589],[135.72564574765033,35.004723960410914]],[[135.72564574765033,35.004723960410914],[135.72821754097703,35.00495461183758]],[[135.7285633283151,35.00391668041757],[135.7281743175598,35.00348420899256]],[[135.7281743175598,35.00348420899256],[135.7254728539813,35.00342654613589]],[[135.72564574765033,34.99601686905411],[135.72564574765033,34.99425815192575]],[[135.7231604011581,34.99601686905411],[135.72564574765033,34.99601686905411]],[[135.7285633283151,34.99385451192907],[135.72791497705626,34.99428698335408]],[[135.72791497705626,34.99428698335408],[135.72823915268566,34.99428698335408]],[[135.72823915268566,34.99428698335408],[135.7285633283151,34.99385451192907]],[[135.72564574765033,35.004723960410914],[135.72564574765033,35.004810454695914]],[[135.72564574765033,35.004810454695914],[135.7257105827762,35.00556007183259]],[[135.72573219448483,35.00579072325926],[135.7257105827762,35.006655666109275]],[[135.7257105827762,35.006655666109275],[135.7257105827762,35.00685748610761]],[[135.7257105827762,35.00685748610761],[135.72711534383703,35.008327888952635]],[[135.72711534383703,35.008327888952635],[135.727871753639,35.008327888952635]],[[135.727871753639,35.008327888952635],[135.72780691851312,35.00720346324761]],[[135.72006992682435,35.011989480351026],[135.71994025657258,35.01345988319605]],[[135.71994025657258,35.01345988319605],[135.72272816698558,35.01354637748105]],[[135.72272816698558,35.01354637748105],[135.7226201084424,35.01190298606602]],[[135.7264669925782,34.99022175195902],[135.72434904513264,34.99022175195902]],[[135.72434904513264,34.99022175195902],[135.72428421000677,34.99146150337737]],[[135.72566735935897,34.991432671949035],[135.7264669925782,34.99146150337737]],[[135.7264669925782,34.99146150337737],[135.7264669925782,34.99022175195902]],[[135.72419776317227,35.01591055460442],[135.72264172015105,35.01593938603275]],[[135.72264172015105,35.01593938603275],[135.7225336616079,35.01723680030777]],[[135.7225336616079,35.01723680030777],[135.7240680929205,35.01723680030777]],[[135.70682194943547,34.99794857475247],[135.7045959434468,34.999044169029155]],[[135.7045959434468,34.999044169029155],[135.7050714010366,35.0000244375925]],[[135.7050714010366,35.0000244375925],[135.70550363520917,35.00123535758252]],[[135.70550363520917,35.00123535758252],[135.70779447632373,35.00074522330085]],[[135.70779447632373,35.00074522330085],[135.70682194943547,34.99794857475247]],[[135.71689300565603,35.00553124040426],[135.715617914847,35.004752791839245]],[[135.715617914847,35.004752791839245],[135.71594209047643,35.00567539754592]],[[135.71834099013412,35.00844321466597],[135.7194864106914,35.008270226095966]],[[135.7194864106914,35.008270226095966],[135.71803842621333,35.00824139466763],[135.7181680964651,35.006338520397605],[135.71689300565603,35.00553124040426]],[[135.69461133406074,35.01423833176106],[135.69616737708193,35.014209500332726]],[[135.71466699966737,34.99074071766903],[135.71596370218504,34.99146150337737]],[[135.71596370218504,34.99146150337737],[135.71637432464897,34.991346177664035]],[[135.71637432464897,34.991346177664035],[135.71682817053016,34.99056772909903]],[[135.71682817053016,34.99056772909903],[135.71466699966737,34.99074071766903]],[[135.71875161259803,35.014411320331064],[135.71890289455843,35.015881723176086]],[[135.72030765561925,35.01576639746275],[135.72013476195022,35.014613140329395]],[[135.72013476195022,35.014613140329395],[135.71875161259803,35.014411320331064]],[[135.71287322785128,34.98973161767734],[135.71293806297714,34.989529797679005]],[[135.71293806297714,34.989529797679005],[135.7133702971497,34.98817472054732]],[[135.7133702971497,34.98817472054732],[135.71293806297714,34.98843420340233]],[[135.71235454684418,34.98947213482234],[135.71270033418224,34.98964512339234]],[[135.71270033418224,34.98964512339234],[135.71287322785128,34.98973161767734]],[[135.72441388025854,35.00342654613589],[135.72413292804637,35.004839286124245]],[[135.72413292804637,35.004839286124245],[135.72564574765033,35.004810454695914]],[[135.7254728539813,35.00342654613589],[135.7254728539813,35.00336888327922]],[[135.7254728539813,35.00336888327922],[135.72441388025854,35.00342654613589]],[[135.73288567004064,35.00357070327756],[135.7329937285838,35.00273459185588]],[[135.7329937285838,35.00273459185588],[135.73141607385395,35.00296524328255]],[[135.73141607385395,35.00296524328255],[135.73076772259512,35.003022906139215]],[[135.73076772259512,35.003022906139215],[135.73076772259512,35.00328238899422]],[[135.73076772259512,35.00328238899422],[135.73128640360218,35.00357070327756]],[[135.73128640360218,35.00357070327756],[135.73189153144378,35.00357070327756]],[[135.73189153144378,35.00357070327756],[135.73288567004064,35.00357070327756]],[[135.73074611088649,34.99382568050074],[135.7292765146998,34.99388334335741]],[[135.7292765146998,34.99388334335741],[135.7292765146998,34.99561322905743]],[[135.7292765146998,34.99561322905743],[135.73065966405198,34.9956708919141]],[[135.73065966405198,34.9956708919141],[135.73065966405198,34.9954114090591]],[[135.73065966405198,34.9954114090591],[135.73074611088649,34.99382568050074]],[[135.73154574410572,35.00083171758585],[135.73141607385395,35.00296524328255]],[[135.7329937285838,35.00273459185588],[135.73305856370968,35.000889380442516]],[[135.73305856370968,35.000889380442516],[135.73154574410572,35.00083171758585]],[[135.7194864106914,35.02104254884783],[135.7215179113024,35.02098488599116]],[[135.72156113471965,35.01968747171614],[135.71946479898276,35.01977396600115]],[[135.7290387859049,35.0019849747192],[135.73001131279315,35.00259043471421]],[[135.73001131279315,35.00259043471421],[135.7290387859049,35.0019849747192]],[[135.73163219094025,34.998928843315824],[135.7315241323971,35.00083171758585]],[[135.7315241323971,35.00083171758585],[135.73154574410572,35.00083171758585]],[[135.73305856370968,35.000889380442516],[135.7328424466234,34.999015337600824]],[[135.72104245371258,35.008270226095966],[135.71985380973805,35.008270226095966]],[[135.71985380973805,35.008270226095966],[135.71981058632082,35.00956764037099]],[[135.71981058632082,35.00956764037099],[135.72119373567298,35.00965413465599]],[[135.72119373567298,35.00965413465599],[135.72225270939575,35.00962530322765]],[[135.72225270939575,35.00962530322765],[135.7222094859785,35.0082990575243]],[[135.7222094859785,35.0082990575243],[135.72104245371258,35.008270226095966]],[[135.71620143097996,34.98154349203055],[135.71602853731093,34.979438797762185],[135.7133054620238,34.98359052344225]],[[135.7133054620238,34.98359052344225],[135.71503439871404,34.98416715200892]],[[135.71503439871404,34.98416715200892],[135.71620143097996,34.98154349203055]],[[135.71548824459524,35.018361226012786],[135.7155530797211,35.02003344885615]],[[135.7155530797211,35.02003344885615],[135.71574758509877,35.02043708885282]],[[135.71574758509877,35.02043708885282],[135.71674172369566,35.020638908851154]],[[135.7226201084424,34.99988028045084],[135.72551607739857,34.99990911187917]],[[135.72549446568993,34.998669360460816],[135.7228362255287,34.99601686905411]],[[135.716547218318,34.98488793771727],[135.7172387929941,34.98488793771727]],[[135.7172387929941,34.98488793771727],[135.71814648475646,34.98488793771727]],[[135.7186435540549,34.98488793771727],[135.7187083891808,34.9846572862906]],[[135.7187083891808,34.9846572862906],[135.71875161259803,34.98416715200892]],[[135.71637432464897,34.98425364629393],[135.71535857434347,34.98431130915059]],[[135.71637432464897,34.984916769145606],[135.716547218318,34.98488793771727]],[[135.7225336616079,35.018390057441124],[135.72251204989928,35.01925500029114]],[[135.73165380264888,34.998784686174155],[135.73070288746925,34.998928843315824]],[[135.73070288746925,34.998928843315824],[135.73068127576062,34.998928843315824]],[[135.73068127576062,34.998928843315824],[135.73070288746925,35.000947043299185]],[[135.73070288746925,35.000947043299185],[135.7315241323971,35.00083171758585]],[[135.7254728539813,35.00336888327922],[135.7254728539813,35.00227328900254]],[[135.7254728539813,35.00143717758086],[135.7225984967338,35.00083171758585]],[[135.7225984967338,35.00083171758585],[135.7225336616079,35.00348420899256]],[[135.7225336616079,35.00348420899256],[135.72441388025854,35.00342654613589]],[[135.71860033063766,35.01328689462604],[135.7187083891808,35.01374819747938]],[[135.7187083891808,35.01374819747938],[135.71875161259803,35.014411320331064]],[[135.72013476195022,35.014613140329395],[135.72246882648204,35.014757297471064]],[[135.72246882648204,35.014757297471064],[135.72272816698558,35.01354637748105]],[[135.71994025657258,35.01345988319605],[135.71860033063766,35.01328689462604]],[[135.72413292804637,35.01507444318274],[135.72246882648204,35.014757297471064]],[[135.72246882648204,35.014757297471064],[135.72255527331654,35.01579522889108]],[[135.72255527331654,35.01579522889108],[135.72264172015105,35.01593938603275]],[[135.72419776317227,35.01591055460442],[135.72413292804637,35.01507444318274]],[[135.71981058632082,35.00956764037099],[135.7183193784255,35.00910633751764]],[[135.71836260184273,35.01005777465266],[135.71836260184273,35.01083622321767]],[[135.71836260184273,35.01083622321767],[135.7198754214467,35.010865054646004]],[[135.72132340592475,35.01089388607434],[135.72119373567298,35.00965413465599]],[[135.72136662934201,35.00348420899256],[135.72132340592475,35.004723960410914]],[[135.72257688502518,35.004695128982576],[135.72413292804637,35.004839286124245]],[[135.7225336616079,35.00348420899256],[135.72136662934201,35.00348420899256]],[[135.7197889746122,35.00354187184922],[135.7196376926518,35.004666297554245]],[[135.7196376926518,35.004666297554245],[135.71952963410865,35.00596371182926]],[[135.71952963410865,35.00596371182926],[135.72108567712985,35.00593488040093]],[[135.72136662934201,35.00348420899256],[135.7197889746122,35.00354187184922]],[[135.72607798182287,34.985464566283945],[135.72596992327973,34.98684847484397],[135.72434904513264,34.98779991197898]],[[135.72434904513264,34.98779991197898],[135.72715856725426,34.98774224912231]],[[135.72715856725426,34.98774224912231],[135.72722340238016,34.985522229140614],[135.72607798182287,34.985464566283945]],[[135.73016259475355,35.00561773468926],[135.73139446214535,35.00581955468759]],[[135.73139446214535,35.00581955468759],[135.73128640360218,35.0040320061309]],[[135.73128640360218,35.0040320061309],[135.73009775962765,35.00426265755757]],[[135.72255527331654,35.01579522889108],[135.72112890054711,35.01579522889108]],[[135.72236076793888,35.010865054646004],[135.722295932813,35.00962530322765]],[[135.722295932813,35.00962530322765],[135.72225270939575,35.00962530322765]],[[135.7226201084424,34.99988028045084],[135.7225984967338,35.00083171758585]],[[135.7281743175598,35.00322472613755],[135.72819592926842,35.00233095185921]],[[135.72819592926842,35.00233095185921],[135.72720179067153,35.00233095185921]],[[135.7281743175598,35.00348420899256],[135.7281743175598,35.00322472613755]],[[135.71758458033213,34.98964512339234],[135.71682817053016,34.99056772909903]],[[135.71637432464897,34.991346177664035],[135.71728201641133,34.991403840520704]],[[135.71728201641133,34.991403840520704],[135.71730362811996,34.991144357665696]],[[135.7196376926518,35.004666297554245],[135.71689300565603,35.00553124040426]],[[135.7194864106914,35.008270226095966],[135.71952963410865,35.00596371182926]],[[135.71955124581726,35.000860549014185],[135.7195728575259,34.99990911187917]],[[135.7195728575259,34.99990911187917],[135.71659044173526,34.99990911187917]],[[135.71659044173526,34.99990911187917],[135.71659044173526,35.000860549014185]],[[135.71659044173526,35.000860549014185],[135.71955124581726,35.000860549014185]],[[135.71659044173526,34.99990911187917],[135.7144508825811,34.99990911187917]],[[135.7144508825811,34.99990911187917],[135.71449410599834,35.00155250329419]],[[135.71449410599834,35.00155250329419],[135.71458055283287,35.00368602899089],[135.71308934493754,35.00371486041923]],[[135.71308934493754,35.00371486041923],[135.71317579177204,35.00455097184091]],[[135.715617914847,35.004752791839245],[135.716547218318,35.00359953470589]],[[135.716547218318,35.00359953470589],[135.71659044173526,35.000860549014185]],[[135.72099923029535,35.00685748610761],[135.72104245371258,35.008270226095966]],[[135.7222094859785,35.0082990575243],[135.72411131633774,35.008327888952635]],[[135.72411131633774,35.008327888952635],[135.724154539755,35.00752060895929]],[[135.724154539755,35.00752060895929],[135.7229226723632,35.006742160394275]],[[135.69184503535635,35.01020193179433],[135.692968844205,35.01123986321434]],[[135.69314173787404,35.010086606080996],[135.69169375339595,35.00950997751432]],[[135.69169375339595,35.00950997751432],[135.69089412017672,35.00950997751432]],[[135.69089412017672,35.00950997751432],[135.6907860616336,35.00988478608266]],[[135.6907860616336,35.00988478608266],[135.69184503535635,35.01020193179433]],[[135.7225984967338,35.00083171758585],[135.71968091606902,35.001120031869185]],[[135.71968091606902,35.001120031869185],[135.7196376926518,35.00354187184922]],[[135.7196376926518,35.00354187184922],[135.7197889746122,35.00354187184922]],[[135.71667688856976,34.985147420572275],[135.716547218318,34.98488793771727]],[[135.7152289040917,34.98575288056728],[135.7149911752968,34.98595470056562]],[[135.7149911752968,34.98595470056562],[135.71533696263484,34.98624301484896]],[[135.71533696263484,34.98624301484896],[135.71656883002663,34.985608723425614]],[[135.71656883002663,34.985608723425614],[135.71667688856976,34.985147420572275]],[[135.72089117175219,34.987425103410644],[135.72039410245375,34.987540429123975]],[[135.71860033063766,34.98834770911732],[135.7191838467706,34.988982000540666]],[[135.7191838467706,34.988982000540666],[135.72128018250748,34.989010831969]],[[135.72128018250748,34.989010831969],[135.72089117175219,34.987425103410644]],[[135.72413292804637,35.01507444318274],[135.72417615146364,35.01360404033772]],[[135.72417615146364,35.01360404033772],[135.72272816698558,35.01354637748105]],[[135.6745772801627,35.05618805998671],[135.67438277478504,35.05578441999003]],[[135.67438277478504,35.05578441999003],[135.6738857054866,35.05506363428169]],[[135.6738857054866,35.05506363428169],[135.6745772801627,35.05618805998671]],[[135.73189153144378,34.99365269193074],[135.73074611088649,34.99382568050074]],[[135.73065966405198,34.9954114090591],[135.73143768556258,34.9955843976291]],[[135.73143768556258,34.9955843976291],[135.73189153144378,34.99365269193074]],[[135.7150776221313,34.98468611771893],[135.7147750582105,34.9846572862906]],[[135.7147750582105,34.9846572862906],[135.7138457547395,34.98676198055897]],[[135.7138457547395,34.98676198055897],[135.7149911752968,34.98595470056562]],[[135.72828237610292,34.99990911187917],[135.7284984931892,34.99990911187917]],[[135.7284984931892,34.99990911187917],[135.7284984931892,34.99953430331083]],[[135.7284984931892,34.99953430331083],[135.7282607643943,34.998727023317485]],[[135.72823915268566,34.99855403474748],[135.72551607739857,34.998640529032485]],[[135.72551607739857,34.998640529032485],[135.72549446568993,34.998669360460816]],[[135.72683439162486,34.99990911187917],[135.72828237610292,34.99990911187917]],[[135.67831610575533,35.05817742854174],[135.67833771746396,35.0580621028284]],[[135.67833771746396,35.0580621028284],[135.67758130766197,35.05569792570503]],[[135.67758130766197,35.05569792570503],[135.67650072223057,35.05587091427503]],[[135.67650072223057,35.05587091427503],[135.6776677544965,35.05832158568341]],[[135.72434904513264,34.99022175195902],[135.72240399135615,34.99022175195902]],[[135.72240399135615,34.99022175195902],[135.72240399135615,34.991403840520704]],[[135.72240399135615,34.991403840520704],[135.7226849435683,34.991432671949035]],[[135.70580619912997,35.03038393162797],[135.7053739649574,35.029691977347966]],[[135.7053739649574,35.029691977347966],[135.70388275706208,35.03119121162132]],[[135.70388275706208,35.03119121162132],[135.7040556507311,35.03124887447799]],[[135.7040556507311,35.03124887447799],[135.70524429470564,35.03136420019133]],[[135.70524429470564,35.03136420019133],[135.70580619912997,35.03038393162797]],[[135.7290387859049,35.0019849747192],[135.72830398781156,35.001264189010854]],[[135.72830398781156,35.001264189010854],[135.72830398781156,35.00204263757587]],[[135.72830398781156,35.00204263757587],[135.7290387859049,35.0019849747192]],[[135.72225270939575,34.987194451983974],[135.72089117175219,34.987425103410644]],[[135.72128018250748,34.989010831969],[135.72207981572672,34.988982000540666]],[[135.72207981572672,34.988982000540666],[135.72303073090634,34.988982000540666]],[[135.72303073090634,34.988982000540666],[135.723225236284,34.98837654054566]],[[135.723225236284,34.98837654054566],[135.72225270939575,34.987194451983974]],[[135.71955124581726,35.000860549014185],[135.71968091606902,35.001120031869185]],[[135.72828237610292,34.99990911187917],[135.72830398781156,35.000947043299185]],[[135.72830398781156,35.000947043299185],[135.7292765146998,35.000802886157516]],[[135.7292765146998,35.000802886157516],[135.7284984931892,34.99990911187917]],[[135.71970252777766,34.989587460535674],[135.71890289455843,34.991230851950704]],[[135.71890289455843,34.991230851950704],[135.71974575119492,34.991403840520704]],[[135.71974575119492,34.991403840520704],[135.72240399135615,34.991403840520704]],[[135.72240399135615,34.99022175195902],[135.72216626256125,34.99019292053069]],[[135.72216626256125,34.99019292053069],[135.71970252777766,34.989587460535674]],[[135.71976736290355,34.985522229140614],[135.720264432202,34.985262746285606]],[[135.720264432202,34.985262746285606],[135.72006992682435,34.9848302748606]],[[135.72006992682435,34.9848302748606],[135.7187083891808,34.9846572862906]],[[135.70973953010022,35.02372387168287],[135.7097827535175,35.02297425454619]],[[135.7097827535175,35.02297425454619],[135.70980436522612,35.02161917741451]],[[135.7088534500465,35.02366620882621],[135.70973953010022,35.02372387168287]],[[135.7257105827762,35.00685748610761],[135.72568897106757,35.008327888952635]],[[135.72568897106757,35.008327888952635],[135.72711534383703,35.008327888952635]],[[135.7196376926518,34.99601686905411],[135.71659044173526,34.99613219476744]],[[135.71659044173526,34.99613219476744],[135.71659044173526,34.99760259761246]],[[135.71659044173526,34.99760259761246],[135.71659044173526,34.998640529032485]],[[135.71659044173526,34.998640529032485],[135.71959446923452,34.998640529032485]],[[135.73171863777475,34.996593497620786],[135.73061644063472,34.997025969045794]],[[135.73061644063472,34.997025969045794],[135.73070288746925,34.998928843315824]],[[135.6882358800155,35.0404749315448],[135.68989998157986,35.037822440138086]],[[135.68989998157986,35.037822440138086],[135.6885384439363,35.038168417278094]],[[135.6885384439363,35.038168417278094],[135.68827910343276,35.03828374299143]],[[135.68827910343276,35.03828374299143],[135.68810620976373,35.03923518012645]],[[135.68810620976373,35.03923518012645],[135.6882358800155,35.0404749315448]],[[135.7191838467706,34.988982000540666],[135.71970252777766,34.989587460535674]],[[135.72216626256125,34.99019292053069],[135.72207981572672,34.988982000540666]],[[135.72564574765033,34.99601686905411],[135.72821754097703,34.99613219476744]],[[135.72821754097703,34.99613219476744],[135.7283255995202,34.9955843976291]],[[135.7283255995202,34.9955843976291],[135.72823915268566,34.99428698335408]],[[135.72791497705626,34.99428698335408],[135.72564574765033,34.99425815192575]],[[135.71726040470273,35.01380586033605],[135.7166985002784,35.01369053462272]],[[135.71799520279606,35.01593938603275],[135.71726040470273,35.01380586033605]],[[135.73076772259512,35.00328238899422],[135.73003292450178,35.002849917569215]],[[135.73003292450178,35.002849917569215],[135.7281743175598,35.00322472613755]],[[135.73128640360218,35.0040320061309],[135.73128640360218,35.00357070327756]],[[135.68276811773265,35.04667368863656],[135.6812336864201,35.04226248010149]],[[135.6812336864201,35.04226248010149],[135.6792237975177,35.04102272868314]],[[135.6792237975177,35.04102272868314],[135.6791589623918,35.04102272868314]],[[135.6791589623918,35.04102272868314],[135.67857544625886,35.04419418579985]],[[135.67857544625886,35.04419418579985],[135.68162269717538,35.04759629434324]],[[135.68162269717538,35.04759629434324],[135.68276811773265,35.04667368863656]],[[135.7187083891808,35.01374819747938],[135.71726040470273,35.01380586033605]],[[135.72413292804637,35.004839286124245],[135.72421937488087,35.006511508967606]],[[135.72421937488087,35.006511508967606],[135.7257105827762,35.006655666109275]],[[135.73143768556258,34.9955843976291],[135.73312339883557,34.99564206048577]],[[135.73312339883557,34.99564206048577],[135.73189153144378,34.99365269193074]],[[135.7129812863944,34.98976044910568],[135.71200875950615,34.99065422338403]],[[135.71200875950615,34.99065422338403],[135.71179264241988,34.99229761479905]],[[135.71179264241988,34.99229761479905],[135.71265711076498,34.99273008622406]],[[135.71265711076498,34.99273008622406],[135.7142347654948,34.99053889767069]],[[135.7142347654948,34.99053889767069],[135.7129812863944,34.98976044910568]],[[135.72417615146364,35.01360404033772],[135.72421937488087,35.01178766035269]],[[135.71974575119492,34.991403840520704],[135.71970252777766,34.99235527765572]],[[135.7264669925782,34.99146150337737],[135.7283255995202,34.99027941481569]],[[135.7283255995202,34.99027941481569],[135.7264669925782,34.99022175195902]],[[135.7153801860521,34.987396271982306],[135.71393220157404,34.987540429123975]],[[135.71393220157404,34.987540429123975],[135.71386736644814,34.987598091980644]],[[135.71386736644814,34.987598091980644],[135.71356480252734,34.987684586265644]],[[135.71356480252734,34.987684586265644],[135.7133702971497,34.98817472054732]],[[135.71293806297714,34.989529797679005],[135.71339190885834,34.988664854829]],[[135.71339190885834,34.988664854829],[135.7153801860521,34.987396271982306]],[[135.7138457547395,34.98676198055897],[135.7139105898654,34.98710795769897]],[[135.7139105898654,34.98710795769897],[135.71393220157404,34.987540429123975]],[[135.7153801860521,34.987396271982306],[135.7164823831921,34.987165620555636]],[[135.7164823831921,34.987165620555636],[135.7166336651525,34.986819643415636]],[[135.7166336651525,34.986819643415636],[135.71533696263484,34.98624301484896]],[[135.71715234615957,34.987223283412305],[135.7164823831921,34.987165620555636]],[[135.71339190885834,34.988664854829],[135.7142347654948,34.99053889767069]],[[135.7142347654948,34.99053889767069],[135.71466699966737,34.99074071766903]],[[135.71019337598142,34.998669360460816],[135.7102582111073,34.99653583476412]],[[135.7102582111073,34.99653583476412],[135.70889667346373,34.99535374620243]],[[135.70889667346373,34.99535374620243],[135.7076215826547,34.99717012618746]],[[135.7076215826547,34.99717012618746],[135.7087021680861,34.999015337600824]],[[135.7087021680861,34.999015337600824],[135.71019337598142,34.998669360460816]],[[135.72398164608597,35.0253672630979],[135.72506223151737,35.02577090309457],[135.72551607739857,35.022282300266184]],[[135.7328424466234,35.00423382612924],[135.73288567004064,35.00357070327756]],[[135.73189153144378,35.00357070327756],[135.7328424466234,35.00423382612924]],[[135.73003292450178,35.002849917569215],[135.73001131279315,35.00259043471421]],[[135.72830398781156,35.00204263757587],[135.72819592926842,35.00233095185921]],[[135.716547218318,35.00359953470589],[135.7196376926518,35.00354187184922]],[[135.7166336651525,34.986819643415636],[135.71704428761643,34.98595470056562]],[[135.71704428761643,34.98595470056562],[135.71656883002663,34.985608723425614]],[[135.71503439871404,34.98416715200892],[135.7147750582105,34.9846572862906]],[[135.7175413569149,34.98298506344724],[135.71784392083566,34.981745312028885],[135.71620143097996,34.98154349203055]],[[135.724154539755,35.00752060895929],[135.72421937488087,35.006511508967606]],[[135.71440765916384,34.99760259761246],[135.7144508825811,34.99990911187917]],[[135.71659044173526,34.99990911187917],[135.71659044173526,34.998640529032485]],[[135.71659044173526,34.99760259761246],[135.71440765916384,34.99760259761246]],[[135.7271801789629,35.00019742616251],[135.72830398781156,35.001264189010854]],[[135.72830398781156,35.001264189010854],[135.72830398781156,35.000947043299185]],[[135.7330153402924,34.99670882333412],[135.73312339883557,34.99564206048577]],[[135.73065966405198,34.9956708919141],[135.73046515867435,34.99616102619578]],[[135.73046515867435,34.99616102619578],[135.73061644063472,34.997025969045794]],[[135.71883805943256,34.992931906222395],[135.71726040470273,34.99218228908572]],[[135.71726040470273,34.99218228908572],[135.71706589932506,34.99206696337238]],[[135.71706589932506,34.99206696337238],[135.71672011198703,34.99454646620909]],[[135.71672011198703,34.99454646620909],[135.7169362290733,34.99443114049575]],[[135.7169362290733,34.99443114049575],[135.71883805943256,34.992931906222395]],[[135.72413292804637,35.00953880894265],[135.722295932813,35.00962530322765]],[[135.72417615146364,35.01089388607434],[135.72413292804637,35.00953880894265]],[[135.72434904513264,34.98779991197898],[135.723225236284,34.98837654054566]],[[135.72303073090634,34.988982000540666],[135.72443549196717,34.989039663397335]],[[135.72443549196717,34.989039663397335],[135.7274179077578,34.989068494825666]],[[135.7274179077578,34.989068494825666],[135.72715856725426,34.98774224912231]],[[135.6718542048756,35.02133086313117],[135.67232966246542,35.02020643742615]],[[135.67232966246542,35.02020643742615],[135.6706223374838,35.01971630314448]],[[135.6706223374838,35.01971630314448],[135.67036299698026,35.020552414566154]],[[135.67036299698026,35.020552414566154],[135.67176775804109,35.02147502027284]],[[135.67176775804109,35.02147502027284],[135.6718542048756,35.02133086313117]],[[135.70725418360803,35.03064341448298],[135.71032304623319,35.03142186304799]],[[135.71032304623319,35.03142186304799],[135.71034465794182,35.03127770590632]],[[135.71034465794182,35.03127770590632],[135.71053916331945,35.03067224591131]],[[135.71053916331945,35.03067224591131],[135.71038788135905,35.02876937164128]],[[135.71038788135905,35.02876937164128],[135.71066883357122,35.028106248789605]],[[135.71066883357122,35.028106248789605],[135.70997725889512,35.02773144022127]],[[135.70997725889512,35.02773144022127],[135.7084644392912,35.02663584594458]],[[135.7084644392912,35.02663584594458],[135.70811865195313,35.02657818308791]],[[135.70811865195313,35.02657818308791],[135.70725418360803,35.03064341448298]],[[135.71203037121478,34.995065431919095],[135.70950180130532,34.99394100621408]],[[135.70950180130532,34.99394100621408],[135.70889667346373,34.99535374620243]],[[135.7102582111073,34.99653583476412],[135.71200875950615,34.996507003335786]],[[135.71200875950615,34.996507003335786],[135.71203037121478,34.995065431919095]],[[135.7120519829234,34.9976314290408],[135.71200875950615,34.996507003335786]],[[135.71019337598142,34.998669360460816],[135.711900700963,34.998669360460816]],[[135.711900700963,34.998669360460816],[135.7120519829234,34.9976314290408]],[[135.71860033063766,35.01328689462604],[135.71836260184273,35.01083622321767]],[[135.72434904513264,34.99022175195902],[135.72443549196717,34.989039663397335]],[[135.7194864106914,35.008270226095966],[135.71985380973805,35.008270226095966]],[[135.71890289455843,34.991230851950704],[135.7178655325443,34.991259683379035]],[[135.71728201641133,34.991403840520704],[135.71726040470273,34.99218228908572]],[[135.71883805943256,34.992931906222395],[135.71965930436042,34.993393209075734]],[[135.72156113471965,35.01968747171614],[135.72153952301105,35.01899551743613]],[[135.7129812863944,34.98976044910568],[135.71287322785128,34.98973161767734]],[[135.71270033418224,34.98964512339234],[135.71198714779752,34.99062539195569]],[[135.71198714779752,34.99062539195569],[135.71200875950615,34.99065422338403]],[[135.71596370218504,34.99146150337737],[135.71706589932506,34.99206696337238]],[[135.73046515867435,34.99616102619578],[135.72916845615666,34.996593497620786]],[[135.72929812640842,34.998900011887486],[135.73068127576062,34.998928843315824]],[[135.73070288746925,35.000947043299185],[135.73063805234335,35.000947043299185]],[[135.73063805234335,35.000947043299185],[135.73076772259512,35.003022906139215]],[[135.7285633283151,34.99385451192907],[135.72862816344096,34.99249943479739]],[[135.72862816344096,34.99249943479739],[135.72564574765033,34.99249943479739]],[[135.72006992682435,34.9848302748606],[135.71875161259803,34.98416715200892]],[[135.68250877722912,35.04987397718161],[135.6843673841711,35.047423305773236]],[[135.6843673841711,35.047423305773236],[135.68276811773265,35.04667368863656]],[[135.68162269717538,35.04759629434324],[135.68071500541302,35.04869188861993]],[[135.68071500541302,35.04869188861993],[135.68250877722912,35.04987397718161]],[[135.72413292804637,35.00953880894265],[135.72411131633774,35.008327888952635]],[[135.7292765146998,34.99561322905743],[135.7283255995202,34.9955843976291]],[[135.72821754097703,34.99613219476744],[135.7281743175598,34.996593497620786]],[[135.67027655014576,35.05275712001499],[135.67207032196188,35.05085424574496],[135.67096812482185,35.04863422576326],[135.67330218935365,35.049297348614935],[135.67548497192507,35.04903786575993],[135.67710585007217,35.047711620056575]],[[135.67710585007217,35.047711620056575],[135.6772139086153,35.045952902928214]],[[135.6772139086153,35.045952902928214],[135.67857544625886,35.04419418579985]],[[135.6791589623918,35.04102272868314],[135.6783809408812,35.039638820123116],[135.67459889187134,35.04093623439814],[135.67477178554034,35.04237780581483],[135.67278350834658,35.04407886008652],[135.67360475327445,35.04180117724815],[135.67109779507362,35.0425219629565]],[[135.67109779507362,35.0425219629565],[135.66869889541593,35.04606822864155],[135.66841794320376,35.047452137201574],[135.66454944735938,35.047365642916574],[135.66292856921228,35.04454016293986]],[[135.66292856921228,35.04454016293986],[135.66154541986012,35.04699083434823],[135.66275567554325,35.04981631432494]],[[135.66275567554325,35.04981631432494],[135.66409560147818,35.04978748289661]],[[135.66409560147818,35.04978748289661],[135.6660406552547,35.049931640038274],[135.66839633149513,35.05264179430165]],[[135.66839633149513,35.05264179430165],[135.67027655014576,35.05275712001499]],[[135.6891435717779,35.06596191419186],[135.6882142683069,35.06368423135349],[135.6879981512206,35.05959016853009],[135.68871133760533,35.05809093425674],[135.6875226936308,35.05393920857667]],[[135.6875226936308,35.05393920857667],[135.68639888478214,35.053737388578334],[135.68789009267746,35.051315548598296],[135.68646371990803,35.04964332575494],[135.6862043794045,35.04699083434823],[135.68250877722912,35.04987397718161]],[[135.68250877722912,35.04987397718161],[135.68162269717538,35.0514020428833]],[[135.68162269717538,35.0514020428833],[135.68194687280482,35.051575031453304]],[[135.68194687280482,35.051575031453304],[135.68432416075387,35.05416986000334],[135.6870688477496,35.059128865676755],[135.68728496483587,35.06521229705518],[135.68661500186843,35.066971014183544],[135.68758752875667,35.06774946274855]],[[135.68758752875667,35.06774946274855],[135.6891435717779,35.06596191419186]],[[135.69415748817954,35.006280857540936],[135.69154247143558,35.006684497537606]],[[135.69154247143558,35.006684497537606],[135.69089412017672,35.00950997751432]],[[135.69169375339595,35.00950997751432],[135.69232049294618,35.008645034664305]],[[135.71356480252734,34.987684586265644],[135.71341352056695,34.98647366627563]],[[135.67267544980345,35.057139497121725],[135.6724809444258,35.05719715997839]],[[135.6724809444258,35.05719715997839],[135.6732589659364,35.05910003424842],[135.67198387512735,35.06204083993846],[135.6734966947313,35.061204728516785],[135.6754417485078,35.056851182838386]],[[135.6754417485078,35.056851182838386],[135.6750527377525,35.05641871141338]],[[135.6750527377525,35.05641871141338],[135.67479339724898,35.05647637427005]],[[135.67479339724898,35.05647637427005],[135.67267544980345,35.057139497121725]],[[135.6855128047284,35.04658719435156],[135.68486445346957,35.0449149715082]],[[135.68486445346957,35.0449149715082],[135.6835893626605,35.04234897438649],[135.6812336864201,35.04226248010149]],[[135.6843673841711,35.047423305773236],[135.6855128047284,35.04658719435156]],[[135.7188596711412,35.02107138027616],[135.7187083891808,35.02159034598617]],[[135.7187083891808,35.02159034598617],[135.7184706603859,35.02525193738456]],[[135.7184706603859,35.02525193738456],[135.7184706603859,35.0254537573829]],[[135.7184706603859,35.0254537573829],[135.72043732587102,35.02582856595124]],[[135.72043732587102,35.02582856595124],[135.72117212396435,35.02585739737957]],[[135.72117212396435,35.02585739737957],[135.72171241668005,35.02450232024788],[135.72326845970127,35.02432933167788]],[[135.61077951629326,35.084788836893814],[135.61209783051956,35.08398155690047],[135.6173278640075,35.08236699691378],[135.62279562629035,35.08121373978043]],[[135.62279562629035,35.08121373978043],[135.62350881267508,35.07908021408373]],[[135.62350881267508,35.07908021408373],[135.6117952665988,35.0837509054738],[135.61084435141916,35.08236699691378]],[[135.61084435141916,35.08236699691378],[135.61077951629326,35.084788836893814]],[[135.65968681291812,35.0467890143499],[135.6581956050228,35.045318611504875]],[[135.6581956050228,35.045318611504875],[135.65536447119254,35.0448284772232],[135.65389487500585,35.04840357433659],[135.65182015097758,35.051344380026634]],[[135.65182015097758,35.051344380026634],[135.65182015097758,35.05468882571335],[135.65337619399878,35.05872522568008],[135.65361392279368,35.060974077090115],[135.65207949148112,35.06290578278848],[135.64952930986303,35.06368423135349],[135.65063150700303,35.066855688470206]],[[135.65063150700303,35.066855688470206],[135.65143114022226,35.067028677040206]],[[135.65143114022226,35.067028677040206],[135.65322491203838,35.065039308485176],[135.65592637561687,35.060801088520115],[135.6557318702392,35.053449074294996],[135.6567260088361,35.05206516573498],[135.65685567908787,35.04834591147992],[135.65968681291812,35.0467890143499]],[[135.6852750759335,35.043531062948176],[135.68523185251624,35.04370405151818]],[[135.68523185251624,35.04370405151818],[135.6852750759335,35.043531062948176]],[[135.68315712848795,35.0640302084935],[135.68157947375812,35.06348241135515],[135.6806285585785,35.061291222801785]],[[135.67695456811177,35.06408787135016],[135.68315712848795,35.0640302084935]],[[135.67896445701416,35.01844772029779],[135.67650072223057,35.01792875458778]],[[135.67650072223057,35.01792875458778],[135.67593881780627,35.01957214600281]],[[135.67593881780627,35.01957214600281],[135.67606848805804,35.01977396600115]],[[135.67606848805804,35.01977396600115],[135.67743002570157,35.02003344885615]],[[135.67743002570157,35.02003344885615],[135.67887801017966,35.020292931711154]],[[135.67887801017966,35.020292931711154],[135.67933185606083,35.01908201172113]],[[135.67933185606083,35.01908201172113],[135.67896445701416,35.01844772029779]],[[135.71838421355136,35.03090289733798],[135.71812487304783,35.03280577160801]],[[135.71812487304783,35.03280577160801],[135.71950802240002,35.031883165901334]],[[135.71950802240002,35.031883165901334],[135.71950802240002,35.03081640305298]],[[135.71950802240002,35.03081640305298],[135.7194215755655,35.03084523448131]],[[135.7194215755655,35.03084523448131],[135.71838421355136,35.03090289733798]],[[135.6776677544965,35.05832158568341],[135.6754417485078,35.056851182838386]],[[135.6724809444258,35.05719715997839],[135.6713139121599,35.0577161256884],[135.67086006627872,35.060887582805115],[135.6699091510991,35.06155070565679]],[[135.6699091510991,35.06155070565679],[135.67695456811177,35.06408787135016]],[[135.7171739578682,35.02265710883452],[135.71656883002663,35.02516544309956]],[[135.71656883002663,35.02516544309956],[135.71721718128546,35.02522310595623]],[[135.71721718128546,35.02522310595623],[135.71788714425293,35.0252807688129]],[[135.71788714425293,35.0252807688129],[135.7171739578682,35.02265710883452]],[[135.7155530797211,35.02003344885615],[135.7155314680125,35.02043708885282]],[[135.7155314680125,35.02043708885282],[135.71574758509877,35.02043708885282]],[[135.7169362290733,34.99443114049575],[135.71970252777766,34.99471945477909]],[[135.71970252777766,34.99471945477909],[135.71976736290355,34.9934508719324]],[[135.71751974520626,34.98589703770895],[135.71704428761643,34.98595470056562]],[[135.6878468692602,35.03110471733632],[135.68890584298296,35.02862521449961]],[[135.68890584298296,35.02862521449961],[135.68843038539316,35.02853872021461]],[[135.68843038539316,35.02853872021461],[135.6856640866888,35.028106248789605]],[[135.6856640866888,35.028106248789605],[135.68499412372134,35.03064341448298]],[[135.68499412372134,35.03064341448298],[135.6878468692602,35.03110471733632]],[[135.68719851800137,35.03981180869312],[135.68810620976373,35.03923518012645]],[[135.68827910343276,35.03828374299143],[135.68542635789387,35.03909102298478]],[[135.68542635789387,35.03909102298478],[135.68588020377507,35.03943700012478]],[[135.68588020377507,35.03943700012478],[135.68719851800137,35.03981180869312]],[[135.6817091440099,35.02914418020962],[135.68095273420792,35.0273278002246]],[[135.68095273420792,35.0273278002246],[135.67987214877652,35.02727013736793]],[[135.67987214877652,35.02727013736793],[135.67825127062943,35.02735663165293]],[[135.67825127062943,35.02735663165293],[135.67738680228433,35.02727013736793]],[[135.67738680228433,35.02727013736793],[135.6772139086153,35.02882703449795]],[[135.6772139086153,35.02882703449795],[135.67879156334513,35.02902885449629]],[[135.67879156334513,35.02902885449629],[135.6817091440099,35.02914418020962]],[[135.61099563337956,35.072333659853626],[135.60907219131167,35.071122739863604],[135.60883446251677,35.06619256561853]],[[135.60883446251677,35.06619256561853],[135.60812127613204,35.06449151134684],[135.60511724863278,35.06172369422679],[135.60243739676292,35.062934614216815],[135.60198355088173,35.06601957704853],[135.600168167357,35.06965233701858],[135.59910919363423,35.07017130272859]],[[135.59910919363423,35.07017130272859],[135.60412311003589,35.07158404271695]],[[135.60412311003589,35.07158404271695],[135.60766743025087,35.0706902684386],[135.61142786755212,35.07340042270197]],[[135.61142786755212,35.07340042270197],[135.61099563337956,35.072333659853626]],[[135.73063805234335,35.000947043299185],[135.7292765146998,35.000802886157516]],[[135.61620405515887,35.06786478846189],[135.61201138368506,35.06578892562186],[135.60883446251677,35.06619256561853]],[[135.61099563337956,35.072333659853626],[135.61328647449412,35.07236249128196],[135.61423738967372,35.07020013415693],[135.61620405515887,35.06786478846189]],[[135.66292856921228,35.04454016293986],[135.66124285593932,35.041426368679815]],[[135.66124285593932,35.041426368679815],[135.65973003633536,35.041772345819815],[135.659751648044,35.03799542870809],[135.66063772809773,35.03730347442808],[135.66057289297186,35.033843703028026]],[[135.66057289297186,35.033843703028026],[135.65830366356593,35.03692866585974]],[[135.65830366356593,35.03692866585974],[135.6579794879365,35.039754145836454]],[[135.6579794879365,35.039754145836454],[135.65810915818827,35.04194533438982]],[[135.65810915818827,35.04194533438982],[135.6592978021628,35.04379054580318],[135.6581956050228,35.045318611504875]],[[135.65968681291812,35.0467890143499],[135.66275567554325,35.04981631432494]],[[135.69433038184857,35.02458881453288],[135.6942223233054,35.024444657391214]],[[135.6942223233054,35.024444657391214],[135.69433038184857,35.02458881453288]],[[135.66915274129713,35.02568440880957],[135.67070878431832,35.024156343107876]],[[135.67070878431832,35.024156343107876],[135.6686772837073,35.024041017394545]],[[135.6686772837073,35.024041017394545],[135.66785603877943,35.02577090309457]],[[135.66785603877943,35.02577090309457],[135.66915274129713,35.02568440880957]],[[135.7164823831921,35.03087406590965],[135.71566113826427,35.03072990876798]],[[135.71566113826427,35.03072990876798],[135.7125274405132,35.03352655731636]],[[135.7125274405132,35.03352655731636],[135.71386736644814,35.03335356874636],[135.7164823831921,35.03087406590965]],[[135.70323440580324,35.00192731186253],[135.70115968177495,35.00135068329586]],[[135.70115968177495,35.00135068329586],[135.70068422418515,35.00296524328255]],[[135.70068422418515,35.00296524328255],[135.70094356468869,35.00354187184922]],[[135.70094356468869,35.00354187184922],[135.70185125645105,35.00357070327756]],[[135.70185125645105,35.00357070327756],[135.70221865549772,35.002994074710884]],[[135.70221865549772,35.002994074710884],[135.70323440580324,35.00192731186253]],[[135.69195309389949,35.03808192299309],[135.69190987048225,35.03727464299975]],[[135.69190987048225,35.03727464299975],[135.69037543916966,35.037649451568086]],[[135.69037543916966,35.037649451568086],[135.69195309389949,35.03808192299309]],[[135.67688973298587,35.02164800884284],[135.67611171147527,35.02300308597453]],[[135.67611171147527,35.02300308597453],[135.67665200419097,35.02317607454453]],[[135.67665200419097,35.02317607454453],[135.67794870670866,35.02329140025787]],[[135.67794870670866,35.02329140025787],[135.67889962188826,35.02184982884118]],[[135.67889962188826,35.02184982884118],[135.67909412726593,35.02147502027284]],[[135.67909412726593,35.02147502027284],[135.67688973298587,35.02164800884284]],[[135.68337324557424,35.02098488599116],[135.6832651870311,35.02078306599282]],[[135.6832651870311,35.02078306599282],[135.68283295285855,35.02072540313616]],[[135.68283295285855,35.02072540313616],[135.68013148928006,35.020494751709485]],[[135.68013148928006,35.020494751709485],[135.67909412726593,35.02147502027284]],[[135.67889962188826,35.02184982884118],[135.68036921807496,35.022166974552846]],[[135.68036921807496,35.022166974552846],[135.68337324557424,35.02098488599116]],[[135.7097827535175,35.02297425454619],[135.71174941900262,35.02271477169119]],[[135.71174941900262,35.02271477169119],[135.71218165317518,35.02164800884284]],[[135.71218165317518,35.02164800884284],[135.71233293513558,35.0211867059895]],[[135.71131718483005,35.022166974552846],[135.71131718483005,35.022166974552846]],[[135.61084435141916,35.08236699691378],[135.6111036919227,35.08173270549044]],[[135.6111036919227,35.08173270549044],[135.60351798219432,35.0771773398137]],[[135.60351798219432,35.0771773398137],[135.60433922712218,35.07394821984032],[135.60412311003589,35.07158404271695]],[[135.59910919363423,35.07017130272859],[135.59597549588318,35.07115157129194],[135.5942681709016,35.07383289412698],[135.59269051617176,35.07420770269532],[135.58998905259327,35.07697551981536],[135.59113447315056,35.078647742658724],[135.59245278737686,35.08268414262545],[135.59197732978703,35.08458701689548]],[[135.59197732978703,35.08458701689548],[135.59619161296948,35.08334726547713],[135.59679674081104,35.08095425692542],[135.59941175755503,35.08011814550375],[135.60191871575586,35.08109841406709],[135.6033450885253,35.08363557976047],[135.60481468471198,35.0836644111888],[135.60535497742768,35.08112724549543],[135.60779710050264,35.082799468338784],[135.60803482929754,35.084298702612145],[135.60989343623953,35.08525013974716]],[[135.60989343623953,35.08525013974716],[135.61077951629326,35.084788836893814]],[[135.71198714779752,34.99062539195569],[135.71181425412848,34.99065422338403]],[[135.71038788135905,34.990798380525696],[135.70967469497435,34.993566197645734]],[[135.70967469497435,34.993566197645734],[135.71082011553162,34.99385451192907],[135.71179264241988,34.99229761479905]],[[135.6762846051443,35.05408336571834],[135.674966290918,35.05402570286167]],[[135.674966290918,35.05402570286167],[135.67572270071997,35.05497713999669]],[[135.67572270071997,35.05497713999669],[135.6762846051443,35.05408336571834]],[[135.72607798182287,34.985464566283945],[135.724154539755,34.98583937485228]],[[135.724154539755,34.98583937485228],[135.72225270939575,34.987194451983974]],[[135.71799520279606,34.99019292053069],[135.71797359108743,34.99053889767069]],[[135.62439489272882,35.04609706006988],[135.62063445542756,35.045808745786545],[135.61758720451104,35.04650070006656]],[[135.61758720451104,35.04650070006656],[135.61788976843184,35.05068125717496]],[[135.61788976843184,35.05068125717496],[135.62069929055346,35.05203633430664],[135.6205696203017,35.053247254296664],[135.6223417804092,35.053449074294996],[135.6223633921178,35.04990280860994],[135.62439489272882,35.04609706006988]],[[135.7047688371158,35.022080480267846],[135.7046823902813,35.02392569168121]],[[135.7046823902813,35.02392569168121],[135.70517945957974,35.024041017394545]],[[135.70517945957974,35.024041017394545],[135.70619520988527,35.024242837392876]],[[135.70619520988527,35.024242837392876],[135.70597909279897,35.022311131694515]],[[135.70876700321196,35.023810365967876],[135.70874539150336,35.02383919739621]],[[135.70874539150336,35.02383919739621],[135.70861572125156,35.02490596024456]],[[135.70861572125156,35.02490596024456],[135.71038788135905,35.02505011738622]],[[135.71038788135905,35.02505011738622],[135.71107945603515,35.02487712881622]],[[135.71107945603515,35.02487712881622],[135.71114429116105,35.024214005964545]],[[135.71114429116105,35.024214005964545],[135.70973953010022,35.02372387168287]],[[135.71667688856976,34.985147420572275],[135.7172387929941,34.98488793771727]],[[135.71395381328264,35.01882252886613],[135.7144508825811,35.0189666860078]],[[135.7144508825811,35.0189666860078],[135.71393220157404,35.018591877439455]],[[135.68071500541302,35.04869188861993],[135.67935346776946,35.04650070006656],[135.6772139086153,35.045952902928214]],[[135.67710585007217,35.047711620056575],[135.67857544625886,35.04837474290825],[135.67885639847103,35.05073892003162],[135.68162269717538,35.0514020428833]],[[135.72411131633774,35.008327888952635],[135.72568897106757,35.008327888952635]],[[135.71386736644814,34.987598091980644],[135.7139105898654,34.98710795769897]],[[135.7133054620238,34.98359052344225],[135.7127435575995,34.98480144343227]],[[135.68542635789387,35.03909102298478],[135.68408643195895,35.037851271566424],[135.68415126708484,35.03981180869312]],[[135.68415126708484,35.03981180869312],[135.68553441643704,35.04079207725647]],[[135.68553441643704,35.04079207725647],[135.68588020377507,35.03943700012478]],[[135.67444760991094,35.01764044030445],[135.67194065171012,35.01712147459443]],[[135.67194065171012,35.01712147459443],[135.67055750235792,35.01755394601944]],[[135.67055750235792,35.01755394601944],[135.67088167798735,35.01867837172446]],[[135.67088167798735,35.01867837172446],[135.67345347131405,35.01911084314947]],[[135.67345347131405,35.01911084314947],[135.67444760991094,35.01764044030445]],[[135.69154247143558,35.006684497537606],[135.68959741765906,35.0062520261126]],[[135.68959741765906,35.0062520261126],[135.68942452399003,35.00806840609763],[135.68765236388256,35.01028842607933]],[[135.68765236388256,35.01028842607933],[135.68871133760533,35.01170116606769]],[[135.68871133760533,35.01170116606769],[135.6894677474073,35.01152817749768]],[[135.6894677474073,35.01152817749768],[135.6907860616336,35.00988478608266]],[[135.69562708436624,35.02678000308625],[135.69627543562507,35.02565557738124]],[[135.69441682868307,35.02455998310455],[135.69433038184857,35.02458881453288]],[[135.6942223233054,35.024444657391214],[135.69333624325168,35.025799734522906]],[[135.69333624325168,35.025799734522906],[135.69547580240584,35.02721247451126]],[[135.59197732978703,35.08458701689548],[135.59534875633298,35.08888289971721]],[[135.59534875633298,35.08888289971721],[135.59805021991147,35.08934420257056],[135.60081651861583,35.088335102578874],[135.6025670670147,35.08954602256889],[135.60485790812925,35.086518722593844],[135.60989343623953,35.08525013974716]],[[135.724154539755,34.98583937485228],[135.720264432202,34.985262746285606]],[[135.70036004855572,35.02334906311453],[135.6977018083945,35.024127511679545],[135.696686058089,35.0252807688129]],[[135.70072744760242,35.02337789454287],[135.70036004855572,35.02334906311453]],[[135.62273079116449,35.07524563411533],[135.62346558925782,35.075389791257]],[[135.62346558925782,35.075389791257],[135.625778042081,35.07221833414029],[135.62573481866374,35.06792245131856],[135.62696668605554,35.065154634198514]],[[135.62696668605554,35.065154634198514],[135.62411394051665,35.06405903992183],[135.62244983895232,35.06426085992017]],[[135.62244983895232,35.06426085992017],[135.61788976843184,35.068585574170235],[135.61620405515887,35.06786478846189]],[[135.61142786755212,35.07340042270197],[135.61073629287603,35.074524848406995]],[[135.61073629287603,35.074524848406995],[135.61337292132862,35.07579343125368]],[[135.61337292132862,35.07579343125368],[135.6182571674785,35.074755499833664],[135.62273079116449,35.07524563411533]],[[135.67479339724898,35.05647637427005],[135.6745772801627,35.05618805998671]],[[135.6738857054866,35.05506363428169],[135.674966290918,35.05402570286167]],[[135.6762846051443,35.05408336571834],[135.6761333231839,35.05471765714169]],[[135.6761333231839,35.05471765714169],[135.67758130766197,35.05569792570503]],[[135.67833771746396,35.0580621028284],[135.67987214877652,35.05393920857667],[135.68194687280482,35.051575031453304]],[[135.67027655014576,35.05275712001499],[135.67168131120658,35.05264179430165],[135.67343185960542,35.05457350000002],[135.67263222638618,35.056995339980055]],[[135.67263222638618,35.056995339980055],[135.67267544980345,35.057139497121725]],[[135.65143114022226,35.067028677040206],[135.65439194430428,35.06746114846521],[135.65553736486157,35.06423202849183],[135.65769853572434,35.06241564850681],[135.6592978021628,35.05826392282674],[135.66210732428442,35.0560150714167],[135.66409560147818,35.04978748289661]],[[135.71970252777766,34.99471945477909],[135.7196376926518,34.99601686905411]],[[135.70835638074803,35.023954523109545],[135.7076215826547,35.024444657391214]],[[135.7076215826547,35.024444657391214],[135.70772964119783,35.02652052023125]],[[135.70772964119783,35.02652052023125],[135.70811865195313,35.02657818308791]],[[135.7084644392912,35.02663584594458],[135.70861572125156,35.02490596024456]],[[135.70874539150336,35.02383919739621],[135.70835638074803,35.023954523109545]],[[135.69322818470854,35.020062280284485],[135.69493550969014,35.022051648839515]],[[135.72994647766726,35.00720346324761],[135.7299680893759,35.00766476610096]],[[135.7299680893759,35.00766476610096],[135.73126479189358,35.00749177753095]],[[135.70109484664908,35.035833071583056],[135.70109484664908,35.035833071583056]],[[135.7155314680125,35.02043708885282],[135.71494795187954,35.02011994314115]],[[135.71494795187954,35.02011994314115],[135.71520729238307,35.02173450312784]],[[135.71520729238307,35.02173450312784],[135.7160717607282,35.02179216598451]],[[135.7160717607282,35.02179216598451],[135.71574758509877,35.02043708885282]],[[135.71159813704222,34.99944780902583],[135.711900700963,34.998669360460816]],[[135.7087021680861,34.999015337600824],[135.70904795542413,34.99990911187917],[135.71159813704222,34.99944780902583]],[[135.68765236388256,35.01028842607933],[135.68207654305658,35.012623771774365]],[[135.68207654305658,35.012623771774365],[135.68190364938755,35.01392118604939]],[[135.68190364938755,35.01392118604939],[135.68447544271427,35.01403651176272]],[[135.68447544271427,35.01403651176272],[135.6855992515629,35.014267163189395]],[[135.6855992515629,35.014267163189395],[135.68724174141863,35.014209500332726]],[[135.68724174141863,35.014209500332726],[135.68728496483587,35.012681434631034],[135.68871133760533,35.01170116606769]],[[135.67194065171012,35.01712147459443],[135.67204871025325,35.016429520314425]],[[135.67204871025325,35.016429520314425],[135.66973625743006,35.01576639746275],[135.66856922516416,35.01697731745276]],[[135.66856922516416,35.01697731745276],[135.67010365647673,35.01746745173444]],[[135.67010365647673,35.01746745173444],[135.67055750235792,35.01755394601944]],[[135.60952603719286,35.07507264554533],[135.61073629287603,35.074524848406995]],[[135.60351798219432,35.0771773398137],[135.6067597384885,35.07406354555365],[135.60952603719286,35.07507264554533]],[[135.68384870316405,35.03309408589135],[135.68577214523194,35.03119121162132],[135.6878468692602,35.03110471733632]],[[135.68499412372134,35.03064341448298],[135.68278972944128,35.03064341448298]],[[135.68278972944128,35.03064341448298],[135.68291939969305,35.03280577160801]],[[135.68291939969305,35.03280577160801],[135.68384870316405,35.03309408589135]],[[135.71672011198703,34.99454646620909],[135.71659044173526,34.99613219476744]],[[135.72294428407184,35.0274142945096],[135.72212303914398,35.02744312593793]],[[135.72212303914398,35.02744312593793],[135.72078311320905,35.027846765934605]],[[135.72078311320905,35.027846765934605],[135.72082633662632,35.02836573164461]],[[135.72082633662632,35.02836573164461],[135.72080472491768,35.02865404592795]],[[135.72080472491768,35.02865404592795],[135.72201498060085,35.02931716877963]],[[135.72201498060085,35.02931716877963],[135.72294428407184,35.0274142945096]],[[135.71559630313837,35.025943891664575],[135.71371608448774,35.02585739737957]],[[135.71371608448774,35.02585739737957],[135.71378091961364,35.028048585932936]],[[135.71378091961364,35.028048585932936],[135.71544502117797,35.028250405931274]],[[135.71544502117797,35.028250405931274],[135.71559630313837,35.025943891664575]],[[135.7284984931892,34.999217157599155],[135.7284984931892,34.99953430331083]],[[135.60952603719286,35.07507264554533],[135.60980698940503,35.0771773398137],[135.61341614474588,35.076687205532025],[135.61337292132862,35.07579343125368]],[[135.65102051775835,35.03124887447799],[135.6508260123807,35.03064341448298]],[[135.6508260123807,35.03064341448298],[135.64790843171593,35.02747195736626],[135.64218132892955,35.02386802882454],[135.64002015806676,35.02352205168454],[135.6388747375095,35.024271668821214],[135.63798865745574,35.02747195736626],[135.63658389639494,35.02822157450294],[135.63390404452508,35.032229143041334],[135.62951686767363,35.03467981444971],[135.62936558571323,35.03704399157308]],[[135.62936558571323,35.03704399157308],[135.6308784053172,35.03862972013143],[135.6288036812889,35.0386008887031],[135.62912785691833,35.04053259440146],[135.62780954269203,35.040071291548124],[135.6269450743469,35.0426084572415],[135.62541064303434,35.04309859152317]],[[135.62541064303434,35.04309859152317],[135.62582126549827,35.04477081436653]],[[135.62582126549827,35.04477081436653],[135.63414177331998,35.041570525821484],[135.63606521538787,35.041426368679815],[135.64313224410918,35.03704399157308],[135.65056667187716,35.03289226589301],[135.65102051775835,35.03124887447799]],[[135.7050714010366,35.0000244375925],[135.70427176781737,35.000543403302515]],[[135.70427176781737,35.000543403302515],[135.70370986339304,35.002849917569215]],[[135.70370986339304,35.002849917569215],[135.70386114535344,35.002763423284215]],[[135.70386114535344,35.002763423284215],[135.70580619912997,35.00241744614421]],[[135.70580619912997,35.00241744614421],[135.70565491716957,35.00192731186253]],[[135.70565491716957,35.00192731186253],[135.70550363520917,35.00123535758252]],[[135.70269411308755,35.032200311613],[135.70388275706208,35.03119121162132]],[[135.7053739649574,35.029691977347966],[135.70580619912997,35.02850988878628]],[[135.70580619912997,35.02850988878628],[135.7039043687707,35.02850988878628],[135.70269411308755,35.032200311613]],[[135.70833476903942,35.004839286124245],[135.70833476903942,35.00371486041923]],[[135.70833476903942,35.00371486041923],[135.7060871513421,35.00359953470589]],[[135.7060871513421,35.00359953470589],[135.7054604117919,35.00354187184922]],[[135.7054604117919,35.00354187184922],[135.70541718837464,35.00596371182926]],[[135.70619520988527,35.024242837392876],[135.70725418360803,35.024386994534545]],[[135.70725418360803,35.024386994534545],[135.70757835923743,35.02233996312285]],[[135.7328424466234,35.0059925432576],[135.7328424466234,35.00423382612924]],[[135.71161974875085,35.02565557738124],[135.71159813704222,35.026059217377906]],[[135.71159813704222,35.026059217377906],[135.7125274405132,35.028048585932936]],[[135.7125274405132,35.028048585932936],[135.71378091961364,35.028048585932936]],[[135.71371608448774,35.02585739737957],[135.71161974875085,35.02565557738124]],[[135.67650072223057,35.05587091427503],[135.6750527377525,35.05641871141338]],[[135.68719851800137,35.03981180869312],[135.68646371990803,35.04079207725647]],[[135.68646371990803,35.04079207725647],[135.68741463508766,35.04113805439648]],[[135.68741463508766,35.04113805439648],[135.6882358800155,35.0404749315448]],[[135.71161974875085,35.02565557738124],[135.71136040824732,35.02516544309956]],[[135.71136040824732,35.02516544309956],[135.71107945603515,35.02487712881622]],[[135.71038788135905,35.02505011738622],[135.70997725889512,35.02773144022127]],[[135.71066883357122,35.028106248789605],[135.71177103071125,35.02764494593627]],[[135.71177103071125,35.02764494593627],[135.71159813704222,35.026059217377906]],[[135.70517945957974,35.024041017394545],[135.70502817761934,35.02481946595955]],[[135.70502817761934,35.02481946595955],[135.7050714010366,35.02533843166956]],[[135.7050714010366,35.02533843166956],[135.7062384333025,35.02591506023624]],[[135.7062384333025,35.02591506023624],[135.70619520988527,35.024242837392876]],[[135.7292765146998,34.99388334335741],[135.7285633283151,34.99385451192907]],[[135.7283255995202,34.99027941481569],[135.7287146102755,34.99025058338735]],[[135.7287146102755,34.99025058338735],[135.7274179077578,34.989068494825666]],[[135.72117212396435,35.02585739737957],[135.72197175718358,35.02591506023624]],[[135.72197175718358,35.02591506023624],[135.72305234261498,35.025943891664575]],[[135.69184503535635,35.01020193179433],[135.69128313093202,35.012594940346034],[135.68940291228142,35.01233545749103]],[[135.68940291228142,35.01233545749103],[135.6894677474073,35.01360404033772]],[[135.6894677474073,35.01360404033772],[135.69095895530262,35.01320040034104]],[[135.75482155429793,35.20135430164729],[135.75655049098816,35.19633763311721],[135.7616292425157,35.19218590743715],[135.76374718996124,35.19160927887047],[135.76478455197537,35.189187438890436]],[[135.76478455197537,35.189187438890436],[135.75888455551996,35.18731339604874],[135.75620470365013,35.185698836062045],[135.75304939419044,35.182844524657],[135.7472574562782,35.17667459899357],[135.74600397717776,35.175809656143564],[135.7364732136729,35.17730889041692],[135.73528456969834,35.178000844696925],[135.73366369155127,35.181258796098646],[135.72869299856686,35.179874887538624],[135.7277853068045,35.17863513612027],[135.72843365806332,35.17534835329022],[135.7270937321284,35.17229222188684]],[[135.7270937321284,35.17229222188684],[135.72728823750603,35.175780824715225],[135.72504061980874,35.1848050617837],[135.7229875074891,35.18445908464369],[135.72097761858672,35.18639079034206]],[[135.72097761858672,35.18639079034206],[135.72303073090634,35.18866847318043],[135.72698567358526,35.19091732459046],[135.72804464730802,35.18993705602711],[135.73115673335042,35.19042719030879],[135.73016259475355,35.19253188457715]],[[135.73016259475355,35.19253188457715],[135.73081094601238,35.1935986474255],[135.7332314573787,35.19420410742051],[135.73491717065167,35.19639529597388],[135.73744574056113,35.197116081682225],[135.7372512351835,35.198557653098916],[135.74014720413962,35.19948025880559],[135.75101789357942,35.20167144735896]],[[135.75101789357942,35.20167144735896],[135.75482155429793,35.20135430164729]],[[135.69424393501404,35.02248412026452],[135.68987836987122,35.022166974552846]],[[135.68987836987122,35.022166974552846],[135.6896190293677,35.02300308597453]],[[135.6896190293677,35.02300308597453],[135.68834393855866,35.02574207166624]],[[135.68834393855866,35.02574207166624],[135.69206115244265,35.02530960024123]],[[135.69206115244265,35.02530960024123],[135.69424393501404,35.02248412026452]],[[135.71790875596156,35.025713240237906],[135.71780069741843,35.02897119163962]],[[135.71780069741843,35.02897119163962],[135.71868677747216,35.02905768592462]],[[135.71868677747216,35.02905768592462],[135.7187083891808,35.026203374519575]],[[135.7187083891808,35.026203374519575],[135.71851388380313,35.026088048806244]],[[135.71851388380313,35.026088048806244],[135.71790875596156,35.025713240237906]],[[135.68300584652758,35.01521860032441],[135.6828761762758,35.016285363172756]],[[135.6828761762758,35.016285363172756],[135.68313551677934,35.01689082316776]],[[135.68313551677934,35.01689082316776],[135.68300584652758,35.01738095744944]],[[135.68300584652758,35.01738095744944],[135.68339485728288,35.018303563156124]],[[135.68339485728288,35.018303563156124],[135.68572892181467,35.018390057441124]],[[135.68572892181467,35.018390057441124],[135.68572892181467,35.01789992315945]],[[135.68572892181467,35.01789992315945],[135.6858369803578,35.01689082316776]],[[135.6858369803578,35.01689082316776],[135.6858153686492,35.01585289174775]],[[135.6858153686492,35.01585289174775],[135.6858369803578,35.01527626318107]],[[135.6858369803578,35.01527626318107],[135.68406482025034,35.01524743175274]],[[135.68406482025034,35.01524743175274],[135.68300584652758,35.01521860032441]],[[135.67887801017966,35.020292931711154],[135.68013148928006,35.020494751709485]],[[135.68283295285855,35.02072540313616],[135.6832003519052,35.01968747171614]],[[135.6832003519052,35.01968747171614],[135.681471415215,35.01948565171781]],[[135.681471415215,35.01948565171781],[135.67933185606083,35.01908201172113]],[[135.71721718128546,35.02522310595623],[135.71665527686113,35.02542492595457]],[[135.71665527686113,35.02542492595457],[135.7166985002784,35.0274142945096]],[[135.7166985002784,35.0274142945096],[135.71736846324586,35.02744312593793]],[[135.71736846324586,35.02744312593793],[135.71790875596156,35.025713240237906]],[[135.71851388380313,35.026088048806244],[135.7184706603859,35.0254537573829]],[[135.7184706603859,35.02525193738456],[135.71788714425293,35.0252807688129]],[[135.71265711076498,34.99273008622406],[135.71203037121478,34.995065431919095]],[[135.71203037121478,34.995065431919095],[135.71442927087247,34.99595920619744]],[[135.71442927087247,34.99595920619744],[135.71659044173526,34.99613219476744]],[[135.7160717607282,35.02179216598451],[135.71637432464897,35.022397625979515]],[[135.71637432464897,35.022397625979515],[135.71691461736467,35.022397625979515]],[[135.71691461736467,35.022397625979515],[135.7187083891808,35.02159034598617]],[[135.67665200419097,35.02317607454453],[135.67609009976664,35.0255402516679]],[[135.67609009976664,35.0255402516679],[135.67593881780627,35.02701065451292]],[[135.67593881780627,35.02701065451292],[135.67738680228433,35.02727013736793]],[[135.67825127062943,35.02735663165293],[135.6789212335969,35.023810365967876]],[[135.6789212335969,35.023810365967876],[135.67794870670866,35.02329140025787]],[[135.68890584298296,35.02862521449961],[135.69108862555439,35.02865404592795]],[[135.69108862555439,35.02865404592795],[135.69212598756852,35.02698182308459]],[[135.69212598756852,35.02698182308459],[135.69333624325168,35.025799734522906]],[[135.69333624325168,35.025799734522906],[135.69206115244265,35.02530960024123]],[[135.68834393855866,35.02574207166624],[135.6882142683069,35.02577090309457]],[[135.6882142683069,35.02577090309457],[135.68801976292923,35.026145711662906]],[[135.68801976292923,35.026145711662906],[135.68843038539316,35.02853872021461]],[[135.68315712848795,35.0640302084935],[135.68209815476519,35.067230497038544],[135.6842809373366,35.06878739416857],[135.68616115598724,35.068931551310236],[135.68758752875667,35.06774946274855]],[[135.7076215826547,34.99717012618746],[135.70682194943547,34.99794857475247]],[[135.70779447632373,35.00074522330085],[135.70913440225866,35.00042807758918]],[[135.70913440225866,35.00042807758918],[135.71144685508182,34.9999379433075]],[[135.71144685508182,34.9999379433075],[135.71159813704222,34.99944780902583]],[[135.7062384333025,35.02591506023624],[135.70619520988527,35.02712598022626]],[[135.70619520988527,35.02712598022626],[135.7066274440578,35.02721247451126]],[[135.7066274440578,35.02721247451126],[135.70772964119783,35.02652052023125]],[[135.7076215826547,35.024444657391214],[135.70725418360803,35.024386994534545]],[[135.6856640866888,35.028106248789605],[135.68523185251624,35.028019754504605]],[[135.68523185251624,35.028019754504605],[135.68160108546675,35.030037954487966]],[[135.68160108546675,35.030037954487966],[135.68162269717538,35.03041276305631]],[[135.68162269717538,35.03041276305631],[135.68278972944128,35.03064341448298]],[[135.72564574765033,34.99601686905411],[135.72551607739857,34.998640529032485]],[[135.70386114535344,35.002763423284215],[135.70388275706208,35.00351304042089]],[[135.70388275706208,35.00351304042089],[135.7054604117919,35.00354187184922]],[[135.7060871513421,35.00359953470589],[135.70580619912997,35.00241744614421]],[[135.67609009976664,35.0255402516679],[135.67356152985718,35.025886228807906]],[[135.67356152985718,35.025886228807906],[135.6728699551811,35.027702608792936]],[[135.6728699551811,35.027702608792936],[135.6728699551811,35.02773144022127]],[[135.6728699551811,35.02773144022127],[135.6744259982023,35.028163911646274]],[[135.6744259982023,35.028163911646274],[135.67593881780627,35.02701065451292]],[[135.6855128047284,35.04658719435156],[135.68734979996177,35.04430951151319],[135.68741463508766,35.04113805439648]],[[135.68646371990803,35.04079207725647],[135.68579375694057,35.041512862964815]],[[135.68579375694057,35.041512862964815],[135.6852750759335,35.043531062948176]],[[135.68523185251624,35.04370405151818],[135.68486445346957,35.0449149715082]],[[135.6536355345023,35.09349592825062],[135.65620732782904,35.09069927970224],[135.65767692401573,35.092169682547265],[135.66135091448245,35.094130219673964],[135.66338241509348,35.098137788212355],[135.66461428248527,35.098051293927355],[135.6669051235998,35.096206082513994],[135.6654355274131,35.09493749966731],[135.66755347485866,35.09456269109897],[135.66668900651354,35.092112019690596],[135.6667538416394,35.089863168280566],[135.66787765048807,35.08899822543055],[135.66748863973277,35.086605216878844],[135.6683531080779,35.084385196897145],[135.67040622039752,35.08412571404214],[135.67293479030698,35.08723950830219],[135.6760468763494,35.086432228308844],[135.67440438649368,35.08403921975714],[135.67647911052197,35.08369324261714],[135.6765223339392,35.082655311197115],[135.67375603523485,35.08101191978209],[135.67377764694348,35.0794838540804],[135.67587398268037,35.07945502265207],[135.68209815476519,35.0772638340987],[135.68384870316405,35.07593758839535],[135.68516701739034,35.076831362673694],[135.68700401262373,35.08092542549709],[135.68836555026726,35.08158854834877],[135.69134796605792,35.078417091232055],[135.69201792902538,35.07567810554034],[135.69495712139877,35.071209234148604],[135.69340107837758,35.0684702484569],[135.69463294576934,35.06639438561687]],[[135.69463294576934,35.06639438561687],[135.69050510942142,35.06417436563517],[135.6891435717779,35.06596191419186]],[[135.6699091510991,35.06155070565679],[135.6680505441571,35.06475099420184],[135.6667322299308,35.070661437010266],[135.66586776158567,35.07216067128362],[135.66320952142445,35.073025614133634],[135.66383626097465,35.076283565535356],[135.66027032905106,35.08029113407375],[135.660680951515,35.08401038832881],[135.6575904771812,35.08522130831882],[135.6568989025051,35.082655311197115],[135.6561208809945,35.08608625116884],[135.65361392279368,35.08992083113723],[135.65253333736229,35.0923715025456]],[[135.65253333736229,35.0923715025456],[135.6536355345023,35.09349592825062]],[[135.65089084750656,35.05206516573498],[135.6485783946834,35.04981631432494],[135.64799487855043,35.04825941719492],[135.6461146598998,35.047452137201574]],[[135.6461146598998,35.047452137201574],[135.64196521184326,35.04635654292489],[135.63816155112477,35.047307980059905]],[[135.63816155112477,35.047307980059905],[135.63561136950668,35.04840357433659],[135.63288829421958,35.052958940013326],[135.63340697522665,35.05633221712838]],[[135.63340697522665,35.05633221712838],[135.63496301824784,35.05964783138676],[135.63855056188007,35.05858106853841],[135.6427648450625,35.05826392282674],[135.6439318773284,35.059388348531755],[135.6472600804571,35.058754057108416],[135.64892418202143,35.057081834265055],[135.64933480448536,35.05465999428502],[135.65089084750656,35.05206516573498]],[[135.71691461736467,35.022397625979515],[135.7171739578682,35.02265710883452]],[[135.65475934335095,35.03124887447799],[135.65934102558006,35.03401669159803],[135.66057289297186,35.033843703028026]],[[135.66057289297186,35.033843703028026],[135.66240988820522,35.03508345444638],[135.66141574960835,35.031911997329665],[135.66249633503972,35.02850988878628]],[[135.66249633503972,35.02850988878628],[135.66232344137072,35.02836573164461]],[[135.66232344137072,35.02836573164461],[135.65923296703693,35.02845222592961],[135.655105130689,35.029951460202966],[135.65475934335095,35.03124887447799]],[[135.70835638074803,35.02369504025454],[135.70835638074803,35.023954523109545]],[[135.68255200064638,35.02467530881788],[135.68274650602405,35.024242837392876]],[[135.68274650602405,35.024242837392876],[135.68229266014285,35.024531151676214]],[[135.68229266014285,35.024531151676214],[135.68255200064638,35.02467530881788]],[[135.7144508825811,35.0189666860078],[135.71494795187954,35.02011994314115]],[[135.7144508825811,34.99990911187917],[135.7126787224736,34.99990911187917]],[[135.7126787224736,34.99990911187917],[135.71272194589088,35.00152367186586],[135.71449410599834,35.00155250329419]],[[135.71174941900262,35.02271477169119],[135.7116629721681,35.02329140025787]],[[135.7116629721681,35.02329140025787],[135.71218165317518,35.02164800884284]],[[135.72197175718358,35.02591506023624],[135.72212303914398,35.02744312593793]],[[135.72294428407184,35.0274142945096],[135.72305234261498,35.025943891664575]],[[135.65475934335095,35.03124887447799],[135.65296557153485,35.0297208087763]],[[135.65296557153485,35.0297208087763],[135.6508260123807,35.03064341448298]],[[135.65102051775835,35.03124887447799],[135.65229560856739,35.03292109732135],[135.65164725730855,35.03511228587472]],[[135.65164725730855,35.03511228587472],[135.6557967053651,35.035487094443056],[135.65763370059847,35.03744763156975]],[[135.65763370059847,35.03744763156975],[135.65830366356593,35.03692866585974]],[[135.68989998157986,35.037822440138086],[135.69037543916966,35.037649451568086]],[[135.69190987048225,35.03727464299975],[135.69143441289242,35.03669801443307]],[[135.69143441289242,35.03669801443307],[135.6885384439363,35.038168417278094]],[[135.6706223374838,35.01971630314448],[135.67049266723203,35.01968747171614]],[[135.67049266723203,35.01968747171614],[135.66982270426456,35.01960097743114]],[[135.66982270426456,35.01960097743114],[135.66915274129713,35.020350594567816]],[[135.66915274129713,35.020350594567816],[135.67036299698026,35.020552414566154]],[[135.70293184188245,35.02346438882787],[135.70299667700834,35.02346438882787]],[[135.70299667700834,35.02346438882787],[135.70319118238598,35.02283009740452]],[[135.70269411308755,35.032200311613],[135.70308312384284,35.03248862589634]],[[135.70308312384284,35.03248862589634],[135.70433660294327,35.0345068258797]],[[135.70433660294327,35.0345068258797],[135.70489850736757,35.03326707446135]],[[135.7049849542021,35.031969660186334],[135.7040556507311,35.03124887447799]],[[135.62936558571323,35.03704399157308],[135.6250864674049,35.03822608013476],[135.62154214718996,35.03808192299309],[135.61745753425927,35.04203182867482],[135.6175439810938,35.04445366865486]],[[135.6175439810938,35.04445366865486],[135.62199599307112,35.0428679400965],[135.62541064303434,35.04309859152317]],[[135.7120519829234,34.9976314290408],[135.71440765916384,34.99760259761246]],[[135.71440765916384,34.99760259761246],[135.71442927087247,34.99595920619744]],[[135.67276189663795,35.02565557738124],[135.67304284885012,35.02479063453122]],[[135.67304284885012,35.02479063453122],[135.67070878431832,35.024156343107876]],[[135.66915274129713,35.02568440880957],[135.67276189663795,35.02565557738124]],[[135.70524429470564,35.03136420019133],[135.70634649184566,35.03119121162132]],[[135.7069300079786,35.031883165901334],[135.70697323139586,35.03058575162631]],[[135.70697323139586,35.03058575162631],[135.70580619912997,35.03038393162797]],[[135.6906347796732,35.00400317470257],[135.68964064107632,35.00550240897592]],[[135.68964064107632,35.00550240897592],[135.68959741765906,35.0062520261126]],[[135.69415748817954,35.006280857540936],[135.69340107837758,35.00351304042089]],[[135.69340107837758,35.00351304042089],[135.6906347796732,35.00400317470257]],[[135.68160108546675,35.030037954487966],[135.6817091440099,35.02914418020962]],[[135.67879156334513,35.02902885449629],[135.67851061113296,35.03104705447965]],[[135.67851061113296,35.03104705447965],[135.68162269717538,35.03041276305631]],[[135.69149924801832,35.01994695457115],[135.68996481670573,35.020292931711154]],[[135.68996481670573,35.020292931711154],[135.68987836987122,35.022166974552846]],[[135.69424393501404,35.02248412026452],[135.69480583943837,35.022166974552846]],[[135.71038788135905,35.02876937164128],[135.71161974875085,35.02940366306463]],[[135.71161974875085,35.02940366306463],[135.71248421709595,35.02943249449296]],[[135.71248421709595,35.02943249449296],[135.71248421709595,35.028077417361274]],[[135.71248421709595,35.028077417361274],[135.71177103071125,35.02764494593627]],[[135.71689300565603,35.0386873829881],[135.71589886705917,35.03862972013143],[135.7160069256023,35.03643853157807]],[[135.7160069256023,35.03643853157807],[135.71687139394743,35.03269044589468]],[[135.71687139394743,35.03269044589468],[135.71650399490073,35.03084523448131]],[[135.71650399490073,35.03084523448131],[135.7164823831921,35.03087406590965]],[[135.7125274405132,35.03352655731636],[135.71181425412848,35.03447799445137],[135.71222487659242,35.037534125854755],[135.71138201995595,35.03891803441477]],[[135.71138201995595,35.03891803441477],[135.71110106774378,35.04035960583146],[135.71257066393048,35.041628188678146],[135.7142347654948,35.037649451568086],[135.71602853731093,35.039552325838116]],[[135.71602853731093,35.039552325838116],[135.71689300565603,35.0386873829881]],[[135.68291939969305,35.03280577160801],[135.67848899942433,35.03251745732467]],[[135.67848899942433,35.03251745732467],[135.67764614278786,35.034362668738034],[135.67626299343567,35.03346889445969],[135.67611171147527,35.03113354876465]],[[135.67611171147527,35.03113354876465],[135.67453405674544,35.030095617344635]],[[135.67453405674544,35.030095617344635],[135.67345347131405,35.03341123160302],[135.6742747162419,35.0362078801514],[135.6737344235262,35.0387738772731],[135.67215676879638,35.039379337268116],[135.67109779507362,35.0425219629565]],[[135.6792237975177,35.04102272868314],[135.68259522406365,35.03903336012811]],[[135.68259522406365,35.03903336012811],[135.68291939969305,35.03707282300141],[135.6862259911131,35.03617904872306],[135.6868311189547,35.03537176872972]],[[135.6868311189547,35.03537176872972],[135.68363258607778,35.03514111730305],[135.68384870316405,35.03309408589135]],[[135.70967469497435,34.993566197645734],[135.70950180130532,34.99394100621408]],[[135.66839633149513,35.05264179430165],[135.66839633149513,35.05457350000002],[135.6672941343551,35.05662053141172],[135.66787765048807,35.05760079997506],[135.67111940678225,35.05633221712838],[135.67263222638618,35.056995339980055]],[[135.71114429116105,35.024214005964545],[135.7116629721681,35.02329140025787]],[[135.71144685508182,35.00149484043753],[135.71144685508182,34.9999379433075]],[[135.70913440225866,35.00042807758918],[135.70935051934492,35.00152367186586]],[[135.70935051934492,35.00152367186586],[135.71144685508182,35.00149484043753]],[[135.71838421355136,35.03090289733798],[135.71814648475646,35.03087406590965]],[[135.71814648475646,35.03087406590965],[135.7171739578682,35.03075874019631]],[[135.7171739578682,35.03075874019631],[135.71650399490073,35.03084523448131]],[[135.71687139394743,35.03269044589468],[135.71812487304783,35.03280577160801]],[[135.67049266723203,35.01968747171614],[135.67088167798735,35.01867837172446]],[[135.67010365647673,35.01746745173444],[135.6687637305418,35.01879369743779],[135.66982270426456,35.01960097743114]],[[135.68579375694057,35.041512862964815],[135.68553441643704,35.04079207725647]],[[135.68415126708484,35.03981180869312],[135.68259522406365,35.03903336012811]],[[135.6810824044597,35.016660171741094],[135.68004504244556,35.016458351742756]],[[135.68004504244556,35.016458351742756],[135.67896445701416,35.01844772029779]],[[135.681471415215,35.01948565171781],[135.68179559084442,35.018159406014455]],[[135.68179559084442,35.018159406014455],[135.6810824044597,35.016660171741094]],[[135.62350881267508,35.07908021408373],[135.62346558925782,35.075389791257]],[[135.62273079116449,35.07524563411533],[135.61938097632716,35.078647742658724],[135.6156205390259,35.080464122643754],[135.6111036919227,35.08173270549044]],[[135.70427176781737,35.000543403302515],[135.70323440580324,35.00192731186253]],[[135.70221865549772,35.002994074710884],[135.70370986339304,35.002849917569215]],[[135.70308312384284,35.03248862589634],[135.70226187891498,35.033584220173026]],[[135.70226187891498,35.033584220173026],[135.70319118238598,35.036121385866394],[135.70433660294327,35.0345068258797]],[[135.63362309231292,35.06261746850514],[135.63256411859015,35.0601956285251],[135.63416338502861,35.05872522568008],[135.63340697522665,35.05633221712838]],[[135.63816155112477,35.047307980059905],[135.64196521184326,35.04477081436653],[135.64425605295781,35.04456899436819],[135.6483406658885,35.04122454868148],[135.6478868200073,35.039782977264785],[135.65065311871166,35.03750529442642]],[[135.65065311871166,35.03750529442642],[135.65164725730855,35.03511228587472]],[[135.62582126549827,35.04477081436653],[135.62439489272882,35.04609706006988]],[[135.61788976843184,35.05068125717496],[135.61728464059027,35.0556690942767],[135.6187974601942,35.057312485691725],[135.61927291778403,35.061118234231785],[135.62085057251386,35.06178135708346],[135.62244983895232,35.06426085992017]],[[135.62696668605554,35.065154634198514],[135.62938719742186,35.064952814200176],[135.63046778285326,35.06359773706849],[135.63381759769058,35.06354007421182],[135.63362309231292,35.06261746850514]],[[135.67453405674544,35.030095617344635],[135.6745124450368,35.029749640204635]],[[135.6745124450368,35.029749640204635],[135.67284834347248,35.030153280201304]],[[135.67284834347248,35.030153280201304],[135.671076183365,35.032373300183],[135.6697578691387,35.031883165901334],[135.67150841753755,35.03087406590965],[135.6728699551811,35.02773144022127]],[[135.6728699551811,35.027702608792936],[135.67241610929992,35.0275007887946]],[[135.67241610929992,35.0275007887946],[135.67079523115282,35.029605483062966],[135.66971464572143,35.02859638307128],[135.66584614987704,35.03266161446634],[135.6649600698233,35.03537176872972],[135.66124285593932,35.041426368679815]],[[135.6407333444515,35.18373829893535],[135.64008499319266,35.18099931324364],[135.63839927991967,35.17898111326028]],[[135.63839927991967,35.17898111326028],[135.6363245558914,35.17702057613358],[135.63597876855334,35.175607836145225]],[[135.63597876855334,35.175607836145225],[135.6350926884996,35.1764439475669],[135.631353862907,35.17454107329687]],[[135.631353862907,35.17454107329687],[135.62975459646853,35.18206607609199],[135.6301868306411,35.18342115322368],[135.62914946862696,35.18630429605706]],[[135.62914946862696,35.18630429605706],[135.6309648521517,35.18682326176707],[135.6350278533737,35.18587182463205],[135.6407333444515,35.18373829893535]],[[135.67650072223057,35.05587091427503],[135.6761333231839,35.05471765714169]],[[135.67572270071997,35.05497713999669],[135.67438277478504,35.05578441999003]],[[135.69171536510459,35.014353657474395],[135.6883007151414,35.01432482604606]],[[135.6883007151414,35.01432482604606],[135.68817104488963,35.01680432888276]],[[135.68817104488963,35.01680432888276],[135.6894677474073,35.01671783459776]],[[135.6894677474073,35.01671783459776],[135.69190987048225,35.01567990317775]],[[135.72201498060085,35.031739008759665],[135.72195014547495,35.03044159448464]],[[135.72195014547495,35.03044159448464],[135.72048054928825,35.030470425912974]],[[135.72048054928825,35.030470425912974],[135.71950802240002,35.03081640305298]],[[135.71950802240002,35.031883165901334],[135.72201498060085,35.031739008759665]],[[135.69914979287256,35.03514111730305],[135.69761536156,35.033843703028026],[135.6959944834129,35.035746577298056]],[[135.6959944834129,35.035746577298056],[135.69484906285564,35.0363808687214]],[[135.69484906285564,35.0363808687214],[135.69454649893484,35.03678450871807]],[[135.69454649893484,35.03678450871807],[135.69195309389949,35.03808192299309]],[[135.6875226936308,35.05393920857667],[135.6906996147991,35.05284361429999],[135.69266628028421,35.04846123719325],[135.69573514290937,35.04621238578322],[135.69517323848504,35.04471315150986],[135.69251499832382,35.045462768646544],[135.69201792902538,35.04471315150986],[135.69268789199285,35.04119571725314],[135.69554063753174,35.03995596583479],[135.6981556542757,35.039840640121454],[135.69813404256706,35.0363808687214],[135.69914979287256,35.03514111730305]],[[135.6991714045812,35.00334005185089],[135.69914979287256,35.00380135470423]],[[135.69914979287256,35.00380135470423],[135.69927946312436,35.004983443265914]],[[135.69927946312436,35.004983443265914],[135.7004897188075,35.00561773468926],[135.70172158619928,35.00455097184091]],[[135.70172158619928,35.00455097184091],[135.70185125645105,35.00357070327756]],[[135.70094356468869,35.00354187184922],[135.7000142612177,35.00342654613589]],[[135.7000142612177,35.00342654613589],[135.6991714045812,35.00334005185089]],[[135.66344725021935,35.027702608792936],[135.66232344137072,35.02836573164461]],[[135.66249633503972,35.02850988878628],[135.66437655369035,35.02900002306795],[135.6661919372151,35.02712598022626]],[[135.6661919372151,35.02712598022626],[135.66601904354607,35.02678000308625]],[[135.66601904354607,35.02678000308625],[135.66344725021935,35.027702608792936]],[[135.71144685508182,34.9999379433075],[135.7126787224736,34.99990911187917]],[[135.62433005760295,35.17938475325695],[135.62210405161426,35.17693408184858],[135.62154214718996,35.17511770186355],[135.62160698231583,35.168140496206775]],[[135.62160698231583,35.168140496206775],[135.61689562983497,35.16929375334013],[135.61404288429608,35.16886128191512],[135.612422006149,35.169783887621804],[135.6047498495861,35.17725122756025]],[[135.6047498495861,35.17725122756025],[135.60559270622258,35.183219333225345],[135.60526853059318,35.187284564620406],[135.60418794516178,35.19227240172215],[135.60407988661865,35.195184375983864]],[[135.60407988661865,35.195184375983864],[135.60876962739087,35.19460774741719],[135.61235717102312,35.19238772743549]],[[135.61235717102312,35.19238772743549],[135.61449673017725,35.18921627031877]],[[135.61449673017725,35.18921627031877],[135.61497218776708,35.18777469890208],[135.61843006114754,35.18644845319873],[135.62433005760295,35.17938475325695]],[[135.6686772837073,35.024041017394545],[135.6686772837073,35.02329140025787]],[[135.6686772837073,35.02329140025787],[135.6675102514414,35.0234067259712]],[[135.6675102514414,35.0234067259712],[135.6657380913339,35.02496362310122]],[[135.6657380913339,35.02496362310122],[135.6666673948049,35.02640519451791]],[[135.6666673948049,35.02640519451791],[135.66785603877943,35.02577090309457]],[[135.6986095001569,35.02735663165293],[135.70038166026436,35.0275872830796]],[[135.70027360172122,35.00685748610761],[135.698544665031,35.00530058897758]],[[135.698544665031,35.00530058897758],[135.69549741411447,35.00584838611593]],[[135.69549741411447,35.00584838611593],[135.69554063753174,35.00654034039594]],[[135.69843660648786,35.00743411467428],[135.70027360172122,35.00685748610761]],[[135.59906597021697,35.19460774741719],[135.59889307654797,35.191465121728804],[135.59750992719577,35.187284564620406],[135.59545681487612,35.185583510348714],[135.5901619462623,35.182844524657]],[[135.5901619462623,35.182844524657],[135.58715791876304,35.18451674750036],[135.5829436355806,35.185583510348714]],[[135.5829436355806,35.185583510348714],[135.58238173115626,35.187342227477075],[135.58432678493278,35.18967757317211],[135.58739564755794,35.190859661733796],[135.5885410681152,35.193252670285496],[135.59113447315056,35.19501138741386],[135.59284179813216,35.19746205882223]],[[135.59284179813216,35.19746205882223],[135.59688318764557,35.195155544555526],[135.59906597021697,35.19460774741719]],[[135.67256739126032,35.15779001343495],[135.66802893244846,35.15597363344992],[135.6653490805786,35.156492599159925],[135.66305823946405,35.1548492077449]],[[135.66305823946405,35.1548492077449],[135.65901684995066,35.15666558772993],[135.65821721673143,35.157991833433286],[135.65415421550938,35.15986587627498]],[[135.65415421550938,35.15986587627498],[135.65583992878234,35.16280668196502],[135.6574391952208,35.16413292766838],[135.6605945046805,35.16499787051839],[135.65962197779223,35.167592699068436],[135.65592637561687,35.16932258476846],[135.65562381169607,35.17111013332516],[135.6582820518573,35.17295534473852]],[[135.6582820518573,35.17295534473852],[135.66212893599305,35.173935613301865],[135.6641172131868,35.175982644713564]],[[135.6641172131868,35.175982644713564],[135.6649600698233,35.17684758756358]],[[135.6649600698233,35.17684758756358],[135.6689150125022,35.182844524657]],[[135.6689150125022,35.182844524657],[135.67386409377798,35.1805380103903],[135.67542013679918,35.17846214755027],[135.67827288233806,35.177885518983594],[135.67717068519804,35.17687641899191],[135.67911573897456,35.17350314187686],[135.67803515354316,35.171859750461834],[135.68097434591655,35.16842881049011],[135.68114723958558,35.166064633366744]],[[135.68114723958558,35.166064633366744],[135.67954797314712,35.16704490193009],[135.67611171147527,35.16620879050841],[135.67420988111604,35.16297967053503],[135.67408021086428,35.15943340484997],[135.67256739126032,35.15779001343495]],[[135.69538935557134,35.0275007887946],[135.69547580240584,35.02721247451126]],[[135.69212598756852,35.02698182308459],[135.69538935557134,35.0275007887946]],[[135.68075822883026,35.02392569168121],[135.6798505370679,35.02375270311121]],[[135.6798505370679,35.02375270311121],[135.6789212335969,35.023810365967876]],[[135.67987214877652,35.02727013736793],[135.68075822883026,35.02392569168121]],[[135.69927946312436,35.004983443265914],[135.698544665031,35.00530058897758]],[[135.70027360172122,35.00685748610761],[135.70213220866322,35.00596371182926]],[[135.70213220866322,35.00596371182926],[135.70172158619928,35.00455097184091]],[[135.7066274440578,35.02721247451126],[135.70621682159387,35.02813508021794]],[[135.70621682159387,35.02813508021794],[135.70580619912997,35.02850988878628]],[[135.70697323139586,35.03058575162631],[135.70725418360803,35.03064341448298]],[[135.69610254195604,35.00348420899256],[135.6956703077835,35.004579803269245]],[[135.6956703077835,35.004579803269245],[135.69914979287256,35.00380135470423]],[[135.6991714045812,35.00334005185089],[135.69610254195604,35.00348420899256]],[[135.6579794879365,35.039754145836454],[135.65810915818827,35.04194533438982]],[[135.6959944834129,35.035746577298056],[135.69469778089524,35.035573588728056]],[[135.69469778089524,35.035573588728056],[135.69484906285564,35.0363808687214]],[[135.68138496838048,35.01608354317442],[135.6802179361146,35.01573756603442]],[[135.6802179361146,35.01573756603442],[135.68004504244556,35.016458351742756]],[[135.6810824044597,35.016660171741094],[135.68138496838048,35.01608354317442]],[[135.70036004855572,35.02334906311453],[135.70020876659535,35.02179216598451]],[[135.6807798405389,35.01279676034437],[135.68136335667185,35.012710266059365]],[[135.68136335667185,35.012710266059365],[135.67840255258983,35.01141285178435],[135.6744259982023,35.0127390974877]],[[135.6744259982023,35.0127390974877],[135.67777581303963,35.012767928916034]],[[135.67777581303963,35.012767928916034],[135.6807798405389,35.01279676034437]],[[135.70548202350054,35.027875597362936],[135.70621682159387,35.02813508021794]],[[135.70619520988527,35.02712598022626],[135.70548202350054,35.027875597362936]],[[135.66796409732257,35.02654935165958],[135.66923918813163,35.02735663165293],[135.67241610929992,35.0275007887946]],[[135.67356152985718,35.025886228807906],[135.67276189663795,35.02565557738124]],[[135.66915274129713,35.02568440880957],[135.66796409732257,35.02654935165958]],[[135.67650072223057,35.01792875458778],[135.67660878077373,35.01761160887611]],[[135.67660878077373,35.01761160887611],[135.67444760991094,35.01764044030445]],[[135.67345347131405,35.01911084314947],[135.67267544980345,35.01983162885781]],[[135.67267544980345,35.01983162885781],[135.67429632795054,35.02058124599449],[135.67593881780627,35.01957214600281]],[[135.68801976292923,35.026145711662906],[135.68747947021353,35.02582856595124]],[[135.68747947021353,35.02582856595124],[135.68562086327154,35.02735663165293]],[[135.68562086327154,35.02735663165293],[135.68523185251624,35.028019754504605]],[[135.69774503181176,34.99812156332248],[135.69778825522903,34.99999560616417]],[[135.69778825522903,34.99999560616417],[135.6968373400494,35.000629897587515]],[[135.6968373400494,35.000629897587515],[135.69694539859253,35.00192731186253]],[[135.69694539859253,35.00192731186253],[135.69927946312436,35.00178315472086],[135.6991714045812,35.00334005185089]],[[135.7000142612177,35.00342654613589],[135.70068422418515,35.00296524328255]],[[135.70115968177495,35.00135068329586],[135.70105162323182,34.99907300045749]],[[135.70105162323182,34.99907300045749],[135.69774503181176,34.99812156332248]],[[135.67284834347248,35.030153280201304],[135.6744259982023,35.028163911646274]],[[135.6771274617808,35.01591055460442],[135.67660878077373,35.01761160887611]],[[135.68004504244556,35.016458351742756],[135.6771274617808,35.01591055460442]],[[135.70695161968723,35.032373300183],[135.71032304623319,35.03142186304799]],[[135.6798505370679,35.02375270311121],[135.68036921807496,35.022166974552846]],[[135.7050714010366,35.02533843166956],[135.70548202350054,35.027875597362936]],[[135.69469778089524,35.035573588728056],[135.69143441289242,35.03669801443307]],[[135.69190987048225,35.03727464299975],[135.69454649893484,35.03678450871807]],[[135.7160069256023,35.03643853157807],[135.71812487304783,35.035717745869725],[135.72138824105065,35.03338240017469]],[[135.72138824105065,35.03338240017469],[135.72201498060085,35.031739008759665]],[[135.7045959434468,34.999044169029155],[135.70105162323182,34.99907300045749]],[[135.6883007151414,35.01813057458612],[135.68678789553744,35.018245900299455]],[[135.68678789553744,35.018245900299455],[135.68858166735356,35.01908201172113]],[[135.68858166735356,35.01908201172113],[135.6883007151414,35.01813057458612]],[[135.68300584652758,35.01738095744944],[135.68179559084442,35.018159406014455]],[[135.6832003519052,35.01968747171614],[135.68330841044835,35.01968747171614]],[[135.68330841044835,35.01968747171614],[135.68339485728288,35.018303563156124]],[[135.68562086327154,35.02735663165293],[135.6831139050707,35.02727013736793]],[[135.6831139050707,35.02727013736793],[135.68095273420792,35.0273278002246]],[[135.64847033614026,35.15384010775322],[135.64099268495502,35.15556999345325],[135.6377941520781,35.15562765630992],[135.6367135666467,35.156636756301594]],[[135.6367135666467,35.156636756301594],[135.63643261443454,35.15735754200994]],[[135.63643261443454,35.15735754200994],[135.63613005051374,35.158193653431624]],[[135.63613005051374,35.158193653431624],[135.6353304172945,35.160298347699985]],[[135.6353304172945,35.160298347699985],[135.63491979483058,35.16292200767836],[135.6357194280498,35.166468273363414]],[[135.6357194280498,35.166468273363414],[135.6377293169522,35.17087948189848],[135.63597876855334,35.175607836145225]],[[135.63839927991967,35.17898111326028],[135.63924213655616,35.17710707041858],[135.64045239223933,35.178000844696925],[135.64231099918132,35.177424216130255],[135.64341319632135,35.1742239275852],[135.64477473396488,35.17252287331351],[135.64708718678807,35.173877950445195],[135.65063150700303,35.17111013332516],[135.65086923579796,35.16863063048845],[135.65207949148112,35.16554566765674],[135.65335458229015,35.16566099337007],[135.65415421550938,35.15986587627498]],[[135.66305823946405,35.1548492077449],[135.6595139192491,35.154503230604895]],[[135.6595139192491,35.154503230604895],[135.6506747304203,35.15421491632156],[135.64847033614026,35.15384010775322]],[[135.67055750235792,35.02271477169119],[135.67057911406656,35.022224637409515]],[[135.67057911406656,35.022224637409515],[135.66802893244846,35.02210931169618]],[[135.66802893244846,35.02210931169618],[135.6675102514414,35.0234067259712]],[[135.6686772837073,35.02329140025787],[135.67055750235792,35.02271477169119]],[[135.71665527686113,35.02542492595457],[135.71656883002663,35.02516544309956]],[[135.71656883002663,35.02516544309956],[135.71566113826427,35.02502128595789]],[[135.71566113826427,35.02502128595789],[135.71563952655563,35.02513661167123]],[[135.71563952655563,35.02513661167123],[135.71559630313837,35.025943891664575]],[[135.71544502117797,35.028250405931274],[135.71661205344387,35.028106248789605]],[[135.71661205344387,35.028106248789605],[135.7166985002784,35.0274142945096]],[[135.6579794879365,35.039754145836454],[135.65702857275687,35.0406479201148],[135.6544783911388,35.04038843725979],[135.6501344377046,35.04407886008652],[135.64853517126613,35.04479964579487],[135.6461146598998,35.047452137201574]],[[135.65089084750656,35.05206516573498],[135.65182015097758,35.051344380026634]],[[135.66856922516416,35.01697731745276],[135.6657380913339,35.01844772029779]],[[135.6657380913339,35.01844772029779],[135.66470072931978,35.02058124599449],[135.66785603877943,35.020292931711154]],[[135.66785603877943,35.020292931711154],[135.66915274129713,35.020350594567816]],[[135.61942419974443,35.226552970011014],[135.62260112091272,35.226120498586006],[135.621887934528,35.22447710717098],[135.6223417804092,35.222314750045946],[135.62190954623662,35.21922978721423]],[[135.62190954623662,35.21922978721423],[135.6212611949778,35.214616758680826],[135.61884068361147,35.210955167282435],[135.61618244345024,35.20905229301241],[135.61559892731728,35.20619798160737],[135.61830039089577,35.20198859307063],[135.6195754817048,35.199047787380586],[135.62121797156053,35.19800985596057]],[[135.62121797156053,35.19800985596057],[135.61983482220833,35.19610698169054],[135.61235717102312,35.19238772743549]],[[135.60407988661865,35.195184375983864],[135.59906597021697,35.19460774741719]],[[135.59284179813216,35.19746205882223],[135.59223667029056,35.19864414738392],[135.59403044210669,35.20080650450895],[135.5961483895522,35.20175794164396],[135.59673190568517,35.204727578762345],[135.5962132246781,35.20740890159738],[135.5972289749836,35.21104166156744],[135.59679674081104,35.21210842441579],[135.59392238356355,35.212685052982465]],[[135.59392238356355,35.212685052982465],[135.60351798219432,35.216490801522525],[135.60671651507124,35.220844347200924],[135.612422006149,35.22588984715934]],[[135.612422006149,35.22588984715934],[135.61734947571614,35.22661063286768],[135.61858134310793,35.225515038591],[135.61942419974443,35.226552970011014]],[[135.5901619462623,35.182844524657],[135.59184765953526,35.181431784668646],[135.59379271331179,35.17860630469194],[135.59562970854515,35.17488705043688],[135.59811505503734,35.17255170474184],[135.5985472892099,35.17085065047015],[135.59783410282517,35.165949307653406]],[[135.59783410282517,35.165949307653406],[135.59571615537965,35.16589164479674]],[[135.59571615537965,35.16589164479674],[135.5922582819992,35.165603330513406],[135.5937278781859,35.17064883047181],[135.59098319119016,35.17001453904847],[135.5895352067121,35.17053350475848],[135.58646634408694,35.170187527618474]],[[135.58646634408694,35.170187527618474],[135.5861421684575,35.17540601614689],[135.58376488050845,35.18022086467863],[135.5809985818041,35.183075176083676]],[[135.5809985818041,35.183075176083676],[135.5829436355806,35.185583510348714]],[[135.70299667700834,35.02346438882787],[135.7046823902813,35.02392569168121]],[[135.61797621526634,35.10070378533406],[135.6170036883781,35.096090756800656],[135.61687401812634,35.09156422255226],[135.6184732845648,35.090180313992235],[135.62067767884483,35.08484649975048],[135.62152053548132,35.08380856833047]],[[135.62152053548132,35.08380856833047],[135.61453995359452,35.08625923973884],[135.6115791495125,35.086143914025506],[135.60533336571905,35.092717479685604]],[[135.60533336571905,35.092717479685604],[135.60784032391987,35.094303208243964],[135.61445350676001,35.09733050821901],[135.6163985605365,35.1008191110474],[135.61797621526634,35.10070378533406]],[[135.68447544271427,35.01403651176272],[135.68406482025034,35.01524743175274]],[[135.6858369803578,35.01527626318107],[135.6855992515629,35.014267163189395]],[[135.66785603877943,35.020292931711154],[135.66684028847394,35.022311131694515],[135.66802893244846,35.02210931169618]],[[135.67057911406656,35.022224637409515],[135.67133552386852,35.022224637409515]],[[135.67133552386852,35.022224637409515],[135.67176775804109,35.02147502027284]],[[135.58646634408694,35.170187527618474],[135.58633667383518,35.16511319623173],[135.58352715171355,35.16292200767836],[135.58214400236136,35.16101913340833]],[[135.58214400236136,35.16101913340833],[135.5792264216966,35.16055783055499],[135.57496891509692,35.16361396195837]],[[135.57496891509692,35.16361396195837],[135.57244034518746,35.165776319083406]],[[135.57244034518746,35.165776319083406],[135.5723971217702,35.167823350495105],[135.57388832966552,35.16874595620178],[135.57343448378435,35.17087948189848],[135.57486085655378,35.17252287331351],[135.5746447394675,35.174079770443534],[135.57615755907145,35.17624212756857],[135.5762007824887,35.17909643897361],[135.57855645872914,35.18016320182196],[135.5809985818041,35.183075176083676]],[[135.68300584652758,35.01521860032441],[135.68274650602405,35.01521860032441]],[[135.68274650602405,35.01521860032441],[135.68138496838048,35.01608354317442]],[[135.68313551677934,35.01689082316776],[135.6828761762758,35.016285363172756]],[[135.67055750235792,35.02271477169119],[135.67070878431832,35.024156343107876]],[[135.67304284885012,35.02479063453122],[135.67360475327445,35.02317607454453]],[[135.67360475327445,35.02317607454453],[135.67133552386852,35.022224637409515]],[[135.7032992409291,35.0275007887946],[135.7032992409291,35.0275007887946]],[[135.68330841044835,35.01968747171614],[135.68572892181467,35.01980279742948]],[[135.68572892181467,35.01980279742948],[135.68572892181467,35.018390057441124]],[[135.6745124450368,35.029749640204635],[135.6762846051443,35.02905768592462]],[[135.6762846051443,35.02905768592462],[135.6772139086153,35.02882703449795]],[[135.69108862555439,35.02865404592795],[135.69002965183162,35.029922628774635],[135.69113184897165,35.03320941160469]],[[135.69113184897165,35.03320941160469],[135.6936604188811,35.03309408589135],[135.69461133406074,35.032113817328],[135.69538935557134,35.0275007887946]],[[135.71248421709595,35.028077417361274],[135.7125274405132,35.028048585932936]],[[135.6882142683069,35.02577090309457],[135.68747947021353,35.02582856595124]],[[135.67118424190812,35.21429961296916],[135.6702117150199,35.21294453583747]],[[135.6702117150199,35.21294453583747],[135.66383626097465,35.2130598615508]],[[135.66383626097465,35.2130598615508],[135.66210732428442,35.214501432967495],[135.65581831707374,35.216721452949194],[135.65391648671448,35.218624327219224],[135.65026410795636,35.220556032917585],[135.64810293709357,35.222747221470954],[135.64952930986303,35.22704310429269],[135.64786520829867,35.22715843000602],[135.6444721700441,35.230070404267735],[135.64192198842602,35.23329952424112],[135.6385721735887,35.2342221299478],[135.63541686412904,35.23698994706784],[135.6320454375831,35.237970215631194]],[[135.6320454375831,35.237970215631194],[135.6296465379254,35.23871983276787]],[[135.6296465379254,35.23871983276787],[135.62869562274577,35.23920996704954],[135.6294304208391,35.24295805273294],[135.62899818666656,35.24494742128797],[135.63085679360856,35.2490703155397],[135.63580587488434,35.25232826694141],[135.63645422614317,35.25509608406146],[135.63930697168203,35.25780623832483],[135.64434249979234,35.257373766899825],[135.6466549526155,35.25988210116486],[135.64991832061833,35.26045872973154],[135.65192820952072,35.2599109325932],[135.65555897657018,35.263341872564915],[135.65661795029297,35.26210212114656],[135.65970842462673,35.261496661151554],[135.66050805784596,35.26028574116154],[135.66515457520094,35.26040106687487],[135.66714285239473,35.25835403546317],[135.67047105552342,35.25901715831485],[135.67548497192507,35.2581233840365],[135.67656555735647,35.25688363261815],[135.68112562787695,35.25676830690482],[135.6845835012574,35.25789273260983],[135.68642049649077,35.25619167833814],[135.68935968886416,35.255153746918126],[135.69035382746102,35.25613401548147],[135.6932065729999,35.25587453262647],[135.69579997803527,35.25725844118649],[135.699473968502,35.25792156403816],[135.70310473555148,35.257229609758156],[135.70524429470564,35.25867118117485],[135.7070164548131,35.261237178296554],[135.7087886149206,35.260718212586546],[135.71216004146655,35.261093021154885],[135.7177790857098,35.26550422968995],[135.71985380973805,35.265187083978276],[135.72184208693182,35.26593670111496],[135.725083843226,35.26553306111828],[135.72726662579743,35.26772424967165],[135.73055160550885,35.26608085825663],[135.73219409536458,35.26602319539996],[135.73117834505905,35.261352504009885],[135.73135123872808,35.25771974403983],[135.73295050516654,35.255326735488126],[135.72884428052726,35.251261504093065],[135.72830398781156,35.24993525838971],[135.729730360581,35.249214472681366]],[[135.729730360581,35.249214472681366],[135.72549446568993,35.247830564121344],[135.7243922685499,35.245610544139645],[135.7201131502416,35.242208435596254],[135.71557469142974,35.239700101331216],[135.7104094930677,35.24047854989623],[135.70759997094606,35.24223726702459],[135.70111645835772,35.24238142416626],[135.69718312738743,35.24315987273127],[135.69130474264065,35.24650431841799],[135.68756591704803,35.24520690414297],[135.68471317150917,35.24238142416626],[135.68207654305658,35.23707644135284],[135.68186042597029,35.23358783852446],[135.68354613924328,35.230041572839404],[135.6832003519052,35.2276485642877],[135.6755930304682,35.22401580431764],[135.67245933271718,35.220613695774254],[135.6728699551811,35.21752873294254],[135.67118424190812,35.21429961296916]],[[135.69774503181176,34.99812156332248],[135.69441682868307,34.9976314290408],[135.6906347796732,34.999217157599155],[135.6896190293677,35.00045690901751],[135.68964064107632,35.00550240897592]],[[135.6906347796732,35.00400317470257],[135.69061316796459,35.0038590175609]],[[135.69061316796459,35.0038590175609],[135.6905483328387,35.002561603285876],[135.6927311154101,35.000774054729185],[135.69778825522903,34.99999560616417]],[[135.6880845980551,35.01409417461939],[135.68724174141863,35.014209500332726]],[[135.6858153686492,35.01585289174775],[135.68765236388256,35.01668900316943]],[[135.68765236388256,35.01668900316943],[135.68793331609473,35.0168331603111]],[[135.68793331609473,35.0168331603111],[135.68817104488963,35.01680432888276]],[[135.6883007151414,35.01432482604606],[135.6880845980551,35.01409417461939]],[[135.59571615537965,35.16589164479674],[135.5962132246781,35.16375811910004],[135.59506780412082,35.160903807695],[135.59565132025378,35.15917392199497],[135.59167476586626,35.158453136286624],[135.5887787969101,35.15943340484997]],[[135.5887787969101,35.15943340484997],[135.58214400236136,35.16101913340833]],[[135.68972708791082,35.018274731727786],[135.68948935911592,35.01804408030112]],[[135.68948935911592,35.01804408030112],[135.6883007151414,35.01813057458612]],[[135.68858166735356,35.01908201172113],[135.68851683222766,35.020235268854485]],[[135.68851683222766,35.020235268854485],[135.6899215932885,35.020235268854485]],[[135.6899215932885,35.020235268854485],[135.68972708791082,35.018274731727786]],[[135.6175439810938,35.04445366865486],[135.61758720451104,35.04650070006656]],[[135.70718934848213,35.206774610174044],[135.70621682159387,35.20429510733734],[135.70686517285273,35.203141850203984]],[[135.70686517285273,35.203141850203984],[135.7049201190762,35.204006793054],[135.70178642132518,35.20158495307396],[135.6973127976392,35.20149845878896],[135.69495712139877,35.20074884165228],[135.69439521697444,35.20216158164064],[135.68979192303672,35.20389146734066],[135.68836555026726,35.204987061617345],[135.68438899587974,35.20608265589403],[135.68393514999858,35.206861104459044],[135.6806933937044,35.20746656445405],[135.67671683931687,35.2103208758591],[135.67042783210616,35.2105803587141],[135.6702117150199,35.20925411301074]],[[135.6702117150199,35.20925411301074],[135.66986592768183,35.21124348156577]],[[135.66986592768183,35.21124348156577],[135.6702117150199,35.21294453583747]],[[135.67118424190812,35.21429961296916],[135.67561464217684,35.21536637581751],[135.67807837696043,35.21536637581751],[135.6806933937044,35.21378064725915],[135.68220621330835,35.21147413299245],[135.6841296553762,35.2101478872891],[135.69342269008618,35.20642863303404],[135.69517323848504,35.20533303875735],[135.69958202704512,35.20383380448399],[135.7027373365048,35.204179781624],[135.70718934848213,35.206774610174044]],[[135.6353304172945,35.160298347699985],[135.63258573029879,35.159952370559985],[135.63260734200742,35.15908742770997],[135.62945203254773,35.15882794485496]],[[135.62945203254773,35.15882794485496],[135.63148353315876,35.16070198769666],[135.62642639333984,35.158308979144955]],[[135.62642639333984,35.158308979144955],[135.6266425104261,35.1569827334416],[135.62424361076842,35.15721338486827],[135.62193115794526,35.15574298202325]],[[135.62193115794526,35.15574298202325],[135.61843006114754,35.1571557220116]],[[135.61843006114754,35.1571557220116],[135.62043995004993,35.16061549341166],[135.62147731206406,35.16130744769167],[135.6277230958575,35.162258884826684],[135.6284146705336,35.16332564767504],[135.62564837182924,35.16482488194839],[135.62253628578682,35.16476721909172],[135.62160698231583,35.168140496206775]],[[135.62160698231583,35.168140496206775],[135.6264696167571,35.16883245048679],[135.63334214010075,35.16635294765008],[135.6357194280498,35.166468273363414]],[[135.71814648475646,35.03087406590965],[135.71868677747216,35.02905768592462]],[[135.71780069741843,35.02897119163962],[135.71745491008036,35.029836134489635]],[[135.71745491008036,35.029836134489635],[135.7171739578682,35.03075874019631]],[[135.6744259982023,35.0127390974877],[135.67306446055875,35.012767928916034]],[[135.67306446055875,35.012767928916034],[135.67317251910188,35.014699634614395],[135.67204871025325,35.016429520314425]],[[135.6771274617808,35.01591055460442],[135.67777581303963,35.012767928916034]],[[135.68678789553744,35.018245900299455],[135.68655016674253,35.018274731727786]],[[135.68655016674253,35.018274731727786],[135.68572892181467,35.018390057441124]],[[135.68572892181467,35.01980279742948],[135.68572892181467,35.020091111712816]],[[135.68572892181467,35.020091111712816],[135.68773881071706,35.02011994314115]],[[135.68773881071706,35.02011994314115],[135.68851683222766,35.020235268854485]],[[135.6581307698969,35.19775037310557],[135.6539380984231,35.19625113883221],[135.65039377820813,35.19653945311555],[135.64767070292103,35.19472307313052],[135.64583370768764,35.19204175029548],[135.6455743671841,35.19031186459545]],[[135.6455743671841,35.19031186459545],[135.6374051413228,35.19267604171882],[135.63643261443454,35.194896061700526],[135.63351503376978,35.195126713127195],[135.6321318844176,35.19429060170551],[135.63148353315876,35.19656828454388],[135.62975459646853,35.19818284453057],[135.626707345552,35.19875947309725],[135.62240661553506,35.19867297881225],[135.62154214718996,35.20031637022728]],[[135.62154214718996,35.20031637022728],[135.6249351854445,35.20772604730906]],[[135.6249351854445,35.20772604730906],[135.62666412213474,35.20550602732735],[135.62889012812343,35.203920298769],[135.63055422968776,35.2017867730723],[135.6401282166099,35.197058418825556],[135.6440831592888,35.19656828454388],[135.6469575165363,35.199105450237255],[135.65287912470035,35.199134281665586],[135.6581307698969,35.19775037310557]],[[135.66915274129713,35.20233457021064],[135.6654355274131,35.19844232738558]],[[135.6654355274131,35.19844232738558],[135.66286373408641,35.19800985596057]],[[135.66286373408641,35.19800985596057],[135.66232344137072,35.200547021653946],[135.6574391952208,35.20155612164562],[135.65281428957445,35.20351665877232],[135.6513663050964,35.20328600734565],[135.6471087984967,35.20524654447235],[135.6469575165363,35.20429510733734],[135.64345641973858,35.204756410190676],[135.64200843526052,35.20348782734399],[135.64222455234682,35.20193093021397],[135.64056045078246,35.20198859307063],[135.63541686412904,35.20366081591399],[135.63245606004702,35.20763955302405]],[[135.63245606004702,35.20763955302405],[135.63589232171884,35.20732240731238],[135.64295935044015,35.20763955302405],[135.64600660135667,35.208475664445736],[135.65117179971872,35.20841800158907],[135.66249633503972,35.20743773302572],[135.6671212406861,35.20778371016572],[135.67051427894066,35.208706315872405]],[[135.67051427894066,35.208706315872405],[135.66982270426456,35.20377614162733],[135.66915274129713,35.20233457021064]],[[135.68207654305658,35.012623771774365],[135.68136335667185,35.012710266059365]],[[135.6807798405389,35.01279676034437],[135.6802179361146,35.01573756603442]],[[135.68274650602405,35.01521860032441],[135.68190364938755,35.01392118604939]],[[135.6666673948049,35.02640519451791],[135.66601904354607,35.02678000308625]],[[135.6661919372151,35.02712598022626],[135.66796409732257,35.02654935165958]],[[135.66383626097465,35.2130598615508],[135.66033516417696,35.21207959298746],[135.65746080692944,35.21225258155746],[135.6494428630285,35.214270781540826],[135.64717363362257,35.2152798815325],[135.64423444124918,35.21810536150922],[135.6447963456735,35.218624327219224],[135.64339158461271,35.2212479871976],[135.64313224410918,35.22343917575097],[135.64086301470326,35.22727375571936],[135.63831283308517,35.22929195570272],[135.6390476311785,35.23151197568443],[135.6370161305675,35.232290424249435],[135.63565459292394,35.23526006136782],[135.6320454375831,35.237970215631194]],[[135.71540179776073,35.024185174536214],[135.71378091961364,35.0254537573829],[135.71136040824732,35.02516544309956]],[[135.71563952655563,35.02513661167123],[135.71540179776073,35.024185174536214]],[[135.7131325683548,35.210609190142435],[135.70718934848213,35.206774610174044]],[[135.729730360581,35.249214472681366],[135.7318483080265,35.24834952983135],[135.73372852667714,35.245379892712975],[135.73511167602933,35.2448897584313]],[[135.73511167602933,35.2448897584313],[135.73225893049045,35.24128582988958],[135.73029226500532,35.23511590422615],[135.73029226500532,35.23269406424611],[135.73143768556258,35.229926247126066],[135.73102706309865,35.22796570999937]],[[135.73102706309865,35.22796570999937],[135.7294926317861,35.226005172872675],[135.72514867835187,35.2236409957493]],[[135.72514867835187,35.2236409957493],[135.72108567712985,35.22058486434592],[135.71890289455843,35.21721158723087],[135.7131325683548,35.210609190142435]],[[135.6702117150199,35.20925411301074],[135.67051427894066,35.208706315872405]],[[135.63245606004702,35.20763955302405],[135.62497840886178,35.20925411301074]],[[135.62497840886178,35.20925411301074],[135.6232062487543,35.21020555014576],[135.62368170634412,35.21383831011582]],[[135.62368170634412,35.21383831011582],[135.62448133956335,35.21620248723919],[135.62560514841198,35.21600066724085],[135.626707345552,35.21770172151254],[135.62653445188297,35.21406896154249],[135.6288036812889,35.2151933872475],[135.63092162873443,35.21349233297581],[135.63831283308517,35.21404013011416],[135.63859378529733,35.21337700726248],[135.64321869094368,35.212915704409134],[135.6489674054387,35.20948476443741],[135.6527710661572,35.21213725584413],[135.65478095505958,35.21167595299078],[135.6557967053651,35.2102343815741],[135.6573527483863,35.21132997585078],[135.66377142584878,35.20916761872574],[135.66351208534525,35.210782178712435],[135.66986592768183,35.21124348156577]],[[135.67306446055875,35.012767928916034],[135.66971464572143,35.01423833176106],[135.6683747197865,35.01608354317442],[135.66595420842017,35.01703498030943]],[[135.66595420842017,35.01703498030943],[135.6657380913339,35.01844772029779]],[[135.70213220866322,35.00596371182926],[135.7036882516844,35.00351304042089]],[[135.7036882516844,35.00351304042089],[135.70185125645105,35.00357070327756]],[[135.63362309231292,35.06261746850514],[135.63487657141334,35.06172369422679],[135.6358707100102,35.06365539992515],[135.6378805989126,35.06480865705851],[135.64123041374992,35.06521229705518],[135.641749094757,35.066682699900205],[135.6419868235519,35.07207417699862],[135.64265678651935,35.07259314270863]],[[135.64265678651935,35.07259314270863],[135.64937802790263,35.06901804559524],[135.65063150700303,35.066855688470206]],[[135.72862816344096,34.99249943479739],[135.7287146102755,34.99025058338735]],[[135.71144685508182,35.00149484043753],[135.71144685508182,35.00365719756256]],[[135.71144685508182,35.00365719756256],[135.71308934493754,35.00371486041923]],[[135.6832651870311,35.02078306599282],[135.68572892181467,35.020091111712816]],[[135.631353862907,35.17454107329687],[135.62433005760295,35.17938475325695]],[[135.61449673017725,35.18921627031877],[135.61868940165107,35.18967757317211],[135.62247145066095,35.18656377891206],[135.62882529299753,35.185208701780375],[135.62914946862696,35.18630429605706]],[[135.7187083891808,35.026203374519575],[135.72009153853296,35.02822157450294]],[[135.72009153853296,35.02822157450294],[135.72082633662632,35.02836573164461]],[[135.72078311320905,35.027846765934605],[135.72043732587102,35.02582856595124]],[[135.6894677474073,35.01152817749768],[135.68940291228142,35.01233545749103]],[[135.6367135666467,35.156636756301594],[135.63623810905688,35.15516635345657],[135.63215349612622,35.15404192775156],[135.63239122492112,35.15196606491153]],[[135.63239122492112,35.15196606491153],[135.6297978198858,35.15187957062653],[135.62761503731437,35.15317698490154],[135.62742053193674,35.152340873479865]],[[135.62742053193674,35.152340873479865],[135.62463262152372,35.14916941636315],[135.62372492976135,35.14715121637978],[135.6224282272437,35.14741069923479]],[[135.6224282272437,35.14741069923479],[135.6223417804092,35.154099590608226]],[[135.6223417804092,35.154099590608226],[135.62394104684765,35.15519518488491],[135.62722602655907,35.156146622019925],[135.6309648521517,35.156233116304925],[135.63643261443454,35.15735754200994]],[[135.70686517285273,35.203141850203984],[135.7075351358202,35.20126780736229],[135.70740546556843,35.19463657884552],[135.70874539150336,35.19152278458547],[135.71304612152028,35.18840899032542],[135.71760619204076,35.18817833889875],[135.72097761858672,35.18639079034206]],[[135.7270937321284,35.17229222188684],[135.72657505112133,35.17099480761182]],[[135.72657505112133,35.17099480761182],[135.72398164608597,35.171629099035165],[135.72255527331654,35.170072201905136],[135.72086956004358,35.169870381906804],[135.72043732587102,35.16842881049011],[135.71635271294033,35.16894777620012],[135.713759307905,35.16874595620178],[135.71293806297714,35.166468273363414],[135.70967469497435,35.164104096240045],[135.7066922791837,35.16571865622674],[135.7022834906236,35.16566099337007],[135.70036004855572,35.16502670194673],[135.69891206407766,35.165978139081744],[135.6968373400494,35.165776319083406],[135.6939845945105,35.16655476764842],[135.6896190293677,35.166324116221745]],[[135.6896190293677,35.166324116221745],[135.69149924801832,35.172349884743504],[135.6903106040438,35.171802087605165],[135.69052672113006,35.173935613301865],[135.69370364229835,35.17511770186355],[135.69262305686695,35.176155633283564],[135.69463294576934,35.17647277899524],[135.6954541906972,35.17846214755027],[135.69847982990512,35.18050917896197],[135.70051133051612,35.18388245607702],[135.69571353120074,35.18639079034206],[135.6932714081258,35.18653494748373],[135.69201792902538,35.18789002461541],[135.68968386449356,35.18797651890041],[135.68881939614846,35.19253188457715],[135.6857505335233,35.19541502741053],[135.68043405320086,35.197202575967225],[135.6791373506832,35.196654778828886],[135.6779919301259,35.19800985596057],[135.67524724313017,35.198932461667255],[135.6736479766917,35.200547021653946],[135.6706871726097,35.20048935879728],[135.66915274129713,35.20233457021064]],[[135.68075822883026,35.02392569168121],[135.68229266014285,35.024531151676214]],[[135.68274650602405,35.024242837392876],[135.68328679873972,35.02308958025953]],[[135.68328679873972,35.02308958025953],[135.68337324557424,35.02098488599116]],[[135.65763370059847,35.03744763156975],[135.65676923225334,35.03981180869312],[135.65065311871166,35.03750529442642]],[[135.6880845980551,35.01409417461939],[135.6894677474073,35.01360404033772]],[[135.7264886042868,35.194751904558856],[135.73016259475355,35.19253188457715]],[[135.7131325683548,35.210609190142435],[135.71721718128546,35.20547719589902],[135.71726040470273,35.202911198777315],[135.72004831511572,35.20167144735896],[135.72255527331654,35.19677010454222],[135.7264886042868,35.194751904558856]],[[135.63239122492112,35.15196606491153],[135.63284507080232,35.150466830638166]],[[135.63284507080232,35.150466830638166],[135.62876045787164,35.15072631349317]],[[135.62876045787164,35.15072631349317],[135.62742053193674,35.152340873479865]],[[135.62497840886178,35.20925411301074],[135.6249351854445,35.20772604730906]],[[135.62154214718996,35.20031637022728],[135.62121797156053,35.19800985596057]],[[135.62190954623662,35.21922978721423],[135.622817237999,35.21787471008255],[135.6229685199594,35.214559095824164],[135.62368170634412,35.21383831011582]],[[135.75101789357942,35.20167144735896],[135.74937540372372,35.203170681632315],[135.75080177649315,35.204958230189014],[135.7498292496049,35.206716947317375],[135.74652265818483,35.2101478872891],[135.74624170597266,35.21182011013245],[135.744945003455,35.21158945870578],[135.74235159841965,35.2131463558358],[135.7426973857577,35.216317812952525],[135.74475049807734,35.21781704722588],[135.74559335471383,35.220556032917585],[135.7397365816757,35.22280488432762],[135.73651643709013,35.22320852432429],[135.7334691861736,35.22499607288099],[135.73102706309865,35.22796570999937]],[[135.73511167602933,35.2448897584313],[135.73854793770116,35.24465910700463],[135.73962852313255,35.24324636701627],[135.7424596569628,35.2430157155896],[135.74775452557662,35.24494742128797],[135.74978602618765,35.24408247843795],[135.7524874897661,35.245322229856306],[135.75467027233753,35.2448032641463],[135.7583658745129,35.23687462135451],[135.7611753966345,35.23332835566945],[135.76145634884668,35.2296091014144],[135.76061349221018,35.226581801439345],[135.76251532256944,35.224419444314314],[135.76307722699377,35.22119032434093],[135.76182374789335,35.21729808151587],[135.76266660452984,35.21418428725582],[135.75972741215645,35.21363649011748],[135.75631276219326,35.208936967299074],[135.75451899037714,35.20743773302572],[135.7532438995681,35.205044724474014],[135.753481628363,35.20250755878064],[135.75482155429793,35.20135430164729]],[[135.69694539859253,35.00192731186253],[135.69577836632664,35.00212913186087]],[[135.69577836632664,35.00212913186087],[135.69577836632664,35.00345537756422]],[[135.69577836632664,35.00345537756422],[135.69610254195604,35.00348420899256]],[[135.71661205344387,35.028106248789605],[135.71566113826427,35.03072990876798]],[[135.71745491008036,35.029836134489635],[135.71736846324586,35.02744312593793]],[[135.6762846051443,35.02905768592462],[135.67611171147527,35.03113354876465]],[[135.67848899942433,35.03251745732467],[135.67851061113296,35.03104705447965]],[[135.7035153580154,35.02464647738955],[135.70502817761934,35.02481946595955]],[[135.67743002570157,35.02003344885615],[135.67688973298587,35.02164800884284]],[[135.6407333444515,35.18373829893535],[135.64170587133972,35.18517987035204],[135.64488279250804,35.1866791046254]],[[135.64488279250804,35.1866791046254],[135.64581209597904,35.185381690350376],[135.64924835765086,35.183651804650346],[135.65117179971872,35.183795961792015],[135.65006960257872,35.18174893038032],[135.65255494907092,35.1784909789786]],[[135.65255494907092,35.1784909789786],[135.65551575315294,35.17638628471023],[135.6557318702392,35.17471406186688],[135.6578282059761,35.17451224186854],[135.6582820518573,35.17295534473852]],[[135.6223417804092,35.154099590608226],[135.6221904984488,35.15539700488324]],[[135.6221904984488,35.15539700488324],[135.62936558571323,35.15764585629328],[135.63613005051374,35.158193653431624]],[[135.67611171147527,35.02300308597453],[135.6748150089576,35.02265710883452]],[[135.6748150089576,35.02265710883452],[135.67360475327445,35.02317607454453]],[[135.68655016674253,35.018274731727786],[135.68572892181467,35.01789992315945]],[[135.6047498495861,35.17725122756025],[135.6019403274645,35.173474310448526],[135.60012494393973,35.16920725905513],[135.59783410282517,35.165949307653406]],[[135.64654689407237,35.15199489633986],[135.64321869094368,35.144614050686414],[135.63913407801303,35.14397975926307],[135.63809671599887,35.143057153556384],[135.63855056188007,35.14124077357136],[135.6367135666467,35.139568550728],[135.63357986889565,35.14020284215134]],[[135.63357986889565,35.14020284215134],[135.6357194280498,35.14423924211807]],[[135.6357194280498,35.14423924211807],[135.63716741252787,35.14553665639309],[135.6356329812153,35.1461421163881],[135.63284507080232,35.150466830638166]],[[135.63284507080232,35.150466830638166],[135.6364110027259,35.15150476205818],[135.64401832416291,35.15127411063151],[135.64654689407237,35.15199489633986]],[[135.6649600698233,35.17684758756358],[135.66292856921228,35.17846214755027],[135.66409560147818,35.18033619039196],[135.66249633503972,35.18174893038032],[135.66050805784596,35.18541052177871],[135.6590600733679,35.18500688178204],[135.6581307698969,35.18624663320039],[135.65918974361966,35.18953341603044],[135.66245311162248,35.1954726902672],[135.66470072931978,35.19648179025888],[135.66286373408641,35.19800985596057]],[[135.6654355274131,35.19844232738558],[135.6686772837073,35.193137344572165],[135.66802893244846,35.191234470302135],[135.6687421188332,35.18858197889543],[135.66826666124336,35.187371058905406],[135.6703846086889,35.18474739892703],[135.6689150125022,35.182844524657]],[[135.62152053548132,35.08380856833047],[135.62279562629035,35.08121373978043]],[[135.59534875633298,35.08888289971721],[135.59805021991147,35.092112019690596],[135.59811505503734,35.09464918538397],[135.6007084600727,35.09513931966564],[135.6039718280755,35.094389702528964],[135.60533336571905,35.092717479685604]],[[135.72009153853296,35.02822157450294],[135.7194215755655,35.03084523448131]],[[135.72048054928825,35.030470425912974],[135.72080472491768,35.02865404592795]],[[135.59392238356355,35.212685052982465],[135.59223667029056,35.21366532154581],[135.58975132379837,35.216807947234194],[135.58966487696387,35.21908563007256],[135.59253923421136,35.22104616719926],[135.59556487341928,35.22119032434093],[135.59595388417458,35.222314750045946],[135.59895791167384,35.22499607288099],[135.60206999771626,35.22528438716433],[135.60410149832725,35.22652413858268],[135.6097205425705,35.22851350713771],[135.61255167640076,35.22741791286103],[135.612422006149,35.22588984715934]],[[135.66595420842017,35.01703498030943],[135.6592113553283,35.01749628316278],[135.65616410441177,35.02081189742116],[135.65532124777528,35.024444657391214],[135.65359231108505,35.025886228807906],[135.65296557153485,35.0297208087763]],[[135.66344725021935,35.027702608792936],[135.66474395273704,35.02455998310455],[135.6657380913339,35.02496362310122]],[[135.71248421709595,35.02943249449296],[135.71155491362495,35.03026860591464]],[[135.71155491362495,35.03026860591464],[135.71053916331945,35.03067224591131]],[[135.71034465794182,35.03127770590632],[135.71071205698848,35.03320941160469],[135.7080970402445,35.03519878015972],[135.70842121587393,35.03837023727643],[135.71138201995595,35.03891803441477]],[[135.65255494907092,35.1784909789786],[135.65462967309918,35.17912527040195],[135.65763370059847,35.177366553273586],[135.6598380948785,35.17834682183693],[135.66234505307935,35.177626036128586],[135.6641172131868,35.175982644713564]],[[135.70280217163068,35.006742160394275],[135.70213220866322,35.00596371182926]],[[135.61843006114754,35.1571557220116],[135.6149937994757,35.15810715914662],[135.60995827136543,35.15776118200662]],[[135.60995827136543,35.15776118200662],[135.6060681638124,35.15842430485829],[135.60328025339942,35.16148043626167],[135.60066523665543,35.1630373333917],[135.6007084600727,35.165689824798406],[135.59783410282517,35.165949307653406]],[[135.6868311189547,35.03537176872972],[135.68765236388256,35.03447799445137],[135.68994320499712,35.03511228587472],[135.69113184897165,35.03320941160469]],[[135.6357194280498,35.14423924211807],[135.63005716038933,35.14559431924976],[135.6284146705336,35.146718744954775],[135.62876045787164,35.15072631349317]],[[135.76478455197537,35.189187438890436],[135.76796147314366,35.18817833889875],[135.76971202154252,35.18590065606038],[135.76973363325115,35.183305827510345],[135.77224059145198,35.181777761808654],[135.775201395534,35.17877929326194],[135.77278088416767,35.17549251043189],[135.77308344808847,35.17462756758188],[135.77064132501351,35.17269586188351],[135.77005780888058,35.16871712477345],[135.77090066551705,35.16318149053337],[135.77312667150574,35.1571557220116],[135.7718083572794,35.1549357020299],[135.76969040983388,35.15375361346822],[135.7683720956076,35.152023727768196],[135.76608125449303,35.150755144921504],[135.7646548817236,35.15179307634152],[135.7635742962922,35.15089930206317],[135.75892777893722,35.150351504924835],[135.7569611134521,35.14824681065647],[135.752552324892,35.150409167781504],[135.75103950528805,35.14905409064981],[135.74466405124284,35.150120853498166],[135.74328090189064,35.15525284774158],[135.74159518861768,35.158280147716624],[135.7374025171439,35.16099030198],[135.73552229849327,35.16101913340833],[135.7334691861736,35.16300850196336],[135.73320984567007,35.16482488194839],[135.73059482892612,35.16863063048845],[135.73089739284688,35.169726224765135],[135.72860655173236,35.17093714475515],[135.72657505112133,35.17099480761182]],[[135.66286373408641,35.19800985596057],[135.6581307698969,35.19775037310557]],[[135.6455743671841,35.19031186459545],[135.64592015452217,35.18731339604874],[135.64488279250804,35.1866791046254]],[[135.64265678651935,35.07259314270863],[135.6414465308362,35.074553679835326],[135.64185715330012,35.07616823982202],[135.64421282954058,35.076370059820356],[135.64371576024212,35.07758097981037],[135.63917730143027,35.0793973597954],[135.6383344447938,35.080723605498754],[135.63459561920118,35.082799468338784],[135.63200221416582,35.08602858831217],[135.63364470402155,35.09156422255226],[135.63558975779804,35.095744779660656]],[[135.63558975779804,35.095744779660656],[135.637102577402,35.09554295966232]],[[135.637102577402,35.09554295966232],[135.64084140299462,35.09513931966564],[135.64352125486448,35.09372657967729],[135.64339158461271,35.09156422255226],[135.64553114376687,35.09144889683892],[135.6488809586042,35.0900649882789],[135.650285719665,35.090093819707235],[135.65253333736229,35.0923715025456]],[[135.62193115794526,35.15574298202325],[135.6221904984488,35.15539700488324]],[[135.6224282272437,35.14741069923479],[135.6224282272437,35.146372767814775],[135.6201806095464,35.142480524989715],[135.62177987598486,35.13971270786967]],[[135.62177987598486,35.13971270786967],[135.6197915987911,35.137262036461294],[135.61672273616594,35.14005868500968],[135.61402127258745,35.13988569643967]],[[135.61402127258745,35.13988569643967],[135.6108659631278,35.14216337927804],[135.6115575378039,35.14501769068308],[135.61495057605845,35.15000552778483],[135.61436705992548,35.15372478203989],[135.61268134665252,35.15594480202159],[135.6101095533258,35.15741520486661]],[[135.6101095533258,35.15741520486661],[135.60995827136543,35.15776118200662]],[[135.62945203254773,35.15882794485496],[135.62642639333984,35.158308979144955]],[[135.6009461888676,35.14026050500801],[135.60111908253663,35.13913607930299],[135.59679674081104,35.138818933591324],[135.59681835251968,35.13809814788298],[135.5932524205961,35.13659891360962],[135.59189088295253,35.13383109648958],[135.59197732978703,35.129016247957836]],[[135.59197732978703,35.129016247957836],[135.5892974779172,35.12766117082615],[135.58359198683942,35.12737285654281],[135.57648173470088,35.13005417937785],[135.57522825560045,35.13221653650289]],[[135.57522825560045,35.13221653650289],[135.5760495005283,35.13645475646795],[135.57792971917894,35.138790102162986]],[[135.57792971917894,35.138790102162986],[135.58004766662447,35.140433493578016]],[[135.58004766662447,35.140433493578016],[135.5861421684575,35.14539249925142],[135.5873740358493,35.14718004780812]],[[135.5873740358493,35.14718004780812],[135.58996744088464,35.14423924211807],[135.59227989370783,35.1440085906914],[135.59662384714204,35.14112544785802],[135.6009461888676,35.14026050500801]],[[135.67232966246542,35.02020643742615],[135.67267544980345,35.01983162885781]],[[135.63357986889565,35.14020284215134],[135.6319589907486,35.140837133574685]],[[135.6319589907486,35.140837133574685],[135.6309648521517,35.13959738215633],[135.6291062452097,35.140577650719685],[135.62614544112768,35.14095245928802],[135.62314141362842,35.13925140501633],[135.62177987598486,35.13971270786967]],[[135.71161974875085,35.02940366306463],[135.71155491362495,35.03026860591464]],[[135.61402127258745,35.13988569643967],[135.6132000276596,35.13729086788963],[135.61503702289295,35.131034447941204],[135.61490735264118,35.128756765102835]],[[135.61490735264118,35.128756765102835],[135.61268134665252,35.12500867941944],[135.6067597384885,35.12639258797946]],[[135.6067597384885,35.12639258797946],[135.60704069070064,35.126882722261136],[135.6066084565281,35.13331213077957],[135.6076890419595,35.135099679336264],[135.60647878627634,35.13582046504461],[135.6065436214022,35.140433493578016],[135.6102608352862,35.146574587813106],[135.61183849001603,35.14735303637812],[135.61335130962,35.15055332492317],[135.61324325107685,35.15404192775156],[135.61021761186896,35.156088959163256]],[[135.61021761186896,35.156088959163256],[135.6101095533258,35.15741520486661]],[[135.58214400236136,35.16101913340833],[135.5823168960304,35.15888560771163],[135.5807608530092,35.15660792487326],[135.5802421720021,35.15196606491153],[135.5794641504915,35.14974604492983],[135.5773678147546,35.146401599243106],[135.5768923571648,35.14429690497474],[135.57788649576167,35.14236519927638],[135.58004766662447,35.140433493578016]],[[135.57792971917894,35.138790102162986],[135.57741103817187,35.14002985358134],[135.57544437268672,35.140808302146354],[135.57527147901772,35.1440085906914],[135.5733264252412,35.14501769068308],[135.57406122333455,35.14787200208813],[135.5728509676514,35.15127411063151],[135.57382349453965,35.15594480202159],[135.5725484037306,35.160586661983324],[135.5729374144859,35.162258884826684],[135.57496891509692,35.16361396195837]],[[135.6718542048756,35.02133086313117],[135.6752904665474,35.02133086313117]],[[135.6752904665474,35.02133086313117],[135.67606848805804,35.01977396600115]],[[135.7036882516844,35.00351304042089],[135.70388275706208,35.00351304042089]],[[135.6858369803578,35.01689082316776],[135.68765236388256,35.01668900316943]],[[135.7264886042868,35.194751904558856],[135.72873622198412,35.19642412740222],[135.72743951946643,35.198557653098916],[135.72912523273942,35.20063351593895],[135.7287146102755,35.20233457021064],[135.72983841912412,35.203170681632315],[135.7270937321284,35.2062268130357],[135.72705050871113,35.20945593300908],[135.73014098304492,35.2103208758591],[135.7274827428837,35.21669262152086],[135.7257105827762,35.21796120436755],[135.72514867835187,35.2236409957493]],[[135.6748150089576,35.02265710883452],[135.6752904665474,35.02133086313117]],[[135.6883007151414,35.01813057458612],[135.68793331609473,35.0168331603111]],[[135.70833476903942,35.00371486041923],[135.71144685508182,35.00365719756256]],[[135.70935051934492,35.00152367186586],[135.70565491716957,35.00192731186253]],[[135.64847033614026,35.15384010775322],[135.64654689407237,35.15199489633986]],[[135.69577836632664,35.00212913186087],[135.69076444992496,35.00380135470423]],[[135.69076444992496,35.00380135470423],[135.69061316796459,35.0038590175609]],[[135.69340107837758,35.00351304042089],[135.69577836632664,35.00345537756422]],[[135.68773881071706,35.02011994314115],[135.68726335312726,35.02150385170117]],[[135.68726335312726,35.02150385170117],[135.68795492780333,35.02280126597619],[135.6896190293677,35.02300308597453]],[[135.68996481670573,35.020292931711154],[135.6899215932885,35.020235268854485]],[[135.69197470560812,35.018159406014455],[135.68972708791082,35.018274731727786]],[[135.68747947021353,35.02582856595124],[135.68607470915273,35.02556908309624]],[[135.68607470915273,35.02556908309624],[135.6841296553762,35.02525193738456]],[[135.6841296553762,35.02525193738456],[135.6831139050707,35.02727013736793]],[[135.69549741411447,35.00584838611593],[135.6956703077835,35.004579803269245]],[[135.65508351898038,35.129246899384505],[135.65791465281063,35.12477802799277],[135.661610254986,35.11803147376266]],[[135.661610254986,35.11803147376266],[135.6588871796989,35.11644574520431],[135.65713663130003,35.11722419376932],[135.65303040666072,35.115494308069295],[135.6507611772548,35.11607093663597],[135.6492699693595,35.11849277661601],[135.6478868200073,35.119300056609354]],[[135.6478868200073,35.119300056609354],[135.64844872443163,35.12192371658772],[135.65048022504266,35.127084542259475],[135.65233883198465,35.12789182225282],[135.65318168862112,35.12956404509618],[135.65508351898038,35.129246899384505]],[[135.61021761186896,35.156088959163256],[135.60827255809244,35.15479154488823],[135.60749453658184,35.15208139062486],[135.60431761541355,35.150265010639835],[135.60267512555782,35.14775667637479],[135.602026774299,35.14493119639808],[135.6006436249468,35.14210571642137],[135.6009461888676,35.14026050500801]],[[135.5873740358493,35.14718004780812],[135.58780627002187,35.14965955064482],[135.58964326525523,35.15072631349317],[135.5895352067121,35.154301410606564],[135.58841139786344,35.158626124856625],[135.5887787969101,35.15943340484997]],[[135.65508351898038,35.129246899384505],[135.65609926928587,35.12965053938118],[135.65685567908787,35.1333409622079],[135.6586710626126,35.13599345361461],[135.6610699622703,35.1374350250313],[135.6639443195178,35.1374350250313],[135.66165347840325,35.1416155821397],[135.65925457874556,35.14141376214136]],[[135.65925457874556,35.14141376214136],[135.66104835056166,35.14369144497973],[135.66208571257582,35.14865045065314],[135.65884395628163,35.14971721350149],[135.6585197806522,35.15089930206317],[135.6595139192491,35.154503230604895]],[[135.67256739126032,35.15779001343495],[135.67338863618818,35.15548349916825],[135.67254577955168,35.15182190776986],[135.67369120010895,35.146689913526444],[135.67256739126032,35.14556548782143],[135.67230805075678,35.14158675071136],[135.67405859915564,35.13835763073798],[135.6758091475545,35.136944890749625],[135.67554980705097,35.13417707362958],[135.67399376402975,35.131293930796204],[135.67420988111604,35.12985235937951],[135.6704494438148,35.125441150844445],[135.67016849160262,35.122903985151076],[135.66491684640604,35.12059747088437],[135.66452783565074,35.119011742326016],[135.661610254986,35.11803147376266]],[[135.68607470915273,35.02556908309624],[135.68670144870293,35.02346438882787]],[[135.68670144870293,35.02346438882787],[135.68328679873972,35.02308958025953]],[[135.68255200064638,35.02467530881788],[135.6841296553762,35.02525193738456]],[[135.6067597384885,35.12639258797946],[135.601097470828,35.127026879402806],[135.59727219840087,35.12613310512446]],[[135.59727219840087,35.12613310512446],[135.5956729319624,35.128843259387835],[135.59197732978703,35.129016247957836]],[[135.6894677474073,35.01671783459776],[135.68948935911592,35.01804408030112]],[[135.61490735264118,35.128756765102835],[135.6200941627119,35.119069405182685],[135.6211099130174,35.11488884807429],[135.6211099130174,35.11142907667423],[135.61946742316167,35.10396173673578],[135.61730625229887,35.10142457104241]],[[135.61730625229887,35.10142457104241],[135.61691724154358,35.103673422452445],[135.61516669314472,35.10459602815912],[135.612422006149,35.10465369101579],[135.60946120206697,35.1069602052825],[135.60935314352383,35.10848827098418],[135.60593849356064,35.109872179544205],[135.60431761541355,35.111919210955904],[135.60174582208683,35.110102830970874],[135.5972938101095,35.11007399954254],[135.59422494748435,35.113764422369265],[135.59223667029056,35.11684938520098],[135.59102641460743,35.12443205085277],[135.5951326392467,35.1263349251228],[135.59727219840087,35.12613310512446]],[[135.65925457874556,35.14141376214136],[135.65715824300864,35.14000102215301],[135.65158242218266,35.13348511934957],[135.65099890604972,35.1309479536562],[135.64879451176967,35.12751701368448],[135.64607143648257,35.12682505940447],[135.644709898839,35.12460503942277],[135.64373737195075,35.11883875375601],[135.6452501915547,35.11509066807262],[135.64527180326334,35.112092199525904],[135.64360770169898,35.11088127953589],[135.64231099918132,35.108199956700844],[135.64373737195075,35.10719085670917],[135.64321869094368,35.105605128150806],[135.64123041374992,35.104307713875784],[135.64289451531425,35.103904073879114],[135.64086301470326,35.10142457104241],[135.637102577402,35.09554295966232]],[[135.63558975779804,35.095744779660656],[135.63541686412904,35.0986855853507],[135.63645422614317,35.099896505340716],[135.63498462995648,35.103904073879114],[135.63630294418277,35.104307713875784],[135.6359355451361,35.105720453864144],[135.63727547107104,35.10661422814249],[135.6388747375095,35.109468539547535],[135.6363245558914,35.11033348239754],[135.63675679006397,35.11189037952757],[135.63546008754628,35.11333195094426],[135.63651906126904,35.11480235378928],[135.6357842631757,35.11782965376433],[135.63301796447135,35.12022266231603],[135.6330611878886,35.125124005132776],[135.63355825718705,35.1264214194078],[135.63288829421958,35.1289009222445],[135.6340769381941,35.12970820223784],[135.6340769381941,35.13181289650621],[135.63230477808662,35.13388875934624],[135.63156997999326,35.13832879930965],[135.6319589907486,35.140837133574685]],[[135.71540179776073,35.024185174536214],[135.7157043616815,35.0235797145412]],[[135.7157043616815,35.0235797145412],[135.71520729238307,35.02173450312784]],[[135.70226187891498,35.033584220173026],[135.69914979287256,35.03514111730305]],[[135.69463294576934,35.06639438561687],[135.69556224924034,35.06622139704686],[135.696686058089,35.06973883130358],[135.70036004855572,35.06933519130691],[135.7005545539334,35.06841258560023],[135.7036666399758,35.06584658847852],[135.7035153580154,35.06362656849682],[135.7054604117919,35.06192551422513],[135.70712451335626,35.06183901994013],[135.70906956713276,35.06028212281011],[135.71056077502809,35.061377717086785],[135.71101462090925,35.06028212281011],[135.70930729592766,35.05670702569672],[135.70887506175512,35.053391411438334],[135.71058238673672,35.05235348001831],[135.7142996006207,35.053420242866665],[135.71386736644814,35.0467890143499],[135.71235454684418,35.043905871516515],[135.71159813704222,35.045260948648206],[135.7110362326179,35.04171468296315],[135.71447249428974,35.04304092866651],[135.71602853731093,35.039552325838116]],[[135.7299680893759,35.00766476610096],[135.73003292450178,35.008414383237636]],[[135.73003292450178,35.008414383237636],[135.7326263295371,35.00844321466597],[135.73282083491478,35.00757827181595]],[[135.72195014547495,35.03044159448464],[135.72201498060085,35.02931716877963]],[[135.71579080851603,35.02372387168287],[135.71566113826427,35.02502128595789]],[[135.71637432464897,35.022397625979515],[135.71579080851603,35.02372387168287]],[[135.68726335312726,35.02150385170117],[135.68670144870293,35.02346438882787]],[[135.71689300565603,35.0386873829881],[135.7219933688922,35.035717745869725],[135.72138824105065,35.03338240017469]],[[135.69076444992496,35.00380135470423],[135.69247177490658,35.00186964900587],[135.6968373400494,35.000629897587515]],[[135.6478868200073,35.119300056609354],[135.64652528236374,35.11811796804767],[135.64918352252496,35.11442754522094],[135.64801649025907,35.112005705240904],[135.64903224056457,35.109958673829205],[135.6545000028474,35.10897840526586],[135.6535490876678,35.10664305957082],[135.65411099209211,35.10586461100581],[135.65188498610345,35.10306796245743],[135.65009121428733,35.101712885325746],[135.6536355345023,35.09349592825062]],[[135.61942419974443,35.226552970011014],[135.61951064657893,35.23093534711775],[135.62005093929463,35.23318419852778],[135.62387621172175,35.23332835566945],[135.6254754781602,35.23468343280114],[135.6272476382677,35.2346546013728],[135.62975459646853,35.235952015647825],[135.6296465379254,35.23871983276787]],[[135.6896190293677,35.166324116221745],[135.68700401262373,35.167881013351774],[135.68462672467464,35.16566099337007],[135.68114723958558,35.166064633366744]],[[135.61797621526634,35.10070378533406],[135.61730625229887,35.10142457104241]],[[135.727871753639,35.008327888952635],[135.73003292450178,35.008414383237636]],[[135.57522825560045,35.13221653650289],[135.5719216641804,35.13161107650787],[135.56939309427094,35.12849728224783],[135.56664840727518,35.12809364225115],[135.5647033534987,35.13045781937453],[135.56141837378726,35.13267783935623],[135.56141837378726,35.13469603933959],[135.55914914438134,35.13723320503296],[135.5600568361437,35.14164441356803],[135.56172093770803,35.14389326497807],[135.56243412409276,35.148131484943136],[135.5602945649386,35.14940006778982],[135.5615264323304,35.15340763632821],[135.56055390544213,35.15507985917157],[135.56459529495555,35.158453136286624],[135.56554621013518,35.16061549341166],[135.5676641575807,35.16119212197833],[135.5683557322568,35.16335447910337],[135.57040884457643,35.165978139081744],[135.57244034518746,35.165776319083406]],[[135.7157043616815,35.0235797145412],[135.71579080851603,35.02372387168287]]]}