{"type":"Topology","bbox":[135.64653102334916,35.02225691770238,135.77345310278338,35.17162581335084],"objects":{"town":{"type":"GeometryCollection","geometries":[{"type":"Polygon","arcs":[[0,1,2,3]],"properties":{"name":"待鳳紫野今宮町"}},{"type":"Polygon","arcs":[[4,5,6,7,8,9]],"properties":{"name":"待鳳紫竹西桃ノ本町"}},{"type":"Polygon","arcs":[[10,11,12,13,14]],"properties":{"name":"待鳳紫野西蓮台野町"}},{"type":"Polygon","arcs":[[15,16,-8,17,18]],"properties":{"name":"待鳳紫竹下緑町"}},{"type":"Polygon","arcs":[[19,20,21,22,23,24,25]],"properties":{"name":"待鳳大宮土居町"}},{"type":"Polygon","arcs":[[26,27,-21,28,29]],"properties":{"name":"待鳳紫竹西野山町"}},{"type":"Polygon","arcs":[[30,31,-5,32,33,34]],"properties":{"name":"待鳳紫竹西高縄町"}},{"type":"Polygon","arcs":[[35,36,37,38]],"properties":{"name":"待鳳紫竹東栗栖町"}},{"type":"Polygon","arcs":[[39,40,41,42,43]],"properties":{"name":"待鳳紫竹北栗栖町"}},{"type":"Polygon","arcs":[[-1,44,45,-15,46,47]],"properties":{"name":"待鳳紫野東蓮台野町"}},{"type":"Polygon","arcs":[[-18,-7,48,49,-39,50,51,52,53]],"properties":{"name":"待鳳紫竹西北町"}},{"type":"Polygon","arcs":[[54,55,56,57,58,59,60,-45,-4,61,62,63,64,65,66,67]],"properties":{"name":"待鳳紫野大徳寺町"}},{"type":"Polygon","arcs":[[68,-63,69,70,-49,-6,-32]],"properties":{"name":"待鳳紫竹西南町"}},{"type":"Polygon","arcs":[[71,72,73,-34,74,75]],"properties":{"name":"鳳徳紫竹高縄町"}},{"type":"Polygon","arcs":[[76,-73,77,78,79]],"properties":{"name":"鳳徳紫野上石龍町"}},{"type":"Polygon","arcs":[[-51,80,81,82]],"properties":{"name":"紫竹紫竹大門町"}},{"type":"Polygon","arcs":[[83,84,85,86,87]],"properties":{"name":"紫竹紫竹上竹殿町"}},{"type":"Polygon","arcs":[[88,-82,89,90,91,92,93]],"properties":{"name":"紫竹紫竹北大門町"}},{"type":"Polygon","arcs":[[94,95,96,97]],"properties":{"name":"鳳徳小山上初音町"}},{"type":"Polygon","arcs":[[-48,98,99,100,101,-2]],"properties":{"name":"待鳳紫野泉堂町"}},{"type":"Polygon","arcs":[[102,103,104,105]],"properties":{"name":"紫竹紫竹下高才町"}},{"type":"Polygon","arcs":[[106,107,108,109,110,111]],"properties":{"name":"鳳徳紫竹下梅ノ木町"}},{"type":"Polygon","arcs":[[112,113,114,115,116,117]],"properties":{"name":"紫竹紫竹上芝本町"}},{"type":"Polygon","arcs":[[-75,-33,-10,118,119]],"properties":{"name":"紫竹紫竹桃ノ本町"}},{"type":"Polygon","arcs":[[120,121,-80,122,123]],"properties":{"name":"鳳徳紫野石龍町"}},{"type":"Polygon","arcs":[[124,-115,125,-19,-54]],"properties":{"name":"紫竹紫竹下緑町"}},{"type":"Polygon","arcs":[[126,127,-67,128,129]],"properties":{"name":"鳳徳紫野雲林院町"}},{"type":"Polygon","arcs":[[130,131,132,133,134,135]],"properties":{"name":"紫竹紫竹上長目町"}},{"type":"Polygon","arcs":[[136,-127,137,138,139,140]],"properties":{"name":"鳳徳紫野西御所田町"}},{"type":"Polygon","arcs":[[-65,141,-121,142]],"properties":{"name":"鳳徳紫野門前町"}},{"type":"Polygon","arcs":[[143,144,145,-40,-37]],"properties":{"name":"待鳳紫竹栗栖町"}},{"type":"Polygon","arcs":[[146,-100,147,-30,148,-146]],"properties":{"name":"待鳳紫竹西野山東町"}},{"type":"Polygon","arcs":[[149,-101,-147,-145,150]],"properties":{"name":"待鳳紫野東泉堂町"}},{"type":"Polygon","arcs":[[-149,-29,-20,151,152,-41]],"properties":{"name":"待鳳紫竹西栗栖町"}},{"type":"Polygon","arcs":[[153,154,-22,-28,155]],"properties":{"name":"待鳳大宮西野山町"}},{"type":"Polygon","arcs":[[-47,-14,156,-156,-27,-148,-99]],"properties":{"name":"待鳳紫野西泉堂町"}},{"type":"Polygon","arcs":[[157,-151,-144,-36,-50,-71]],"properties":{"name":"待鳳紫竹牛若町"}},{"type":"Polygon","arcs":[[-129,-66,-143,158]],"properties":{"name":"鳳徳紫野下門前町"}},{"type":"Polygon","arcs":[[-62,-3,-102,-150,-158,-70]],"properties":{"name":"待鳳紫野上野町"}},{"type":"Polygon","arcs":[[159,160]],"properties":{"name":"紫野紫野上若草町"}},{"type":"Polygon","arcs":[[161,162,-55,163]],"properties":{"name":"紫野紫野東野町"}},{"type":"Polygon","arcs":[[164,165,166,167,168,169]],"properties":{"name":"紫野紫野東御所田町"}},{"type":"Polygon","arcs":[[170,-164,-68,171,172]],"properties":{"name":"紫野紫野上築山町"}},{"type":"Polygon","arcs":[[173,174,175,176,-161,177,178,-56,-163]],"properties":{"name":"紫野紫野西野町"}},{"type":"Polygon","arcs":[[179,180,181,182,183]],"properties":{"name":"鳳徳小山北大野町"}},{"type":"Polygon","arcs":[[184,185,-168,186]],"properties":{"name":"紫野紫野宮東町"}},{"type":"Polygon","arcs":[[187,188,189]],"properties":{"name":"紫野紫野南舟岡町"}},{"type":"Polygon","arcs":[[190,191,-182,192,193,-107,194]],"properties":{"name":"鳳徳小山下初音町"}},{"type":"Polygon","arcs":[[195,196,-174,-162,-171,197]],"properties":{"name":"紫野紫野東舟岡町"}},{"type":"Polygon","arcs":[[198,199,200,-176,201]],"properties":{"name":"楽只紫野下若草町"}},{"type":"Polygon","arcs":[[202,-202,-175,-197,203,-189,204,205,206]],"properties":{"name":"紫野紫野北舟岡町"}},{"type":"Polygon","arcs":[[207,208,209,-169,-186]],"properties":{"name":"紫野紫野宮西町"}},{"type":"Polygon","arcs":[[-173,210,211,212,-198]],"properties":{"name":"紫野紫野下築山町"}},{"type":"Polygon","arcs":[[213,214,215,216,217]],"properties":{"name":"楽只紫野南花ノ坊町"}},{"type":"Polygon","arcs":[[218,219,-216,220,221,222,223,224,225]],"properties":{"name":"楽只紫野花ノ坊町"}},{"type":"Polygon","arcs":[[226,-165,227,228,229]],"properties":{"name":"紫野小山西大野町"}},{"type":"Polygon","arcs":[[-140,230,231,-180,232,-229]],"properties":{"name":"鳳徳小山西大野町"}},{"type":"Polygon","arcs":[[233,-226,234,-200]],"properties":{"name":"楽只紫野下御輿町"}},{"type":"Polygon","arcs":[[-57,-179,235]],"properties":{"name":"紫野紫野大徳寺町"}},{"type":"Polygon","arcs":[[236,237,238,239,240]],"properties":{"name":"鷹峯鷹峯土天井町"}},{"type":"Polygon","arcs":[[241,242,243,244,245,246]],"properties":{"name":"鷹峯鷹峯長坂"}},{"type":"Polygon","arcs":[[247,248,-240,249,250,251,252]],"properties":{"name":"鷹峯鷹峯南鷹峯町"}},{"type":"Polygon","arcs":[[253,254,-76,255,-109]],"properties":{"name":"鳳徳紫竹東高縄町"}},{"type":"Polygon","arcs":[[256,257,258,259,-105]],"properties":{"name":"紫竹紫竹上高才町"}},{"type":"Polygon","arcs":[[260,-88,261,262,263]],"properties":{"name":"紫竹紫竹上園生町"}},{"type":"Polygon","arcs":[[-13,264,265,-154,-157]],"properties":{"name":"鷹峯鷹峯藤林町"}},{"type":"Polygon","arcs":[[266,-123,-79,267,268,269]],"properties":{"name":"鳳徳紫野下鳥田町"}},{"type":"Polygon","arcs":[[-64,-69,-31,270,-77,-122,-142]],"properties":{"name":"鳳徳紫野上門前町"}},{"type":"Polygon","arcs":[[271,272,273,274,275,276]],"properties":{"name":"鷹峯鷹峯千束町"}},{"type":"Polygon","arcs":[[277,278,279,280,281]],"properties":{"name":"鷹峯鷹峯東奥長谷"}},{"type":"Polygon","arcs":[[-78,-72,-255,282,-268]],"properties":{"name":"鳳徳紫野上鳥田町"}},{"type":"Polygon","arcs":[[-38,-44,-90,-81]],"properties":{"name":"紫竹紫竹西大門町"}},{"type":"Polygon","arcs":[[283,284,285,286]],"properties":{"name":"紫竹紫竹下ノ岸町"}},{"type":"Polygon","arcs":[[-74,-271,-35]],"properties":{"name":"鳳徳紫竹西高縄町"}},{"type":"Polygon","arcs":[[287,-270,-231,-139]],"properties":{"name":"鳳徳紫野上御所田町"}},{"type":"Polygon","arcs":[[288,-259,-286,289,-132,290]],"properties":{"name":"紫竹紫竹下長目町"}},{"type":"Polygon","arcs":[[291,-16,-126,-114,292,-119]],"properties":{"name":"紫竹紫竹下芝本町"}},{"type":"Polygon","arcs":[[293,294,295,296,297]],"properties":{"name":"大宮西賀茂大深町"}},{"type":"Polygon","arcs":[[298,299,300,-25,301,-253,302]],"properties":{"name":"大宮大宮玄琢北町"}},{"type":"Polygon","arcs":[[-241,-249,303,304]],"properties":{"name":"鷹峯鷹峯黒門町"}},{"type":"Polygon","arcs":[[305,306,307,308,309,310]],"properties":{"name":"鷹峯鷹峯扇ケ原"}},{"type":"Polygon","arcs":[[311,312,313,314]],"properties":{"name":"大宮大宮中総門口町"}},{"type":"Polygon","arcs":[[315,-52,-83,-89,316,317]],"properties":{"name":"紫竹紫竹東大門町"}},{"type":"Polygon","arcs":[[-263,318,319,320,321,322,323,-134,324]],"properties":{"name":"紫竹紫竹上堀川町"}},{"type":"Polygon","arcs":[[-120,325,326,-110,-256]],"properties":{"name":"紫竹紫竹東桃ノ本町"}},{"type":"Polygon","arcs":[[-293,-113,327,-257,-104,328,-326]],"properties":{"name":"紫竹紫竹下本町"}},{"type":"Polygon","arcs":[[329,330,331,332]],"properties":{"name":"鷹峯鷹峯桃山"}},{"type":"Polygon","arcs":[[333,-117,334,335,-84,-261,336,-284]],"properties":{"name":"紫竹紫竹下園生町"}},{"type":"Polygon","arcs":[[-337,-264,-325,-133,-290,-285]],"properties":{"name":"紫竹紫竹上ノ岸町"}},{"type":"Polygon","arcs":[[-118,-334,-287,-258,-328]],"properties":{"name":"紫竹紫竹上本町"}},{"type":"Polygon","arcs":[[-159,-124,-267,-288,-138,-130]],"properties":{"name":"鳳徳紫野下石龍町"}},{"type":"Polygon","arcs":[[-125,-53,-316,337,-335,-116]],"properties":{"name":"紫竹紫竹上緑町"}},{"type":"Polygon","arcs":[[-111,-327,-329,-103,338]],"properties":{"name":"紫竹紫竹上梅ノ木町"}},{"type":"Polygon","arcs":[[339,-332,340,341,342,-243]],"properties":{"name":"鷹峯鷹峯仏谷"}},{"type":"Polygon","arcs":[[-46,-61,343,344,345,-11]],"properties":{"name":"鷹峯鷹峯木ノ畑町"}},{"type":"Polygon","arcs":[[346,347,348,349]],"properties":{"name":"鷹峯鷹峯皿谷"}},{"type":"Polygon","arcs":[[-42,-153,350,351,352,353]],"properties":{"name":"大宮大宮開町"}},{"type":"Polygon","arcs":[[354,-277,-333,-340,-242]],"properties":{"name":"鷹峯鷹峯一ノ坂"}},{"type":"Polygon","arcs":[[355,-310,356,357,358,359]],"properties":{"name":"鷹峯鷹峯大山"}},{"type":"Polygon","arcs":[[360,361,362,363]],"properties":{"name":"大宮西賀茂鎮守菴町"}},{"type":"Polygon","arcs":[[364,365,366,367]],"properties":{"name":"大宮大宮田尻町"}},{"type":"Polygon","arcs":[[368,369,370,371,372]],"properties":{"name":"大宮大宮中林町"}},{"type":"Polygon","arcs":[[-98,373,-339,374,375]],"properties":{"name":"紫竹小山上初音町"}},{"type":"Polygon","arcs":[[376,377,378,379,-307,380]],"properties":{"name":"鷹峯鷹峯長尾"}},{"type":"Polygon","arcs":[[-94,381,382,-86,383,-317]],"properties":{"name":"紫竹紫竹竹殿町"}},{"type":"Polygon","arcs":[[384,385,386,387]],"properties":{"name":"大宮大宮北山ノ前町"}},{"type":"Polygon","arcs":[[-24,388,-304,-248,-302]],"properties":{"name":"大宮大宮玄琢南町"}},{"type":"Polygon","arcs":[[389,390,391,-320]],"properties":{"name":"大宮大宮上ノ岸町"}},{"type":"Polygon","arcs":[[392,393,394,395]],"properties":{"name":"大宮大宮薬師山西町"}},{"type":"Polygon","arcs":[[396,-274,397,-250,-239]],"properties":{"name":"鷹峯鷹峯光悦町"}},{"type":"Polygon","arcs":[[398,-141,-228,-170,-210]],"properties":{"name":"紫野紫野西御所田町"}},{"type":"Polygon","arcs":[[399,-283,-254,-108,-194]],"properties":{"name":"鳳徳紫野上柳町"}},{"type":"Polygon","arcs":[[400,401,402,403]],"properties":{"name":"大宮西賀茂丸川町"}},{"type":"Polygon","arcs":[[-199,-203,404,-219,-234]],"properties":{"name":"楽只紫野西舟岡町"}},{"type":"Polygon","arcs":[[405,-381,-306,406]],"properties":{"name":"鷹峯鷹峯株地"}},{"type":"Polygon","arcs":[[407,408]],"properties":{"name":"鷹峯大宮釈迦谷"}},{"type":"Polygon","arcs":[[409,410,411,-395,412,413]],"properties":{"name":"大宮大宮薬師山東町"}},{"type":"Polygon","arcs":[[414,415,416,417,418,419,420]],"properties":{"name":"柊野上賀茂中嶋河原町"}},{"type":"Polygon","arcs":[[421,422,423]],"properties":{"name":"柊野上賀茂葵之森町"}},{"type":"Polygon","arcs":[[424,-300,425,-396,-412,426]],"properties":{"name":"大宮大宮一ノ井町"}},{"type":"Polygon","arcs":[[427,428,429,430,431]],"properties":{"name":"大宮西賀茂今原町"}},{"type":"Polygon","arcs":[[432,-212,433,434]],"properties":{"name":"紫野紫野東藤ノ森町"}},{"type":"Polygon","arcs":[[-236,-178,-160,-177,-201,435,-58]],"properties":{"name":"楽只紫野上若草町"}},{"type":"Polygon","arcs":[[-112,-374,-97,436,-195]],"properties":{"name":"鳳徳小山初音町"}},{"type":"Polygon","arcs":[[437,438,439,440,441,442]],"properties":{"name":"鷹峯鷹峯大谷町"}},{"type":"Polygon","arcs":[[443,444,445,446,447]],"properties":{"name":"大宮西賀茂笠松"}},{"type":"Polygon","arcs":[[448,449,450,451,452,453]],"properties":{"name":"大宮西賀茂大道口町"}},{"type":"Polygon","arcs":[[-295,454,455,-387,456,-361]],"properties":{"name":"大宮西賀茂角社町"}},{"type":"Polygon","arcs":[[-91,-43,-354,457,458]],"properties":{"name":"大宮大宮西脇台町"}},{"type":"Polygon","arcs":[[-209,459,-434,-211,-172,-128,-137,-399]],"properties":{"name":"紫野紫野雲林院町"}},{"type":"Polygon","arcs":[[460,461,462,463,-280]],"properties":{"name":"鷹峯鷹峯牛ケ首"}},{"type":"Polygon","arcs":[[-382,-93,464,-369,465]],"properties":{"name":"大宮大宮南林町"}},{"type":"Polygon","arcs":[[-400,-193,-181,-232,-269]],"properties":{"name":"鳳徳紫野下柳町"}},{"type":"Polygon","arcs":[[-303,-252,466,467]],"properties":{"name":"大宮大宮玄琢北東町"}},{"type":"Polygon","arcs":[[468,469,470,471,-461,-279]],"properties":{"name":"大宮西賀茂西氷室町"}},{"type":"Polygon","arcs":[[-398,-273,472,-408,473,-467,-251]],"properties":{"name":"鷹峯鷹峯北鷹峯町"}},{"type":"Polygon","arcs":[[-380,474,475,476,-308]],"properties":{"name":"鷹峯鷹峯菩提"}},{"type":"Polygon","arcs":[[477,-407,-311,-356,478,479,480,481]],"properties":{"name":"鷹峯鷹峯株地天ケ峰"}},{"type":"Polygon","arcs":[[-383,-466,-373,482,-390,-319,-262,-87]],"properties":{"name":"大宮大宮南椿原町"}},{"type":"Polygon","arcs":[[-480,483,484,485,486]],"properties":{"name":"鷹峯鷹峯焼尾"}},{"type":"Polygon","arcs":[[-224,487,488,489,-344,-60,490]],"properties":{"name":"楽只紫野北花ノ坊町"}},{"type":"Polygon","arcs":[[491,492,493,494]],"properties":{"name":"大宮西賀茂鶯谷"}},{"type":"Polygon","arcs":[[-472,495,496,497,498,-443,499,500,-462]],"properties":{"name":"鷹峯鷹峯船水"}},{"type":"Polygon","arcs":[[501,-315,502,503]],"properties":{"name":"大宮大宮東総門口町"}},{"type":"Polygon","arcs":[[-281,-464,504,505,-348,506]],"properties":{"name":"鷹峯鷹峯奥長谷"}},{"type":"Polygon","arcs":[[-299,-468,-474,-409,-473,-272,-355,-247,507,-496,-471,508,509,-446,510,511,512,513,514,-393,-426],[515]],"properties":{"name":"大宮大宮釈迦谷"}},{"type":"Polygon","arcs":[[-321,-392,516,-504,517,-365,518]],"properties":{"name":"大宮大宮南田尻町"}},{"type":"Polygon","arcs":[[519,-486,520,521]],"properties":{"name":"鷹峯鷹峯逆二ツ岩町"}},{"type":"Polygon","arcs":[[522,523,524,525,526]],"properties":{"name":"大宮西賀茂西萩原"}},{"type":"Polygon","arcs":[[-423,527,528,529,530,531,532,533,534]],"properties":{"name":"柊野上賀茂馬ノ目町"}},{"type":"Polygon","arcs":[[535,-244,-343,536,-440]],"properties":{"name":"鷹峯鷹峯護法ケ谷"}},{"type":"Polygon","arcs":[[537,538,539,-454,540]],"properties":{"name":"大宮西賀茂水垣町"}},{"type":"Polygon","arcs":[[-12,-346,541,-265]],"properties":{"name":"鷹峯鷹峯上ノ町"}},{"type":"Polygon","arcs":[[-500,-442,542,543,544]],"properties":{"name":"鷹峯鷹峯西流尾"}},{"type":"Polygon","arcs":[[545,546,547,-498]],"properties":{"name":"鷹峯鷹峯滑地"}},{"type":"Polygon","arcs":[[-458,548,549,550]],"properties":{"name":"大宮大宮西小野堀町"}},{"type":"Polygon","arcs":[[-541,551,552,553]],"properties":{"name":"大宮西賀茂柿ノ木町"}},{"type":"Polygon","arcs":[[-481,-487,-520,554]],"properties":{"name":"鷹峯鷹峯八ケ所"}},{"type":"Polygon","arcs":[[555,-510,556,-469,-278,557]],"properties":{"name":"大宮西賀茂宮ノ谷"}},{"type":"Polygon","arcs":[[558,-514,559,560]],"properties":{"name":"大宮西賀茂岩門"}},{"type":"Polygon","arcs":[[561,562,-367,563,564,565]],"properties":{"name":"大宮西賀茂榿ノ木町"}},{"type":"Polygon","arcs":[[566,567,568,569,570,571]],"properties":{"name":"柊野西賀茂上庄田町"}},{"type":"Polygon","arcs":[[572,573,574,575,576]],"properties":{"name":"大宮西賀茂栩谷"}},{"type":"Polygon","arcs":[[-349,-506,577,-377,-406,-478,578]],"properties":{"name":"鷹峯鷹峯笹ケ尾"}},{"type":"Polygon","arcs":[[-459,579,-465,-92]],"properties":{"name":"大宮大宮東脇台町"}},{"type":"Polygon","arcs":[[580,581,582,-237,-305,-389,-23,-155,-266,-542,-345,-490]],"properties":{"name":"鷹峯鷹峯旧土居町"}},{"type":"Polygon","arcs":[[-547,583,-245,-536,-439,584]],"properties":{"name":"鷹峯鷹峯冠岩"}},{"type":"Polygon","arcs":[[-543,-441,585,586]],"properties":{"name":"鷹峯鷹峯堀越町"}},{"type":"Polygon","arcs":[[-370,-580,-551,-312,587]],"properties":{"name":"大宮大宮東小野堀町"}},{"type":"Polygon","arcs":[[588,589,-573,590,591]],"properties":{"name":"大宮西賀茂唄ノ尾"}},{"type":"Polygon","arcs":[[592,593,-526,594,595,596,597]],"properties":{"name":"大宮西賀茂西山"}},{"type":"Polygon","arcs":[[-204,-196,-213,-433,598,-190]],"properties":{"name":"紫野紫野西藤ノ森町"}},{"type":"Polygon","arcs":[[599,600,601,602,-529]],"properties":{"name":"柊野上賀茂西河原町"}},{"type":"Polygon","arcs":[[-548,-585,-438,-499]],"properties":{"name":"鷹峯鷹峯赤坂"}},{"type":"Polygon","arcs":[[603,604,605,606]],"properties":{"name":"柊野上賀茂東上之段町"}},{"type":"Polygon","arcs":[[607,608]],"properties":{"name":"柊野上賀茂下神原町"}},{"type":"Polygon","arcs":[[609,610,611,612,613,614,615,616,-589,617,618]],"properties":{"name":"柊野上賀茂十三石山"}},{"type":"Polygon","arcs":[[-550,-388,-456,619,-313]],"properties":{"name":"大宮大宮西総門口町"}},{"type":"Polygon","arcs":[[620,-448,621,-493,622]],"properties":{"name":"大宮西賀茂氷室町"}},{"type":"Polygon","arcs":[[-488,-223,623]],"properties":{"name":"楽只鷹峯旧土居町"}},{"type":"Polygon","arcs":[[-447,-556,624,-622]],"properties":{"name":"大宮西賀茂城山"}},{"type":"Polygon","arcs":[[-371,-588,-502,625]],"properties":{"name":"大宮大宮北林町"}},{"type":"Polygon","arcs":[[626,-452,627,628,629,630]],"properties":{"name":"柊野西賀茂川上町"}},{"type":"Polygon","arcs":[[-596,631,-511,632]],"properties":{"name":"大宮大宮二ノ坂"}},{"type":"Polygon","arcs":[[-516]],"properties":{"name":"大宮大宮草山"}},{"type":"Polygon","arcs":[[-463,-501,-545,633,-378,-578,-505]],"properties":{"name":"鷹峯鷹峯大日町"}},{"type":"Polygon","arcs":[[-509,-470,-557]],"properties":{"name":"大宮西賀茂鑓磨岩"}},{"type":"Polygon","arcs":[[-360,634,-484,-479]],"properties":{"name":"鷹峯鷹峯地獄谷"}},{"type":"Polygon","arcs":[[-483,-372,-626,-517,-391]],"properties":{"name":"大宮大宮北椿原町"}},{"type":"Polygon","arcs":[[635,636,637,638,639,640]],"properties":{"name":"柊野上賀茂葵田町"}},{"type":"Polygon","arcs":[[-634,-544,-587,641,-475,-379]],"properties":{"name":"鷹峯鷹峯御蔵尾"}},{"type":"Polygon","arcs":[[-235,-225,-491,-59,-436]],"properties":{"name":"楽只紫野上御輿町"}},{"type":"Polygon","arcs":[[642,-538,-554,643,644,-566]],"properties":{"name":"大宮西賀茂鹿ノ下町"}},{"type":"Polygon","arcs":[[-508,-246,-584,-546,-497]],"properties":{"name":"鷹峯鷹峯堂ノ庭町"}},{"type":"Polygon","arcs":[[645,646,647,648,649,-637]],"properties":{"name":"柊野上賀茂備後田町"}},{"type":"Polygon","arcs":[[-564,650,-403,651]],"properties":{"name":"大宮西賀茂南大栗町"}},{"type":"Polygon","arcs":[[652,653,654,655,656,-575]],"properties":{"name":"大宮西賀茂尾横"}},{"type":"Polygon","arcs":[[657,658,659,660,661,662]],"properties":{"name":"上賀茂上賀茂池端町"}},{"type":"Polygon","arcs":[[663,-523,664,665,-569]],"properties":{"name":"柊野西賀茂蛙ケ谷"}},{"type":"Polygon","arcs":[[-518,-503,-314,666,-404,-651,-366]],"properties":{"name":"大宮大宮中ノ社町"}},{"type":"Polygon","arcs":[[667,668,669,670,671]],"properties":{"name":"柊野上賀茂前田町"}},{"type":"Polygon","arcs":[[-477,672,-357,-309]],"properties":{"name":"鷹峯鷹峯西菩提"}},{"type":"Polygon","arcs":[[673,674,675,676]],"properties":{"name":"柊野上賀茂西後藤町"}},{"type":"Polygon","arcs":[[677,678,-323,679,-562,-645,680,681]],"properties":{"name":"大宮大宮榿ノ木町"}},{"type":"Polygon","arcs":[[-617,682,683,-653,-574,-590]],"properties":{"name":"大宮西賀茂万寿峠"}},{"type":"Polygon","arcs":[[684,685,-416,686,-669]],"properties":{"name":"柊野上賀茂北ノ原町"}},{"type":"Polygon","arcs":[[687,-430,688,689]],"properties":{"name":"大宮西賀茂北今原町"}},{"type":"Polygon","arcs":[[-560,-513,690]],"properties":{"name":"大宮大宮秋葉山"}},{"type":"Polygon","arcs":[[691,692,-664,-568]],"properties":{"name":"柊野西賀茂円峰"}},{"type":"Polygon","arcs":[[-353,-410,693,-385,-549]],"properties":{"name":"大宮大宮南山ノ前町"}},{"type":"Polygon","arcs":[[694,695,696,697,698]],"properties":{"name":"上賀茂上賀茂向縄手町"}},{"type":"Polygon","arcs":[[699,700,-658,701,702]],"properties":{"name":"上賀茂上賀茂榊田町"}},{"type":"Polygon","arcs":[[703,704,705,706]],"properties":{"name":"上賀茂上賀茂烏帽子ケ垣内町"}},{"type":"Polygon","arcs":[[707,-217,-220,-405,-207]],"properties":{"name":"楽只紫野十二坊町"}},{"type":"Polygon","arcs":[[708,709,710,711,712,-654,-684]],"properties":{"name":"大宮西賀茂傍示ケ尾"}},{"type":"Polygon","arcs":[[713,-618,-592,714,715]],"properties":{"name":"大宮西賀茂松茸嶋"}},{"type":"Polygon","arcs":[[716,-297,717,-432,718,-450]],"properties":{"name":"大宮西賀茂南今原町"}},{"type":"Polygon","arcs":[[719,-671,720,721]],"properties":{"name":"柊野上賀茂茨谷町"}},{"type":"Polygon","arcs":[[722,723,-689,-429,724,725,-559,726]],"properties":{"name":"大宮西賀茂船山"}},{"type":"Polygon","arcs":[[-565,-652,-402,727,-539,-643]],"properties":{"name":"大宮西賀茂大栗町"}},{"type":"Polygon","arcs":[[728,729,730,731,732,-136,733,734,735,736,737]],"properties":{"name":"上賀茂上賀茂菖蒲園町"}},{"type":"Polygon","arcs":[[-615,738,739,-710,740]],"properties":{"name":"大宮西賀茂小峠"}},{"type":"Polygon","arcs":[[741,742,743,744]],"properties":{"name":"上賀茂上賀茂桜井町"}},{"type":"Polygon","arcs":[[745,746,-682,747,-600,-528,-422,748]],"properties":{"name":"柊野上賀茂朝露ケ原町"}},{"type":"Polygon","arcs":[[-688,749,-629,750]],"properties":{"name":"柊野西賀茂中川上町"}},{"type":"Polygon","arcs":[[-364,751,-725,-428,-718,-296]],"properties":{"name":"大宮西賀茂北鎮守菴町"}},{"type":"Polygon","arcs":[[-656,-495,752,753]],"properties":{"name":"大宮西賀茂卯ノ谷"}},{"type":"Polygon","arcs":[[754,755,-659,-701]],"properties":{"name":"上賀茂上賀茂畔勝町"}},{"type":"Polygon","arcs":[[-620,-455,-294,756,-401,-667]],"properties":{"name":"大宮西賀茂神光院町"}},{"type":"Polygon","arcs":[[-740,757,-598,758,-445,759,-711]],"properties":{"name":"大宮西賀茂檀ノ尾"}},{"type":"Polygon","arcs":[[-716,760,761]],"properties":{"name":"大宮西賀茂勧請"}},{"type":"Polygon","arcs":[[-631,762,763,764,765,766,767]],"properties":{"name":"柊野西賀茂北山ノ森町"}},{"type":"Polygon","arcs":[[-761,-715,-591,-577,768,769]],"properties":{"name":"大宮西賀茂谷中"}},{"type":"Polygon","arcs":[[-681,-644,-553,770,-767,-601,-748]],"properties":{"name":"大宮西賀茂東柿ノ木町"}},{"type":"Polygon","arcs":[[771,-534,772]],"properties":{"name":"柊野上賀茂舟着町"}},{"type":"Polygon","arcs":[[-728,-757,-298,-717,-449,-540]],"properties":{"name":"大宮西賀茂坊ノ後町"}},{"type":"Polygon","arcs":[[-687,-415,773,-721,-670]],"properties":{"name":"柊野上賀茂柊谷町"}},{"type":"Polygon","arcs":[[774,775,-736,776]],"properties":{"name":"上賀茂上賀茂中大路町"}},{"type":"Polygon","arcs":[[-734,-135,-324,-679,777,778,779]],"properties":{"name":"上賀茂上賀茂御薗口町"}},{"type":"Polygon","arcs":[[780,-607,-648,781]],"properties":{"name":"柊野上賀茂坂口町"}},{"type":"Polygon","arcs":[[782,-605,783,784,785,786,-675]],"properties":{"name":"柊野上賀茂西上之段町"}},{"type":"Polygon","arcs":[[787,-672,-720,788,-676,-787]],"properties":{"name":"柊野上賀茂六段田町"}},{"type":"Polygon","arcs":[[789,790,791]],"properties":{"name":"柊野上賀茂女夫岩町"}},{"type":"Polygon","arcs":[[-680,-322,-519,-368,-563]],"properties":{"name":"大宮大宮北ノ岸町"}},{"type":"Polygon","arcs":[[792,793,794,795,-417,-686]],"properties":{"name":"柊野上賀茂毛穴井町"}},{"type":"Polygon","arcs":[[-693,796,-727,-561,-691,797,-524]],"properties":{"name":"柊野西賀茂妙見堂"}},{"type":"Polygon","arcs":[[-453,-627,-768,-771,-552]],"properties":{"name":"柊野西賀茂山ノ森町"}},{"type":"Polygon","arcs":[[-752,-363,798,-413,-394,-515,-726]],"properties":{"name":"大宮西賀茂毘沙門山"}},{"type":"Polygon","arcs":[[-783,-674,799,800,-649,-606]],"properties":{"name":"柊野上賀茂東後藤町"}},{"type":"Polygon","arcs":[[-595,-525,-798,-512,-632]],"properties":{"name":"柊野大宮萩原"}},{"type":"Polygon","arcs":[[-419,801,-571,802]],"properties":{"name":"柊野西賀茂中島町"}},{"type":"Polygon","arcs":[[-719,-431,-751,-628,-451]],"properties":{"name":"柊野西賀茂南川上町"}},{"type":"Polygon","arcs":[[803,-705,804,805,-695,806]],"properties":{"name":"上賀茂上賀茂蝉ケ垣内町"}},{"type":"Polygon","arcs":[[-418,-796,807,-572,-802]],"properties":{"name":"柊野西賀茂樋ノ口町"}},{"type":"Polygon","arcs":[[-713,808,-623,-492,-655]],"properties":{"name":"大宮西賀茂蓬来谷"}},{"type":"Polygon","arcs":[[-152,-26,-301,-425,809,-351]],"properties":{"name":"大宮大宮南箱ノ井町"}},{"type":"Polygon","arcs":[[-723,-797,-692,-567,810,-764,811]],"properties":{"name":"柊野西賀茂蟹ケ坂町"}},{"type":"Polygon","arcs":[[-616,-741,-709,-683]],"properties":{"name":"大宮西賀茂由利ノ向"}},{"type":"Polygon","arcs":[[-630,-750,-690,-724,-812,-763]],"properties":{"name":"柊野西賀茂北川上町"}},{"type":"Polygon","arcs":[[-570,-666,812,-612,813,-420,-803]],"properties":{"name":"柊野西賀茂下庄田町"}},{"type":"Polygon","arcs":[[-810,-427,-411,-352]],"properties":{"name":"大宮大宮北箱ノ井町"}},{"type":"Polygon","arcs":[[-698,814,815,816,-660,-756]],"properties":{"name":"上賀茂上賀茂豊田町"}},{"type":"Polygon","arcs":[[817,-531,818,-792,819,-668,-788,-786]],"properties":{"name":"柊野上賀茂津ノ国町"}},{"type":"Polygon","arcs":[[820,821]],"properties":{"name":"柊野上賀茂二軒家町"}},{"type":"Polygon","arcs":[[-603,822,823,-790,-819,-530]],"properties":{"name":"柊野上賀茂中ノ河原町"}},{"type":"Polygon","arcs":[[-694,-414,-799,-362,-457,-386]],"properties":{"name":"大宮大宮西山ノ前町"}},{"type":"Polygon","arcs":[[-597,-633,-759]],"properties":{"name":"大宮西賀茂西二ノ坂"}},{"type":"Polygon","arcs":[[-753,-494,-625,-558,-282,-507,-347,824,825,826]],"properties":{"name":"大宮西賀茂西中尾"}},{"type":"Polygon","arcs":[[-665,-527,-594,827,-613,-813]],"properties":{"name":"大宮西賀茂烏帽子岩"}},{"type":"Polygon","arcs":[[-602,-766,828,-794,829,-823]],"properties":{"name":"柊野上賀茂大柳町"}},{"type":"Polygon","arcs":[[-828,-593,-758,-739,-614]],"properties":{"name":"大宮西賀茂檜谷"}},{"type":"Polygon","arcs":[[-338,-318,-384,-85,-336]],"properties":{"name":"紫竹紫竹下竹殿町"}},{"type":"Polygon","arcs":[[830,831,832,-638,-650,-801]],"properties":{"name":"柊野上賀茂壱町口町"}},{"type":"Polygon","arcs":[[833,-773,-533,834,-784,-604,-781]],"properties":{"name":"柊野上賀茂中ノ坂町"}},{"type":"Polygon","arcs":[[835,-609,-646,-636]],"properties":{"name":"柊野上賀茂上神原町"}},{"type":"Polygon","arcs":[[-791,-824,-830,-793,-685,-820]],"properties":{"name":"柊野上賀茂音保瀬町"}},{"type":"Polygon","arcs":[[-744,836,837]],"properties":{"name":"上賀茂上賀茂岩ケ垣内町"}},{"type":"Polygon","arcs":[[-765,-811,-808,-795,-829]],"properties":{"name":"柊野西賀茂井ノ口町"}},{"type":"Polygon","arcs":[[-818,-785,-835,-532]],"properties":{"name":"柊野上賀茂中山町"}},{"type":"Polygon","arcs":[[838,-832]],"properties":{"name":"柊野上賀茂赤尾町"}},{"type":"Polygon","arcs":[[839,840,841,-815,-697]],"properties":{"name":"上賀茂上賀茂岡本口町"}},{"type":"Polygon","arcs":[[842,843,844,845,846]],"properties":{"name":"上賀茂上賀茂藤ノ木町"}},{"type":"Polygon","arcs":[[-712,-760,-444,-621,-809]],"properties":{"name":"大宮西賀茂宮山"}},{"type":"Polygon","arcs":[[-735,-780,847,848,-777]],"properties":{"name":"上賀茂上賀茂池殿町"}},{"type":"Polygon","arcs":[[849,-775,-849,850,-843]],"properties":{"name":"上賀茂上賀茂山本町"}},{"type":"Polygon","arcs":[[851,852,853,-437,-96,854]],"properties":{"name":"元町小山初音町"}},{"type":"Polygon","arcs":[[855,856,857,858]],"properties":{"name":"紫明小山町"}},{"type":"Polygon","arcs":[[859,860,861,862,863,864,865,866,867]],"properties":{"name":"元町小山花ノ木町"}},{"type":"Polygon","arcs":[[-677,-789,-722,-774,-421,-814,-611,868,-821,869,-639,-833,-839,-831,-800]],"properties":{"name":"柊野上賀茂神山"}},{"type":"Polygon","arcs":[[-535,-772,-834,-782,-647,-608,-836,-641,870,871,-749,-424]],"properties":{"name":"柊野上賀茂本山"}},{"type":"Polygon","arcs":[[872,873,874,875,876]],"properties":{"name":"紫明新御霊口町"}},{"type":"Polygon","arcs":[[877,878,879]],"properties":{"name":"紫明上清蔵口町"}},{"type":"Polygon","arcs":[[880,881,-876,882,883]],"properties":{"name":"紫明上善寺門前町"}},{"type":"Polygon","arcs":[[884,-852,885,886,-862]],"properties":{"name":"元町小山板倉町"}},{"type":"Polygon","arcs":[[887,888,-881,889]],"properties":{"name":"紫明鞍馬口町"}},{"type":"Polygon","arcs":[[890,-874,891,-858,892]],"properties":{"name":"紫明上御霊上江町"}},{"type":"Polygon","arcs":[[-889,893,894,-877,-882]],"properties":{"name":"紫明天寧寺門前町"}},{"type":"Polygon","arcs":[[-866,895]],"properties":{"name":"出雲路小山花ノ木町"}},{"type":"Polygon","arcs":[[896,897,-894,-888,898,899]],"properties":{"name":"出雲路出雲路俵町"}},{"type":"Polygon","arcs":[[900,901,-218,-708,-206,902,903]],"properties":{"name":"柏野紫野郷ノ上町"}},{"type":"Polygon","arcs":[[-897,904]],"properties":{"name":"出雲路出雲路神楽町"}},{"type":"Polygon","arcs":[[905,906,907,-899,-890,-884,908]],"properties":{"name":"出雲路出雲路立テ本町"}},{"type":"Polygon","arcs":[[-661,-817,909,910,911]],"properties":{"name":"上賀茂上賀茂深泥池町"}},{"type":"Polygon","arcs":[[912,913,914,-904]],"properties":{"name":"柏野紫野上柏野町"}},{"type":"Polygon","arcs":[[915,916,917,918,919,920]],"properties":{"name":"出雲路小山下内河原町"}},{"type":"Polygon","arcs":[[-920,-867,-896,-865,921,922,923,924,925]],"properties":{"name":"出雲路小山上内河原町"}},{"type":"Polygon","arcs":[[926,927,-914,928,929]],"properties":{"name":"柏野紫野中柏野町"}},{"type":"Polygon","arcs":[[-737,-776,-850,-847,930,-707,931]],"properties":{"name":"上賀茂上賀茂南大路町"}},{"type":"Polygon","arcs":[[932,-901,-915,-928]],"properties":{"name":"柏野紫野西土居町"}},{"type":"Polygon","arcs":[[933,-845,934,935,936]],"properties":{"name":"上賀茂上賀茂北大路町"}},{"type":"Polygon","arcs":[[937,938,939,940,941]],"properties":{"name":"大将軍大将軍西町"}},{"type":"Polygon","arcs":[[942,943,944,945,946,947,948]],"properties":{"name":"大将軍等持院南町"}},{"type":"Polygon","arcs":[[-947,949,950,951,952]],"properties":{"name":"大将軍北野西白梅町"}},{"type":"Polygon","arcs":[[953,954,-939,955]],"properties":{"name":"大将軍大将軍南一条町"}},{"type":"Polygon","arcs":[[956,-930]],"properties":{"name":"柏野紫野下柏野町"}},{"type":"Polygon","arcs":[[957,-948,-953,958,-940,-955]],"properties":{"name":"大将軍大将軍一条町"}},{"type":"Polygon","arcs":[[959,960,-949,-958,-954]],"properties":{"name":"大将軍大将軍坂田町"}},{"type":"Polygon","arcs":[[-806,961,962,-840,-696]],"properties":{"name":"上賀茂上賀茂向梅町"}},{"type":"Polygon","arcs":[[963,964,-941,-959,-952,965]],"properties":{"name":"大将軍北野下白梅町"}},{"type":"Polygon","arcs":[[-942,-965,966,967]],"properties":{"name":"大将軍大将軍川端町"}},{"type":"Polygon","arcs":[[-779,968,-746,-872,969,970,-911,971,-935,-844,-851,-848]],"properties":{"name":"上賀茂上賀茂本山"}},{"type":"Polygon","arcs":[[-704,-931,-846,-934,972,-962,-805]],"properties":{"name":"上賀茂上賀茂竹ケ鼻町"}},{"type":"Polygon","arcs":[[-973,-937,973,-841,-963]],"properties":{"name":"上賀茂上賀茂梅ケ辻町"}},{"type":"Polygon","arcs":[[974,975,976,977,-743]],"properties":{"name":"上賀茂上賀茂高縄手町"}},{"type":"Polygon","arcs":[[978,-938,-968,979]],"properties":{"name":"大将軍大将軍東鷹司町"}},{"type":"Polygon","arcs":[[980,981,982,983,984,985]],"properties":{"name":"衣笠衣笠大祓町"}},{"type":"Polygon","arcs":[[986,-960,-956,-979]],"properties":{"name":"大将軍大将軍西鷹司町"}},{"type":"Polygon","arcs":[[-912,-971,987,988,989,-662]],"properties":{"name":"上賀茂上賀茂狭間町"}},{"type":"Polygon","arcs":[[990,991,992,993,994,995,996]],"properties":{"name":"衣笠小松原北町"}},{"type":"Polygon","arcs":[[-944,997,998,999]],"properties":{"name":"衣笠等持院西町"}},{"type":"Polygon","arcs":[[1000,-981,1001,1002,1003,1004,1005]],"properties":{"name":"衣笠平野鳥居前町"}},{"type":"Polygon","arcs":[[1006,1007,-1005,1008,1009]],"properties":{"name":"衣笠北野東紅梅町"}},{"type":"Polygon","arcs":[[1010,1011,-581,-489,-624,-222,1012,1013]],"properties":{"name":"金閣衣笠東開キ町"}},{"type":"Polygon","arcs":[[-1002,-986,1014,1015,1016]],"properties":{"name":"衣笠衣笠高橋町"}},{"type":"Polygon","arcs":[[1017,1018,1019,1020,1021,1022]],"properties":{"name":"金閣衣笠北天神森町"}},{"type":"Polygon","arcs":[[-950,-946,1023,1024,-991,1025]],"properties":{"name":"衣笠等持院東町"}},{"type":"Polygon","arcs":[[1026,1027,1028,-1007]],"properties":{"name":"衣笠北野紅梅町"}},{"type":"Polygon","arcs":[[1029,-1003,-1017,1030,1031,1032,1033,-214,-902,-933]],"properties":{"name":"衣笠衣笠荒見町"}},{"type":"Polygon","arcs":[[-1012,1034,1035,1036,1037,1038,-582]],"properties":{"name":"金閣衣笠開キ町"}},{"type":"Polygon","arcs":[[1039,-995,1040,1041,1042]],"properties":{"name":"衣笠平野上八丁柳町"}},{"type":"Polygon","arcs":[[-1016,1043,-1018,1044,-1031]],"properties":{"name":"衣笠衣笠北高橋町"}},{"type":"Polygon","arcs":[[1045,1046,-1037,1047,1048]],"properties":{"name":"金閣衣笠西尊上院町"}},{"type":"Polygon","arcs":[[1049,-966,1050,-1027,-1010]],"properties":{"name":"衣笠北野上白梅町"}},{"type":"Polygon","arcs":[[1051,1052,-992,-1025,1053,-999]],"properties":{"name":"衣笠等持院北町"}},{"type":"Polygon","arcs":[[1054,1055,1056,1057,1058,1059]],"properties":{"name":"金閣衣笠総門町"}},{"type":"Polygon","arcs":[[-945,-1000,-1054,-1024]],"properties":{"name":"衣笠等持院中町"}},{"type":"Polygon","arcs":[[1060]],"properties":{"name":"中川中川西山"}},{"type":"Polygon","arcs":[[1061,1062,1063,-1035,-1011]],"properties":{"name":"金閣衣笠西開キ町"}},{"type":"Polygon","arcs":[[-984,1064,1065,1066,-1055,1067]],"properties":{"name":"金閣平野桜木町"}},{"type":"Polygon","arcs":[[-331,1068,1069,1070,-341]],"properties":{"name":"金閣大北山松鴎山町"}},{"type":"Polygon","arcs":[[-1041,1071,1072,-1066,1073]],"properties":{"name":"金閣平野東柳町"}},{"type":"Polygon","arcs":[[1074,-996,-1040,1075,-1029]],"properties":{"name":"衣笠平野八丁柳町"}},{"type":"Polygon","arcs":[[-936,-972,-910,-816,-842,-974]],"properties":{"name":"上賀茂上賀茂岡本町"}},{"type":"Polygon","arcs":[[-1001,1076,1077,-982]],"properties":{"name":"衣笠平野宮北町"}},{"type":"Polygon","arcs":[[-1032,-1045,-1023,1078,1079]],"properties":{"name":"金閣衣笠街道町"}},{"type":"Polygon","arcs":[[1080,1081,1082],[-1061],[1083]],"properties":{"name":"中川中川北山町"}},{"type":"Polygon","arcs":[[-994,1084,1085,1086,-1057,1087,-1072]],"properties":{"name":"金閣平野上柳町"}},{"type":"Polygon","arcs":[[-1079,-1022,1088,1089,-1063,1090]],"properties":{"name":"金閣衣笠御所ノ内町"}},{"type":"Polygon","arcs":[[1091,-1042,-1074,-1065,-983,-1078]],"properties":{"name":"衣笠平野宮西町"}},{"type":"Polygon","arcs":[[1092,1093,1094,-1020,1095,-1059]],"properties":{"name":"金閣衣笠馬場町"}},{"type":"Polygon","arcs":[[1096,1097,1098,1099,1100]],"properties":{"name":"金閣衣笠赤阪町"}},{"type":"Polygon","arcs":[[-1090,1101,-1048,-1036,-1064]],"properties":{"name":"金閣衣笠東尊上院町"}},{"type":"Polygon","arcs":[[1102,1103,1104,-1038,-1047,1105]],"properties":{"name":"金閣大北山鏡石町"}},{"type":"Polygon","arcs":[[1106,-1094,1107,1108,1109,1110]],"properties":{"name":"金閣金閣寺町"}},{"type":"Polygon","arcs":[[-215,-1034,1111,-1013,-221]],"properties":{"name":"金閣衣笠北荒見町"}},{"type":"Polygon","arcs":[[-1060,-1096,-1019,-1044,-1015,-985,-1068]],"properties":{"name":"金閣衣笠天神森町"}},{"type":"Polygon","arcs":[[-778,-678,-747,-969]],"properties":{"name":"上賀茂上賀茂朝露ケ原町"}},{"type":"Polygon","arcs":[[-276,1112,-1104,1113,1114,1115,-1069,-330]],"properties":{"name":"金閣大北山鷲峯町"}},{"type":"Polygon","arcs":[[-1039,-1105,-1113,-275,-397,-238,-583]],"properties":{"name":"金閣衣笠鏡石町"}},{"type":"Polygon","arcs":[[-1021,-1095,-1107,1116,-1049,-1102,-1089]],"properties":{"name":"金閣衣笠西御所ノ内町"}},{"type":"Polygon","arcs":[[-1033,-1080,-1091,-1062,-1014,-1112]],"properties":{"name":"金閣衣笠東御所ノ内町"}},{"type":"Polygon","arcs":[[1117,1118]],"properties":{"name":"中川杉阪道風町"}},{"type":"Polygon","arcs":[[1119,1120,1121]],"properties":{"name":"中川杉阪都町"}},{"type":"Polygon","arcs":[[-1076,-1043,-1092,-1077,-1006,-1008]],"properties":{"name":"衣笠平野宮本町"}},{"type":"Polygon","arcs":[[-1051,-951,-1026,-997,-1075,-1028]],"properties":{"name":"衣笠小松原南町"}},{"type":"Polygon","arcs":[[1122,-1086,1123,-1101,1124,1125,-1109]],"properties":{"name":"金閣衣笠氷室町"}},{"type":"Polygon","arcs":[[-1124,-1085,-993,-1053,1126,-1097]],"properties":{"name":"金閣衣笠衣笠山町"}},{"type":"Polygon","arcs":[[1127,-1116,1128]],"properties":{"name":"金閣大北山長谷町"}},{"type":"Polygon","arcs":[[-1058,-1087,-1123,-1108,-1093]],"properties":{"name":"金閣衣笠西馬場町"}},{"type":"Polygon","arcs":[[1129,-730,1130,-975,-742,1131]],"properties":{"name":"上賀茂上賀茂今井河原町"}},{"type":"Polygon","arcs":[[-989,1132]],"properties":{"name":"上賀茂上賀茂ケシ山"}},{"type":"Polygon","arcs":[[-729,1133,-976,-1131]],"properties":{"name":"上賀茂上賀茂藪田町"}},{"type":"Polygon","arcs":[[1134,1135,-700,-977]],"properties":{"name":"上賀茂上賀茂石計町"}},{"type":"Polygon","arcs":[[-1135,-1134,-738,-932,-706,-804]],"properties":{"name":"上賀茂上賀茂荒草町"}},{"type":"Polygon","arcs":[[-1073,-1088,-1056,-1067]],"properties":{"name":"金閣平野宮敷町"}},{"type":"Polygon","arcs":[[-1126,1136,-1114,-1103,1137,-1110]],"properties":{"name":"金閣大北山天神岡町"}},{"type":"Polygon","arcs":[[-1070,-1128,1138,-1099,1139]],"properties":{"name":"金閣大北山原谷乾町"}},{"type":"Polygon","arcs":[[-291,-131,-733,1140,1141]],"properties":{"name":"元町小山北玄以町"}},{"type":"Polygon","arcs":[[1142,-260,-289,-1142,1143]],"properties":{"name":"元町小山西玄以町"}},{"type":"Polygon","arcs":[[1144,1145,1146,1147,1148]],"properties":{"name":"小野郷小野宮ノ上町"}},{"type":"Polygon","arcs":[[1149,1150,1151,1152,1153,1154,1155]],"properties":{"name":"小野郷大森大谷"}},{"type":"Polygon","arcs":[[1156,1157,1158,1159,1160]],"properties":{"name":"中川中川奥山"}},{"type":"Polygon","arcs":[[-1100,-1139,-1129,-1115,-1137,-1125]],"properties":{"name":"金閣大北山蓮ケ谷町"}},{"type":"Polygon","arcs":[[1161,-1158,1162]],"properties":{"name":"中川中川西ノ谷"}},{"type":"Polygon","arcs":[[-1046,-1117,-1111,-1138,-1106]],"properties":{"name":"金閣大北山不動山町"}},{"type":"Polygon","arcs":[[-1136,-807,-699,-755]],"properties":{"name":"上賀茂上賀茂土門町"}},{"type":"Polygon","arcs":[[1163,1164,1165,-1149]],"properties":{"name":"小野郷小野上ノ町"}},{"type":"Polygon","arcs":[[1166,-1145,-1166,1167,1168]],"properties":{"name":"小野郷小野笠谷"}},{"type":"Polygon","arcs":[[1169,1170,1171,-1150,1172]],"properties":{"name":"雲ヶ畑雲ケ畑出谷町"}},{"type":"Polygon","arcs":[[1173,1174,1175,1176,1177,1178,-1154,1179]],"properties":{"name":"小野郷大森中町"}},{"type":"Polygon","arcs":[[1180,-1082,1181,-1163,-1157,1182,1183]],"properties":{"name":"中川中川中山"}},{"type":"Polygon","arcs":[[1184,1185,-1144,-1141,-732]],"properties":{"name":"元町小山東玄以町"}},{"type":"Polygon","arcs":[[-978,-703,1186,-837]],"properties":{"name":"上賀茂上賀茂松本町"}},{"type":"Polygon","arcs":[[1187,1188,-1175]],"properties":{"name":"小野郷大森芦堂町"}},{"type":"Polygon","arcs":[[1189,-375,-106,-1143,1190]],"properties":{"name":"元町小山西元町"}},{"type":"Polygon","arcs":[[1191]],"properties":{"name":"中川真弓八幡町"}},{"type":"Polygon","arcs":[[1192,1193,-1183,-1161,1194,1195,1196]],"properties":{"name":"中川中川川登"}},{"type":"Polygon","arcs":[[1197,1198,-1196,1199,1200,-1168,-1165]],"properties":{"name":"小野郷小野水谷"}},{"type":"Polygon","arcs":[[-1189,1201,1202,1203,-1176]],"properties":{"name":"小野郷大森稲荷"}},{"type":"Polygon","arcs":[[1204,-1191,-1186,1205]],"properties":{"name":"元町小山元町"}},{"type":"Polygon","arcs":[[-1172,1206,1207,1208,1209,1210,-1151],[-1192]],"properties":{"name":"中川真弓善福"}},{"type":"Polygon","arcs":[[-1203,1211,-1210,1212,-1193,1213,-1146,-1167,1214,1215]],"properties":{"name":"小野郷小野岩戸"}},{"type":"Polygon","arcs":[[1216,-1178,1217,1218]],"properties":{"name":"小野郷大森西町"}},{"type":"Polygon","arcs":[[1219,-521,-485,-635,-359,1220,-1083,-1181,1221]],"properties":{"name":"中川中川東山"}},{"type":"Polygon","arcs":[[1222,-1179,-1217]],"properties":{"name":"小野郷大森菖蒲"}},{"type":"Polygon","arcs":[[-1177,-1204,-1216,1223,1224,-1218]],"properties":{"name":"小野郷大森中山"}},{"type":"Polygon","arcs":[[-1195,-1160,1225,-1200]],"properties":{"name":"中川中川水谷"}},{"type":"Polygon","arcs":[[-1214,-1197,-1199,1226,-1147]],"properties":{"name":"小野郷小野下ノ町"}},{"type":"Polygon","arcs":[[-886,-855,-95,-376,-1190,1227]],"properties":{"name":"元町小山上初音町"}},{"type":"Polygon","arcs":[[-1121,1228,-1118,1229,-825,-350,-579,-482,-555,-522,-1220,1230]],"properties":{"name":"中川杉阪南谷"}},{"type":"Polygon","arcs":[[-863,-887,-1228,-1205,1231]],"properties":{"name":"元町小山上板倉町"}},{"type":"Polygon","arcs":[[-922,-864,-1232,1232,-924,1233]],"properties":{"name":"元町小山上花ノ木町"}},{"type":"Polygon","arcs":[[1234,-769,-576,-657,-754,-827,1235,-1207,-1171]],"properties":{"name":"雲ヶ畑雲ケ畑中畑町"}},{"type":"Polygon","arcs":[[-1155,-1223,-1219,-1225,1236]],"properties":{"name":"小野郷大森牛ケ滝"}},{"type":"Polygon","arcs":[[1237,1238,-868,-919,1239]],"properties":{"name":"紫明小山北上総町"}},{"type":"Polygon","arcs":[[1240,-1122,-1231,-1222,-1184,-1194,-1213,-1209]],"properties":{"name":"中川杉阪北尾"}},{"type":"Polygon","arcs":[[-1236,-826,-1230,-1119,-1229,-1120,-1241,-1208]],"properties":{"name":"中川杉阪東谷"}},{"type":"Polygon","arcs":[[-1148,-1227,-1198,-1164]],"properties":{"name":"小野郷小野中ノ町"}},{"type":"Polygon","arcs":[[1241,-925,-1233,-1206,-1185,-731,-1130]],"properties":{"name":"元町小山東元町"}},{"type":"Polygon","arcs":[[1242,1243,-878,1244]],"properties":{"name":"紫明長乗西町"}},{"type":"Polygon","arcs":[[1245,-187,-167,1246,1247,1248,-1245,-880]],"properties":{"name":"紫明小山中溝町"}},{"type":"Polygon","arcs":[[-619,-714,-762,-770,-1235,-1170,1249]],"properties":{"name":"雲ヶ畑雲ケ畑中津川町"}},{"type":"Polygon","arcs":[[1250,1251,1252,1253,1254]],"properties":{"name":"紫明小山西花池町"}},{"type":"Polygon","arcs":[[1255,-1180,-1153]],"properties":{"name":"小野郷大森東町"}},{"type":"Polygon","arcs":[[1256,-1238,1257,1258,1259]],"properties":{"name":"紫明小山西上総町"}},{"type":"Polygon","arcs":[[-1247,-166,-227,1260,1261,1262]],"properties":{"name":"紫明小山南大野町"}},{"type":"Polygon","arcs":[[-1253,1263,1264,-1240,-918,1265]],"properties":{"name":"紫明小山上総町"}},{"type":"Polygon","arcs":[[1266,-1263,1267,-1264,-1252]],"properties":{"name":"紫明小山南上総町"}},{"type":"Polygon","arcs":[[-891,1268,-1255,1269,-909,-883,-875]],"properties":{"name":"紫明小山堀池町"}},{"type":"Polygon","arcs":[[1270,-1243,-1249,1271,-856]],"properties":{"name":"紫明長乗東町"}},{"type":"Polygon","arcs":[[-906,-1270,-1254,-1266,-917,1272]],"properties":{"name":"紫明小山東花池町"}},{"type":"Polygon","arcs":[[-1259,1273,1274,-233,-184,1275]],"properties":{"name":"紫明小山北大野町"}},{"type":"Polygon","arcs":[[1276,-1274,-1258,-1265,-1268,-1262]],"properties":{"name":"紫明小山東大野町"}},{"type":"Polygon","arcs":[[-857,-1272,-1248,-1267,-1251,-1269,-893]],"properties":{"name":"紫明小山下総町"}},{"type":"Polygon","arcs":[[-1277,-1261,-230,-1275]],"properties":{"name":"紫明小山西大野町"}},{"type":"Polygon","arcs":[[-923,-1234]],"properties":{"name":"出雲路小山上花ノ木町"}},{"type":"Polygon","arcs":[[-1276,-183,-192,1277,-853,-885,-861,1278,-1260]],"properties":{"name":"紫明小山下板倉町"}},{"type":"Polygon","arcs":[[-1278,-191,-854]],"properties":{"name":"紫明小山下初音町"}},{"type":"Polygon","arcs":[[-1257,-1279,-860,-1239]],"properties":{"name":"紫明小山下花ノ木町"}},{"type":"Polygon","arcs":[[-1273,-916,1279,-907]],"properties":{"name":"出雲路出雲路松ノ下町"}}]}},"arcs":[[[135.73918071409727,35.0448586917914],[135.74079278571324,35.04515745945947],[135.74076739875866,35.04687537355083]],[[135.74076739875866,35.04687537355083],[135.7426968073069,35.04703969576826]],[[135.7426968073069,35.04703969576826],[135.7438899941723,35.04539647359392]],[[135.7438899941723,35.04539647359392],[135.73918071409727,35.0448586917914]],[[135.74934818940747,35.047323525052924],[135.74769803735964,35.047368340203136]],[[135.74769803735964,35.047368340203136],[135.74765995692775,35.0481301977567]],[[135.74765995692775,35.0481301977567],[135.74750763520026,35.04886217854345]],[[135.74750763520026,35.04886217854345],[135.7491831742027,35.04883230177665]],[[135.7491831742027,35.04883230177665],[135.7493228024529,35.04883230177665]],[[135.7493228024529,35.04883230177665],[135.74934818940747,35.047323525052924]],[[135.7381398489594,35.04476906149098],[135.7371497577307,35.04656166749936]],[[135.7371497577307,35.04656166749936],[135.73675625993465,35.04733846343633]],[[135.73675625993465,35.04733846343633],[135.7384191054598,35.04789118362225]],[[135.7384191054598,35.04789118362225],[135.73980269448452,35.047129326068685]],[[135.73980269448452,35.047129326068685],[135.7381398489594,35.04476906149098]],[[135.74913240029352,35.04978835831445],[135.7491831742027,35.0490862542945]],[[135.7491831742027,35.0490862542945],[135.7491831742027,35.04883230177665]],[[135.74750763520026,35.04886217854345],[135.74727915260902,35.049653912863825]],[[135.74727915260902,35.049653912863825],[135.74913240029352,35.04978835831445]],[[135.74108473569095,35.05225319157598],[135.74111012264552,35.051715409773465]],[[135.74111012264552,35.051715409773465],[135.7404373683491,35.05164071785644]],[[135.7404373683491,35.05164071785644],[135.73830486416418,35.050789230002465]],[[135.73830486416418,35.050789230002465],[135.7378352055044,35.051028244136916]],[[135.7378352055044,35.051028244136916],[135.7404373683491,35.05201417744153]],[[135.7404373683491,35.05201417744153],[135.74053891616742,35.05205899259174]],[[135.74053891616742,35.05205899259174],[135.74108473569095,35.05225319157598]],[[135.74119897698657,35.049668851247226],[135.7394345836431,35.0490563775277]],[[135.7394345836431,35.0490563775277],[135.7404373683491,35.05164071785644]],[[135.74111012264552,35.051715409773465],[135.7411482030774,35.051013305753514]],[[135.7411482030774,35.051013305753514],[135.74119897698657,35.049668851247226]],[[135.74833271122418,35.045575734194756],[135.7468983482903,35.04548610389433]],[[135.7468983482903,35.04548610389433],[135.74769803735964,35.047368340203136]],[[135.74934818940747,35.047323525052924],[135.7493608828848,35.04723389475251]],[[135.7493608828848,35.04723389475251],[135.74923394811185,35.046427222048735]],[[135.74923394811185,35.046427222048735],[135.74833271122418,35.045575734194756]],[[135.7461494331301,35.048951808843874],[135.7441565571954,35.04887711692686]],[[135.7441565571954,35.04887711692686],[135.74410578328624,35.05111787443734]],[[135.74410578328624,35.05111787443734],[135.7454512918791,35.05116268958754]],[[135.7454512918791,35.05116268958754],[135.7461494331301,35.048951808843874]],[[135.74410578328624,35.05111787443734],[135.74262064644316,35.051058120903726]],[[135.74262064644316,35.051058120903726],[135.7425825660113,35.05252208247723]],[[135.7425825660113,35.05252208247723],[135.74259525948858,35.05252208247723]],[[135.74259525948858,35.05252208247723],[135.74408039633164,35.05255195924404]],[[135.74408039633164,35.05255195924404],[135.74410578328624,35.05111787443734]],[[135.73918071409727,35.0448586917914],[135.7381525424367,35.04475412310758]],[[135.7381525424367,35.04475412310758],[135.7381398489594,35.04476906149098]],[[135.73980269448452,35.047129326068685],[135.74027235314432,35.047801553321825]],[[135.74027235314432,35.047801553321825],[135.74076739875866,35.04687537355083]],[[135.74765995692775,35.0481301977567],[135.74698720263132,35.0481152593733]],[[135.74698720263132,35.0481152593733],[135.7461494331301,35.048951808843874]],[[135.7454512918791,35.05116268958754],[135.74668255917635,35.051207504737754]],[[135.74668255917635,35.051207504737754],[135.7474314743365,35.05123738150456]],[[135.7474314743365,35.05123738150456],[135.74732992651818,35.05071453808545]],[[135.74732992651818,35.05071453808545],[135.74727915260902,35.049653912863825]],[[135.74493085931016,35.041363110075054],[135.7432807072623,35.04139298684186]],[[135.7432807072623,35.04139298684186],[135.74289990294358,35.04194570702778]],[[135.74289990294358,35.04194570702778],[135.74098318787262,35.04240879691328]],[[135.74098318787262,35.04240879691328],[135.73965037275704,35.04246855044689]],[[135.73965037275704,35.04246855044689],[135.7387237489148,35.04245361206349]],[[135.7387237489148,35.04245361206349],[135.73849526632355,35.04318559285024]],[[135.73849526632355,35.04318559285024],[135.7381525424367,35.04475412310758]],[[135.7438899941723,35.04539647359392],[135.74543859840182,35.04566536449517]],[[135.74543859840182,35.04566536449517],[135.74682218742655,35.045336720060305]],[[135.74682218742655,35.045336720060305],[135.7468602678584,35.043947450403806]],[[135.7468602678584,35.043947450403806],[135.74720299174527,35.04255818074731]],[[135.74720299174527,35.04255818074731],[135.7474695547684,35.041168911090814]],[[135.7474695547684,35.041168911090814],[135.74753302215484,35.040675944438505]],[[135.74753302215484,35.040675944438505],[135.74493085931016,35.041363110075054]],[[135.7468983482903,35.04548610389433],[135.74682218742655,35.045336720060305]],[[135.74543859840182,35.04566536449517],[135.7441565571954,35.04730858666952]],[[135.7441565571954,35.04730858666952],[135.74701258958592,35.047353401819734],[135.74698720263132,35.0481152593733]],[[135.7507444719095,35.045530919044545],[135.75069369800033,35.045530919044545]],[[135.75069369800033,35.045530919044545],[135.74925933506645,35.04548610389433]],[[135.74925933506645,35.04548610389433],[135.74923394811185,35.046427222048735]],[[135.7493608828848,35.04723389475251],[135.75078255234138,35.047368340203136]],[[135.75078255234138,35.047368340203136],[135.7507444719095,35.045530919044545]],[[135.74938626983936,35.04408189585443],[135.74925933506645,35.04548610389433]],[[135.75069369800033,35.045530919044545],[135.75084601972785,35.04406695747103]],[[135.75084601972785,35.04406695747103],[135.75080793929595,35.04406695747103]],[[135.75080793929595,35.04406695747103],[135.74938626983936,35.04408189585443]],[[135.7454512918791,35.05116268958754],[135.7454639853564,35.052581836010845]],[[135.7454639853564,35.052581836010845],[135.74666986569906,35.052611712777654]],[[135.74666986569906,35.052611712777654],[135.74668255917635,35.051207504737754]],[[135.74928472202103,35.05340344709802],[135.74913240029352,35.05340344709802]],[[135.74913240029352,35.05340344709802],[135.747888439519,35.053358631947816]],[[135.747888439519,35.053358631947816],[135.74783766560984,35.05441925716944]],[[135.74783766560984,35.05441925716944],[135.74925933506645,35.05482259352132]],[[135.74925933506645,35.05482259352132],[135.74928472202103,35.05340344709802]],[[135.74666986569906,35.05301504912954],[135.74666986569906,35.052611712777654]],[[135.7454639853564,35.052581836010845],[135.74408039633164,35.05255195924404]],[[135.74408039633164,35.05255195924404],[135.74406770285435,35.053283940030795]],[[135.74406770285435,35.053283940030795],[135.7454639853564,35.05412048950138]],[[135.7454639853564,35.05412048950138],[135.74665717222175,35.05415036626818]],[[135.74665717222175,35.05415036626818],[135.74666986569906,35.05301504912954]],[[135.75457790205144,35.04801069068947],[135.7550475607112,35.047323525052924]],[[135.7550475607112,35.047323525052924],[135.75493331941558,35.047323525052924]],[[135.75493331941558,35.047323525052924],[135.75441288684664,35.04733846343633]],[[135.75441288684664,35.04733846343633],[135.75457790205144,35.04801069068947]],[[135.74027235314432,35.047801553321825],[135.74123705741843,35.04917588459492]],[[135.74123705741843,35.04917588459492],[135.741871731283,35.049190822978325]],[[135.741871731283,35.049190822978325],[135.74220176169257,35.047831430088635]],[[135.74220176169257,35.047831430088635],[135.7426968073069,35.04703969576826]],[[135.75395592166416,35.04898168561068],[135.75225499570715,35.04893687046047]],[[135.75225499570715,35.04893687046047],[135.75230576961633,35.05075935323566]],[[135.75230576961633,35.05075935323566],[135.75387976080043,35.050789230002465]],[[135.75387976080043,35.050789230002465],[135.75395592166416,35.04898168561068]],[[135.75399400209605,35.04556079581135],[135.75395592166416,35.045575734194756]],[[135.75395592166416,35.045575734194756],[135.75244539786652,35.04556079581135]],[[135.75244539786652,35.04556079581135],[135.752204221798,35.04724883313591]],[[135.752204221798,35.04724883313591],[135.7523438500482,35.04726377151931]],[[135.7523438500482,35.04726377151931],[135.75398130861876,35.04727870990271]],[[135.75398130861876,35.04727870990271],[135.75399400209605,35.04556079581135]],[[135.7509348740689,35.050744414852254],[135.75084601972785,35.050520339101205]],[[135.75084601972785,35.050520339101205],[135.74937357636207,35.0504904623344]],[[135.74937357636207,35.0504904623344],[135.7493608828848,35.05071453808545]],[[135.7493608828848,35.05071453808545],[135.74956397852142,35.05179010169048]],[[135.74956397852142,35.05179010169048],[135.7506175371366,35.05180504007388]],[[135.7506175371366,35.05180504007388],[135.7509348740689,35.050744414852254]],[[135.7493228024529,35.04883230177665],[135.75080793929595,35.04884724016005]],[[135.75080793929595,35.04884724016005],[135.75078255234138,35.047368340203136]],[[135.74927202854374,35.04245361206349],[135.74937357636207,35.043947450403806]],[[135.74937357636207,35.043947450403806],[135.74938626983936,35.04408189585443]],[[135.75080793929595,35.04406695747103],[135.75064292409118,35.04266274943113]],[[135.75064292409118,35.04266274943113],[135.74927202854374,35.04245361206349]],[[135.74732992651818,35.05071453808545],[135.7493608828848,35.05071453808545]],[[135.74937357636207,35.0504904623344],[135.74913240029352,35.04978835831445]],[[135.75010979804495,35.041183849474216],[135.74997016979475,35.040705821205314]],[[135.74997016979475,35.040705821205314],[135.74753302215484,35.040675944438505]],[[135.7474695547684,35.041168911090814],[135.74908162638437,35.04133323330825]],[[135.74908162638437,35.04133323330825],[135.75010979804495,35.041183849474216]],[[135.7549206259383,35.053776906683105],[135.75366397168648,35.053537892548654]],[[135.75366397168648,35.053537892548654],[135.75217883484342,35.05349307739844]],[[135.75217883484342,35.05349307739844],[135.75172186966094,35.05527074502342]],[[135.75172186966094,35.05527074502342],[135.75236923700277,35.05565914299191]],[[135.75236923700277,35.05565914299191],[135.7530419912992,35.05509148442258]],[[135.7530419912992,35.05509148442258],[135.7549206259383,35.053776906683105]],[[135.7500590241358,35.040705821205314],[135.74997016979475,35.040705821205314]],[[135.75010979804495,35.041183849474216],[135.75055406975014,35.041168911090814]],[[135.75055406975014,35.041168911090814],[135.752597719594,35.04143780199207]],[[135.752597719594,35.04143780199207],[135.75327047389044,35.04143780199207]],[[135.75327047389044,35.04143780199207],[135.7500590241358,35.040705821205314]],[[135.7468602678584,35.043947450403806],[135.74937357636207,35.043947450403806]],[[135.74927202854374,35.04245361206349],[135.74720299174527,35.04255818074731]],[[135.7441565571954,35.04887711692686],[135.74322993335315,35.04887711692686]],[[135.74322993335315,35.04887711692686],[135.74265872687505,35.049205761361726]],[[135.74265872687505,35.049205761361726],[135.74262064644316,35.051058120903726]],[[135.74265872687505,35.049205761361726],[135.741871731283,35.049190822978325]],[[135.74123705741843,35.04917588459492],[135.74119897698657,35.049668851247226]],[[135.7411482030774,35.051013305753514],[135.74262064644316,35.051058120903726]],[[135.7435853507173,35.048264643207325],[135.74220176169257,35.047831430088635]],[[135.74322993335315,35.04887711692686],[135.7435853507173,35.048264643207325]],[[135.74108473569095,35.05225319157598],[135.74107204221366,35.05249220571043]],[[135.74107204221366,35.05249220571043],[135.7425825660113,35.05252208247723]],[[135.73765749682232,35.04922069974513],[135.73702282295778,35.05025144819995]],[[135.73702282295778,35.05025144819995],[135.73830486416418,35.050789230002465]],[[135.7394345836431,35.0490563775277],[135.73765749682232,35.04922069974513]],[[135.7384191054598,35.04789118362225],[135.73765749682232,35.04922069974513]],[[135.7441565571954,35.04730858666952],[135.7435853507173,35.048264643207325]],[[135.74927202854374,35.04245361206349],[135.74908162638437,35.04133323330825]],[[135.74121167046385,35.04148261714228],[135.74137668566863,35.04175150804354]],[[135.74137668566863,35.04175150804354],[135.74121167046385,35.04148261714228]],[[135.7450197136512,35.04055643737128],[135.74292528989815,35.04069088282191]],[[135.74292528989815,35.04069088282191],[135.7432807072623,35.04139298684186]],[[135.74493085931016,35.041363110075054],[135.7450197136512,35.04055643737128]],[[135.75366397168648,35.04122866462443],[135.7546159824833,35.04128841815804]],[[135.7546159824833,35.04128841815804],[135.75499678680205,35.03882358489651]],[[135.75499678680205,35.03882358489651],[135.75488254550643,35.03880864651311]],[[135.75488254550643,35.03880864651311],[135.75399400209605,35.03862938591227]],[[135.75399400209605,35.03862938591227],[135.7520772870251,35.03913729094798]],[[135.7520772870251,35.03913729094798],[135.75366397168648,35.04122866462443]],[[135.74505779408307,35.04022779293641],[135.7450197136512,35.04055643737128]],[[135.74753302215484,35.040675944438505],[135.74758379606402,35.040048532335575]],[[135.74758379606402,35.040048532335575],[135.74505779408307,35.04022779293641]],[[135.74292528989815,35.04069088282191],[135.74279835512525,35.040242731319815]],[[135.74279835512525,35.040242731319815],[135.74135129871405,35.04087014342275]],[[135.74135129871405,35.04087014342275],[135.74103396178177,35.041452740375476]],[[135.74103396178177,35.041452740375476],[135.74121167046385,35.04148261714228]],[[135.74137668566863,35.04175150804354],[135.74137668566863,35.04202039894479]],[[135.74137668566863,35.04202039894479],[135.74289990294358,35.04194570702778]],[[135.75470483682435,35.0425133655971],[135.75393053470958,35.0425133655971]],[[135.75393053470958,35.0425133655971],[135.753905147755,35.04409683423784]],[[135.753905147755,35.04409683423784],[135.75503486723392,35.044141649388045]],[[135.75503486723392,35.044141649388045],[135.75503486723392,35.04411177262124]],[[135.75503486723392,35.04411177262124],[135.75470483682435,35.0425133655971]],[[135.7547683042108,35.037523945540435],[135.75178533704738,35.03791234350892]],[[135.75178533704738,35.03791234350892],[135.75399400209605,35.03862938591227]],[[135.75488254550643,35.03880864651311],[135.7547683042108,35.037523945540435]],[[135.7460351918345,35.0359554152831],[135.7443088789229,35.035462448630796],[135.7409958813499,35.03619442941755]],[[135.7409958813499,35.03619442941755],[135.74495624626474,35.03806172734295]],[[135.74495624626474,35.03806172734295],[135.7460351918345,35.0359554152831]],[[135.7546413694379,35.04562054934496],[135.75503486723392,35.044365725139095]],[[135.75503486723392,35.044365725139095],[135.75503486723392,35.044141649388045]],[[135.753905147755,35.04409683423784],[135.75384168036854,35.044171526154855]],[[135.75384168036854,35.044171526154855],[135.75395592166416,35.045575734194756]],[[135.75399400209605,35.04556079581135],[135.7546413694379,35.04562054934496]],[[135.74526088971973,35.03859950914546],[135.7450197136512,35.03853975561185]],[[135.7450197136512,35.03853975561185],[135.74279835512525,35.040242731319815]],[[135.74505779408307,35.04022779293641],[135.74526088971973,35.03859950914546]],[[135.7401327248941,35.03998877880196],[135.74004387055308,35.04037717677044]],[[135.74004387055308,35.04037717677044],[135.73981538796184,35.041363110075054]],[[135.73981538796184,35.041363110075054],[135.74103396178177,35.041452740375476]],[[135.74135129871405,35.04087014342275],[135.7401327248941,35.03998877880196]],[[135.73977730752995,35.039107414181174],[135.7401327248941,35.03998877880196]],[[135.7450197136512,35.03853975561185],[135.74495624626474,35.03806172734295]],[[135.7409958813499,35.03619442941755],[135.74045006182638,35.03605998396692]],[[135.74045006182638,35.03605998396692],[135.74032312705347,35.03629899810137]],[[135.74032312705347,35.03629899810137],[135.73977730752995,35.039107414181174]],[[135.75178533704738,35.03791234350892],[135.7497543806808,35.038898276813526]],[[135.7497543806808,35.038898276813526],[135.75010979804495,35.03909247579777]],[[135.75010979804495,35.03909247579777],[135.7520772870251,35.03913729094798]],[[135.74758379606402,35.040048532335575],[135.7476091830186,35.039122352564576]],[[135.7476091830186,35.039122352564576],[135.74665717222175,35.038913215196935]],[[135.74665717222175,35.038913215196935],[135.74526088971973,35.03859950914546]],[[135.7361469730247,35.03758369907405],[135.73567731436492,35.03850987884505]],[[135.73567731436492,35.03850987884505],[135.73651508386612,35.03918210609819]],[[135.73651508386612,35.03918210609819],[135.73788597941356,35.03927173639861]],[[135.73788597941356,35.03927173639861],[135.7379748337546,35.03809160410976]],[[135.7379748337546,35.03809160410976],[135.7361469730247,35.03758369907405]],[[135.73879990977852,35.040242731319815],[135.73909185975623,35.039361366699026]],[[135.73909185975623,35.039361366699026],[135.73788597941356,35.03927173639861]],[[135.73651508386612,35.03918210609819],[135.73661663168446,35.0411091575572]],[[135.73661663168446,35.0411091575572],[135.73645161647968,35.04242373529668]],[[135.73645161647968,35.04242373529668],[135.73687050123027,35.04245361206349]],[[135.73687050123027,35.04245361206349],[135.73846987936898,35.04128841815804]],[[135.73846987936898,35.04128841815804],[135.73846987936898,35.04124360300783]],[[135.73846987936898,35.04124360300783],[135.73879990977852,35.040242731319815]],[[135.7546159824833,35.04134817169165],[135.7546159824833,35.04128841815804]],[[135.75366397168648,35.04122866462443],[135.75327047389044,35.04143780199207]],[[135.75327047389044,35.04143780199207],[135.75469214334706,35.04222953631244]],[[135.75469214334706,35.04222953631244],[135.7546159824833,35.04134817169165]],[[135.752597719594,35.04143780199207],[135.7524707848211,35.04245361206349]],[[135.7524707848211,35.04245361206349],[135.75393053470958,35.0425133655971]],[[135.75470483682435,35.0425133655971],[135.75469214334706,35.04222953631244]],[[135.74004387055308,35.04037717677044],[135.73879990977852,35.040242731319815]],[[135.73846987936898,35.04124360300783],[135.73981538796184,35.041363110075054]],[[135.74137668566863,35.04202039894479],[135.74098318787262,35.04240879691328]],[[135.73501725354578,35.05005724921571],[135.7339510014533,35.049624036097015]],[[135.7339510014533,35.049624036097015],[135.73094264733533,35.05228306834278]],[[135.73094264733533,35.05228306834278],[135.73277050806524,35.05316443296357]],[[135.73277050806524,35.05316443296357],[135.73365905147563,35.051924547141105]],[[135.73365905147563,35.051924547141105],[135.73501725354578,35.05005724921571]],[[135.720902106798,35.06193326402124],[135.71898539172705,35.059886705495]],[[135.71898539172705,35.059886705495],[135.71695443536046,35.06060374789836]],[[135.71695443536046,35.06060374789836],[135.7169163549286,35.0607830084992]],[[135.7169163549286,35.0607830084992],[135.7169036614513,35.06166437311999]],[[135.7169036614513,35.06166437311999],[135.71871882870394,35.064950817468684],[135.72022935250158,35.06539896897078]],[[135.72022935250158,35.06539896897078],[135.720902106798,35.06193326402124]],[[135.73534728395535,35.053044925896344],[135.73519496222784,35.05268640469467]],[[135.73519496222784,35.05268640469467],[135.73365905147563,35.051924547141105]],[[135.73277050806524,35.05316443296357],[135.73200889942777,35.05409061273457]],[[135.73200889942777,35.05409061273457],[135.73363366452102,35.054927162205146]],[[135.73363366452102,35.054927162205146],[135.7345602883633,35.05385159860012]],[[135.7345602883633,35.05385159860012],[135.73534728395535,35.053044925896344]],[[135.75244539786652,35.04556079581135],[135.7523438500482,35.04556079581135]],[[135.7523438500482,35.04556079581135],[135.7507444719095,35.045530919044545]],[[135.75078255234138,35.047368340203136],[135.752204221798,35.04724883313591]],[[135.75230576961633,35.05075935323566],[135.75225499570715,35.05075935323566]],[[135.75225499570715,35.05075935323566],[135.75236923700277,35.05205899259174]],[[135.75236923700277,35.05205899259174],[135.75371474559563,35.05207393097514]],[[135.75371474559563,35.05207393097514],[135.75387976080043,35.050789230002465]],[[135.75051598931827,35.05343332386483],[135.74928472202103,35.05340344709802]],[[135.74925933506645,35.05482259352132],[135.74984323502184,35.054897285438344]],[[135.74984323502184,35.054897285438344],[135.7504906023637,35.05482259352132]],[[135.7504906023637,35.05482259352132],[135.75051598931827,35.05343332386483]],[[135.73675625993465,35.04733846343633],[135.73528381656888,35.04971366639744]],[[135.73528381656888,35.04971366639744],[135.73702282295778,35.05025144819995]],[[135.75070639147762,35.04245361206349],[135.75064292409118,35.04266274943113]],[[135.75084601972785,35.04406695747103],[135.75249617177568,35.04411177262124]],[[135.75249617177568,35.04411177262124],[135.7524707848211,35.04245361206349]],[[135.7524707848211,35.04245361206349],[135.75070639147762,35.04245361206349]],[[135.74833271122418,35.045575734194756],[135.74925933506645,35.04548610389433]],[[135.7257637086005,35.05666001467992],[135.72848011274084,35.054493949086456]],[[135.72848011274084,35.054493949086456],[135.72874667576394,35.054225058185196]],[[135.72874667576394,35.054225058185196],[135.72863243446832,35.05317937134698],[135.73047298867553,35.05186479360749]],[[135.73047298867553,35.05186479360749],[135.73033336042533,35.05177516330708]],[[135.73033336042533,35.05177516330708],[135.72785813235356,35.05319430973038],[135.72745194108023,35.05497197735536],[135.72583986946427,35.05500185412217]],[[135.72583986946427,35.05500185412217],[135.7257637086005,35.05666001467992]],[[135.71196589878505,35.081876005864494],[135.71309561826396,35.079157220085115]],[[135.71309561826396,35.079157220085115],[135.71323524651416,35.07897795948428]],[[135.71323524651416,35.07897795948428],[135.71183896401212,35.078499931215376]],[[135.71183896401212,35.078499931215376],[135.71011265110053,35.080307475607164],[135.7113058379659,35.08263786341806]],[[135.7113058379659,35.08263786341806],[135.71196589878505,35.081876005864494]],[[135.7523438500482,35.04556079581135],[135.75249617177568,35.04411177262124]],[[135.75069369800033,35.05202911582493],[135.75051598931827,35.053328755181006]],[[135.75051598931827,35.053328755181006],[135.75212806093424,35.05349307739844]],[[135.75212806093424,35.05349307739844],[135.75236923700277,35.05205899259174]],[[135.75236923700277,35.05205899259174],[135.75069369800033,35.05202911582493]],[[135.75055406975014,35.041168911090814],[135.75070639147762,35.04245361206349]],[[135.7537782129821,35.05207393097514],[135.75371474559563,35.05207393097514]],[[135.75212806093424,35.05349307739844],[135.75217883484342,35.05349307739844]],[[135.75366397168648,35.053537892548654],[135.7537782129821,35.05207393097514]],[[135.7493228024529,35.04883230177665],[135.7491831742027,35.0490862542945]],[[135.75084601972785,35.050520339101205],[135.75080793929595,35.04884724016005]],[[135.74232869646548,35.060857700416214],[135.74236677689734,35.06055893274815]],[[135.74236677689734,35.06055893274815],[135.74107204221366,35.06055893274815]],[[135.74107204221366,35.06055893274815],[135.7406912378949,35.0622021549225]],[[135.7406912378949,35.0622021549225],[135.74206213344237,35.062261908456115]],[[135.74206213344237,35.062261908456115],[135.74232869646548,35.060857700416214]],[[135.73680703384383,35.05371715314949],[135.73680703384383,35.05432962686902]],[[135.73680703384383,35.05432962686902],[135.73920610105185,35.05305986427975]],[[135.73920610105185,35.05305986427975],[135.74053891616742,35.05205899259174]],[[135.7404373683491,35.05201417744153],[135.73534728395535,35.053044925896344]],[[135.7345602883633,35.05385159860012],[135.73680703384383,35.05371715314949]],[[135.73519496222784,35.05268640469467],[135.73703551643507,35.05075935323566]],[[135.73703551643507,35.05075935323566],[135.73501725354578,35.05005724921571]],[[135.69978016058553,35.07838042414815],[135.70178572999754,35.07770819689501]],[[135.70178572999754,35.07770819689501],[135.69886623022057,35.075542131301546]],[[135.69886623022057,35.075542131301546],[135.698536199811,35.07445162931311]],[[135.698536199811,35.07445162931311],[135.69460122185075,35.07364495660934]],[[135.69460122185075,35.07364495660934],[135.69286221546184,35.07752893629417],[135.69405540232722,35.07875388373323],[135.69863774762933,35.07972487865444]],[[135.69863774762933,35.07972487865444],[135.69978016058553,35.07838042414815]],[[135.74540051796993,35.056973720731385],[135.7440042354679,35.056973720731385]],[[135.7440042354679,35.056973720731385],[135.74404231589978,35.05858706613893]],[[135.74404231589978,35.05858706613893],[135.74537513101535,35.05858706613893]],[[135.74537513101535,35.05858706613893],[135.74540051796993,35.056973720731385]],[[135.7475964895413,35.0518797319909],[135.7474314743365,35.05123738150456]],[[135.74666986569906,35.05301504912954],[135.747888439519,35.05302998751294]],[[135.747888439519,35.05302998751294],[135.7475964895413,35.0518797319909]],[[135.74984323502184,35.054897285438344],[135.74990670240828,35.05497197735536]],[[135.74990670240828,35.05497197735536],[135.75060484365932,35.05668989144672]],[[135.75060484365932,35.05668989144672],[135.750592150182,35.057018535881596]],[[135.750592150182,35.057018535881596],[135.75066831104576,35.0570633510318]],[[135.75066831104576,35.0570633510318],[135.75101103493262,35.05725755001605]],[[135.75101103493262,35.05725755001605],[135.75236923700277,35.05565914299191]],[[135.75172186966094,35.05527074502342],[135.7504906023637,35.05482259352132]],[[135.75080793929595,35.04884724016005],[135.752204221798,35.04893687046047]],[[135.752204221798,35.04893687046047],[135.7523438500482,35.04726377151931]],[[135.7509348740689,35.050744414852254],[135.75225499570715,35.05075935323566]],[[135.75225499570715,35.04893687046047],[135.752204221798,35.04893687046047]],[[135.72583986946427,35.05500185412217],[135.72229838930005,35.052865665295506],[135.72227300234545,35.05220837642577]],[[135.72227300234545,35.05220837642577],[135.71785567224813,35.05177516330708],[135.7153296702672,35.053328755181006]],[[135.7153296702672,35.053328755181006],[135.71781759181627,35.05465827130389],[135.71624360063217,35.05645087731227],[135.72024204597886,35.056495692462484],[135.72271727405064,35.05739199546667]],[[135.72271727405064,35.05739199546667],[135.72583986946427,35.05500185412217]],[[135.75069369800033,35.05202911582493],[135.7506175371366,35.05180504007388]],[[135.74956397852142,35.05179010169048],[135.74920856115727,35.05201417744153]],[[135.74920856115727,35.05201417744153],[135.74913240029352,35.05340344709802]],[[135.75051598931827,35.05343332386483],[135.75051598931827,35.053328755181006]],[[135.7475964895413,35.0518797319909],[135.74920856115727,35.05201417744153]],[[135.75395592166416,35.04898168561068],[135.75398130861876,35.04727870990271]],[[135.71898539172705,35.059886705495],[135.72271727405064,35.05739199546667]],[[135.7153296702672,35.053328755181006],[135.7141618703564,35.05316443296357]],[[135.7141618703564,35.05316443296357],[135.71414917687912,35.05346320063163]],[[135.71414917687912,35.05346320063163],[135.71336218128707,35.05394122890054],[135.71356527692373,35.05870657320615],[135.71695443536046,35.06060374789836]],[[135.73849526632355,35.04318559285024],[135.73668009907092,35.04402214232082]],[[135.73668009907092,35.04402214232082],[135.73645161647968,35.04633759174832]],[[135.73645161647968,35.04633759174832],[135.7371497577307,35.04656166749936]],[[135.7095795250543,35.0851773885966],[135.71068385757863,35.083280213904395]],[[135.71068385757863,35.083280213904395],[135.7067234926638,35.08256317150104]],[[135.7067234926638,35.08256317150104],[135.70589841663988,35.08526701889702]],[[135.70589841663988,35.08526701889702],[135.7095795250543,35.0851773885966]],[[135.74107204221366,35.05249220571043],[135.74107204221366,35.05359764608227]],[[135.74107204221366,35.05359764608227],[135.74107204221366,35.05483753190473]],[[135.74107204221366,35.05483753190473],[135.742569872534,35.05485247028813]],[[135.742569872534,35.05485247028813],[135.74259525948858,35.05252208247723]],[[135.720902106798,35.06193326402124],[135.72171448934463,35.059692506510764],[135.7257637086005,35.05666001467992]],[[135.69958975842616,35.08301132300314],[135.69863774762933,35.07972487865444]],[[135.69460122185075,35.07364495660934],[135.6940807892818,35.07200173443499]],[[135.6940807892818,35.07200173443499],[135.69202444596064,35.07569151513558],[135.6913643851415,35.078245978697524]],[[135.6913643851415,35.078245978697524],[135.69268450677978,35.07970994027104]],[[135.69268450677978,35.07970994027104],[135.69533744353365,35.08023278369015],[135.69958975842616,35.08301132300314]],[[135.74107204221366,35.06055893274815],[135.7411228161228,35.0589157105738]],[[135.7411228161228,35.0589157105738],[135.73958690537057,35.05885595704019]],[[135.73958690537057,35.05885595704019],[135.73853334675542,35.06102202263365]],[[135.73853334675542,35.06102202263365],[135.74107204221366,35.06055893274815]],[[135.74951320461227,35.057631009601124],[135.74712683088154,35.058557189372124]],[[135.74712683088154,35.058557189372124],[135.74712683088154,35.059498307526525]],[[135.74712683088154,35.059498307526525],[135.74872620902022,35.05948336914312]],[[135.74872620902022,35.05948336914312],[135.74951320461227,35.057631009601124]],[[135.74782497213255,35.05494210058855],[135.7454259049245,35.054912223821745]],[[135.7454259049245,35.054912223821745],[135.74540051796993,35.05597284904337]],[[135.74540051796993,35.05597284904337],[135.7474822482457,35.056107294494]],[[135.7474822482457,35.056107294494],[135.74764726345046,35.0556292662251]],[[135.74764726345046,35.0556292662251],[135.74782497213255,35.05494210058855]],[[135.75441288684664,35.04733846343633],[135.75398130861876,35.04727870990271]],[[135.75395592166416,35.04898168561068],[135.75455251509686,35.04898168561068]],[[135.75455251509686,35.04898168561068],[135.75457790205144,35.04801069068947]],[[135.7035755102956,35.0757960838194],[135.70433711893307,35.07555706968495]],[[135.70433711893307,35.07555706968495],[135.7051495014797,35.074825088898194]],[[135.7051495014797,35.074825088898194],[135.7045402145697,35.07352544954212],[135.7023950169075,35.07306235965662]],[[135.7023950169075,35.07306235965662],[135.70234424299835,35.07431718386248],[135.69886623022057,35.075542131301546]],[[135.70178572999754,35.07770819689501],[135.7035755102956,35.0757960838194]],[[135.74665717222175,35.05415036626818],[135.74782497213255,35.054404318786034]],[[135.74782497213255,35.054404318786034],[135.74783766560984,35.05441925716944]],[[135.747888439519,35.053358631947816],[135.747888439519,35.05302998751294]],[[135.7425825660113,35.056973720731385],[135.74105934873637,35.056988659114786]],[[135.74105934873637,35.056988659114786],[135.7411228161228,35.05854225098872]],[[135.7411228161228,35.05854225098872],[135.74260795296587,35.058348052004476]],[[135.74260795296587,35.058348052004476],[135.7425825660113,35.056973720731385]],[[135.7378352055044,35.051028244136916],[135.73703551643507,35.05075935323566]],[[135.74990670240828,35.05497197735536],[135.7496147524306,35.0556442046085]],[[135.7496147524306,35.0556442046085],[135.7494497372258,35.056928905581174]],[[135.7494497372258,35.056928905581174],[135.75060484365932,35.05668989144672]],[[135.73660393820717,35.05521099148981],[135.73604542520636,35.057899900502385],[135.73800022070918,35.05848249745511]],[[135.73800022070918,35.05848249745511],[135.73845718589166,35.05812397625343]],[[135.73845718589166,35.05812397625343],[135.73850795980084,35.055106422805984]],[[135.73850795980084,35.055106422805984],[135.73660393820717,35.05521099148981]],[[135.73094264733533,35.05228306834278],[135.73047298867553,35.05186479360749]],[[135.72874667576394,35.054225058185196],[135.73200889942777,35.05409061273457]],[[135.75010979804495,35.03909247579777],[135.7500590241358,35.040705821205314]],[[135.75384168036854,35.044171526154855],[135.75249617177568,35.04411177262124]],[[135.74405500937706,35.05945349237631],[135.7440169289452,35.060872638799616]],[[135.7440169289452,35.060872638799616],[135.74583209619783,35.060902515566426]],[[135.74583209619783,35.060902515566426],[135.74584478967512,35.059498307526525]],[[135.74584478967512,35.059498307526525],[135.74405500937706,35.05945349237631]],[[135.73977730752995,35.039107414181174],[135.73909185975623,35.039361366699026]],[[135.7048321645474,35.08454997649367],[135.70333433422707,35.07978463218805],[135.70424826459202,35.07700609287506],[135.7035755102956,35.0757960838194]],[[135.69978016058553,35.07838042414815],[135.7001228844724,35.08183119071429],[135.701849197384,35.08339972097162],[135.7048321645474,35.08454997649367]],[[135.73015565174327,35.05601766419358],[135.7286451279456,35.05531556017363]],[[135.7286451279456,35.05531556017363],[135.73015565174327,35.05601766419358]],[[135.74105934873637,35.05601766419358],[135.74107204221366,35.05483753190473]],[[135.74107204221366,35.05483753190473],[135.73933303582476,35.05483753190473]],[[135.73933303582476,35.05483753190473],[135.73850795980084,35.055106422805984]],[[135.73845718589166,35.05812397625343],[135.7399930966439,35.058572127755525]],[[135.7399930966439,35.058572127755525],[135.74105934873637,35.05601766419358]],[[135.7431410790121,35.0757960838194],[135.7425825660113,35.07518361009987]],[[135.7425825660113,35.07518361009987],[135.74223984212443,35.074093108111434]],[[135.74223984212443,35.074093108111434],[135.74182095737382,35.07410804649484]],[[135.74182095737382,35.07410804649484],[135.74193519866944,35.07481015051479]],[[135.74193519866944,35.07481015051479],[135.74253179210214,35.07649818783935],[135.74048814225827,35.07902277463449]],[[135.74048814225827,35.07902277463449],[135.7407293183268,35.0800087079391]],[[135.7407293183268,35.0800087079391],[135.74352188333086,35.077140538325686],[135.7431410790121,35.0757960838194]],[[135.75094756754618,35.06185857210423],[135.74984323502184,35.06393500739727]],[[135.74984323502184,35.06393500739727],[135.75009710456766,35.06439809728277]],[[135.75009710456766,35.06439809728277],[135.75221691527528,35.06323290337732],[135.75094756754618,35.06185857210423]],[[135.73932034234747,35.05361258446567],[135.73920610105185,35.05305986427975]],[[135.73680703384383,35.05432962686902],[135.73660393820717,35.05521099148981]],[[135.73933303582476,35.05483753190473],[135.73932034234747,35.05361258446567]],[[135.7394345836431,35.062889320559044],[135.73848257284627,35.06351673266198]],[[135.73848257284627,35.06351673266198],[135.73888876411957,35.065264523520156]],[[135.73888876411957,35.065264523520156],[135.74047544878096,35.06511513968612]],[[135.74047544878096,35.06511513968612],[135.7406912378949,35.06390513063047]],[[135.7406912378949,35.06390513063047],[135.7394345836431,35.062889320559044]],[[135.74651754397155,35.03580603144907],[135.74665717222175,35.038913215196935]],[[135.7476091830186,35.039122352564576],[135.74767265040504,35.039107414181174]],[[135.74767265040504,35.039107414181174],[135.74725376565445,35.03559689408142],[135.74651754397155,35.03580603144907]],[[135.73981538796184,35.041363110075054],[135.73965037275704,35.04246855044689]],[[135.75493331941558,35.047323525052924],[135.7546413694379,35.04562054934496]],[[135.71097580755634,35.070522834478076],[135.71266404003606,35.06816256990037]],[[135.71266404003606,35.06816256990037],[135.7117374161938,35.066310210358374],[135.7137429856058,35.06305364277648],[135.71334948780978,35.0612759751515]],[[135.71334948780978,35.0612759751515],[135.71055692280572,35.06136560545192]],[[135.71055692280572,35.06136560545192],[135.7107473249651,35.065413907354184],[135.70951605766786,35.0650105710023],[135.7098841685093,35.067296143662986],[135.7090463990081,35.06825220020079]],[[135.7090463990081,35.06825220020079],[135.709871475032,35.07104567789719]],[[135.709871475032,35.07104567789719],[135.71097580755634,35.070522834478076]],[[135.72146061979882,35.0809498260935],[135.722209534959,35.07882857565025]],[[135.722209534959,35.07882857565025],[135.72333925443792,35.07631892723851]],[[135.72333925443792,35.07631892723851],[135.71931542213662,35.07743930599375]],[[135.71931542213662,35.07743930599375],[135.7213590719805,35.079202035235326],[135.72116866982114,35.081024518010516]],[[135.72116866982114,35.081024518010516],[135.72146061979882,35.0809498260935]],[[135.74395346155873,35.06278475187523],[135.74197327910133,35.062739936725016]],[[135.74197327910133,35.062739936725016],[135.74178287694195,35.06366611649601]],[[135.74178287694195,35.06366611649601],[135.7427221942615,35.06396488416408]],[[135.7427221942615,35.06396488416408],[135.7443088789229,35.06468192656743]],[[135.7443088789229,35.06468192656743],[135.74494355278745,35.06378562356324]],[[135.74494355278745,35.06378562356324],[135.74395346155873,35.06278475187523]],[[135.74236677689734,35.06055893274815],[135.7427221942615,35.058602004522335]],[[135.7427221942615,35.058602004522335],[135.74260795296587,35.058348052004476]],[[135.7411228161228,35.05854225098872],[135.7411228161228,35.0589157105738]],[[135.742569872534,35.05485247028813],[135.74404231589978,35.054897285438344]],[[135.74404231589978,35.054897285438344],[135.74406770285435,35.053283940030795]],[[135.7497543806808,35.038898276813526],[135.74767265040504,35.039107414181174]],[[135.71323524651416,35.07897795948428],[135.7137556790831,35.07793227264606],[135.71314639217312,35.075079041416046]],[[135.71314639217312,35.075079041416046],[135.71097580755634,35.073196805107244]],[[135.71097580755634,35.073196805107244],[135.70846249905267,35.07419767679526],[135.70994763589576,35.075079041416046],[135.71098850103363,35.07706584640867]],[[135.71098850103363,35.07706584640867],[135.71183896401212,35.078499931215376]],[[135.7454639853564,35.05412048950138],[135.7454259049245,35.054912223821745]],[[135.74782497213255,35.05494210058855],[135.74782497213255,35.054404318786034]],[[135.73363366452102,35.054927162205146],[135.7329736037019,35.05592803389316]],[[135.7329736037019,35.05592803389316],[135.73680703384383,35.05371715314949]],[[135.71309561826396,35.079157220085115],[135.71397146819703,35.07749905952736]],[[135.71397146819703,35.07749905952736],[135.7132987139006,35.07537780908411],[135.71697982231504,35.07271877683834]],[[135.71697982231504,35.07271877683834],[135.71596434413175,35.072763591988554]],[[135.71596434413175,35.072763591988554],[135.71314639217312,35.075079041416046]],[[135.72848011274084,35.054493949086456],[135.7286451279456,35.05531556017363]],[[135.73015565174327,35.05601766419358],[135.7329736037019,35.05592803389316]],[[135.7023950169075,35.07306235965662],[135.7018618908613,35.07106061628059],[135.70036406054092,35.06932776380582]],[[135.70036406054092,35.06932776380582],[135.6966829521265,35.0697311001577]],[[135.6966829521265,35.0697311001577],[135.69535013701093,35.071374322332055],[135.6967844999448,35.07201667281839],[135.698536199811,35.07445162931311]],[[135.7042736515466,35.08574504716592],[135.7048321645474,35.08454997649367]],[[135.69958975842616,35.08301132300314],[135.70000864317677,35.083982317924345]],[[135.70000864317677,35.083982317924345],[135.69942474322139,35.085371587580845]],[[135.69942474322139,35.085371587580845],[135.7041340232964,35.085849615849746]],[[135.7041340232964,35.085849615849746],[135.7042736515466,35.08574504716592]],[[135.74764726345046,35.0556292662251],[135.7496147524306,35.0556442046085]],[[135.70000864317677,35.083982317924345],[135.6985488932883,35.08411676337497],[135.69560400655675,35.08199551293172],[135.69413156319098,35.08178637556408]],[[135.69413156319098,35.08178637556408],[135.6935476632356,35.082832062402304],[135.69707644992252,35.08459479164388]],[[135.69707644992252,35.08459479164388],[135.6990947128118,35.08568529363231]],[[135.6990947128118,35.08568529363231],[135.69942474322139,35.085371587580845]],[[135.73687050123027,35.04245361206349],[135.73681972732112,35.04285694841537]],[[135.73681972732112,35.04285694841537],[135.73681972732112,35.04288682518218]],[[135.73681972732112,35.04288682518218],[135.73668009907092,35.04402214232082]],[[135.7387237489148,35.04245361206349],[135.73846987936898,35.04128841815804]],[[135.72180334368568,35.08873272384656],[135.72198105236777,35.085819739082936]],[[135.72198105236777,35.085819739082936],[135.71897269824976,35.08475911386131]],[[135.71897269824976,35.08475911386131],[135.71501233333493,35.08738826934027]],[[135.71501233333493,35.08738826934027],[135.71743678749752,35.08785135922577],[135.71897269824976,35.089001614747815],[135.72180334368568,35.08873272384656]],[[135.71596434413175,35.072763591988554],[135.7179064461573,35.07031369711043]],[[135.7179064461573,35.07031369711043],[135.71626898758674,35.06952196279006]],[[135.71626898758674,35.06952196279006],[135.7150504137668,35.06985060722493]],[[135.7150504137668,35.06985060722493],[135.71585010283613,35.07153864454949],[135.7144665138114,35.07224074856944],[135.71097580755634,35.070522834478076]],[[135.709871475032,35.07104567789719],[135.71011265110053,35.07222581018604]],[[135.71011265110053,35.07222581018604],[135.71097580755634,35.073196805107244]],[[135.74720299174527,35.056958782347984],[135.74540051796993,35.056973720731385]],[[135.74537513101535,35.05858706613893],[135.7468602678584,35.05828829847086]],[[135.7468602678584,35.05828829847086],[135.74720299174527,35.056958782347984]],[[135.71098850103363,35.07706584640867],[135.70846249905267,35.078036841329876],[135.70660925136818,35.075960406036835],[135.70481947107012,35.076468311072546]],[[135.70481947107012,35.076468311072546],[135.7045656015243,35.077364614076735],[135.70589841663988,35.08163699173004],[135.7067234926638,35.08256317150104]],[[135.71068385757863,35.083280213904395],[135.7113058379659,35.08263786341806]],[[135.72022935250158,35.06539896897078],[135.7179064461573,35.07031369711043]],[[135.71697982231504,35.07271877683834],[135.7187569091358,35.07264408492133],[135.71821108961228,35.07475039698118],[135.7186172808856,35.07702103125846]],[[135.7186172808856,35.07702103125846],[135.71931542213662,35.07743930599375]],[[135.72333925443792,35.07631892723851],[135.72184142411754,35.07337606570808],[135.72583986946427,35.07255445462091]],[[135.72583986946427,35.07255445462091],[135.72859435403646,35.06890948907053]],[[135.72859435403646,35.06890948907053],[135.72785813235356,35.06893936583734],[135.7268045737384,35.06601144269031],[135.7275027149894,35.06435328213256],[135.73047298867553,35.063173149843706]],[[135.73047298867553,35.063173149843706],[135.7324023972238,35.064517604349994],[135.73448412749954,35.06374080841303]],[[135.73448412749954,35.06374080841303],[135.73463644922703,35.061529927669355],[135.7364135360478,35.05930410854228],[135.73800022070918,35.05848249745511]],[[135.7326943472015,35.05991658226181],[135.73072685822137,35.06121622161789],[135.73056184301657,35.06021534992988],[135.7326943472015,35.05991658226181]],[[135.7494497372258,35.056928905581174],[135.74720299174527,35.056958782347984]],[[135.7468602678584,35.05828829847086],[135.74712683088154,35.058557189372124]],[[135.74951320461227,35.057631009601124],[135.750592150182,35.057018535881596]],[[135.69848542590185,35.088374202644886],[135.69793960637833,35.08688036430456],[135.6990947128118,35.08568529363231]],[[135.69707644992252,35.08459479164388],[135.6964036956261,35.08683554915436],[135.69401732189536,35.08755259155771],[135.69331918064435,35.089270505649075],[135.6946519957599,35.092228305562905]],[[135.6946519957599,35.092228305562905],[135.69588326305714,35.092422504547145],[135.69815539549228,35.089957671285624],[135.69848542590185,35.088374202644886]],[[135.7308284060397,35.07349557277531],[135.731539240768,35.072345317253266],[135.7344333535904,35.07138926071546]],[[135.7344333535904,35.07138926071546],[135.73292282979273,35.07082160214614],[135.7303587473799,35.07128469203164]],[[135.7303587473799,35.07128469203164],[135.72914017355995,35.07265902330473]],[[135.72914017355995,35.07265902330473],[135.7303587473799,35.07309223642342]],[[135.7303587473799,35.07309223642342],[135.7308284060397,35.07349557277531]],[[135.74984323502184,35.06393500739727],[135.7490435459525,35.06507032453591]],[[135.7490435459525,35.06507032453591],[135.74835809817878,35.06572761340565]],[[135.74835809817878,35.06572761340565],[135.74644138310782,35.06813269313356]],[[135.74644138310782,35.06813269313356],[135.74654293092613,35.06807293959995]],[[135.74654293092613,35.06807293959995],[135.74858658077002,35.06738577396341]],[[135.74858658077002,35.06738577396341],[135.74942435027123,35.066130949757536]],[[135.74942435027123,35.066130949757536],[135.74998286327204,35.064995632618896]],[[135.74998286327204,35.064995632618896],[135.75009710456766,35.06439809728277]],[[135.71334948780978,35.0612759751515],[135.7169163549286,35.0607830084992]],[[135.71414917687912,35.05346320063163],[135.71190243139858,35.052372698643204],[135.7088813838033,35.05340344709802],[135.7093129620312,35.056704829830124],[135.7110011945109,35.06029004184689],[135.71055692280572,35.06136560545192]],[[135.74607327226636,35.06229178522292],[135.7463017548576,35.061993017554855]],[[135.7463017548576,35.061993017554855],[135.74397884851334,35.06190338725444]],[[135.74397884851334,35.06190338725444],[135.74395346155873,35.06278475187523]],[[135.74494355278745,35.06378562356324],[135.74607327226636,35.06229178522292]],[[135.73645161647968,35.04633759174832],[135.73463644922703,35.04947465226299],[135.73528381656888,35.04971366639744]],[[135.7090463990081,35.06825220020079],[135.70547953188927,35.064995632618896],[135.70395631461432,35.065697736638846]],[[135.70395631461432,35.065697736638846],[135.70550491884384,35.067281205279585],[135.7072820056646,35.07224074856944]],[[135.7072820056646,35.07224074856944],[135.71011265110053,35.07222581018604]],[[135.71626898758674,35.06952196279006],[135.71593895717717,35.066310210358374]],[[135.71593895717717,35.066310210358374],[135.7140222421062,35.06835676888461]],[[135.7140222421062,35.06835676888461],[135.7150504137668,35.06985060722493]],[[135.742569872534,35.05485247028813],[135.7425825660113,35.056973720731385]],[[135.7425825660113,35.056973720731385],[135.7440042354679,35.056973720731385]],[[135.7440042354679,35.056973720731385],[135.74404231589978,35.054897285438344]],[[135.74494355278745,35.06378562356324],[135.74647946353969,35.06457735788361]],[[135.74647946353969,35.06457735788361],[135.74772342431422,35.06281462864203]],[[135.74772342431422,35.06281462864203],[135.74607327226636,35.06229178522292]],[[135.69848542590185,35.088374202644886],[135.70187458433858,35.08882235414698],[135.70201421258878,35.08685048753776],[135.7041340232964,35.085849615849746]],[[135.71638322888236,35.0805016745914],[135.71931542213662,35.07743930599375]],[[135.7186172808856,35.07702103125846],[135.71540583113094,35.07660275652317],[135.71397146819703,35.07749905952736]],[[135.71196589878505,35.081876005864494],[135.71393338776517,35.082159835149156],[135.71638322888236,35.0805016745914]],[[135.7322881559282,35.067475404263824],[135.73401446883977,35.06596662754011],[135.73448412749954,35.06374080841303]],[[135.73047298867553,35.063173149843706],[135.731234597313,35.06763972648126]],[[135.731234597313,35.06763972648126],[135.7322881559282,35.067475404263824]],[[135.74868812858836,35.061141529700876],[135.7494878176577,35.0593638620759]],[[135.7494878176577,35.0593638620759],[135.74872620902022,35.05948336914312]],[[135.74712683088154,35.059498307526525],[135.74710144392694,35.06088757718302]],[[135.74710144392694,35.06088757718302],[135.74710144392694,35.06091745394983]],[[135.74710144392694,35.06091745394983],[135.74868812858836,35.061141529700876]],[[135.74037390096262,35.072957790972794],[135.73944727712038,35.07325655864086]],[[135.73944727712038,35.07325655864086],[135.73926956843832,35.07325655864086]],[[135.73926956843832,35.07325655864086],[135.73893953802875,35.07516867171647],[135.73981538796184,35.077782888812024]],[[135.73981538796184,35.077782888812024],[135.74037390096262,35.075736330285785],[135.74161786173718,35.075303117167095]],[[135.74161786173718,35.075303117167095],[135.7417194095555,35.074854965665]],[[135.7417194095555,35.074854965665],[135.74037390096262,35.072957790972794]],[[135.72787082583085,35.100250217450416],[135.72828971058146,35.0992493457624],[135.72705844328422,35.09669488220046],[135.7275154084667,35.09526079739375]],[[135.7275154084667,35.09526079739375],[135.72729961935275,35.094050788338095]],[[135.72729961935275,35.094050788338095],[135.72445628043954,35.0950217832593],[135.72267919361877,35.094513878223594]],[[135.72267919361877,35.094513878223594],[135.72101634809363,35.09524585901035],[135.72101634809363,35.09901033162795],[135.72186681107215,35.09983194271513]],[[135.72186681107215,35.09983194271513],[135.72497671300846,35.09918959222879],[135.72787082583085,35.100250217450416]],[[135.70481947107012,35.076468311072546],[135.70433711893307,35.07555706968495]],[[135.7042736515466,35.08574504716592],[135.70589841663988,35.08526701889702]],[[135.74404231589978,35.054897285438344],[135.7454259049245,35.054912223821745]],[[135.73681972732112,35.04288682518218],[135.73632468170675,35.04330509991747]],[[135.73632468170675,35.04330509991747],[135.73560115350116,35.0453217816769]],[[135.73560115350116,35.0453217816769],[135.73581694261512,35.04687537355083],[135.7339510014533,35.049624036097015]],[[135.71593895717717,35.066310210358374],[135.71598973108632,35.06354660942878],[135.7169036614513,35.06166437311999]],[[135.71266404003606,35.06816256990037],[135.7140222421062,35.06835676888461]],[[135.71055692280572,35.06136560545192],[135.70908447943995,35.06029004184689],[135.70712968393713,35.06184363372083],[135.70546683841198,35.06191832563784],[135.70351204290913,35.063636239729206],[135.70367705811393,35.065847120472874]],[[135.70367705811393,35.065847120472874],[135.70395631461432,35.065697736638846]],[[135.74540051796993,35.056973720731385],[135.74540051796993,35.05597284904337]],[[135.7304095212891,35.10219220729283],[135.7321104472461,35.103222955747654],[135.73244047765567,35.101385534589056],[135.73147577338153,35.09859205689266],[135.7313996125178,35.09618697716475]],[[135.7313996125178,35.09618697716475],[135.7275154084667,35.09526079739375]],[[135.72787082583085,35.100250217450416],[135.7280993084221,35.100698368952514]],[[135.7280993084221,35.100698368952514],[135.73047298867553,35.10108676692099],[135.7304095212891,35.10219220729283]],[[135.72629683464675,35.07855968474899],[135.73043490824367,35.07645337268914]],[[135.73043490824367,35.07645337268914],[135.72892438444603,35.07377940205997],[135.7303587473799,35.07309223642342]],[[135.72914017355995,35.07265902330473],[135.72760426280774,35.07291297582258]],[[135.72760426280774,35.07291297582258],[135.7253575173272,35.07519854848327]],[[135.7253575173272,35.07519854848327],[135.72525596950888,35.078290793847735]],[[135.72525596950888,35.078290793847735],[135.72629683464675,35.07855968474899]],[[135.74651754397155,35.03580603144907],[135.7460351918345,35.0359554152831]],[[135.7490435459525,35.06507032453591],[135.74625098094845,35.065443784120994]],[[135.74625098094845,35.065443784120994],[135.74507048756035,35.066788238627275]],[[135.74507048756035,35.066788238627275],[135.7460351918345,35.06726626689618]],[[135.7460351918345,35.06726626689618],[135.74835809817878,35.06572761340565]],[[135.75094756754618,35.06792355576592],[135.7490435459525,35.069148503204985]],[[135.7490435459525,35.069148503204985],[135.74985592849913,35.07008962135938]],[[135.74985592849913,35.07008962135938],[135.7524580913438,35.06893936583734]],[[135.7524580913438,35.06893936583734],[135.75094756754618,35.06792355576592]],[[135.7556314606666,35.068924427453936],[135.7557837823941,35.066833053777486],[135.75381629341396,35.06759491133105]],[[135.75381629341396,35.06759491133105],[135.7556314606666,35.068924427453936]],[[135.74088164005428,35.124510152097194],[135.74178287694195,35.12371841777682],[135.74047544878096,35.12177642793441],[135.74208752039695,35.11952073204053],[135.74123705741843,35.115576998822085],[135.74194789214675,35.11339599484522],[135.7417447965101,35.10903398689149],[135.7427348877388,35.106195694044885],[135.74210021387424,35.103939998151006],[135.74267142035234,35.10011577199979],[135.7423160029882,35.098831071027114],[135.74349649637625,35.0968890811847],[135.7420113595332,35.095918086263495],[135.7430014507619,35.0945437549904],[135.7464667700624,35.0959479630303],[135.74826924383774,35.09551474991161],[135.7463398352895,35.09325905401773],[135.74295067685273,35.09088385105662],[135.74050083573556,35.09166064699358],[135.73859681414189,35.090585083388554],[135.74119897698657,35.0894049510997],[135.7401327248941,35.087911112759386],[135.74206213344237,35.086282828968436],[135.74438503978664,35.086043814833985]],[[135.74438503978664,35.086043814833985],[135.74531166362888,35.083504289655444],[135.74452466803683,35.08202538969853],[135.7422906160336,35.08184612909769],[135.7410085748272,35.08045685944119]],[[135.7410085748272,35.08045685944119],[135.73919340757456,35.08109920992753]],[[135.73919340757456,35.08109920992753],[135.73838102502793,35.081009579627114]],[[135.73838102502793,35.081009579627114],[135.73320208629315,35.081726622030466]],[[135.73320208629315,35.081726622030466],[135.73349403627083,35.08256317150104],[135.7381017685275,35.085804800699535],[135.73650239038884,35.08711937843901]],[[135.73650239038884,35.08711937843901],[135.73551229916012,35.09000248643583],[135.73216122115525,35.092004229811856],[135.7320977537688,35.09373708228663]],[[135.7320977537688,35.09373708228663],[135.7313996125178,35.09618697716475]],[[135.7304095212891,35.10219220729283],[135.72963521917433,35.10331258604807]],[[135.72963521917433,35.10331258604807],[135.73174233640466,35.105075315289646],[135.73016834522056,35.10843645155536],[135.72915286703727,35.10931781617615],[135.7297875409018,35.11275364435888],[135.73119651688114,35.11478526450172],[135.73203428638234,35.11757874219811],[135.73588041000156,35.12210507236928],[135.74088164005428,35.124510152097194]],[[135.7427221942615,35.058602004522335],[135.74404231589978,35.05858706613893]],[[135.72516711516784,35.085386525964246],[135.7252432760316,35.08454997649367],[135.72200643932234,35.08399725630775],[135.72146061979882,35.0809498260935]],[[135.72116866982114,35.081024518010516],[135.72138445893506,35.08405700984136],[135.71897269824976,35.08475911386131]],[[135.72198105236777,35.085819739082936],[135.72516711516784,35.085386525964246]],[[135.73645161647968,35.04242373529668],[135.73681972732112,35.04285694841537]],[[135.71638322888236,35.0805016745914],[135.71841418524895,35.08175649879727],[135.71897269824976,35.08475911386131]],[[135.74720299174527,35.056958782347984],[135.7474822482457,35.056107294494]],[[135.7433060942169,35.0659367507733],[135.7443088789229,35.06468192656743]],[[135.7427221942615,35.06396488416408],[135.74234138994277,35.06520476998654]],[[135.74234138994277,35.06520476998654],[135.74210021387424,35.066788238627275]],[[135.74210021387424,35.066788238627275],[135.74267142035234,35.066773300243874]],[[135.74267142035234,35.066773300243874],[135.7433060942169,35.0659367507733]],[[135.72760426280774,35.07291297582258],[135.72583986946427,35.07255445462091]],[[135.72333925443792,35.07631892723851],[135.7253575173272,35.07519854848327]],[[135.7072820056646,35.07224074856944],[135.7051495014797,35.074825088898194]],[[135.69268450677978,35.07970994027104],[135.69413156319098,35.08178637556408]],[[135.7559234106443,35.07085147891294],[135.75440019336935,35.070044806209175]],[[135.75440019336935,35.070044806209175],[135.75393053470958,35.070433204177654]],[[135.75393053470958,35.070433204177654],[135.75700235621406,35.07244988593709]],[[135.75700235621406,35.07244988593709],[135.7593887299448,35.073435819241695]],[[135.7593887299448,35.073435819241695],[135.75942681037665,35.07337606570808]],[[135.75942681037665,35.07337606570808],[135.7559234106443,35.07085147891294]],[[135.70367705811393,35.065847120472874],[135.7005544627003,35.068401584034824],[135.70036406054092,35.06932776380582]],[[135.74710144392694,35.06091745394983],[135.7463017548576,35.061993017554855]],[[135.74772342431422,35.06281462864203],[135.74829463079232,35.06190338725444]],[[135.74829463079232,35.06190338725444],[135.74868812858836,35.061141529700876]],[[135.75440019336935,35.070044806209175],[135.75381629341396,35.06759491133105]],[[135.75381629341396,35.06759491133105],[135.75271196088963,35.067490342647226]],[[135.75271196088963,35.067490342647226],[135.7524580913438,35.06893936583734]],[[135.7524580913438,35.06893936583734],[135.7529150565263,35.069387517339436]],[[135.7529150565263,35.069387517339436],[135.75393053470958,35.070433204177654]],[[135.74712683088154,35.059498307526525],[135.74584478967512,35.059498307526525]],[[135.74583209619783,35.060902515566426],[135.74710144392694,35.06088757718302]],[[135.72729961935275,35.094050788338095],[135.72609373901008,35.09213867526249],[135.72907670617352,35.09037594602091]],[[135.72907670617352,35.09037594602091],[135.72787082583085,35.08868790869635],[135.72583986946427,35.088374202644886]],[[135.72583986946427,35.088374202644886],[135.72180334368568,35.08873272384656]],[[135.72180334368568,35.08873272384656],[135.72185411759486,35.09001742481924]],[[135.72185411759486,35.09001742481924],[135.72289498273273,35.09134694094212],[135.72267919361877,35.094513878223594]],[[135.76715713804697,35.0547030864541],[135.76714444456968,35.05483753190473]],[[135.76714444456968,35.05483753190473],[135.76700481631948,35.05621186317782]],[[135.76700481631948,35.05621186317782],[135.76692865545573,35.05663013791311]],[[135.76692865545573,35.05663013791311],[135.76676364025093,35.05746668738369]],[[135.76676364025093,35.05746668738369],[135.76848995316254,35.0570633510318]],[[135.76848995316254,35.0570633510318],[135.76988623566456,35.055151237956196],[135.76715713804697,35.0547030864541]],[[135.73926956843832,35.07325655864086],[135.7365404708207,35.07361507984253],[135.7344333535904,35.07138926071546]],[[135.7308284060397,35.07349557277531],[135.73494109268202,35.07602015957045],[135.7372766925036,35.07935141906936],[135.73989154882557,35.08103945639392]],[[135.73989154882557,35.08103945639392],[135.73981538796184,35.077782888812024]],[[135.74404231589978,35.05858706613893],[135.74405500937706,35.05945349237631]],[[135.74564169403845,35.07237519402007],[135.74470237671892,35.07192704251798]],[[135.74470237671892,35.07192704251798],[135.74312838553482,35.07446656769652]],[[135.74312838553482,35.07446656769652],[135.74679680047197,35.07500434949903]],[[135.74679680047197,35.07500434949903],[135.74701258958592,35.07476533536458]],[[135.74701258958592,35.07476533536458],[135.74564169403845,35.07237519402007]],[[135.6966829521265,35.0697311001577],[135.69555323264757,35.06623551844136],[135.69340803498537,35.068461337568436],[135.6949566392149,35.07121000011462],[135.6940807892818,35.07200173443499]],[[135.75060484365932,35.071852350600956],[135.74966552633975,35.0701792516598]],[[135.74966552633975,35.0701792516598],[135.74713952435883,35.07270383845494]],[[135.74713952435883,35.07270383845494],[135.74884045031584,35.073510511158716]],[[135.74884045031584,35.073510511158716],[135.75060484365932,35.071852350600956]],[[135.7500463306585,35.05906509440783],[135.75068100452305,35.05773557828495]],[[135.75068100452305,35.05773557828495],[135.75101103493262,35.05725755001605]],[[135.75066831104576,35.0570633510318],[135.7494878176577,35.0593638620759]],[[135.74829463079232,35.06190338725444],[135.74868812858836,35.06206770947187]],[[135.74868812858836,35.06206770947187],[135.7500463306585,35.05906509440783]],[[135.7320977537688,35.09373708228663],[135.7309553408126,35.09048051470473]],[[135.7309553408126,35.09048051470473],[135.72907670617352,35.09037594602091]],[[135.74470237671892,35.07192704251798],[135.74390268764958,35.07147889101588]],[[135.74390268764958,35.07147889101588],[135.74223984212443,35.074093108111434]],[[135.7425825660113,35.07518361009987],[135.74312838553482,35.07446656769652]],[[135.74022157923514,35.066594039643036],[135.74047544878096,35.06511513968612]],[[135.73888876411957,35.065264523520156],[135.74010733793952,35.067057129528536]],[[135.74010733793952,35.067057129528536],[135.74022157923514,35.066594039643036]],[[135.72859435403646,35.06890948907053],[135.7298256213337,35.069118626438176],[135.731234597313,35.06763972648126]],[[135.73944727712038,35.07325655864086],[135.74037390096262,35.071449014249076],[135.74047544878096,35.06896924260414],[135.73916802061999,35.06928294865561]],[[135.73916802061999,35.06928294865561],[135.7344333535904,35.07138926071546]],[[135.74105934873637,35.05601766419358],[135.74105934873637,35.056988659114786]],[[135.75974414730894,35.056077417727195],[135.75973145383165,35.056943843964575]],[[135.75973145383165,35.056943843964575],[135.7610769624245,35.05700359749819]],[[135.7610769624245,35.05700359749819],[135.76326024051858,35.0570484126484]],[[135.76326024051858,35.0570484126484],[135.76327293399586,35.05612223287741]],[[135.76327293399586,35.05612223287741],[135.75974414730894,35.056077417727195]],[[135.76331101442776,35.05385159860012],[135.76329832095047,35.05476283998771]],[[135.76329832095047,35.05476283998771],[135.76714444456968,35.05483753190473]],[[135.76715713804697,35.0547030864541],[135.76718252500154,35.05394122890054]],[[135.76718252500154,35.05394122890054],[135.76331101442776,35.05385159860012]],[[135.75715467794154,35.057033474265],[135.75857634739816,35.05661519952971]],[[135.75857634739816,35.05661519952971],[135.75857634739816,35.0547030864541]],[[135.75857634739816,35.0547030864541],[135.75759894964673,35.05474790160431]],[[135.75759894964673,35.05474790160431],[135.75715467794154,35.057033474265]],[[135.74032312705347,35.03629899810137],[135.7379748337546,35.03809160410976]],[[135.7309553408126,35.09048051470473],[135.73270704067878,35.09013693188646],[135.7346872231362,35.087403207723675]],[[135.7346872231362,35.087403207723675],[135.73265626676962,35.08641727441906],[135.7298129278564,35.083549104805655],[135.72842933883166,35.08296650785293]],[[135.72842933883166,35.08296650785293],[135.72644915637426,35.083504289655444]],[[135.72644915637426,35.083504289655444],[135.72726153892089,35.08526701889702],[135.72662686505632,35.087164193589224]],[[135.72662686505632,35.087164193589224],[135.72583986946427,35.088374202644886]],[[135.7293559626739,35.103671107249745],[135.72963521917433,35.10331258604807]],[[135.7280993084221,35.100698368952514],[135.72749002151212,35.10334246281488]],[[135.72749002151212,35.10334246281488],[135.7293559626739,35.103671107249745]],[[135.74197327910133,35.062739936725016],[135.74206213344237,35.062261908456115]],[[135.7406912378949,35.0622021549225],[135.7394345836431,35.062889320559044]],[[135.7406912378949,35.06390513063047],[135.74178287694195,35.06366611649601]],[[135.74838348513336,35.07545250100112],[135.74701258958592,35.07476533536458]],[[135.74679680047197,35.07500434949903],[135.7474695547684,35.07605003633726]],[[135.7474695547684,35.07605003633726],[135.74838348513336,35.07545250100112]],[[135.73987885534828,35.0683119537344],[135.740170805326,35.06792355576592]],[[135.740170805326,35.06792355576592],[135.74010733793952,35.067057129528536]],[[135.73848257284627,35.06351673266198],[135.73825409025503,35.06333747206114]],[[135.73825409025503,35.06333747206114],[135.73448412749954,35.06374080841303]],[[135.7322881559282,35.067475404263824],[135.7329609102246,35.068371707268014],[135.73607081216093,35.067744295165085],[135.73987885534828,35.0683119537344]],[[135.7440169289452,35.060872638799616],[135.74397884851334,35.06190338725444]],[[135.75711659750968,35.053776906683105],[135.75829709089774,35.052148622892155]],[[135.75829709089774,35.052148622892155],[135.75744662791922,35.0514315804888]],[[135.75744662791922,35.0514315804888],[135.7572435322826,35.05165565623985]],[[135.7572435322826,35.05165565623985],[135.75641845625864,35.05256689762744]],[[135.75641845625864,35.05256689762744],[135.7549206259383,35.053776906683105]],[[135.7530419912992,35.05509148442258],[135.75393053470958,35.05594297227656]],[[135.75393053470958,35.05594297227656],[135.75445096727853,35.05550975915787]],[[135.75445096727853,35.05550975915787],[135.75508564114307,35.055375313707245]],[[135.75508564114307,35.055375313707245],[135.75611381280368,35.05482259352132]],[[135.75611381280368,35.05482259352132],[135.75711659750968,35.053776906683105]],[[135.73320208629315,35.081726622030466],[135.72958444526515,35.07930660391915],[135.72613181944197,35.07972487865444]],[[135.72613181944197,35.07972487865444],[135.7286959018548,35.081472669512614],[135.72842933883166,35.08296650785293]],[[135.7346872231362,35.087403207723675],[135.73650239038884,35.08711937843901]],[[135.7598076146954,35.050834045152676],[135.7597822277408,35.05246232894362]],[[135.7597822277408,35.05246232894362],[135.76332370790504,35.05259677439425]],[[135.76332370790504,35.05259677439425],[135.76333640138233,35.05116268958754]],[[135.76333640138233,35.05116268958754],[135.7598076146954,35.050834045152676]],[[135.7511506631828,35.060125719629454],[135.7511506631828,35.059080032791236]],[[135.7511506631828,35.059080032791236],[135.7500463306585,35.05906509440783]],[[135.74868812858836,35.06206770947187],[135.74625098094845,35.065443784120994]],[[135.75094756754618,35.06185857210423],[135.7511506631828,35.060125719629454]],[[135.74022157923514,35.066594039643036],[135.74210021387424,35.066788238627275]],[[135.74234138994277,35.06520476998654],[135.74047544878096,35.06511513968612]],[[135.73853334675542,35.06102202263365],[135.736553164298,35.06323290337732],[135.73825409025503,35.06333747206114]],[[135.71501233333493,35.08738826934027],[135.71309561826396,35.09046557632133]],[[135.71309561826396,35.09046557632133],[135.7127528943771,35.09167558537699],[135.71406032253807,35.09585833272988],[135.71760180270232,35.09660525190004],[135.72085133288886,35.094797707508256],[135.719594678637,35.093826712587045],[135.72057207638844,35.091063111657455],[135.72185411759486,35.09001742481924]],[[135.76329832095047,35.05476283998771],[135.76327293399586,35.05612223287741]],[[135.76327293399586,35.05612223287741],[135.76700481631948,35.05621186317782]],[[135.74232869646548,35.060857700416214],[135.7440169289452,35.060872638799616]],[[135.72613181944197,35.07972487865444],[135.72629683464675,35.07855968474899]],[[135.72525596950888,35.078290793847735],[135.72333925443792,35.07631892723851]],[[135.722209534959,35.07882857565025],[135.7246339891216,35.08205526646533],[135.72644915637426,35.083504289655444]],[[135.72749002151212,35.10334246281488],[135.727528101944,35.106240509195096]],[[135.727528101944,35.106240509195096],[135.7293559626739,35.103671107249745]],[[135.74267142035234,35.066773300243874],[135.74175748998738,35.06796837091613]],[[135.74175748998738,35.06796837091613],[135.7421509877834,35.06805800121655]],[[135.7421509877834,35.06805800121655],[135.74463890933245,35.0673558971966]],[[135.74463890933245,35.0673558971966],[135.74507048756035,35.066788238627275]],[[135.74507048756035,35.066788238627275],[135.74474045715078,35.066623916409846]],[[135.74474045715078,35.066623916409846],[135.7433060942169,35.0659367507733]],[[135.72186681107215,35.09983194271513],[135.7249386325766,35.100459354818064],[135.72616989987384,35.10385036785058]],[[135.72616989987384,35.10385036785058],[135.72634760855593,35.106225570811695],[135.727528101944,35.106240509195096]],[[135.74647946353969,35.06457735788361],[135.74474045715078,35.066623916409846]],[[135.7501732654314,35.06672848509366],[135.74998286327204,35.064995632618896]],[[135.74942435027123,35.066130949757536],[135.7501732654314,35.06672848509366]],[[135.7431410790121,35.0757960838194],[135.7474695547684,35.07605003633726]],[[135.75440019336935,35.05778039343516],[135.7553648976435,35.05779533181856]],[[135.7553648976435,35.05779533181856],[135.75508564114307,35.055375313707245]],[[135.75445096727853,35.05550975915787],[135.75440019336935,35.05778039343516]],[[135.75068100452305,35.05773557828495],[135.75125221100114,35.058527312605314]],[[135.75125221100114,35.058527312605314],[135.75254694568486,35.05727248839945]],[[135.75254694568486,35.05727248839945],[135.75393053470958,35.05594297227656]],[[135.7505794567047,35.067296143662986],[135.75094756754618,35.06792355576592]],[[135.75271196088963,35.067490342647226],[135.7505794567047,35.067296143662986]],[[135.74966552633975,35.0701792516598],[135.74985592849913,35.07008962135938]],[[135.7490435459525,35.069148503204985],[135.74892930465688,35.06901405775435]],[[135.74892930465688,35.06901405775435],[135.74777419822337,35.06950702440666]],[[135.74777419822337,35.06950702440666],[135.7467206396082,35.07255445462091]],[[135.7467206396082,35.07255445462091],[135.74713952435883,35.07270383845494]],[[135.7467206396082,35.07255445462091],[135.74564169403845,35.07237519402007]],[[135.74838348513336,35.07545250100112],[135.74884045031584,35.073510511158716]],[[135.74636522224407,35.06823726181739],[135.74499432669663,35.06916344158839]],[[135.74499432669663,35.06916344158839],[135.74490547235558,35.071598398083104]],[[135.74490547235558,35.071598398083104],[135.74636522224407,35.06823726181739]],[[135.74390268764958,35.07147889101588],[135.74357265724,35.07123987688143]],[[135.74357265724,35.07123987688143],[135.742569872534,35.07068715669551]],[[135.742569872534,35.07068715669551],[135.7418844247603,35.072524577854104]],[[135.7418844247603,35.072524577854104],[135.74182095737382,35.07410804649484]],[[135.73916802061999,35.06928294865561],[135.73987885534828,35.0683119537344]],[[135.72859435403646,35.06890948907053],[135.7303587473799,35.07128469203164]],[[135.73958690537057,35.05885595704019],[135.7399930966439,35.058572127755525]],[[135.75060484365932,35.071852350600956],[135.75269926741234,35.07138926071546]],[[135.75269926741234,35.07138926071546],[135.7529150565263,35.069387517339436]],[[135.74193519866944,35.07481015051479],[135.7417194095555,35.074854965665]],[[135.74161786173718,35.075303117167095],[135.74048814225827,35.07902277463449]],[[135.75975684078622,35.054718024837506],[135.75857634739816,35.0547030864541]],[[135.75857634739816,35.05661519952971],[135.75932526255832,35.056973720731385]],[[135.75932526255832,35.056973720731385],[135.75973145383165,35.056943843964575]],[[135.75974414730894,35.056077417727195],[135.75975684078622,35.054718024837506]],[[135.7418844247603,35.072524577854104],[135.74037390096262,35.072957790972794]],[[135.72662686505632,35.087164193589224],[135.72516711516784,35.085386525964246]],[[135.73932034234747,35.05361258446567],[135.74107204221366,35.05359764608227]],[[135.74037390096262,35.072957790972794],[135.74291259642087,35.06835676888461],[135.7421509877834,35.06805800121655]],[[135.74175748998738,35.06796837091613],[135.740170805326,35.06792355576592]],[[135.73989154882557,35.08103945639392],[135.73919340757456,35.08109920992753]],[[135.7410085748272,35.08045685944119],[135.7407293183268,35.0800087079391]],[[135.76326024051858,35.0570484126484],[135.763234853564,35.05782520858536]],[[135.763234853564,35.05782520858536],[135.7637933665648,35.05761607121772]],[[135.7637933665648,35.05761607121772],[135.76692865545573,35.05663013791311]],[[135.74777419822337,35.06950702440666],[135.74654293092613,35.06807293959995]],[[135.74644138310782,35.06813269313356],[135.74636522224407,35.06823726181739]],[[135.74490547235558,35.071598398083104],[135.74470237671892,35.07192704251798]],[[135.76475807083895,35.07563176160196],[135.76374259265566,35.07799202617967]],[[135.76374259265566,35.07799202617967],[135.76475807083895,35.07563176160196]],[[135.7460351918345,35.06726626689618],[135.74470237671892,35.06905887290456]],[[135.74470237671892,35.06905887290456],[135.74499432669663,35.06916344158839]],[[135.7095795250543,35.0851773885966],[135.70810708168852,35.087642221858125]],[[135.70810708168852,35.087642221858125],[135.71122967710215,35.089703718767765]],[[135.71122967710215,35.089703718767765],[135.71309561826396,35.09046557632133]],[[135.73043490824367,35.07645337268914],[135.7346999166135,35.07799202617967],[135.73629929475217,35.08044192105779],[135.73838102502793,35.081009579627114]],[[135.74463890933245,35.0673558971966],[135.742569872534,35.07068715669551]],[[135.74357265724,35.07123987688143],[135.74470237671892,35.06905887290456]],[[135.75269926741234,35.07138926071546],[135.75296583043547,35.071404199098865]],[[135.75296583043547,35.071404199098865],[135.75452712814229,35.07155358293289]],[[135.75452712814229,35.07155358293289],[135.75700235621406,35.07244988593709]],[[135.7505794567047,35.067296143662986],[135.7501732654314,35.06672848509366]],[[135.74858658077002,35.06738577396341],[135.74892930465688,35.06901405775435]],[[135.7559234106443,35.07085147891294],[135.7556314606666,35.068924427453936]],[[135.76332370790504,35.05259677439425],[135.76723329891072,35.05271628146148]],[[135.76723329891072,35.05271628146148],[135.7672713793426,35.05153614917263],[135.76333640138233,35.05116268958754]],[[135.75296583043547,35.071404199098865],[135.7530292978219,35.07336112732468],[135.75481907811997,35.0729876677396],[135.75452712814229,35.07155358293289]],[[135.7610769624245,35.05700359749819],[135.76116581676555,35.05772063990155]],[[135.76116581676555,35.05772063990155],[135.76128005806117,35.05825842170406]],[[135.76128005806117,35.05825842170406],[135.763234853564,35.05782520858536]],[[135.7556314606666,35.05778039343516],[135.75555529980286,35.059005340874215]],[[135.75555529980286,35.059005340874215],[135.75665963232717,35.0589306489572]],[[135.75665963232717,35.0589306489572],[135.75709121055507,35.057959654036]],[[135.75709121055507,35.057959654036],[135.75691350187302,35.0575115025339]],[[135.75691350187302,35.0575115025339],[135.7556314606666,35.05778039343516]],[[135.75254694568486,35.05727248839945],[135.75357511734543,35.057959654036]],[[135.75357511734543,35.057959654036],[135.75440019336935,35.05778039343516]],[[135.7556314606666,35.05778039343516],[135.7553648976435,35.05779533181856]],[[135.75357511734543,35.057959654036],[135.75414632382353,35.059513245909926],[135.75555529980286,35.059005340874215]],[[135.75539028459806,35.047323525052924],[135.75540297807535,35.04560561096156]],[[135.75540297807535,35.04560561096156],[135.7553395106889,35.04560561096156]],[[135.7553395106889,35.04560561096156],[135.7546413694379,35.04562054934496]],[[135.7550475607112,35.047323525052924],[135.75539028459806,35.047323525052924]],[[135.75756086921487,35.03743431524001],[135.75744662791922,35.037987035425935]],[[135.75744662791922,35.037987035425935],[135.75927448864917,35.037957158659125]],[[135.75927448864917,35.037957158659125],[135.75926179517188,35.03741937685661]],[[135.75926179517188,35.03741937685661],[135.75756086921487,35.03743431524001]],[[135.75787820614713,35.04565042611177],[135.7566723258045,35.04560561096156]],[[135.7566723258045,35.04560561096156],[135.75659616494073,35.04560561096156]],[[135.75659616494073,35.04560561096156],[135.75671040623635,35.0472040179857]],[[135.75671040623635,35.0472040179857],[135.75685003448655,35.047353401819734]],[[135.75685003448655,35.047353401819734],[135.75823362351127,35.04745797050356]],[[135.75823362351127,35.04745797050356],[135.75828439742045,35.04738327858654]],[[135.75828439742045,35.04738327858654],[135.75838594523879,35.04711438768528]],[[135.75838594523879,35.04711438768528],[135.7587667495575,35.046457098815544]],[[135.7587667495575,35.046457098815544],[135.75787820614713,35.04565042611177]],[[135.74438503978664,35.086043814833985],[135.74711413740425,35.086701103703724],[135.74801537429192,35.087970866293],[135.7504906023637,35.086551719869696],[135.75371474559563,35.08567035524891],[135.7562280540993,35.08592430776676],[135.75975684078622,35.0851773885966],[135.75356242386815,35.08248847958403],[135.7582463169886,35.08413170175838],[135.76002340380933,35.08392256439073],[135.76105157546993,35.08259304826785],[135.75691350187302,35.07912734331831],[135.75268657393505,35.0772002918593],[135.75550452589368,35.0762591737049],[135.7593506495129,35.08042698267439],[135.76205436017594,35.08223452706618],[135.76374259265566,35.07799202617967]],[[135.76475807083895,35.07563176160196],[135.7639837687242,35.07593052927003],[135.7593887299448,35.073435819241695]],[[135.75942681037665,35.07337606570808],[135.76456766867958,35.07515373333306],[135.76626859463659,35.072957790972794],[135.76357757745086,35.070985924363576],[135.7671190576151,35.07233037886986],[135.76873112923107,35.07097098598017],[135.76772834452507,35.06989542237514],[135.76461844258873,35.06890948907053]],[[135.76461844258873,35.06890948907053],[135.7560503454172,35.06412920638151],[135.75728161271445,35.06279969025863],[135.75456520857415,35.062724998341615],[135.7526484935032,35.06191832563784],[135.7511506631828,35.060125719629454]],[[135.7633744818142,35.03697122535452],[135.76073423853765,35.03753888392384]],[[135.76073423853765,35.03753888392384],[135.76070885158308,35.03816629602677]],[[135.76070885158308,35.03816629602677],[135.76257479274486,35.03849494046164]],[[135.76257479274486,35.03849494046164],[135.76287943619985,35.03789740512551]],[[135.76287943619985,35.03789740512551],[135.7633744818142,35.03697122535452]],[[135.7560503454172,35.03804678895955],[135.7560503454172,35.03726999302258]],[[135.7560503454172,35.03726999302258],[135.75532681721162,35.037523945540435]],[[135.75532681721162,35.037523945540435],[135.7560503454172,35.03804678895955]],[[135.7642503317473,35.038196172793576],[135.7642503317473,35.037942220275724]],[[135.7642503317473,35.037942220275724],[135.76287943619985,35.03789740512551]],[[135.76257479274486,35.03849494046164],[135.76314599922296,35.039555565683266]],[[135.76314599922296,35.039555565683266],[135.7642503317473,35.038196172793576]],[[135.75659616494073,35.04560561096156],[135.75540297807535,35.04560561096156]],[[135.75539028459806,35.047323525052924],[135.75541567155264,35.047323525052924]],[[135.75541567155264,35.047323525052924],[135.75671040623635,35.0472040179857]],[[135.7651007947258,35.03801691219274],[135.76447881433853,35.03762851422426]],[[135.76447881433853,35.03762851422426],[135.7642503317473,35.037942220275724]],[[135.7642503317473,35.038196172793576],[135.7651007947258,35.03801691219274]],[[135.76074693201494,35.03848000207824],[135.76070885158308,35.03816629602677]],[[135.76073423853765,35.03753888392384],[135.75926179517188,35.03741937685661]],[[135.75927448864917,35.037957158659125],[135.76074693201494,35.03848000207824]],[[135.76447881433853,35.03762851422426],[135.76456766867958,35.037509007157034]],[[135.76456766867958,35.037509007157034],[135.7633744818142,35.03697122535452]],[[135.75828439742045,35.04738327858654],[135.75838594523879,35.04711438768528]],[[135.7681218423211,35.03534294156357],[135.76676364025093,35.03473046784404]],[[135.76676364025093,35.03473046784404],[135.76456766867958,35.037509007157034]],[[135.7651007947258,35.03801691219274],[135.76630667506845,35.03833061824421]],[[135.76630667506845,35.03833061824421],[135.7681218423211,35.03534294156357]],[[135.73638814909322,35.037045917271534],[135.73603273172907,35.03718036272216]],[[135.73603273172907,35.03718036272216],[135.7361469730247,35.03758369907405]],[[135.74045006182638,35.03605998396692],[135.7401327248941,35.03600023043331]],[[135.7401327248941,35.03600023043331],[135.73638814909322,35.037045917271534]],[[135.7681218423211,35.03534294156357],[135.7699750900056,35.03231044973273],[135.7690992400725,35.03195192853104],[135.76676364025093,35.03473046784404]],[[135.76216860147156,35.04146767875888],[135.76230822972175,35.04154237067589]],[[135.76230822972175,35.04154237067589],[135.76459305563415,35.0410942191738]],[[135.76459305563415,35.0410942191738],[135.76630667506845,35.03833061824421]],[[135.76314599922296,35.039555565683266],[135.76216860147156,35.04146767875888]],[[135.7637933665648,35.05761607121772],[135.76385683395128,35.05770570151814]],[[135.76385683395128,35.05770570151814],[135.76587509684057,35.058348052004476],[135.76536735774891,35.06187351048763]],[[135.76536735774891,35.06187351048763],[135.7665224641824,35.05981201357799],[135.76676364025093,35.05746668738369]],[[135.7401327248941,35.03600023043331],[135.73963767927975,35.03552220216441]],[[135.73963767927975,35.03552220216441],[135.73619774693384,35.03577615468226]],[[135.73619774693384,35.03577615468226],[135.73638814909322,35.037045917271534]],[[135.76290482315443,35.04363374435234],[135.76154662108428,35.04246855044689]],[[135.76154662108428,35.04246855044689],[135.76105157546993,35.04306608578302]],[[135.76105157546993,35.04306608578302],[135.76042959508266,35.043693497885954]],[[135.76042959508266,35.043693497885954],[135.7587667495575,35.046457098815544]],[[135.7587667495575,35.046457098815544],[135.76055652985556,35.04706957253507]],[[135.76055652985556,35.04706957253507],[135.76290482315443,35.04363374435234]],[[135.75823362351127,35.04745797050356],[135.75800514092003,35.04793599877246]],[[135.75800514092003,35.04793599877246],[135.75795436701088,35.048503657341776]],[[135.75795436701088,35.048503657341776],[135.7579416735336,35.0490563775277]],[[135.7579416735336,35.0490563775277],[135.75884291042127,35.04950452902979]],[[135.75884291042127,35.04950452902979],[135.76055652985556,35.04706957253507]],[[135.73610889259282,35.03446157694278],[135.73567731436492,35.03477528299425]],[[135.73567731436492,35.03477528299425],[135.73619774693384,35.03577615468226]],[[135.73963767927975,35.03552220216441],[135.74010733793952,35.03422256280833]],[[135.74010733793952,35.03422256280833],[135.73610889259282,35.03446157694278]],[[135.75691350187302,35.0575115025339],[135.75715467794154,35.057033474265]],[[135.75759894964673,35.05474790160431],[135.75611381280368,35.05482259352132]],[[135.73567731436492,35.03477528299425],[135.73603273172907,35.03718036272216]],[[135.75856365392085,35.05801940756961],[135.75709121055507,35.057959654036]],[[135.75665963232717,35.0589306489572],[135.75856365392085,35.05910990955804]],[[135.75856365392085,35.05910990955804],[135.75857634739816,35.05849743583851]],[[135.75857634739816,35.05849743583851],[135.75856365392085,35.05801940756961]],[[135.73160270815444,35.02387026310992],[135.7298256213337,35.023750756042695]],[[135.7298256213337,35.023750756042695],[135.729838314811,35.024930888331546]],[[135.729838314811,35.024930888331546],[135.729838314811,35.02614089738721]],[[135.729838314811,35.02614089738721],[135.731539240768,35.02617077415401]],[[135.731539240768,35.02617077415401],[135.73160270815444,35.02387026310992]],[[135.72399931525706,35.02596163678637],[135.72327578705145,35.02775424279475]],[[135.72327578705145,35.02775424279475],[135.72496401953117,35.02756004381051]],[[135.72496401953117,35.02756004381051],[135.7259287238053,35.0275002902769]],[[135.7259287238053,35.0275002902769],[135.727528101944,35.02730609129266]],[[135.727528101944,35.02730609129266],[135.7273884736938,35.02600645193658]],[[135.7273884736938,35.02600645193658],[135.72689342807942,35.02599151355317]],[[135.72689342807942,35.02599151355317],[135.72399931525706,35.02596163678637]],[[135.727528101944,35.02730609129266],[135.72756618237585,35.027664612494334]],[[135.72756618237585,35.027664612494334],[135.729838314811,35.0275002902769]],[[135.729838314811,35.0275002902769],[135.729838314811,35.02617077415401]],[[135.729838314811,35.02617077415401],[135.7273884736938,35.02600645193658]],[[135.72691881503403,35.02369100250908],[135.72690612155674,35.02485619641453]],[[135.72690612155674,35.02485619641453],[135.729838314811,35.024930888331546]],[[135.7298256213337,35.023750756042695],[135.72691881503403,35.02369100250908]],[[135.74010733793952,35.03422256280833],[135.7381144620048,35.03374453453943],[135.73787328593627,35.03234032649953],[135.73610889259282,35.03446157694278]],[[135.72690612155674,35.02485619641453],[135.72689342807942,35.02599151355317]],[[135.729838314811,35.02617077415401],[135.729838314811,35.02614089738721]],[[135.72691881503403,35.02369100250908],[135.7269442019886,35.02230173285259]],[[135.7269442019886,35.02230173285259],[135.72552253253198,35.02228679446919],[135.72548445210012,35.02485619641453],[135.72399931525706,35.02596163678637]],[[135.75932526255832,35.056973720731385],[135.75932526255832,35.05761607121772]],[[135.75932526255832,35.05761607121772],[135.76116581676555,35.05772063990155]],[[135.73277050806524,35.02729115290925],[135.73287205588358,35.02618571253742]],[[135.73287205588358,35.02618571253742],[135.731539240768,35.02617077415401]],[[135.729838314811,35.0275002902769],[135.73277050806524,35.02729115290925]],[[135.73287205588358,35.02618571253742],[135.73279589501982,35.02390013987673]],[[135.73279589501982,35.02390013987673],[135.73160270815444,35.02387026310992]],[[135.75125221100114,35.058527312605314],[135.7511506631828,35.059080032791236]],[[135.76461844258873,35.06890948907053],[135.7687057422765,35.06899911937095],[135.76935310961832,35.06723639012937],[135.76757602279758,35.06604131945712],[135.76562122729473,35.06309845792669]],[[135.76562122729473,35.06309845792669],[135.76536735774891,35.06187351048763]],[[135.76385683395128,35.05770570151814],[135.76161008847075,35.059513245909926],[135.75856365392085,35.05910990955804]],[[135.75856365392085,35.05801940756961],[135.75932526255832,35.05761607121772]],[[135.75857634739816,35.05849743583851],[135.76128005806117,35.05825842170406]],[[135.7597822277408,35.05246232894362],[135.7597822277408,35.05247726732703]],[[135.7597822277408,35.05247726732703],[135.7597695342635,35.053776906683105]],[[135.7597695342635,35.053776906683105],[135.76331101442776,35.05385159860012]],[[135.76331101442776,35.05385159860012],[135.76332370790504,35.05259677439425]],[[135.72986370176557,35.022466055070026],[135.7298256213337,35.023750756042695]],[[135.73279589501982,35.02390013987673],[135.7329482167473,35.0223465480028],[135.72986370176557,35.022466055070026]],[[135.73515688179597,35.03446157694278],[135.73359558408916,35.03369971938922]],[[135.73359558408916,35.03369971938922],[135.7318184972684,35.03413293250791]],[[135.7318184972684,35.03413293250791],[135.7319835124732,35.03465577592702]],[[135.7319835124732,35.03465577592702],[135.73200889942777,35.03473046784404]],[[135.73200889942777,35.03473046784404],[135.73270704067878,35.034745406227444]],[[135.73270704067878,35.034745406227444],[135.73515688179597,35.03446157694278]],[[135.72986370176557,35.022466055070026],[135.7269442019886,35.02230173285259]],[[135.76562122729473,35.06309845792669],[135.765938564227,35.06196314078805]],[[135.765938564227,35.06196314078805],[135.76560853381744,35.06142535898553],[135.76842648577608,35.059050156024426],[135.77191719203114,35.0598568287282],[135.77246301155466,35.0589007721904]],[[135.77246301155466,35.0589007721904],[135.77234877025904,35.05733224193306],[135.77001317043747,35.05778039343516],[135.76848995316254,35.0570633510318]],[[135.7277946649671,35.0298456164712],[135.72675379982923,35.03069710432518]],[[135.72675379982923,35.03069710432518],[135.72468476303078,35.034371946642366]],[[135.72468476303078,35.034371946642366],[135.72547175862283,35.034760344610845]],[[135.72547175862283,35.034760344610845],[135.72585256294155,35.03355033555519],[135.7288101431504,35.032893046685444]],[[135.7288101431504,35.032893046685444],[135.72877206271852,35.03186229823063]],[[135.72877206271852,35.03186229823063],[135.72861974099104,35.03006969222225]],[[135.72861974099104,35.03006969222225],[135.7277946649671,35.0298456164712]],[[135.72327578705145,35.02775424279475],[135.72215876104983,35.02782893471177],[135.72199374584505,35.0298605548546]],[[135.72199374584505,35.0298605548546],[135.72394854134788,35.02960660233675]],[[135.72394854134788,35.02960660233675],[135.72496401953117,35.02756004381051]],[[135.73345595583896,35.03302749213608],[135.73359558408916,35.03369971938922]],[[135.73515688179597,35.03446157694278],[135.73519496222784,35.03496948197849]],[[135.73519496222784,35.03496948197849],[135.73562654045574,35.03477528299425]],[[135.73562654045574,35.03477528299425],[135.73388753406687,35.02999500030523]],[[135.73388753406687,35.02999500030523],[135.7331259254294,35.030189199289474]],[[135.7331259254294,35.030189199289474],[135.73345595583896,35.03302749213608]],[[135.73145038642696,35.028351778130876],[135.73146307990424,35.0303535215069]],[[135.73146307990424,35.0303535215069],[135.7331259254294,35.030189199289474]],[[135.73388753406687,35.02999500030523],[135.73317669933854,35.028127702379834]],[[135.73317669933854,35.028127702379834],[135.73145038642696,35.028351778130876]],[[135.73571539479678,35.04148261714228],[135.73546152525097,35.043708436269355]],[[135.73546152525097,35.043708436269355],[135.73632468170675,35.04330509991747]],[[135.73661663168446,35.0411091575572],[135.7359692643426,35.04103446564019]],[[135.7359692643426,35.04103446564019],[135.73571539479678,35.04148261714228]],[[135.73270704067878,35.034745406227444],[135.7329736037019,35.03628405971797]],[[135.7329736037019,35.03628405971797],[135.73502994702307,35.03600023043331]],[[135.73502994702307,35.03600023043331],[135.73519496222784,35.03496948197849]],[[135.73340518192978,35.03743431524001],[135.73316400586125,35.03710567080515]],[[135.73316400586125,35.03710567080515],[135.73175502988195,35.03718036272216]],[[135.73175502988195,35.03718036272216],[135.73226276897358,35.0392269212484]],[[135.73226276897358,35.0392269212484],[135.7326943472015,35.03916716771479]],[[135.7326943472015,35.03916716771479],[135.73335440802063,35.039077537414364]],[[135.73335440802063,35.039077537414364],[135.73340518192978,35.03743431524001]],[[135.7259287238053,35.0275002902769],[135.7261191259647,35.03014438413926]],[[135.7261191259647,35.03014438413926],[135.72675379982923,35.03069710432518]],[[135.7277946649671,35.0298456164712],[135.72756618237585,35.027664612494334]],[[135.73145038642696,35.028351778130876],[135.72972407351537,35.02872523771596]],[[135.72972407351537,35.02872523771596],[135.7296732996062,35.030159322522664]],[[135.7296732996062,35.030159322522664],[135.73146307990424,35.0303535215069]],[[135.73567731436492,35.03477528299425],[135.73562654045574,35.03477528299425]],[[135.73502994702307,35.03600023043331],[135.73501725354578,35.037255054639175]],[[135.73501725354578,35.037255054639175],[135.73486493181827,35.038868400046724]],[[135.73486493181827,35.038868400046724],[135.73529651004617,35.03880864651311]],[[135.73529651004617,35.03880864651311],[135.73567731436492,35.03850987884505]],[[135.73546152525097,35.043708436269355],[135.73449682097683,35.043469422134905]],[[135.73449682097683,35.043469422134905],[135.73358289061187,35.0434544837515]],[[135.73358289061187,35.0434544837515],[135.73291013631544,35.04357399081873]],[[135.73291013631544,35.04357399081873],[135.73358289061187,35.046008947313446]],[[135.73358289061187,35.046008947313446],[135.73560115350116,35.0453217816769]],[[135.73146307990424,35.031757729546804],[135.72877206271852,35.03186229823063]],[[135.7288101431504,35.032893046685444],[135.73044760172095,35.03287810830204]],[[135.73044760172095,35.03287810830204],[135.73145038642696,35.03286316991864]],[[135.73145038642696,35.03286316991864],[135.73146307990424,35.031757729546804]],[[135.7329736037019,35.03628405971797],[135.73316400586125,35.03710567080515]],[[135.73340518192978,35.03743431524001],[135.73501725354578,35.037255054639175]],[[135.731932738564,35.04107928079039],[135.73148846685882,35.04182619996055]],[[135.73148846685882,35.04182619996055],[135.73291013631544,35.04357399081873]],[[135.73358289061187,35.0434544837515],[135.7332655536796,35.04152743229249]],[[135.7332655536796,35.04152743229249],[135.731932738564,35.04107928079039]],[[135.73317669933854,35.028127702379834],[135.73277050806524,35.02729115290925]],[[135.729838314811,35.0275002902769],[135.72972407351537,35.02872523771596]],[[135.72199374584505,35.0298605548546],[135.72142253936696,35.03308724566969]],[[135.72142253936696,35.03308724566969],[135.72468476303078,35.034371946642366]],[[135.7261191259647,35.03014438413926],[135.72394854134788,35.02960660233675]],[[135.73131075817676,35.03598529204991],[135.72944481701495,35.03625418295116]],[[135.72944481701495,35.03625418295116],[135.7289497714006,35.03623924456776]],[[135.7289497714006,35.03623924456776],[135.72889899749143,35.03665751930305]],[[135.72889899749143,35.03665751930305],[135.72905131921894,35.037359623323]],[[135.72905131921894,35.037359623323],[135.73134883860862,35.03715048595536]],[[135.73134883860862,35.03715048595536],[135.73131075817676,35.03598529204991]],[[135.6893842026841,35.08502800476257],[135.6893842026841,35.08502800476257]],[[135.73571539479678,35.04148261714228],[135.73428103186288,35.041363110075054]],[[135.73428103186288,35.041363110075054],[135.73428103186288,35.041407925225265]],[[135.73428103186288,35.041407925225265],[135.73449682097683,35.043469422134905]],[[135.7319835124732,35.03465577592702],[135.73044760172095,35.03468565269383]],[[135.73044760172095,35.03468565269383],[135.72929249528747,35.034745406227444]],[[135.72929249528747,35.034745406227444],[135.72944481701495,35.03625418295116]],[[135.73131075817676,35.03598529204991],[135.73200889942777,35.03473046784404]],[[135.72227300234545,35.05220837642577],[135.7220952936634,35.05179010169048]],[[135.7220952936634,35.05179010169048],[135.72176526325381,35.050983428986704],[135.71852842654457,35.05117762797095],[135.71572316806322,35.04744303212015],[135.7159135702226,35.046188207914284],[135.71352719649184,35.04565042611177]],[[135.71352719649184,35.04565042611177],[135.71422533774287,35.0500124340655],[135.7141618703564,35.05316443296357]],[[135.7288101431504,35.032893046685444],[135.72875936924123,35.03426737795854]],[[135.72875936924123,35.03426737795854],[135.72929249528747,35.034745406227444]],[[135.73044760172095,35.03468565269383],[135.73044760172095,35.03287810830204]],[[135.7296732996062,35.030159322522664],[135.72861974099104,35.03006969222225]],[[135.73146307990424,35.031757729546804],[135.73146307990424,35.0303535215069]],[[135.73345595583896,35.03302749213608],[135.73148846685882,35.03305736890288]],[[135.73148846685882,35.03305736890288],[135.7318184972684,35.03413293250791]],[[135.73335440802063,35.039077537414364],[135.73436988620392,35.03894309196374]],[[135.73436988620392,35.03894309196374],[135.73486493181827,35.038868400046724]],[[135.688508352751,35.082622925034656],[135.68887646359244,35.08553590979828],[135.68779751802268,35.086491966336084],[135.6877848245454,35.08989791775201],[135.686807426794,35.09178015406081]],[[135.686807426794,35.09178015406081],[135.6897777004801,35.09328893078453]],[[135.6897777004801,35.09328893078453],[135.68784829193186,35.09182496921102],[135.68942228311596,35.08686542592116],[135.69113590255026,35.08577492393273],[135.69024735913987,35.08301132300314],[135.688508352751,35.082622925034656]],[[135.68930804182034,35.08345947450523],[135.68930804182034,35.08345947450523]],[[135.72547175862283,35.034760344610845],[135.7275154084667,35.037016040504724]],[[135.7275154084667,35.037016040504724],[135.72771850410336,35.03695628697111]],[[135.72771850410336,35.03695628697111],[135.72889899749143,35.03665751930305]],[[135.7289497714006,35.03623924456776],[135.72774389105794,35.035447510247394],[135.72875936924123,35.03426737795854]],[[135.7326943472015,35.03916716771479],[135.73348134279354,35.04146767875888]],[[135.73348134279354,35.04146767875888],[135.73428103186288,35.041407925225265]],[[135.73428103186288,35.041363110075054],[135.73436988620392,35.03894309196374]],[[135.73148846685882,35.03305736890288],[135.73145038642696,35.03286316991864]],[[135.72905131921894,35.037359623323],[135.72917825399185,35.038226049560386]],[[135.72917825399185,35.038226049560386],[135.7318184972684,35.03927173639861]],[[135.7318184972684,35.03927173639861],[135.73226276897358,35.0392269212484]],[[135.73175502988195,35.03718036272216],[135.73134883860862,35.03715048595536]],[[135.7253702108045,35.03885346166332],[135.7223364697319,35.038644324295674],[135.7207624785478,35.03617949103415]],[[135.7207624785478,35.03617949103415],[135.71701790274693,35.038420248544625],[135.71685288754213,35.03951075053306]],[[135.71685288754213,35.03951075053306],[135.71827455699875,35.03989914850154],[135.7201912720697,35.04306608578302]],[[135.7201912720697,35.04306608578302],[135.7222222284363,35.04216978277883]],[[135.7222222284363,35.04216978277883],[135.72578909555511,35.03976470305091],[135.7253702108045,35.03885346166332]],[[135.73348134279354,35.04146767875888],[135.7332655536796,35.04152743229249]],[[135.73086648647157,35.04182619996055],[135.7312472907903,35.04403708070422],[135.73000333001576,35.04478399987438],[135.73005410392494,35.04639734528193]],[[135.73005410392494,35.04639734528193],[135.73068877778948,35.04817501290691],[135.7286578214229,35.04863810279241],[135.73086648647157,35.050595031018226]],[[135.73086648647157,35.050595031018226],[135.73316400586125,35.048921932077064],[135.73358289061187,35.046008947313446]],[[135.73148846685882,35.04182619996055],[135.73086648647157,35.04182619996055]],[[135.73185657770028,35.04073569797212],[135.7318184972684,35.03927173639861]],[[135.72917825399185,35.038226049560386],[135.7279469866946,35.03824098794379]],[[135.7279469866946,35.03824098794379],[135.72702036285236,35.03979457981772]],[[135.72702036285236,35.03979457981772],[135.7279469866946,35.04078051312233]],[[135.7279469866946,35.04078051312233],[135.73185657770028,35.04073569797212]],[[135.73529651004617,35.03880864651311],[135.7359692643426,35.04103446564019]],[[135.73033336042533,35.05177516330708],[135.73086648647157,35.050595031018226]],[[135.73005410392494,35.04639734528193],[135.7266522520109,35.04757747757078]],[[135.7266522520109,35.04757747757078],[135.7255098390547,35.04838415027455]],[[135.7255098390547,35.04838415027455],[135.72543367819094,35.04972860478084],[135.7220952936634,35.05179010169048]],[[135.73185657770028,35.04073569797212],[135.731932738564,35.04107928079039]],[[135.7071169904598,35.088105311743625],[135.70553030579842,35.08835926426148],[135.70309315815854,35.092004229811856],[135.70103681483735,35.093617575219405],[135.69894239108433,35.09414041863851]],[[135.69894239108433,35.09414041863851],[135.69978016058553,35.09491721457548],[135.70367705811393,35.09258682676458],[135.70462906891075,35.09004730158604],[135.7071169904598,35.088105311743625]],[[135.69876468240224,35.0973671094536],[135.6986885215385,35.09590314788009]],[[135.6986885215385,35.09590314788009],[135.6959594239209,35.097516493287635]],[[135.6959594239209,35.097516493287635],[135.69876468240224,35.0973671094536]],[[135.7279469866946,35.03824098794379],[135.72771850410336,35.03695628697111]],[[135.7275154084667,35.037016040504724],[135.7253702108045,35.03885346166332]],[[135.7222222284363,35.04216978277883],[135.72643646289694,35.041407925225265]],[[135.72643646289694,35.041407925225265],[135.72702036285236,35.03979457981772]],[[135.72142253936696,35.03308724566969],[135.72199374584505,35.03571640114865],[135.7207624785478,35.03617949103415]],[[135.71929003518204,35.044126711004644],[135.72014049816053,35.04753266242057],[135.72199374584505,35.049414898729374],[135.7220952936634,35.05179010169048]],[[135.7255098390547,35.04838415027455],[135.7247863108491,35.04402214232082],[135.7239358478706,35.04568030287857],[135.72129560459405,35.04609857761386],[135.71929003518204,35.044126711004644]],[[135.75828439742045,35.050326140116965],[135.75744662791922,35.0514315804888]],[[135.75829709089774,35.052148622892155],[135.7597822277408,35.05247726732703]],[[135.7598076146954,35.050834045152676],[135.75828439742045,35.050326140116965]],[[135.765938564227,35.06196314078805],[135.76715713804697,35.062471045823756],[135.77206951375865,35.062007955938256],[135.77345310278338,35.059961397412025],[135.77246301155466,35.0589007721904]],[[135.75711659750968,35.053776906683105],[135.7597695342635,35.053776906683105]],[[135.7597695342635,35.053776906683105],[135.75975684078622,35.054718024837506]],[[135.75975684078622,35.054718024837506],[135.76329832095047,35.05476283998771]],[[135.72643646289694,35.041407925225265],[135.72709652371609,35.04169175450993],[135.72627144769217,35.0462628998313],[135.7266522520109,35.04757747757078]],[[135.73086648647157,35.04182619996055],[135.72831509753604,35.04213990601202],[135.7279469866946,35.04078051312233]],[[135.71929003518204,35.044126711004644],[135.7201912720697,35.04306608578302]],[[135.71685288754213,35.03951075053306],[135.7153296702672,35.040257669703216],[135.7144665138114,35.043036209016215],[135.71103927494278,35.04172163127673],[135.71155970751173,35.044798938257784],[135.71225784876273,35.04375325141957],[135.71352719649184,35.04565042611177]],[[135.75641845625864,35.05256689762744],[135.75494601289287,35.05207393097514]],[[135.75494601289287,35.05207393097514],[135.7537782129821,35.05207393097514]],[[135.75499678680205,35.05086392191948],[135.75387976080043,35.050789230002465]],[[135.75494601289287,35.05207393097514],[135.75499678680205,35.05086392191948]],[[135.67237494311394,35.11460600390088],[135.66988702156488,35.11529316953742]],[[135.66988702156488,35.11529316953742],[135.6717021888175,35.1179970169334],[135.67566255373234,35.120207897677076],[135.6766018710519,35.12150753703315],[135.67735078621206,35.119939006775816],[135.67391085386618,35.117623557348324],[135.67289537568288,35.116040088707585],[135.67592911675547,35.113784392813706]],[[135.67592911675547,35.113784392813706],[135.67382199952513,35.11362007059627]],[[135.67382199952513,35.11362007059627],[135.67364429084304,35.11394871503114]],[[135.67364429084304,35.11394871503114],[135.67237494311394,35.11460600390088]],[[135.70968107287263,35.164096868115635],[135.7103157467372,35.163200565111445],[135.71470768987993,35.162543276241706],[135.71703059622422,35.16025770358102],[135.71685288754213,35.156343847129385],[135.7140349355835,35.15295283409686],[135.71341295519622,35.15006972610004],[135.7117628031484,35.148799963510776],[135.71294329653645,35.147171679719825],[135.71182627053483,35.14355659093626],[135.70823401646143,35.14161460109384],[135.70531451668447,35.140942373840694],[135.70193805172502,35.1371928396065]],[[135.70193805172502,35.1371928396065],[135.6972414651273,35.13771568302561],[135.69456314141888,35.13702851738906]],[[135.69456314141888,35.13702851738906],[135.69353496975828,35.13799951231027],[135.68970153961635,35.138910753697864],[135.6863250746569,35.14161460109384]],[[135.6863250746569,35.14161460109384],[135.68858451361473,35.14264534954866],[135.69288760241645,35.14291424044992],[135.69532475005633,35.141211264741955],[135.69329379368975,35.14355659093626],[135.6971018368771,35.145140059576995],[135.69958975842616,35.14546870401186],[135.70229346908917,35.14842650392569],[135.698840843266,35.1461259928816],[135.69515973485156,35.146708589834326],[135.69496933269218,35.14570771814631],[135.68862259404662,35.14427363333961],[135.68727708545376,35.14527450502762],[135.6866424115892,35.147903660506586],[135.68671857245295,35.14372091315369],[135.68386254006242,35.14224201319678]],[[135.68386254006242,35.14224201319678],[135.68123499026316,35.1400012556863]],[[135.68123499026316,35.1400012556863],[135.68254241842416,35.14295905560013],[135.68140000546794,35.14546870401186],[135.6826439662425,35.15141418060633],[135.68515727474613,35.154939639089484],[135.68254241842416,35.15625421682896],[135.68552538558757,35.16054153286568],[135.68796253322748,35.16255821462511],[135.68711207024896,35.16466452668496],[135.68926996138848,35.16656170137716]],[[135.68926996138848,35.16656170137716],[135.69397924146347,35.16656170137716],[135.696835273854,35.1657849054402],[135.69891700412973,35.165964166041036],[135.70036406054092,35.165023047886635],[135.70228077561188,35.16566539837297],[135.70668541223193,35.165710213523184],[135.70968107287263,35.164096868115635]],[[135.6797117729882,35.093811774203644],[135.67967369255635,35.092646580298194],[135.68157771415002,35.09057014500515]],[[135.68157771415002,35.09057014500515],[135.67926750128302,35.08823975719425],[135.67605605152838,35.08643221280247]],[[135.67605605152838,35.08643221280247],[135.6727176670008,35.08710444005561],[135.6703947606565,35.08411676337497],[135.66836380428992,35.08438565427623],[135.66747526087954,35.08661147340331],[135.66786875867558,35.089001614747815]],[[135.66786875867558,35.089001614747815],[135.6704328410884,35.09216855202929],[135.6724511039777,35.092467319697356],[135.6727049735235,35.09445412468998],[135.67116906277127,35.09672475896726]],[[135.67116906277127,35.09672475896726],[135.6724003300685,35.097247602386375],[135.67440589948052,35.09605253171412],[135.67524366898175,35.09823353569099],[135.6771603840527,35.09446906307338],[135.6797117729882,35.093811774203644]],[[135.68365944442579,35.09071952883918],[135.68339288140265,35.085804800699535],[135.67943251648782,35.08292169270272],[135.6758783428463,35.07945598775318],[135.67378391909327,35.07948586451999],[135.67375853213866,35.080994641243706],[135.67652571018814,35.08266774018487],[135.67648762975628,35.08369848863968],[135.6744185929578,35.08404207145796],[135.67605605152838,35.08643221280247]],[[135.68157771415002,35.09057014500515],[135.68365944442579,35.09071952883918]],[[135.67364429084304,35.11394871503114],[135.67255265179602,35.11364994736307]],[[135.67255265179602,35.11364994736307],[135.67215915399998,35.11381426958051]],[[135.67215915399998,35.11381426958051],[135.66818609560787,35.11388896149753],[135.67237494311394,35.11460600390088]],[[135.664530374148,35.119027765388225],[135.66750064783415,35.115845889723346],[135.66988702156488,35.11529316953742]],[[135.67215915399998,35.11381426958051],[135.67076287149797,35.11317191909417],[135.6682495629943,35.1100348585795],[135.6641241828747,35.109840659595264],[135.6618012765304,35.107794101069025],[135.65674927256853,35.10889954144086],[135.65461676838362,35.1086306505396]],[[135.65461676838362,35.1086306505396],[135.64901894489822,35.10996016666249],[135.6480161601922,35.11199178680532],[135.64918396010302,35.114426743300044],[135.64653102334916,35.11813146238403],[135.6480288536695,35.11931159467289],[135.65075795128712,35.116069965474395],[135.65301739024494,35.11550230690507],[135.65680004647768,35.11723515937984],[135.65916103325384,35.116488240209684],[135.66039230055108,35.11765343411513],[135.66241056344037,35.11778787956576],[135.664530374148,35.119027765388225]],[[135.72025473945615,35.168264677085126],[135.72487516519016,35.163618839846734],[135.72545906514554,35.16049671771547],[135.7272488454436,35.15933152381002],[135.7268172672157,35.157673363252265],[135.72745194108023,35.154297288603146],[135.7286959018548,35.15410308961891],[135.73056184301657,35.15207146947607],[135.7354361382964,35.15002491094984],[135.73685780775298,35.14591685551396],[135.73478877095454,35.1442437565728],[135.73329094063416,35.141719169777666],[135.7308030190851,35.142152382896356],[135.7297875409018,35.13819371129451],[135.72962252569704,35.135026774013035],[135.72860704751375,35.13223329631664]],[[135.72860704751375,35.13223329631664],[135.7262333672603,35.131381808462656],[135.7231869327104,35.127482890394425],[135.72092749375258,35.12585460660348],[135.72038167422906,35.12161210571698],[135.7160405049955,35.11683182302795],[135.71529158983532,35.11426242108261],[135.71419995078827,35.11366488574648],[135.71050614889657,35.11382920796391]],[[135.71050614889657,35.11382920796391],[135.7098841685093,35.11526329277062],[135.71081079235154,35.1184302300521],[135.71040460107824,35.121074323914456],[135.71129314448862,35.12225445620331],[135.7094398968041,35.12760239746165],[135.70980800764553,35.12897672873474],[135.70635538182236,35.13169551451413],[135.70504795366136,35.13508652754665],[135.7032708668406,35.13562430934916],[135.70193805172502,35.1371928396065]],[[135.70968107287263,35.164096868115635],[135.71294329653645,35.16645713269334],[135.7137683725604,35.16875764373743],[135.7163451484505,35.168951842721675],[135.72025473945615,35.168264677085126]],[[135.68468761608636,35.14085274354028],[135.6843448921995,35.14064360617263]],[[135.6843448921995,35.14064360617263],[135.68197121194606,35.13925433651614],[135.68051146205758,35.137312346673724],[135.6816031011046,35.136191967918485],[135.6804733816257,35.134593560894345]],[[135.6804733816257,35.134593560894345],[135.68029567294363,35.13466825281136]],[[135.68029567294363,35.13466825281136],[135.68039722076196,35.13874643148043],[135.67941982301053,35.14016557790373]],[[135.67941982301053,35.14016557790373],[135.6796229186472,35.140270146587554]],[[135.6796229186472,35.140270146587554],[135.68123499026316,35.1400012556863]],[[135.68386254006242,35.14224201319678],[135.68468761608636,35.14085274354028]],[[135.691516706869,35.0968741428013],[135.68859720709204,35.09375202067003],[135.6897777004801,35.09328893078453]],[[135.686807426794,35.09178015406081],[135.68471300304094,35.09212373687908],[135.68365944442579,35.09071952883918]],[[135.6797117729882,35.093811774203644],[135.68363405747118,35.09606747009752],[135.6857538681788,35.09947342151345],[135.68881299620597,35.10014564876659]],[[135.68881299620597,35.10014564876659],[135.691516706869,35.0968741428013]],[[135.7572435322826,35.05165565623985],[135.7565073105997,35.05099836737011]],[[135.7565073105997,35.05099836737011],[135.75499678680205,35.05086392191948]],[[135.76718252500154,35.05394122890054],[135.76723329891072,35.05271628146148]],[[135.6843448921995,35.14064360617263],[135.6823012423556,35.137551360808175],[135.68275820753811,35.13631147498571],[135.68496687258676,35.13551974066534],[135.68127307069503,35.13472800634497],[135.68150155328627,35.13236774176727],[135.67981332080655,35.12852857723265]],[[135.67981332080655,35.12852857723265],[135.6804733816257,35.134593560894345]],[[135.75523796287058,35.048996623994086],[135.75455251509686,35.04898168561068]],[[135.75499678680205,35.05086392191948],[135.75523796287058,35.048996623994086]],[[135.69579440871613,35.12893191358454],[135.69654332387628,35.12915598933559],[135.7002625127226,35.12601892882091],[135.7020015191115,35.121716674400794],[135.70588572316257,35.115801074573135],[135.70763742302876,35.11477032611831],[135.70490832541117,35.112350308006995],[135.7067234926638,35.11496452510256],[135.7026996603625,35.118997888621415],[135.70093526701902,35.122030380452266],[135.69933588888034,35.125914360137095],[135.69579440871613,35.12893191358454]],[[135.6798894816703,35.106419769795934],[135.68185697065044,35.10371592239996],[135.68256780537874,35.10380555270037]],[[135.68256780537874,35.10380555270037],[135.68552538558757,35.10190837800817],[135.68783559845457,35.102027885075394],[135.68881299620597,35.10014564876659]],[[135.67116906277127,35.09672475896726],[135.66993779547403,35.09826341245779]],[[135.66993779547403,35.09826341245779],[135.67274305395537,35.10099713662058],[135.6745963016399,35.10447777995352],[135.67496441248133,35.106703599080596],[135.67782044487186,35.10541889810792]],[[135.67782044487186,35.10541889810792],[135.6798894816703,35.106419769795934]],[[135.67255265179602,35.11364994736307],[135.6734411952064,35.10999004342929]],[[135.6734411952064,35.10999004342929],[135.6787597621914,35.10776422430222],[135.67943251648782,35.10652433847976],[135.67782044487186,35.10541889810792]],[[135.66993779547403,35.09826341245779],[135.66559662624047,35.099264284145804],[135.66506350019424,35.09763600035486]],[[135.66506350019424,35.09763600035486],[135.6632483329416,35.097934768022924],[135.66134431134793,35.09412548025511],[135.65767589641078,35.092183490412694],[135.656203453045,35.09070459045578],[135.65253503810786,35.09484252265846],[135.6526111989716,35.09606747009752],[135.6500851969907,35.10171417902393],[135.65412172276928,35.10586704961001],[135.65461676838362,35.1086306505396]],[[135.67981332080655,35.12852857723265],[135.67911517955554,35.124764104615046]],[[135.67911517955554,35.124764104615046],[135.67865821437306,35.12515250258353]],[[135.67865821437306,35.12515250258353],[135.67820124919058,35.128184994414376],[135.6801687381707,35.13308478417062],[135.68029567294363,35.13466825281136]],[[135.75669771275906,35.04904143914429],[135.75523796287058,35.048996623994086]],[[135.7565073105997,35.05099836737011],[135.75669771275906,35.04904143914429]],[[135.71050614889657,35.11382920796391],[135.70966837939534,35.11131955955218],[135.71034113369177,35.110079673729715],[135.70798014691562,35.108481266705574]],[[135.70798014691562,35.108481266705574],[135.706558477459,35.108062991970286],[135.70422287763745,35.11033362624757]],[[135.70422287763745,35.11033362624757],[135.7027123538398,35.11091622320029],[135.70315662554498,35.11208141710574],[135.7006813974732,35.11335117969501],[135.69792691290104,35.116547993743296],[135.69392846755431,35.1165778705101]],[[135.69392846755431,35.1165778705101],[135.69387769364516,35.11792232501639],[135.6913516916642,35.122926683456456],[135.69067893736778,35.12346446525897]],[[135.69067893736778,35.12346446525897],[135.68954921788887,35.1283045014816],[135.6903489069582,35.13168057613072],[135.69164364164192,35.1334582437557],[135.6938015327814,35.13475788311178],[135.69456314141888,35.13702851738906]],[[135.67911517955554,35.124764104615046],[135.68228854887832,35.123583972326195],[135.68349442922099,35.12134321481572],[135.68500495301865,35.12098469361404],[135.6877594375908,35.12324038950792],[135.69067893736778,35.12346446525897]],[[135.69392846755431,35.1165778705101],[135.69229100898374,35.115532183671874],[135.6880640810458,35.11432217461622],[135.68433219872222,35.11093116158369],[135.68256780537874,35.10380555270037]],[[135.6798894816703,35.106419769795934],[135.6800671903524,35.10788373136945],[135.67768081662163,35.10901904850809],[135.67397432125262,35.11175277267087],[135.67436781904865,35.11318685747758],[135.67592911675547,35.113784392813706]],[[135.664530374148,35.119027765388225],[135.66492387194404,35.120596295645555],[135.67016627806527,35.122896806689646],[135.6704328410884,35.12543633186819],[135.67223531486374,35.12672103284086]],[[135.67223531486374,35.12672103284086],[135.67439320600323,35.12580979145327],[135.6764495493244,35.12600399043751],[135.67865821437306,35.12515250258353]],[[135.67663995148376,35.15066726143617],[135.67653840366543,35.14425869495621],[135.6796229186472,35.140270146587554]],[[135.67941982301053,35.14016557790373],[135.67896285782805,35.14058385263902]],[[135.67896285782805,35.14058385263902],[135.67467246250365,35.142152382896356],[135.67567524720963,35.142809671766095],[135.67637338846066,35.15117516647188],[135.67663995148376,35.15066726143617]],[[135.69170710902836,35.09696377310171],[135.69284952198456,35.09396115803767],[135.6946519957599,35.092228305562905]],[[135.6913643851415,35.078245978697524],[135.6899554091622,35.080277598840354],[135.687505568045,35.08198057454832],[135.688508352751,35.082622925034656]],[[135.691516706869,35.0968741428013],[135.69170710902836,35.09696377310171]],[[135.67663995148376,35.15066726143617],[135.6774396405531,35.14570771814631],[135.67829010353162,35.143466960635834],[135.68123499026316,35.1400012556863]],[[135.67223531486374,35.12672103284086],[135.6744312864351,35.130664766059304],[135.67399970820722,35.13129217816224],[135.67554831243672,35.133936272024606],[135.6755863928686,35.13761111434179]],[[135.6755863928686,35.13761111434179],[135.67896285782805,35.14058385263902]],[[135.66786875867558,35.089001614747815],[135.66675173267396,35.0898680409852],[135.6666755718102,35.09212373687908],[135.6675514217433,35.09457363175721],[135.66543161103567,35.094947091342284],[135.66691674787873,35.09621685393156],[135.66506350019424,35.09763600035486]],[[135.6734411952064,35.10999004342929],[135.67460899511718,35.11046807169819],[135.6734158082518,35.111917094888305],[135.67382199952513,35.11362007059627]],[[135.75523796287058,35.048996623994086],[135.75541567155264,35.047323525052924]],[[135.6986885215385,35.09590314788009],[135.69760957596876,35.09512635194312],[135.69894239108433,35.09414041863851]],[[135.7071169904598,35.088105311743625],[135.70810708168852,35.087642221858125]],[[135.69170710902836,35.09696377310171],[135.69335726107622,35.0978301993391],[135.6959594239209,35.097516493287635]],[[135.75669771275906,35.04904143914429],[135.75685003448655,35.047353401819734]],[[135.75669771275906,35.04904143914429],[135.7579416735336,35.0490563775277]],[[135.75795436701088,35.048503657341776],[135.75800514092003,35.04793599877246]],[[135.72860704751375,35.13223329631664],[135.72768042367147,35.12918586610239],[135.72774389105794,35.1268704166749],[135.7253702108045,35.124256199579335],[135.7258017890324,35.12303125214028],[135.7226538066642,35.11663762404371],[135.72369467180206,35.11382920796391],[135.72330117400602,35.110751900982855],[135.72087671984343,35.1076895323852],[135.7206355437749,35.10443296480331],[135.72616989987384,35.10385036785058]],[[135.71122967710215,35.089703718767765],[135.71012534457782,35.091332002558715],[135.71152162707986,35.09425992570574],[135.70959221853158,35.09788995287271],[135.70965568591805,35.10267023556173],[135.70879252946224,35.10510519205645],[135.70936373594034,35.10583717284321],[135.7067107991865,35.1072115041163],[135.70798014691562,35.108481266705574]],[[135.6755863928686,35.13761111434179],[135.67406317559366,35.13834309512854],[135.6723114757275,35.14158472432703],[135.6725780387506,35.145558334312284],[135.67368237127494,35.146693651450924],[135.67253995831874,35.15183245534162],[135.67339042129723,35.155477420892],[135.67255265179602,35.15786756223651],[135.67407586907095,35.15943609249384],[135.67421549732114,35.162961550976995],[135.6758783428463,35.1653068771713],[135.67926750128302,35.167054668029465],[135.6816157945819,35.16587453574061],[135.6846241486999,35.16566539837297],[135.68699782895334,35.16789121750005],[135.68926996138848,35.16656170137716]],[[135.7576243366013,35.04358892920213],[135.7576243366013,35.044141649388045]],[[135.7576243366013,35.044141649388045],[135.75787820614713,35.04565042611177]],[[135.76042959508266,35.043693497885954],[135.7576243366013,35.04358892920213]],[[135.70422287763745,35.11033362624757],[135.7031185451131,35.10691273644824],[135.70358820377288,35.10168430225712],[135.70264888645335,35.09920453061219],[135.7002498192453,35.0987414407267],[135.69876468240224,35.0973671094536]],[[135.75828439742045,35.050326140116965],[135.75884291042127,35.04950452902979]],[[135.75665963232717,35.03804678895955],[135.75674848666822,35.03722517787237]],[[135.75674848666822,35.03722517787237],[135.7560503454172,35.03726999302258]],[[135.7560503454172,35.03804678895955],[135.75665963232717,35.03804678895955]],[[135.75532681721162,35.037523945540435],[135.7547683042108,35.037523945540435]],[[135.75499678680205,35.03882358489651],[135.75726891923716,35.03991408688495]],[[135.75726891923716,35.03991408688495],[135.75743393444193,35.03804678895955]],[[135.75743393444193,35.03804678895955],[135.75665963232717,35.03804678895955]],[[135.72025473945615,35.168264677085126],[135.72087671984343,35.16987802249267],[135.72256495232315,35.170072221476914],[135.72397392830246,35.17162581335084],[135.72768042367147,35.170266420461154],[135.72860704751375,35.170938647714294],[135.73090456690343,35.16972863865864],[135.73059992344844,35.1686231982868],[135.73321477977044,35.16481391051899],[135.73345595583896,35.162991427743805],[135.73551229916012,35.16101956113458],[135.7374163207538,35.16098968436778],[135.74159247478258,35.15827089858839],[135.7432807072623,35.15525334514095],[135.74467698976434,35.150114541250254],[135.74254448557943,35.14871033321035],[135.74210021387424,35.147410693854276],[135.74386460721772,35.14648451408328],[135.74505779408307,35.143317576801806],[135.74556553317473,35.13950828903399],[135.74475315062807,35.13790988200985],[135.74265872687505,35.13746173050775],[135.74105934873637,35.13547492551513],[135.7390283923698,35.13477282149518],[135.73855873371,35.130201676173805],[135.74088164005428,35.124510152097194]],[[135.7608230928787,35.040750636355526],[135.7593506495129,35.0401829777862]],[[135.7593506495129,35.0401829777862],[135.7593379560356,35.04139298684186]],[[135.7593379560356,35.04139298684186],[135.76084847983327,35.041407925225265]],[[135.76084847983327,35.041407925225265],[135.7608230928787,35.040944835339765]],[[135.7608230928787,35.040944835339765],[135.7608230928787,35.040750636355526]],[[135.6863250746569,35.14161460109384],[135.68468761608636,35.14085274354028]],[[135.75671040623635,35.044380663522496],[135.7576243366013,35.044141649388045]],[[135.7576243366013,35.04358892920213],[135.75577108891682,35.04282707164857]],[[135.75577108891682,35.04282707164857],[135.75528873677973,35.04411177262124]],[[135.75528873677973,35.04411177262124],[135.75671040623635,35.044380663522496]],[[135.7546159824833,35.04134817169165],[135.75555529980286,35.04143780199207]],[[135.75555529980286,35.04143780199207],[135.75730699966903,35.04148261714228]],[[135.75730699966903,35.04148261714228],[135.75726891923716,35.03991408688495]],[[135.7593379560356,35.04139298684186],[135.7578147387607,35.041422863608666]],[[135.7578147387607,35.041422863608666],[135.7576243366013,35.04358892920213]],[[135.76105157546993,35.04306608578302],[135.76084847983327,35.041407925225265]],[[135.7593506495129,35.0401829777862],[135.75726891923716,35.03991408688495]],[[135.75730699966903,35.04148261714228],[135.7578147387607,35.041422863608666]],[[135.76074693201494,35.03848000207824],[135.7608230928787,35.040750636355526]],[[135.7608230928787,35.040944835339765],[135.76216860147156,35.04146767875888]],[[135.75756086921487,35.03743431524001],[135.75674848666822,35.03722517787237]],[[135.75743393444193,35.03804678895955],[135.75744662791922,35.037987035425935]],[[135.76154662108428,35.04246855044689],[135.76230822972175,35.04154237067589]],[[135.75577108891682,35.04282707164857],[135.75516180200682,35.042498427213694]],[[135.75516180200682,35.042498427213694],[135.75469214334706,35.04222953631244]],[[135.75503486723392,35.04411177262124],[135.75528873677973,35.04411177262124]],[[135.75555529980286,35.04143780199207],[135.75516180200682,35.042498427213694]],[[135.75503486723392,35.044365725139095],[135.7553395106889,35.04560561096156]],[[135.7566723258045,35.04560561096156],[135.75671040623635,35.044380663522496]],[[135.76290482315443,35.04363374435234],[135.76459305563415,35.0410942191738]]]}