{"type":"Topology","bbox":[135.72710588225178,34.98172473927457,135.77156326546725,35.004472748642],"objects":{"town":{"type":"GeometryCollection","geometries":[{"type":"Polygon","arcs":[[0,1,2,3,4,5,6,7,8,9]],"properties":{"name":"修徳大江町"}},{"type":"Polygon","arcs":[[10,11,12,13,-10,14,15]],"properties":{"name":"修徳深草町"}},{"type":"Polygon","arcs":[[16,17,18,-2]],"properties":{"name":"修徳吉水町"}},{"type":"Polygon","arcs":[[19,20,21,22]],"properties":{"name":"修徳弁財天町"}},{"type":"Polygon","arcs":[[-13,23,24,25]],"properties":{"name":"修徳玉屋町"}},{"type":"Polygon","arcs":[[26,27,28,-22,29,30]],"properties":{"name":"修徳元両替町"}},{"type":"Polygon","arcs":[[31,32,33,34,35,36]],"properties":{"name":"修徳坂東屋町"}},{"type":"Polygon","arcs":[[37,-25,38,39,40,41]],"properties":{"name":"修徳悪王子町"}},{"type":"Polygon","arcs":[[42,43,-20,44,45,-18]],"properties":{"name":"修徳五条烏丸町"}},{"type":"Polygon","arcs":[[46,47,48,49,50,51,52,53]],"properties":{"name":"修徳藪下町"}},{"type":"Polygon","arcs":[[54,55,56,57,58,59]],"properties":{"name":"修徳月見町"}},{"type":"Polygon","arcs":[[-56,60,-47,61,62,63,64]],"properties":{"name":"修徳富永町"}},{"type":"Polygon","arcs":[[65,-42,66,-37,67,-30,-21,-44]],"properties":{"name":"修徳御供石町"}},{"type":"Polygon","arcs":[[68,69,70,-58]],"properties":{"name":"修徳布屋町"}},{"type":"Polygon","arcs":[[71,72,73,74,75,76]],"properties":{"name":"尚徳和泉町"}},{"type":"Polygon","arcs":[[77,78,79,80]],"properties":{"name":"尚徳下万寿寺町"}},{"type":"Polygon","arcs":[[-41,81,-32,-67]],"properties":{"name":"修徳高砂町"}},{"type":"Polygon","arcs":[[82,-28,83,-62,-54,84,85,86]],"properties":{"name":"修徳中野之町"}},{"type":"Polygon","arcs":[[87,88,89,90]],"properties":{"name":"尚徳横諏訪町"}},{"type":"Polygon","arcs":[[91,92,93,94,95,-34,96,97,98]],"properties":{"name":"尚徳東錺屋町"}},{"type":"Polygon","arcs":[[99,100,101,102,103]],"properties":{"name":"植柳元日町"}},{"type":"Polygon","arcs":[[104,105,-99]],"properties":{"name":"尚徳上柳町"}},{"type":"Polygon","arcs":[[-40,106,107,108,109,-97,-33,-82]],"properties":{"name":"尚徳醍醐町"}},{"type":"Polygon","arcs":[[110,111,112,113,114]],"properties":{"name":"尚徳上若宮町"}},{"type":"Polygon","arcs":[[-88,115,116,117,118]],"properties":{"name":"尚徳鍵屋町"}},{"type":"Polygon","arcs":[[119,120,-115,121,122,-92,-106,123,124]],"properties":{"name":"尚徳蛭子町"}},{"type":"Polygon","arcs":[[-38,-66,-43,-17,-1,-14,-26]],"properties":{"name":"修徳大堀町"}},{"type":"Polygon","arcs":[[125,126,127,-120]],"properties":{"name":"尚徳銭屋町"}},{"type":"Polygon","arcs":[[128,129,130,131,132,133,134,135,136]],"properties":{"name":"植柳玉本町"}},{"type":"Polygon","arcs":[[137,138,139,140,141,142]],"properties":{"name":"植柳鍵屋町"}},{"type":"Polygon","arcs":[[143,144,-111,145,146]],"properties":{"name":"植柳若宮町"}},{"type":"Polygon","arcs":[[147,148,149,-147,150]],"properties":{"name":"植柳東松屋町"}},{"type":"Polygon","arcs":[[151,152,153,154,155,156]],"properties":{"name":"植柳学林町"}},{"type":"Polygon","arcs":[[-122,-114,157,158,159]],"properties":{"name":"尚徳上錫屋町"}},{"type":"Polygon","arcs":[[160,161,162,163]],"properties":{"name":"植柳竹屋町"}},{"type":"Polygon","arcs":[[-135,164,165,166,167]],"properties":{"name":"植柳仏具屋町"}},{"type":"Polygon","arcs":[[168,169,170]],"properties":{"name":"植柳花屋町"}},{"type":"Polygon","arcs":[[171,-136,-168,-157,172]],"properties":{"name":"植柳柳町"}},{"type":"Polygon","arcs":[[-27,173,174,-63,-84]],"properties":{"name":"修徳徳万町"}},{"type":"Polygon","arcs":[[175,176,177,-173,-156]],"properties":{"name":"植柳山川町"}},{"type":"Polygon","arcs":[[178,-176,-155,179,180]],"properties":{"name":"植柳西側町"}},{"type":"Polygon","arcs":[[181,182,183,-129,184,185]],"properties":{"name":"植柳紅葉町"}},{"type":"Polygon","arcs":[[186,-74,187,-81]],"properties":{"name":"尚徳福島町"}},{"type":"Polygon","arcs":[[-95,188,-69,-57,-65,189]],"properties":{"name":"修徳材木町"}},{"type":"Polygon","arcs":[[190,-35,-96,-190,-64,-175]],"properties":{"name":"修徳小田原町"}},{"type":"Polygon","arcs":[[191,192,193,-45,-23,-29,-83,194]],"properties":{"name":"修徳玉津島町"}},{"type":"Polygon","arcs":[[195,196,197,198,199,-131]],"properties":{"name":"植柳米屋町"}},{"type":"Polygon","arcs":[[-138,200,201,202,-182,203,204,205]],"properties":{"name":"植柳鍛冶屋町"}},{"type":"Polygon","arcs":[[-133,206,207,208,209,210]],"properties":{"name":"植柳丸屋町"}},{"type":"Polygon","arcs":[[-166,211,-210,212,213,-169]],"properties":{"name":"植柳堺町"}},{"type":"Polygon","arcs":[[-189,-94,214,215,216,217,-70]],"properties":{"name":"尚徳西錺屋町"}},{"type":"Polygon","arcs":[[218,219,220,-202,221,-163,222]],"properties":{"name":"植柳福本町"}},{"type":"Polygon","arcs":[[-141,223,-148,224,225,226]],"properties":{"name":"植柳東若松町"}},{"type":"Polygon","arcs":[[-93,-123,-160,227,228,229,-215]],"properties":{"name":"尚徳毘沙門町"}},{"type":"Polygon","arcs":[[-213,-209,230,231,232,233,234,235,236,237,238,239,240,-100,241]],"properties":{"name":"植柳本願寺門前町"}},{"type":"Polygon","arcs":[[-229,242]],"properties":{"name":"尚徳八百屋町"}},{"type":"Polygon","arcs":[[-12,243,244,-79,245,246,-107,-39,-24]],"properties":{"name":"尚徳松屋町"}},{"type":"Polygon","arcs":[[-140,247,248,249,-149,-224]],"properties":{"name":"植柳四本松町"}},{"type":"Polygon","arcs":[[-151,-146,-121,-128,250,251,252,253,-225]],"properties":{"name":"植柳艮町"}},{"type":"Polygon","arcs":[[254,255,-170,-214,-242,-104,256]],"properties":{"name":"植柳住吉町"}},{"type":"Polygon","arcs":[[-249,257,-205,258,-185,-137,-172,-178,259]],"properties":{"name":"植柳西洞院町"}},{"type":"Polygon","arcs":[[-250,-260,-177,-179,260,-144,-150]],"properties":{"name":"植柳西松屋町"}},{"type":"Polygon","arcs":[[-152,-167,-171,-256,261]],"properties":{"name":"植柳西若松町"}},{"type":"Polygon","arcs":[[262,263,264,-232,265]],"properties":{"name":"植柳花園町"}},{"type":"Polygon","arcs":[[266,-199,267,-266,-231,-208]],"properties":{"name":"植柳菱屋町"}},{"type":"Polygon","arcs":[[268,-3,-19,-46,-194,269]],"properties":{"name":"修徳俊成町"}},{"type":"Polygon","arcs":[[-61,-55,270,-48]],"properties":{"name":"修徳亀屋町"}},{"type":"Polygon","arcs":[[271,272,273,274,-116,-91,275,-108,-247]],"properties":{"name":"尚徳大坂町"}},{"type":"Polygon","arcs":[[-68,-36,-191,-174,-31]],"properties":{"name":"修徳長刀切町"}},{"type":"Polygon","arcs":[[-161,276,277,278,279,280]],"properties":{"name":"植柳辰巳町"}},{"type":"Polygon","arcs":[[281,-220,282,-196,-130,-184]],"properties":{"name":"植柳文覚町"}},{"type":"Polygon","arcs":[[-112,-145,-261,-181,283]],"properties":{"name":"植柳東側町"}},{"type":"Polygon","arcs":[[-118,284,285,286,-126,-125,287]],"properties":{"name":"尚徳堺町"}},{"type":"Polygon","arcs":[[288,-278,289,-142,-227]],"properties":{"name":"植柳平野町"}},{"type":"Polygon","arcs":[[290,-109,-276,-90]],"properties":{"name":"尚徳上諏訪町"}},{"type":"Polygon","arcs":[[291,292,293,294]],"properties":{"name":"皆山堀詰町"}},{"type":"Polygon","arcs":[[295,296,297,-294,298,299]],"properties":{"name":"皆山飴屋町"}},{"type":"Polygon","arcs":[[300,301,302,303]],"properties":{"name":"皆山紺屋町"}},{"type":"Polygon","arcs":[[-89,-119,-288,-124,-105,-98,-110,-291]],"properties":{"name":"尚徳大黒町"}},{"type":"Polygon","arcs":[[304,305,306,307,308]],"properties":{"name":"皆山住吉町"}},{"type":"Polygon","arcs":[[-275,309,310,-285,-117]],"properties":{"name":"尚徳下諏訪町"}},{"type":"Polygon","arcs":[[311,-303,312,313]],"properties":{"name":"皆山溜池町"}},{"type":"Polygon","arcs":[[314,315,316,317,318,319]],"properties":{"name":"皆山打越町"}},{"type":"Polygon","arcs":[[320,321,322,323]],"properties":{"name":"皆山中居町"}},{"type":"Polygon","arcs":[[324,325,326,327,328]],"properties":{"name":"七条西七条西久保町"}},{"type":"Polygon","arcs":[[329,330,331,332,333,334]],"properties":{"name":"大内西酢屋町"}},{"type":"Polygon","arcs":[[335,336,337,338,-235,339]],"properties":{"name":"安寧御器屋町"}},{"type":"Polygon","arcs":[[340,341,342,343,344,345]],"properties":{"name":"七条第三西七条西石ケ坪町"}},{"type":"Polygon","arcs":[[346,347,348,349]],"properties":{"name":"梅逕三軒替地町"}},{"type":"Polygon","arcs":[[350,351,352,353,354,355]],"properties":{"name":"梅逕坊門中之町"}},{"type":"Polygon","arcs":[[356,357,358,359,360]],"properties":{"name":"七条梅小路東中町"}},{"type":"Polygon","arcs":[[361,362,363,364,365,366,-300]],"properties":{"name":"皆山真苧屋町"}},{"type":"Polygon","arcs":[[367,-308,368,369,370,-313,-302]],"properties":{"name":"皆山万屋町"}},{"type":"Polygon","arcs":[[371,372,373,374]],"properties":{"name":"皆山東塩小路釜殿町"}},{"type":"Polygon","arcs":[[375,376,377,378,379]],"properties":{"name":"安寧松明町"}},{"type":"Polygon","arcs":[[-78,-188,-73,380,-272,-246]],"properties":{"name":"尚徳上平野町"}},{"type":"Polygon","arcs":[[-307,381,382,383,-292,384,385,386,-316,387,388,-369]],"properties":{"name":"皆山東玉水町"}},{"type":"Polygon","arcs":[[-221,-282,-183,-203]],"properties":{"name":"植柳高雄町"}},{"type":"Polygon","arcs":[[389,390,391,392]],"properties":{"name":"七条梅小路石橋町"}},{"type":"Polygon","arcs":[[393,394,395,396,397]],"properties":{"name":"大内二人司町"}},{"type":"Polygon","arcs":[[398,-379,399,400,401,402]],"properties":{"name":"安寧御方紺屋町"}},{"type":"Polygon","arcs":[[403,404,405,406]],"properties":{"name":"皆山卓屋町"}},{"type":"Polygon","arcs":[[407,-374,408,409,410]],"properties":{"name":"安寧西九条北ノ内町"}},{"type":"Polygon","arcs":[[411,412,413,414]],"properties":{"name":"安寧東町"}},{"type":"Polygon","arcs":[[415,416,417,-391]],"properties":{"name":"七条七条御所ノ内中町"}},{"type":"Polygon","arcs":[[418,419,420,421]],"properties":{"name":"安寧南不動堂町"}},{"type":"Polygon","arcs":[[422,-223,-162,-281,423,424,425]],"properties":{"name":"植柳夷之町"}},{"type":"Polygon","arcs":[[-408,426,-422,427,428,429,-415,-426,430,431,-364,432,433,-375]],"properties":{"name":"皆山東塩小路町"}},{"type":"Polygon","arcs":[[434,435,436,437,438]],"properties":{"name":"七条第三西七条赤社町"}},{"type":"Polygon","arcs":[[439,440,441,442,443]],"properties":{"name":"光徳中堂寺西寺町"}},{"type":"Polygon","arcs":[[444,445,446,447,448,449,450]],"properties":{"name":"安寧樽屋町"}},{"type":"Polygon","arcs":[[451,-349,452,453,-356,454,455,-446,456]],"properties":{"name":"梅逕金換町"}},{"type":"Polygon","arcs":[[457,458,459,460,461]],"properties":{"name":"七条西七条南中野町"}},{"type":"Polygon","arcs":[[-343,462,463,464]],"properties":{"name":"七条第三西七条御前田町"}},{"type":"Polygon","arcs":[[465,466,467,468]],"properties":{"name":"西大路七条御所ノ内西町"}},{"type":"Polygon","arcs":[[469,470,471,472,473,474,475,476,477,478,479]],"properties":{"name":"大内朱雀分木町"}},{"type":"Polygon","arcs":[[-306,480,481,-382]],"properties":{"name":"皆山塩屋町"}},{"type":"Polygon","arcs":[[482,483,484,485]],"properties":{"name":"七条第三西七条八幡町"}},{"type":"Polygon","arcs":[[486,487,488,489,490,491,492]],"properties":{"name":"七条西七条南衣田町"}},{"type":"Polygon","arcs":[[493,494,495,496,-264]],"properties":{"name":"安寧八百屋町"}},{"type":"Polygon","arcs":[[497,498,-390,499,-358]],"properties":{"name":"七条梅小路西中町"}},{"type":"Polygon","arcs":[[500,501,502,503,504,505]],"properties":{"name":"淳風西門前町"}},{"type":"Polygon","arcs":[[506,507,508,509,510]],"properties":{"name":"七条第三西七条北月読町"}},{"type":"Polygon","arcs":[[511,-428,-421,512,-380,-399,513]],"properties":{"name":"安寧北不動堂町"}},{"type":"Polygon","arcs":[[514,515,516]],"properties":{"name":"西大路七条御所ノ内南町"}},{"type":"Polygon","arcs":[[-420,517,-410,518,-376,-513]],"properties":{"name":"安寧西油小路町"}},{"type":"Polygon","arcs":[[519,520,521,-473]],"properties":{"name":"七条第三西七条東八反田町"}},{"type":"Polygon","arcs":[[-443,522,523,524,525,526]],"properties":{"name":"光徳中堂寺命婦町"}},{"type":"Polygon","arcs":[[527,-440,528,529,530]],"properties":{"name":"淳風上長福寺町"}},{"type":"Polygon","arcs":[[531,-493,532,-458]],"properties":{"name":"七条西七条南西野町"}},{"type":"Polygon","arcs":[[533,534,535,-385,-295,-298]],"properties":{"name":"皆山西玉水町"}},{"type":"Polygon","arcs":[[536,-239,537,538,539,540]],"properties":{"name":"淳風堀之上町"}},{"type":"MultiPolygon","arcs":[[[1234,1235,1236,544,545,541,542,1237]],[[-1331,-1146,629,-583,-180,-154,-580,-781,-1256]]],"properties":{"name":"醒泉天使突抜"}},{"type":"Polygon","arcs":[[-139,-206,-258,-248]],"properties":{"name":"植柳蛭子水町"}},{"type":"Polygon","arcs":[[546,-335,547,-338]],"properties":{"name":"安寧花畑町"}},{"type":"Polygon","arcs":[[-359,-500,-393,-329,548]],"properties":{"name":"七条梅小路本町"}},{"type":"Polygon","arcs":[[549,550,-510,551,-490]],"properties":{"name":"西大路西七条南衣田町"}},{"type":"Polygon","arcs":[[552,553,554,-479,555]],"properties":{"name":"大内西新屋敷中堂寺町"}},{"type":"Polygon","arcs":[[-318,556,557,558,559]],"properties":{"name":"皆山筒金町"}},{"type":"Polygon","arcs":[[560,561,562,563,564,565,-406,566,567,-324,568,-279,-289,-226,-254,569,570]],"properties":{"name":"皆山常葉町"}},{"type":"Polygon","arcs":[[571,-467,572,-550,-489,573]],"properties":{"name":"西大路七条御所ノ内北町"}},{"type":"Polygon","arcs":[[574,575,576,577]],"properties":{"name":"大内八条坊門町"}},{"type":"Polygon","arcs":[[-323,578,-424,-280,-569]],"properties":{"name":"皆山新シ町"}},{"type":"Polygon","arcs":[[579,-153,-262,-255,580,581]],"properties":{"name":"醒泉卜味金仏町"}},{"type":"Polygon","arcs":[[-158,-113,-284,582,583]],"properties":{"name":"醒泉金屋町"}},{"type":"MultiPolygon","arcs":[[[-238,-237,584,585,586,587,-771,-745,-664,-538]]],"properties":{"name":"淳風大宮"}},{"type":"Polygon","arcs":[[-430,589,590,-412]],"properties":{"name":"安寧東大工町"}},{"type":"Polygon","arcs":[[-499,591,592,593,-416]],"properties":{"name":"七条七条御所ノ内本町"}},{"type":"Polygon","arcs":[[594,595,596,597]],"properties":{"name":"菊浜下二之宮町"}},{"type":"Polygon","arcs":[[598,-346,599,600,601,602]],"properties":{"name":"七条第三西七条市部町"}},{"type":"Polygon","arcs":[[603,604,-233,-265,-497]],"properties":{"name":"安寧西八百屋町"}},{"type":"Polygon","arcs":[[605,606,607,-395,608,-332]],"properties":{"name":"大内夷馬場町"}},{"type":"Polygon","arcs":[[609,-498,-357,610,611]],"properties":{"name":"七条梅小路高畑町"}},{"type":"Polygon","arcs":[[-478,612,613,614,-556]],"properties":{"name":"大内西新屋敷中之町"}},{"type":"Polygon","arcs":[[-515,615,616,-593]],"properties":{"name":"西大路七条御所ノ内本町"}},{"type":"Polygon","arcs":[[617,618,619,620,621,622,623]],"properties":{"name":"成徳白楽天町"}},{"type":"Polygon","arcs":[[624,625,626,-447,-456]],"properties":{"name":"梅逕上糀屋町"}},{"type":"Polygon","arcs":[[-573,-466,627,-511,-551]],"properties":{"name":"西大路西七条南月読町"}},{"type":"Polygon","arcs":[[630,631,632]],"properties":{"name":"崇仁屋形町"}},{"type":"Polygon","arcs":[[-627,633,634,635,-448]],"properties":{"name":"安寧徹宝町"}},{"type":"Polygon","arcs":[[636,637,638,639,-353]],"properties":{"name":"梅逕古御旅町"}},{"type":"Polygon","arcs":[[-492,640,-603,641,-459,-533]],"properties":{"name":"七条第三西七条北西野町"}},{"type":"Polygon","arcs":[[642,-535,643,-404,644]],"properties":{"name":"皆山笹屋町"}},{"type":"Polygon","arcs":[[645,646,647,648,649,650]],"properties":{"name":"郁文五坊大宮町"}},{"type":"Polygon","arcs":[[651,652,653,654,655]],"properties":{"name":"醒泉小泉町"}},{"type":"Polygon","arcs":[[656,657,658,-470,659]],"properties":{"name":"大内西新屋敷揚屋町"}},{"type":"Polygon","arcs":[[-654,660,661,662]],"properties":{"name":"醒泉橋橘町"}},{"type":"Polygon","arcs":[[-539,663,664,665,666]],"properties":{"name":"淳風中堂寺前町"}},{"type":"Polygon","arcs":[[-418,667,-574,-488,668]],"properties":{"name":"七条七条御所ノ内北町"}},{"type":"Polygon","arcs":[[669,-590,-429,-512]],"properties":{"name":"安寧南町"}},{"type":"Polygon","arcs":[[-496,670,-450,671,-604]],"properties":{"name":"安寧下魚棚"}},{"type":"Polygon","arcs":[[672,-434,673,674,675,676]],"properties":{"name":"皆山東塩小路向畑町"}},{"type":"Polygon","arcs":[[-534,-297,677,678,-567,-405,-644]],"properties":{"name":"皆山橘町"}},{"type":"Polygon","arcs":[[-200,-267,-207,-132]],"properties":{"name":"植柳北小路町"}},{"type":"Polygon","arcs":[[679,-413,-591,-670,-514,680,681]],"properties":{"name":"安寧油小路町"}},{"type":"Polygon","arcs":[[682,683,684,685,686,687]],"properties":{"name":"菊浜早尾町"}},{"type":"Polygon","arcs":[[-460,-642,-602,688]],"properties":{"name":"七条第三西七条中野町"}},{"type":"Polygon","arcs":[[689,-366,690,-321,-568,-679]],"properties":{"name":"皆山桜木町"}},{"type":"Polygon","arcs":[[-455,-355,691,692,-625]],"properties":{"name":"梅逕下糀屋町"}},{"type":"Polygon","arcs":[[-613,-477,693,694,695,696,697]],"properties":{"name":"光徳小坂町"}},{"type":"Polygon","arcs":[[698,699,700,701,702,703]],"properties":{"name":"成徳郭巨山町"}},{"type":"Polygon","arcs":[[-277,-164,-222,-201,-143,-290]],"properties":{"name":"植柳井筒町"}},{"type":"Polygon","arcs":[[-640,704,705,706,-692,-354]],"properties":{"name":"梅逕八条坊門町"}},{"type":"Polygon","arcs":[[707,-694,-476,708,709,-525,710]],"properties":{"name":"光徳中堂寺坊城町"}},{"type":"Polygon","arcs":[[711,712,713,714,715]],"properties":{"name":"光徳中堂寺藪ノ内町"}},{"type":"Polygon","arcs":[[-509,716,717,-641,-491,-552]],"properties":{"name":"七条第三西七条北衣田町"}},{"type":"Polygon","arcs":[[-333,-609,-394,718]],"properties":{"name":"大内諏訪開町"}},{"type":"Polygon","arcs":[[719,720,721,722,723]],"properties":{"name":"菊浜新日吉町"}},{"type":"MultiPolygon","arcs":[[[-588,-587,724,769,-746,770]]],"properties":{"name":"淳風突抜"}},{"type":"Polygon","arcs":[[726,-474,-522,727,-439,728]],"properties":{"name":"光徳中堂寺粟田町"}},{"type":"Polygon","arcs":[[729,730,731,732]],"properties":{"name":"菊浜十禅師町"}},{"type":"Polygon","arcs":[[-659,733,734,735,736,-471]],"properties":{"name":"大内朱雀堂ノ口町"}},{"type":"Polygon","arcs":[[-204,-186,-259]],"properties":{"name":"植柳植松町"}},{"type":"Polygon","arcs":[[-392,-669,-487,-532,-462,737,-325]],"properties":{"name":"七条西七条石井町"}},{"type":"Polygon","arcs":[[-505,738,739,740]],"properties":{"name":"郁文北門前町"}},{"type":"Polygon","arcs":[[741,742,-712,743,-665,744,745]],"properties":{"name":"淳風丹波街道町"}},{"type":"Polygon","arcs":[[746,747,-619,748,749,750,751]],"properties":{"name":"成徳鶏鉾町"}},{"type":"Polygon","arcs":[[752,753,-652,754,755]],"properties":{"name":"醒泉泉水町"}},{"type":"Polygon","arcs":[[-696,756,757,758,-713,-743,759]],"properties":{"name":"光徳中堂寺前田町"}},{"type":"Polygon","arcs":[[760,761,762,-700]],"properties":{"name":"成徳新釜座町"}},{"type":"Polygon","arcs":[[763,764,765,766,767,768]],"properties":{"name":"成徳大政所町"}},{"type":"Polygon","arcs":[[771,-431,-425,-579]],"properties":{"name":"皆山西境町"}},{"type":"Polygon","arcs":[[772,-49,-271,-60,773,-542]],"properties":{"name":"醒泉永倉町"}},{"type":"Polygon","arcs":[[774,-486,775,-717,-508]],"properties":{"name":"七条第三西七条名倉町"}},{"type":"Polygon","arcs":[[776,-614,-698,777,-397]],"properties":{"name":"淳風薬園町"}},{"type":"Polygon","arcs":[[778,779,780,-582,-756]],"properties":{"name":"醒泉中金仏町"}},{"type":"Polygon","arcs":[[-716,781,782,-666,-744]],"properties":{"name":"淳風藪之内町"}},{"type":"Polygon","arcs":[[-427,-411,-518,-419]],"properties":{"name":"安寧東油小路町"}},{"type":"Polygon","arcs":[[783,784,-350,-452,785]],"properties":{"name":"梅逕伊勢松町"}},{"type":"Polygon","arcs":[[786,-344,-465,787,-437]],"properties":{"name":"七条第三西七条東御前田町"}},{"type":"Polygon","arcs":[[788,-635,789,790,-336]],"properties":{"name":"安寧上之町"}},{"type":"Polygon","arcs":[[791,-657,-554,792]],"properties":{"name":"大内西新屋敷太夫町"}},{"type":"Polygon","arcs":[[793,-721,794,-309,-368,-301]],"properties":{"name":"皆山納屋町"}},{"type":"Polygon","arcs":[[795,-516,-592,-610]],"properties":{"name":"七条七条御所ノ内南町"}},{"type":"Polygon","arcs":[[796,797,-347,-785]],"properties":{"name":"梅逕松本町"}},{"type":"Polygon","arcs":[[798,-578,799,800,-606,-331,801]],"properties":{"name":"大内観喜寺町"}},{"type":"Polygon","arcs":[[802,803,-689,804,805]],"properties":{"name":"七条第三西七条北東野町"}},{"type":"Polygon","arcs":[[806,807,-451,-671,808]],"properties":{"name":"安寧南八百屋町"}},{"type":"Polygon","arcs":[[809,-637,-352,810]],"properties":{"name":"梅逕南夷町"}},{"type":"Polygon","arcs":[[-134,-211,-212,-165]],"properties":{"name":"植柳珠数屋町"}},{"type":"Polygon","arcs":[[-672,-449,-636,-789,-340,-234,-605]],"properties":{"name":"安寧大工町"}},{"type":"Polygon","arcs":[[-693,-707,811,-799,812,-790,-634,-626]],"properties":{"name":"梅逕上中之町"}},{"type":"Polygon","arcs":[[813,-435,-728,-521,814]],"properties":{"name":"七条第三西七条西八反田町"}},{"type":"Polygon","arcs":[[-674,-433,-363,815,816]],"properties":{"name":"皆山塩小路町"}},{"type":"Polygon","arcs":[[-432,-772,-322,-691,-365]],"properties":{"name":"皆山東境町"}},{"type":"Polygon","arcs":[[817,-383,-482]],"properties":{"name":"皆山皆山町"}},{"type":"Polygon","arcs":[[818,819,-729]],"properties":{"name":"光徳中堂寺庄ノ内町"}},{"type":"Polygon","arcs":[[820,821,822,-372,-673]],"properties":{"name":"皆山東塩小路高倉町"}},{"type":"Polygon","arcs":[[823,-682,-494,-263,-268,-198]],"properties":{"name":"安寧土橋町"}},{"type":"Polygon","arcs":[[-468,-572,-668,-417,-594,-617]],"properties":{"name":"西大路七条御所ノ内中町"}},{"type":"Polygon","arcs":[[-811,-351,-454,824]],"properties":{"name":"梅逕上夷町"}},{"type":"Polygon","arcs":[[-709,-475,-727,825]],"properties":{"name":"光徳中堂寺南町"}},{"type":"Polygon","arcs":[[826,827,828]],"properties":{"name":"菊浜富松町"}},{"type":"Polygon","arcs":[[829,830,831,832,833,834,-623]],"properties":{"name":"成徳糸屋町"}},{"type":"Polygon","arcs":[[835,836,837]],"properties":{"name":"格致藤本寄町"}},{"type":"Polygon","arcs":[[838,839,840,841]],"properties":{"name":"菊浜平居町"}},{"type":"Polygon","arcs":[[842,843,844]],"properties":{"name":"菊浜聖真子町"}},{"type":"Polygon","arcs":[[845,846,847,-540,-667,-783]],"properties":{"name":"淳風下五条町"}},{"type":"Polygon","arcs":[[848,849,850,851,852,853,854]],"properties":{"name":"郁文瀬戸屋町"}},{"type":"Polygon","arcs":[[855,856,857,858]],"properties":{"name":"郁文十文字町"}},{"type":"Polygon","arcs":[[859,860,861,862,863]],"properties":{"name":"豊園立売西町"}},{"type":"Polygon","arcs":[[-330,-547,-337,-791,-813,-802]],"properties":{"name":"大内和気町"}},{"type":"Polygon","arcs":[[864,865,866,867,868,869]],"properties":{"name":"豊園仏光寺西町"}},{"type":"Polygon","arcs":[[870,871,872,-843,873,-686]],"properties":{"name":"菊浜岩滝町"}},{"type":"Polygon","arcs":[[874,875,876,877,878,879]],"properties":{"name":"格致本柳水町"}},{"type":"Polygon","arcs":[[880,881,882,883,884]],"properties":{"name":"格致要法寺町"}},{"type":"Polygon","arcs":[[-546,885,886,887,888,-50,-773]],"properties":{"name":"醒泉天神前町"}},{"type":"Polygon","arcs":[[-386,-536,-643,889]],"properties":{"name":"皆山榎木町"}},{"type":"Polygon","arcs":[[890,891,892,-596,893]],"properties":{"name":"菊浜稲荷町"}},{"type":"Polygon","arcs":[[894,895,896,897,898,899,900]],"properties":{"name":"格致太子山町"}},{"type":"Polygon","arcs":[[-296,-367,-690,-678]],"properties":{"name":"皆山粉川町"}},{"type":"Polygon","arcs":[[901,902,-739,-504,903,904,905,906,907]],"properties":{"name":"郁文来迎堂町"}},{"type":"Polygon","arcs":[[-852,908,909,910]],"properties":{"name":"郁文塩屋町"}},{"type":"Polygon","arcs":[[911,-905,912,-650,913,-856]],"properties":{"name":"郁文杉蛭子町"}},{"type":"Polygon","arcs":[[914,915,916,917,-837,918]],"properties":{"name":"格致柏屋町"}},{"type":"Polygon","arcs":[[919,-752,920,921,922]],"properties":{"name":"成徳函谷鉾町"}},{"type":"Polygon","arcs":[[923,924,925,926]],"properties":{"name":"郁文佐竹町"}},{"type":"Polygon","arcs":[[-926,927,-854,928,929,930,931]],"properties":{"name":"郁文松本町"}},{"type":"Polygon","arcs":[[932,933,-902,934,935]],"properties":{"name":"格致五軒町"}},{"type":"Polygon","arcs":[[936,937,938,939,940,941,942]],"properties":{"name":"豊園吉文字町"}},{"type":"Polygon","arcs":[[-886,-545,943,944,945,946]],"properties":{"name":"醒泉樋口町"}},{"type":"Polygon","arcs":[[947,948,949,950,951,952,953]],"properties":{"name":"開智大黒町"}},{"type":"Polygon","arcs":[[954,955,956,-933]],"properties":{"name":"格致住吉町"}},{"type":"Polygon","arcs":[[-941,957,958,959]],"properties":{"name":"豊園夕顔町"}},{"type":"Polygon","arcs":[[960,961,-953,962,963,964,965]],"properties":{"name":"開智俵屋町"}},{"type":"Polygon","arcs":[[966,967,968,969,970]],"properties":{"name":"豊園竹屋町"}},{"type":"Polygon","arcs":[[-761,-699,971,-750,972,973,974]],"properties":{"name":"成徳四条町"}},{"type":"Polygon","arcs":[[-853,-911,975,976,977,-929]],"properties":{"name":"郁文丸屋町"}},{"type":"Polygon","arcs":[[-896,978,-955,-936,979,980,981]],"properties":{"name":"格致西高辻町"}},{"type":"Polygon","arcs":[[982,-765,983,984,985,-831]],"properties":{"name":"成徳山王町"}},{"type":"Polygon","arcs":[[-887,-947,986,-956,-979,-895,987,988]],"properties":{"name":"格致麓町"}},{"type":"Polygon","arcs":[[989,990,991,-855,-928,-925]],"properties":{"name":"郁文妙満寺町"}},{"type":"Polygon","arcs":[[992,-797,-784,993,-401]],"properties":{"name":"梅逕清水町"}},{"type":"Polygon","arcs":[[994,995,996,-858,997,998,999]],"properties":{"name":"郁文槌屋町"}},{"type":"Polygon","arcs":[[1000,1001,1002,-864,1003,1004]],"properties":{"name":"豊園立売中之町"}},{"type":"Polygon","arcs":[[1005,-523,-442,1006,-714,-759]],"properties":{"name":"光徳中堂寺櫛笥町"}},{"type":"Polygon","arcs":[[-998,-857,-914,-649,1007]],"properties":{"name":"郁文今大黒町"}},{"type":"Polygon","arcs":[[1008,1009,-472,-737]],"properties":{"name":"大内朱雀宝蔵町"}},{"type":"Polygon","arcs":[[1010,1011,1012,1013,-915,1014]],"properties":{"name":"格致石井筒町"}},{"type":"Polygon","arcs":[[-711,-524,-1006,-758,1015]],"properties":{"name":"光徳中堂寺壬生川町"}},{"type":"Polygon","arcs":[[1016,-502,-847,1017,-531,1018]],"properties":{"name":"淳風上五条町"}},{"type":"Polygon","arcs":[[-868,1019,-768,1020,1021,1022]],"properties":{"name":"豊園上柳町"}},{"type":"Polygon","arcs":[[1023,1024,-733,1025,1026]],"properties":{"name":"菊浜山王町"}},{"type":"Polygon","arcs":[[-317,-387,-890,-645,-407,-566,1027,-557]],"properties":{"name":"皆山廿人講町"}},{"type":"Polygon","arcs":[[1028,1029,1030,1031,1032,1033,-981]],"properties":{"name":"格致吉水町"}},{"type":"Polygon","arcs":[[-1030,1034,1035,1036,-996,1037]],"properties":{"name":"郁文富永町"}},{"type":"Polygon","arcs":[[-978,1038,1039,-930]],"properties":{"name":"郁文下り松町"}},{"type":"Polygon","arcs":[[1040,1041,-943,1042,1043,1044,1045]],"properties":{"name":"豊園万里小路町"}},{"type":"Polygon","arcs":[[-969,1046,1047,-870,1048,1049]],"properties":{"name":"豊園西前町"}},{"type":"Polygon","arcs":[[1050,-888,-989,1051]],"properties":{"name":"格致舟屋町"}},{"type":"Polygon","arcs":[[-195,-87,1052,-985,1053,1054]],"properties":{"name":"成徳高辻町"}},{"type":"Polygon","arcs":[[1055,-881,1056,1057,1058,1059,1060,-899]],"properties":{"name":"格致風早町"}},{"type":"Polygon","arcs":[[1061,1062,-1041,1063]],"properties":{"name":"開智筋屋町"}},{"type":"Polygon","arcs":[[1064,-964,1065,1066]],"properties":{"name":"開智塗師屋町"}},{"type":"Polygon","arcs":[[1067,1068,1069,-834,1070,1071,-876]],"properties":{"name":"成徳菅大臣町"}},{"type":"Polygon","arcs":[[-841,1072,1073,1074,1075,1076]],"properties":{"name":"菊浜御影堂町"}},{"type":"Polygon","arcs":[[1077,-5,1078,1079,1080,1081]],"properties":{"name":"豊園燈篭町"}},{"type":"Polygon","arcs":[[1082,1083,1084,1085,1086]],"properties":{"name":"永松難波町"}},{"type":"Polygon","arcs":[[1087,1088,1089,1090,1091,1092]],"properties":{"name":"開智茶磨屋町"}},{"type":"Polygon","arcs":[[1093,-1001,1094,1095,1096,1097]],"properties":{"name":"豊園相之町"}},{"type":"Polygon","arcs":[[1098,1099,-1011,1100,-701,-763]],"properties":{"name":"格致妙伝寺町"}},{"type":"Polygon","arcs":[[1101,1102,-967,1103,1104,-1067]],"properties":{"name":"豊園永原町"}},{"type":"Polygon","arcs":[[1105,1106,1107,1108,1109]],"properties":{"name":"有隣上鱗形町"}},{"type":"Polygon","arcs":[[1110,1111,1112,-1098,1113,-1104,-971]],"properties":{"name":"豊園綾材木町"}},{"type":"Polygon","arcs":[[-954,-962,1114,1115]],"properties":{"name":"開智丸屋町"}},{"type":"Polygon","arcs":[[1116,-675,-817,1117,1118]],"properties":{"name":"崇仁小稲荷町"}},{"type":"Polygon","arcs":[[-1060,1119,1120,-1068,-875,1121]],"properties":{"name":"格致綾西洞院町"}},{"type":"Polygon","arcs":[[1122,-192,-1055,1123]],"properties":{"name":"成徳小島町"}},{"type":"Polygon","arcs":[[-662,1124,-740,-903,-934,-957,-987,-946,1125]],"properties":{"name":"醒泉橘町"}},{"type":"Polygon","arcs":[[-935,-908,1126,-1035,-1029,-980]],"properties":{"name":"格致高辻堀川町"}},{"type":"Polygon","arcs":[[1127,-822,1128,1129]],"properties":{"name":"崇仁西之町"}},{"type":"Polygon","arcs":[[1130,1131,1132,1133,1134]],"properties":{"name":"有隣俵屋町"}},{"type":"Polygon","arcs":[[1135,1136,1137,-958,-940,1138,1139,1140]],"properties":{"name":"有隣杉屋町"}},{"type":"Polygon","arcs":[[1141,-959,-1138,1142,1143,1144]],"properties":{"name":"豊園葛篭屋町"}},{"type":"Polygon","arcs":[[-216,-230,-243,-228,-159,-584,-630,1145,1146]],"properties":{"name":"醒泉小柳町"}},{"type":"Polygon","arcs":[[-632,1147,1148,1149,1150,1151]],"properties":{"name":"崇仁川端町"}},{"type":"Polygon","arcs":[[-1121,1152,-1099,-762,-975,1153,-1069]],"properties":{"name":"成徳矢田町"}},{"type":"Polygon","arcs":[[1154,1155,1156,-1039,-977,1157]],"properties":{"name":"郁文四条大宮町"}},{"type":"Polygon","arcs":[[1158,1159,1160,-923,1161,-862]],"properties":{"name":"豊園長刀鉾町"}},{"type":"Polygon","arcs":[[-1031,-1038,-995,1162]],"properties":{"name":"郁文徳屋町"}},{"type":"Polygon","arcs":[[1163,1164,1165]],"properties":{"name":"永松順風町"}},{"type":"Polygon","arcs":[[-101,-241,1166]],"properties":{"name":"植柳門前町"}},{"type":"Polygon","arcs":[[-945,1167,-655,-663,-1126]],"properties":{"name":"醒泉篠屋町"}},{"type":"Polygon","arcs":[[-484,1168,-463,-342,1169]],"properties":{"name":"七条第三西七条掛越町"}},{"type":"Polygon","arcs":[[-806,-1009,-736,1170,1171]],"properties":{"name":"大内朱雀北ノ口町"}},{"type":"Polygon","arcs":[[1172,1173,1174,1175,1176,1177,1178,1179]],"properties":{"name":"永松富永町"}},{"type":"Polygon","arcs":[[-695,-708,-1016,-757]],"properties":{"name":"光徳中堂寺鍵田町"}},{"type":"Polygon","arcs":[[1180,1181,1182,1183,-877,-1072,1184]],"properties":{"name":"成徳堀之内町"}},{"type":"Polygon","arcs":[[-867,1185,1186,1187,-769,-1020]],"properties":{"name":"豊園匂天神町"}},{"type":"Polygon","arcs":[[-833,1188,-1185,-1071]],"properties":{"name":"成徳岩戸山町"}},{"type":"Polygon","arcs":[[-924,1189,1190,-917,1191,1192,1193,-990]],"properties":{"name":"格致四条堀川町"}},{"type":"Polygon","arcs":[[1194,1195,-15,-9,1196,1197]],"properties":{"name":"有隣万寿寺中之町"}},{"type":"Polygon","arcs":[[1198,-1131,1199,-1198,1200,1201]],"properties":{"name":"有隣官社殿町"}},{"type":"Polygon","arcs":[[-1019,-530,1202,-1155,1203,-646,1204]],"properties":{"name":"郁文坊門町"}},{"type":"Polygon","arcs":[[1205,1206,1207,1208]],"properties":{"name":"開智大寿町"}},{"type":"Polygon","arcs":[[-600,-345,-787,-436,-814]],"properties":{"name":"七条第三西七条東石ケ坪町"}},{"type":"Polygon","arcs":[[-976,-910,1209,-647,-1204,-1158]],"properties":{"name":"郁文綾大宮町"}},{"type":"Polygon","arcs":[[-236,-339,1210,-585]],"properties":{"name":"安寧大宮"}},{"type":"Polygon","arcs":[[1211,-1057,-885,1212,-1193,1213]],"properties":{"name":"格致西綾小路西半町"}},{"type":"Polygon","arcs":[[1214,1215,1216,1217,1218]],"properties":{"name":"稚松栄町"}},{"type":"Polygon","arcs":[[1219,-991,-1194,-1213,-884,-1033,1220]],"properties":{"name":"格致綾堀川町"}},{"type":"Polygon","arcs":[[-1101,-1015,-919,-836,1221,-702]],"properties":{"name":"格致傘鉾町"}},{"type":"Polygon","arcs":[[1222,-1150,1223,-723,-731,1224,-892]],"properties":{"name":"菊浜大宮町"}},{"type":"Polygon","arcs":[[-396,-608,1225,-793,-553,-615,-777]],"properties":{"name":"大内西新屋敷上之町"}},{"type":"Polygon","arcs":[[1226,1227,1228,1229]],"properties":{"name":"有隣本覚寺前町"}},{"type":"Polygon","arcs":[[1230,-85,-53,1231,-1182]],"properties":{"name":"成徳御影町"}},{"type":"Polygon","arcs":[[-931,-1040,-1157,1232,1233]],"properties":{"name":"郁文立中町"}},{"type":"Polygon","arcs":[[1238,1239,-1096,1240]],"properties":{"name":"開智徳正寺町"}},{"type":"Polygon","arcs":[[-1127,-907,1241,-1036]],"properties":{"name":"郁文吉文字町"}},{"type":"Polygon","arcs":[[1242,-559,1243,-564,1244,1245]],"properties":{"name":"稚松上珠数屋町"}},{"type":"Polygon","arcs":[[-1208,1246,-966,1247,-1239,1248,1249]],"properties":{"name":"開智八文字町"}},{"type":"Polygon","arcs":[[-861,1250,1251,1252,1253,-1159]],"properties":{"name":"豊園元悪王子町"}},{"type":"Polygon","arcs":[[1254,1255,-780,1256,-1236]],"properties":{"name":"醒泉金東横町"}},{"type":"Polygon","arcs":[[-270,-193,-1123,1257,1258]],"properties":{"name":"成徳薬師前町"}},{"type":"Polygon","arcs":[[-1214,-1192,-916,-1014]],"properties":{"name":"格致高野堂町"}},{"type":"Polygon","arcs":[[-970,-1050,1259,-1252,1260,-1111]],"properties":{"name":"豊園神明町"}},{"type":"Polygon","arcs":[[1261,1262,-1174,1263,-948,-1116]],"properties":{"name":"開智中之町"}},{"type":"Polygon","arcs":[[1264,-319,-560,-1243,1265]],"properties":{"name":"稚松花屋町"}},{"type":"Polygon","arcs":[[1266,1267,1268,-1229,1269,1270,1271,1272,1273,-1134]],"properties":{"name":"有隣塩竃町"}},{"type":"Polygon","arcs":[[1274,-1083,1275,1276,1277]],"properties":{"name":"永松松川町"}},{"type":"Polygon","arcs":[[-1254,1278,-1022,1279,1280,-1160]],"properties":{"name":"豊園竹屋之町"}},{"type":"Polygon","arcs":[[1281,1282,-1084,-1275,1283,-1179,1284]],"properties":{"name":"永松清水町"}},{"type":"Polygon","arcs":[[-1153,-1120,-1059,1285,-1012,-1100]],"properties":{"name":"格致芦刈山町"}},{"type":"Polygon","arcs":[[-1056,-898,1286,-882]],"properties":{"name":"格致喜吉町"}},{"type":"Polygon","arcs":[[1287,1288,1289,1290]],"properties":{"name":"稚松唐物町"}},{"type":"Polygon","arcs":[[-1284,-1278,1291,1292,-1180]],"properties":{"name":"永松幸竹町"}},{"type":"Polygon","arcs":[[-1119,1293,-724,1294]],"properties":{"name":"崇仁郷之町"}},{"type":"Polygon","arcs":[[1295,-687,-874,-845,1296,-842,-1077,1297]],"properties":{"name":"菊浜南京極町"}},{"type":"Polygon","arcs":[[1298,1299,1300,1301,1302,-1227,1303]],"properties":{"name":"有隣安土町"}},{"type":"Polygon","arcs":[[-1225,1304,-597,-893]],"properties":{"name":"菊浜下三之宮町"}},{"type":"Polygon","arcs":[[-562,1305,1306,1307,1308]],"properties":{"name":"稚松烏丸"}},{"type":"Polygon","arcs":[[1309,-1300,1310,-1107,1311]],"properties":{"name":"有隣須浜町"}},{"type":"Polygon","arcs":[[1312,1313,-1090,1314]],"properties":{"name":"開智桝屋町"}},{"type":"Polygon","arcs":[[1315,-1201,1316,-7,1317,-1136]],"properties":{"name":"有隣樋之下町"}},{"type":"Polygon","arcs":[[-801,1318,-734,-658,-792,-1226,-607]],"properties":{"name":"大内朱雀正会町"}},{"type":"Polygon","arcs":[[-541,-848,-501,1319]],"properties":{"name":"淳風南門前町"}},{"type":"Polygon","arcs":[[1320,1321,-611,-361,1322]],"properties":{"name":"七条梅小路頭町"}},{"type":"Polygon","arcs":[[1323,1324,-1027,1325,1326,-829,1327,1328]],"properties":{"name":"菊浜鍵屋町"}},{"type":"Polygon","arcs":[[-414,-680,-824,-197,-283,-219,-423]],"properties":{"name":"安寧大黒町"}},{"type":"Polygon","arcs":[[1329,-217,-1147,1330,-1255,-1235]],"properties":{"name":"醒泉平屋町"}},{"type":"Polygon","arcs":[[1331,1332,-803,-1172,1333]],"properties":{"name":"大内朱雀裏畑町"}},{"type":"Polygon","arcs":[[-820,1334,-526,-710,-826]],"properties":{"name":"光徳中堂寺北町"}},{"type":"Polygon","arcs":[[1335,-839,-1297,-844,-873,1336,-1326,1337,-312,1338]],"properties":{"name":"菊浜梅湊町"}},{"type":"Polygon","arcs":[[-963,-952,1339,-1064,-1046,1340,-1102,-1066]],"properties":{"name":"開智仏光寺東町"}},{"type":"Polygon","arcs":[[-287,1341,1342,-251,-127]],"properties":{"name":"稚松西魚屋町"}},{"type":"Polygon","arcs":[[-651,-913,-904,-503,-1017,-1205]],"properties":{"name":"郁文高辻大宮町"}},{"type":"Polygon","arcs":[[1343,-76,1344,1345,-1272,1346,1347,1348]],"properties":{"name":"稚松塗師屋町"}},{"type":"Polygon","arcs":[[-1148,1349,-1129,-821,-677,1350]],"properties":{"name":"崇仁下之町"}},{"type":"Polygon","arcs":[[-1122,-880,1351,-900,-1061]],"properties":{"name":"格致木賊山町"}},{"type":"Polygon","arcs":[[1352,1353,1354,1355,-1091,-1314,1356]],"properties":{"name":"開智鍵屋町"}},{"type":"Polygon","arcs":[[-1286,-1058,-1212,-1013]],"properties":{"name":"格致西綾小路東半町"}},{"type":"Polygon","arcs":[[-480,-555,-660]],"properties":{"name":"大内西新屋敷下之町"}},{"type":"Polygon","arcs":[[-1279,-1253,-1260,-1049,-869,-1023]],"properties":{"name":"豊園扇酒屋町"}},{"type":"Polygon","arcs":[[-543,-774,-59,-71,-218,-1330,-1238]],"properties":{"name":"醒泉八幡町"}},{"type":"Polygon","arcs":[[-1074,1357,-1303,1358]],"properties":{"name":"有隣御影堂前町"}},{"type":"Polygon","arcs":[[1359,-999,-1008,-648,-1210,-909,-851]],"properties":{"name":"郁文西田町"}},{"type":"Polygon","arcs":[[1360,-621,1361,1362,-1280,-1021,-767]],"properties":{"name":"成徳二帖半敷町"}},{"type":"Polygon","arcs":[[-403,1363,-809,-495,-681]],"properties":{"name":"安寧鎌屋町"}},{"type":"Polygon","arcs":[[-598,1364,-1024,-1325,1365]],"properties":{"name":"菊浜上二之宮町"}},{"type":"Polygon","arcs":[[-1249,-1241,-1095,-1005,1366,1367]],"properties":{"name":"開智立売東町"}},{"type":"Polygon","arcs":[[1368,1369,1370,-77,-1344,1371,1372]],"properties":{"name":"稚松橋詰町"}},{"type":"Polygon","arcs":[[-327,1373,-1332,1374,1375]],"properties":{"name":"七条西七条東久保町"}},{"type":"Polygon","arcs":[[-951,1376,-1092,-1356,1377,-1062,-1340]],"properties":{"name":"開智鍋屋町"}},{"type":"Polygon","arcs":[[-706,1378,-575,-812]],"properties":{"name":"梅逕垣ケ内町"}},{"type":"Polygon","arcs":[[-1266,-1246,1379,-1373,1380]],"properties":{"name":"稚松富田町"}},{"type":"Polygon","arcs":[[-72,-1371,1381,1382,-273,-381]],"properties":{"name":"尚徳下平野町"}},{"type":"Polygon","arcs":[[-586,-1211,-548,-334,-719,-398,-778,-697,-760,-742,-770,-725]],"properties":{"name":"淳風裏片町"}},{"type":"Polygon","arcs":[[-973,-749,-618,1383]],"properties":{"name":"成徳善長寺町"}},{"type":"Polygon","arcs":[[-570,-253,1384]],"properties":{"name":"稚松乾町"}},{"type":"Polygon","arcs":[[1385,-1221,-1032,-1163,-1000,-1360,-850]],"properties":{"name":"郁文晒屋町"}},{"type":"Polygon","arcs":[[1386,-1323,-360,-549,-328,-1376]],"properties":{"name":"七条梅小路東町"}},{"type":"Polygon","arcs":[[1387,1388,-688,-1296,1389,1390]],"properties":{"name":"菊浜都市町"}},{"type":"Polygon","arcs":[[1391,-1307,1392,1393,1394,-310]],"properties":{"name":"稚松上柳町"}},{"type":"Polygon","arcs":[[1395,1396,1397,-1164,1398]],"properties":{"name":"永松船頭町"}},{"type":"Polygon","arcs":[[1399,1400,1401]],"properties":{"name":"永松下材木町"}},{"type":"Polygon","arcs":[[1402,-1342,-286,-311,-1395]],"properties":{"name":"稚松東魚屋町"}},{"type":"Polygon","arcs":[[-1273,-1346,1403,-244,-11,1404,1405]],"properties":{"name":"有隣万寿寺町"}},{"type":"Polygon","arcs":[[-6,-1078,1406,-1143,-1137,-1318]],"properties":{"name":"有隣本燈篭町"}},{"type":"Polygon","arcs":[[1407,-1329,1408,1409]],"properties":{"name":"菊浜平岡町"}},{"type":"Polygon","arcs":[[-782,-715,-1007,-441,-528,-1018,-846]],"properties":{"name":"淳風下長福寺町"}},{"type":"Polygon","arcs":[[1410,1411,-1140,1412,1413]],"properties":{"name":"有隣忠庵町"}},{"type":"Polygon","arcs":[[-1365,-1305,-730,-1025]],"properties":{"name":"菊浜上三之宮町"}},{"type":"Polygon","arcs":[[-1348,1414,1415,-1219,1416,1417]],"properties":{"name":"稚松富屋町"}},{"type":"Polygon","arcs":[[-1355,1418,-937,-1042,-1063,-1378]],"properties":{"name":"開智雁金町"}},{"type":"Polygon","arcs":[[-1220,-1386,-849,-992]],"properties":{"name":"郁文雁金町"}},{"type":"Polygon","arcs":[[1419,-1372,-1349,1420]],"properties":{"name":"稚松夷之町"}},{"type":"Polygon","arcs":[[-965,-1065,-1105,-1114,-1097,-1240,-1248]],"properties":{"name":"開智塩屋町"}},{"type":"Polygon","arcs":[[-944,-1237,-1257,-779,-755,-656,-1168]],"properties":{"name":"醒泉上金仏町"}},{"type":"Polygon","arcs":[[-879,1421,-1052,-988,-901,-1352]],"properties":{"name":"格致永養寺町"}},{"type":"Polygon","arcs":[[1422,-571,-1385,-252,-1343,-1403,-1394]],"properties":{"name":"稚松八百屋町"}},{"type":"Polygon","arcs":[[1423,1424,1425,1426]],"properties":{"name":"永松和泉屋町"}},{"type":"Polygon","arcs":[[-1398,1427,-1176,1428,1429,-1165]],"properties":{"name":"永松稲荷町"}},{"type":"Polygon","arcs":[[-751,-972,-704,1430,-921]],"properties":{"name":"成徳月鉾町"}},{"type":"Polygon","arcs":[[-993,-400,-378,1431,-638,-810,-825,-453,-348,-798]],"properties":{"name":"梅逕志水町"}},{"type":"Polygon","arcs":[[-1362,-620,-748,1432]],"properties":{"name":"成徳童侍者町"}},{"type":"Polygon","arcs":[[1433,-827,-1327,-1337,-872]],"properties":{"name":"菊浜富浜町"}},{"type":"Polygon","arcs":[[1434,-1291,1435,-1215,-1416,1436,-1270,-1228,-1358,-1073,-840,-1336,1437]],"properties":{"name":"稚松本塩竃町"}},{"type":"Polygon","arcs":[[-341,-599,-718,-776,-485,-1170]],"properties":{"name":"七条第三西七条比輪田町"}},{"type":"Polygon","arcs":[[-932,-1234,1438,-1190,-927]],"properties":{"name":"郁文唐津屋町"}},{"type":"Polygon","arcs":[[-805,-601,-815,-520,-1010]],"properties":{"name":"七条第三西七条御領町"}},{"type":"Polygon","arcs":[[-1374,-326,-738,-461,-804,-1333]],"properties":{"name":"七条西七条南東野町"}},{"type":"Polygon","arcs":[[-1110,1439,-1413,-1139,-939,1440,-1353,1441]],"properties":{"name":"有隣松原中之町"}},{"type":"Polygon","arcs":[[-986,-1053,-86,-1231,-1181,-1189,-832]],"properties":{"name":"成徳繁昌町"}},{"type":"Polygon","arcs":[[-1026,-732,-722,-794,-304,-1338]],"properties":{"name":"菊浜八王子町"}},{"type":"Polygon","arcs":[[-1341,-1045,1442,-1047,-968,-1103]],"properties":{"name":"豊園東前町"}},{"type":"Polygon","arcs":[[-1183,-1232,-52,1443]],"properties":{"name":"成徳菊屋町"}},{"type":"Polygon","arcs":[[-577,1444,-1321,-1387,-1375,-1334,-1171,-735,-1319,-800]],"properties":{"name":"大内朱雀内畑町"}},{"type":"Polygon","arcs":[[1445,-1268,1446,1447]],"properties":{"name":"有隣本神明町"}},{"type":"Polygon","arcs":[[1448,1449,1450,-1388]],"properties":{"name":"菊浜八ツ柳町"}},{"type":"Polygon","arcs":[[-1354,-1441,-938,-1419]],"properties":{"name":"開智恵美須屋町"}},{"type":"Polygon","arcs":[[-1304,-1230,-1269,-1446,1451]],"properties":{"name":"有隣下鱗形町"}},{"type":"Polygon","arcs":[[-4,-269,-1259,-1187,1452,-1079]],"properties":{"name":"豊園因幡堂町"}},{"type":"Polygon","arcs":[[1453,-1399,-1166,-1430,1454,1455,1456,1457]],"properties":{"name":"永松真町"}},{"type":"Polygon","arcs":[[-1438,-1339,-314,1458]],"properties":{"name":"稚松大工町"}},{"type":"Polygon","arcs":[[-766,-983,-830,-622,-1361]],"properties":{"name":"成徳釘隠町"}},{"type":"Polygon","arcs":[[1459,1460,-1081,1461]],"properties":{"name":"豊園三軒町"}},{"type":"Polygon","arcs":[[1462,-402,-994,-786,-457,-445,-808]],"properties":{"name":"安寧木津屋町"}},{"type":"Polygon","arcs":[[1463,-1427,1464,1465]],"properties":{"name":"永松天王町"}},{"type":"Polygon","arcs":[[-1451,1466,-683,-1389]],"properties":{"name":"菊浜波止土濃町"}},{"type":"Polygon","arcs":[[-1433,-747,-920,-1161,-1281,-1363]],"properties":{"name":"成徳水銀屋町"}},{"type":"Polygon","arcs":[[-1426,1467,-1285,-1178,1468]],"properties":{"name":"永松天満町"}},{"type":"Polygon","arcs":[[-1317,-1197,-8]],"properties":{"name":"有隣福田寺町"}},{"type":"Polygon","arcs":[[1469,-1390,1470,-1075,-1359,-1302,1471,-1086,-1401]],"properties":{"name":"有隣西橋詰町"}},{"type":"Polygon","arcs":[[-1218,1472,-1417]],"properties":{"name":"稚松骨屋町"}},{"type":"Polygon","arcs":[[-1467,-1450,1473,-1410,1474,-684]],"properties":{"name":"菊浜菊屋町"}},{"type":"Polygon","arcs":[[-1369,-1380,-1245,-563,-1309,1475,1476]],"properties":{"name":"稚松高槻町"}},{"type":"Polygon","arcs":[[1477,-1093,-1377,-950]],"properties":{"name":"開智橘町"}},{"type":"Polygon","arcs":[[1478,1479,-1282,-1468,-1425]],"properties":{"name":"永松美濃屋町"}},{"type":"Polygon","arcs":[[-1154,-974,-1384,-624,-835,-1070]],"properties":{"name":"成徳船鉾町"}},{"type":"Polygon","arcs":[[-1188,-1258,-1124,-1054,-984,-764]],"properties":{"name":"成徳骨屋町"}},{"type":"Polygon","arcs":[[-1461,1480,-1144,-1407,-1082]],"properties":{"name":"豊園稲荷町"}},{"type":"Polygon","arcs":[[-1290,1481,-388,-315,1482,1483,-1216,-1436]],"properties":{"name":"稚松若松町"}},{"type":"Polygon","arcs":[[-1472,-1301,-1310,1484,1485,-1276,-1087]],"properties":{"name":"有隣植松町"}},{"type":"Polygon","arcs":[[-1456,1486,1487,1488]],"properties":{"name":"永松御旅町"}},{"type":"Polygon","arcs":[[-80,-245,-1404,-1345,-75,-187]],"properties":{"name":"稚松大津町"}},{"type":"Polygon","arcs":[[-1458,1489,1490]],"properties":{"name":"永松橋本町"}},{"type":"Polygon","arcs":[[-1428,-1397,1491,-1465,-1469,-1177]],"properties":{"name":"永松市之町"}},{"type":"Polygon","arcs":[[-257,-103,1492,-753,-581]],"properties":{"name":"醒泉佐女牛井町"}},{"type":"Polygon","arcs":[[-1244,-558,-1028,-565]],"properties":{"name":"皆山亀町"}},{"type":"Polygon","arcs":[[-1347,-1271,-1437,-1415]],"properties":{"name":"稚松堺町"}},{"type":"Polygon","arcs":[[-1184,-1444,-51,-889,-1051,-1422,-878]],"properties":{"name":"格致高辻西洞院町"}},{"type":"Polygon","arcs":[[-1044,1493,-1145,-1481,-1460,1494,-865,-1048,-1443]],"properties":{"name":"豊園新開町"}},{"type":"Polygon","arcs":[[-685,-1475,-1409,-1328,-828,-1434,-871]],"properties":{"name":"菊浜高宮町"}},{"type":"Polygon","arcs":[[-1482,-1289,1495,-370,-389]],"properties":{"name":"稚松八軒町"}},{"type":"Polygon","arcs":[[-1412,1496,-1202,-1316,-1141]],"properties":{"name":"有隣鍛冶屋町"}},{"type":"Polygon","arcs":[[-1493,-102,-1167,-240,-537,-1320,-506,-741,-1125,-661,-653,-754]],"properties":{"name":"醒泉柿本町"}},{"type":"Polygon","arcs":[[1497,-1151,-1223,-891]],"properties":{"name":"菊浜若宮町"}},{"type":"Polygon","arcs":[[-1466,-1492,-1396,-1454,-1491,1498]],"properties":{"name":"永松斎藤町"}},{"type":"Polygon","arcs":[[-676,-1117,-1295,-1224,-1149,-1351]],"properties":{"name":"崇仁上之町"}},{"type":"Polygon","arcs":[[-1495,-1462,-1080,-1453,-1186,-866]],"properties":{"name":"豊園高橋町"}},{"type":"Polygon","arcs":[[-1455,-1429,-1175,-1263,1499,-1206,1500,1501,1502,-1487]],"properties":{"name":"開智貞安前之町"}},{"type":"Polygon","arcs":[[-371,-1496,-1288,-1435,-1459]],"properties":{"name":"稚松若宮町"}},{"type":"Polygon","arcs":[[-1488,-1503,1503]],"properties":{"name":"永松御旅宮本町"}},{"type":"Polygon","arcs":[[1504,-1476,-1308,-1392,-274,-1383]],"properties":{"name":"稚松北町"}},{"type":"Polygon","arcs":[[-1414,-1440,-1109,1505]],"properties":{"name":"有隣本上神明町"}},{"type":"Polygon","arcs":[[-1209,-1250,-1368,1506,-1501]],"properties":{"name":"開智奈良物町"}},{"type":"Polygon","arcs":[[1507,-1485,-1312,-1106,-1442,-1357,-1313]],"properties":{"name":"有隣石不動之町"}},{"type":"Polygon","arcs":[[-1447,-1267,-1133,1508]],"properties":{"name":"有隣柏屋町"}},{"type":"Polygon","arcs":[[-1094,-1113,1509,-1002]],"properties":{"name":"豊園小石町"}},{"type":"Polygon","arcs":[[-1370,-1477,-1505,-1382]],"properties":{"name":"稚松仏具屋町"}},{"type":"Polygon","arcs":[[-1298,-1076,-1471]],"properties":{"name":"菊浜南橋詰町"}},{"type":"Polygon","arcs":[[1510,-1405,-16,-1196]],"properties":{"name":"有隣朝妻町"}},{"type":"Polygon","arcs":[[-1411,-1506,-1108,-1311,-1299,-1452,-1448,-1509,-1132,-1199,-1497]],"properties":{"name":"有隣堅田町"}},{"type":"Polygon","arcs":[[-1463,-807,-1364]],"properties":{"name":"安寧川端町"}},{"type":"Polygon","arcs":[[-1135,-1274,-1406,-1511,-1195,-1200]],"properties":{"name":"有隣亀屋町"}},{"type":"Polygon","arcs":[[-1294,-1118,-816,-362,-299,-293,-384,-818,-481,-305,-795,-720]],"properties":{"name":"皆山材木町"}},{"type":"Polygon","arcs":[[-1483,-320,-1265,-1381,-1420]],"properties":{"name":"稚松天神町"}},{"type":"Polygon","arcs":[[-1173,-1293,1511,-1088,-1478,-949,-1264]],"properties":{"name":"開智恵美須之町"}},{"type":"Polygon","arcs":[[-1242,-906,-912,-859,-997,-1037]],"properties":{"name":"郁文高辻猪熊町"}},{"type":"Polygon","arcs":[[1512,-1130,-1350,-631]],"properties":{"name":"崇仁東之町"}},{"type":"Polygon","arcs":[[-1508,-1315,-1089,-1512,-1292,-1277,-1486]],"properties":{"name":"開智京極町"}},{"type":"Polygon","arcs":[[-1043,-942,-960,-1142,-1494]],"properties":{"name":"豊園泉正寺町"}},{"type":"Polygon","arcs":[[1513,-1402,-1085,-1283,-1480]],"properties":{"name":"永松材木町"}},{"type":"Polygon","arcs":[[-1261,-1251,-860,-1003,-1510,-1112]],"properties":{"name":"豊園高材木町"}},{"type":"Polygon","arcs":[[-1473,-1217,-1484,-1421,-1418]],"properties":{"name":"稚松升屋町"}},{"type":"Polygon","arcs":[[-1287,-897,-982,-1034,-883]],"properties":{"name":"格致荒神町"}},{"type":"Polygon","arcs":[[-1306,-561,-1423,-1393]],"properties":{"name":"稚松下柳町"}},{"type":"Polygon","arcs":[[-1500,-1262,-1115,-961,-1247,-1207]],"properties":{"name":"開智足袋屋町"}}]}},"arcs":[[[135.76088353404575,34.997659038465436],[135.76075904092343,34.997947967077266]],[[135.76075904092343,34.997947967077266],[135.76065233253289,34.998591800125666]],[[135.76065233253289,34.998591800125666],[135.76065677871583,34.99887162862374]],[[135.76065677871583,34.99887162862374],[135.76068345581345,34.998873903652175]],[[135.76068345581345,34.998873903652175],[135.7613681679862,34.99889892896501]],[[135.7613681679862,34.99889892896501],[135.76148821492558,34.998600900239424]],[[135.76148821492558,34.998600900239424],[135.76163938514551,34.998157269693706]],[[135.76163938514551,34.998157269693706],[135.76140818363265,34.99785014085436]],[[135.76140818363265,34.99785014085436],[135.76123922868095,34.997656763437]],[[135.76123922868095,34.997656763437],[135.76088353404575,34.997659038465436]],[[135.76145264546204,34.99671262663457],[135.76105248899748,34.99656019972912]],[[135.76105248899748,34.99656019972912],[135.7606656710817,34.99667622617954]],[[135.7606656710817,34.99667622617954],[135.76072791764287,34.99738376002425]],[[135.76072791764287,34.99738376002425],[135.76088353404575,34.997659038465436]],[[135.76123922868095,34.997656763437],[135.76146153782793,34.99737238488205]],[[135.76146153782793,34.99737238488205],[135.76145264546204,34.99671262663457]],[[135.76075904092343,34.997947967077266],[135.76012323676304,34.9978865413094]],[[135.76012323676304,34.9978865413094],[135.76006988256776,34.998548574585314]],[[135.76006988256776,34.998548574585314],[135.76065233253289,34.998591800125666]],[[135.7591717536139,34.99856449978439],[135.75919843071156,34.99798664256074]],[[135.75919843071156,34.99798664256074],[135.75850037999,34.9979616172479]],[[135.75850037999,34.9979616172479],[135.7585137185388,34.99857359989815]],[[135.7585137185388,34.99857359989815],[135.7591717536139,34.99856449978439]],[[135.7606656710817,34.99667622617954],[135.75994538944545,34.99671490166301]],[[135.75994538944545,34.99671490166301],[135.75994538944545,34.99740651030864]],[[135.75994538944545,34.99740651030864],[135.76072791764287,34.99738376002425]],[[135.75766894378026,34.99803896821485],[135.75776231362198,34.99859407515411]],[[135.75776231362198,34.99859407515411],[135.75814913153775,34.99869872646233]],[[135.75814913153775,34.99869872646233],[135.7585137185388,34.99857359989815]],[[135.75850037999,34.9979616172479],[135.75815802390363,34.9978410407406]],[[135.75815802390363,34.9978410407406],[135.75766894378026,34.99803896821485]],[[135.75851816472175,34.997381484995806],[135.7585804112829,34.996637550696065]],[[135.7585804112829,34.996637550696065],[135.75810466970836,34.996469198591534]],[[135.75810466970836,34.996469198591534],[135.7577178517926,34.99686732856846]],[[135.7577178517926,34.99686732856846],[135.75775786743904,34.997408785337086]],[[135.75775786743904,34.997408785337086],[135.75815802390363,34.9976340131526]],[[135.75815802390363,34.9976340131526],[135.75851816472175,34.997381484995806]],[[135.75970974174965,34.997465661048075],[135.75994538944545,34.99740651030864]],[[135.75994538944545,34.99671490166301],[135.7597052955667,34.99660342526947]],[[135.7597052955667,34.99660342526947],[135.7591495226992,34.9966625760089]],[[135.7591495226992,34.9966625760089],[135.7592162154433,34.99731095911418]],[[135.7592162154433,34.99731095911418],[135.75970974174965,34.997465661048075]],[[135.76012323676304,34.9978865413094],[135.75969195701788,34.997836490683724]],[[135.75969195701788,34.997836490683724],[135.75919843071156,34.99798664256074]],[[135.7591717536139,34.99856449978439],[135.75968751083494,34.99868280126325]],[[135.75968751083494,34.99868280126325],[135.76006988256776,34.998548574585314]],[[135.75667299880172,34.99868507629169],[135.75630396561772,34.99858952509723]],[[135.75630396561772,34.99858952509723],[135.7556325919938,34.998555399670636]],[[135.7556325919938,34.998555399670636],[135.75518352751686,34.998660050978856]],[[135.75518352751686,34.998660050978856],[135.75518352751686,34.99901495541543]],[[135.75518352751686,34.99901495541543],[135.75563703817673,34.99925383340159]],[[135.75563703817673,34.99925383340159],[135.75633953508122,34.99916510729244]],[[135.75633953508122,34.99916510729244],[135.7566818911676,34.99901950547231]],[[135.7566818911676,34.99901950547231],[135.75667299880172,34.99868507629169]],[[135.755619253445,34.99813451940931],[135.75630396561772,34.997888816337834]],[[135.75630396561772,34.997888816337834],[135.75650849003296,34.99764311326636]],[[135.75650849003296,34.99764311326636],[135.75630396561772,34.997365559796734]],[[135.75630396561772,34.997365559796734],[135.75562814581085,34.99730413402886]],[[135.75562814581085,34.99730413402886],[135.7551968660657,34.99764083823792]],[[135.7551968660657,34.99764083823792],[135.755619253445,34.99813451940931]],[[135.75630396561772,34.997888816337834],[135.75630396561772,34.99858952509723]],[[135.75667299880172,34.99868507629169],[135.7570820476322,34.998518999215605]],[[135.7570820476322,34.998518999215605],[135.7574199575356,34.997656763437]],[[135.7574199575356,34.997656763437],[135.7571176170957,34.99764993835168]],[[135.7571176170957,34.99764993835168],[135.75650849003296,34.99764311326636]],[[135.75969195701788,34.997836490683724],[135.75970974174965,34.997465661048075]],[[135.7592162154433,34.99731095911418],[135.75851816472175,34.997381484995806]],[[135.75815802390363,34.9976340131526],[135.75815802390363,34.9978410407406]],[[135.75630396561772,34.997365559796734],[135.75629507325183,34.996742202004285]],[[135.75629507325183,34.996742202004285],[135.7556103610791,34.99675130211804]],[[135.7556103610791,34.99675130211804],[135.75562814581085,34.99730413402886]],[[135.76069234817933,34.994180519981306],[135.7606879019964,34.99493127936637]],[[135.7606879019964,34.99493127936637],[135.76068345581345,34.99505640593055]],[[135.76068345581345,34.99505640593055],[135.7614481992791,34.99522930809196]],[[135.7614481992791,34.99522930809196],[135.7614481992791,34.99522248300664]],[[135.7614481992791,34.99522248300664],[135.76145709164498,34.99419417015195]],[[135.76145709164498,34.99419417015195],[135.76069234817933,34.994180519981306]],[[135.76069234817933,34.99582536554313],[135.76069679436227,34.9959959926761]],[[135.76069679436227,34.9959959926761],[135.76106138136333,34.99599371764766]],[[135.76106138136333,34.99599371764766],[135.76145264546204,34.99560468778449]],[[135.76145264546204,34.99560468778449],[135.76069234817933,34.99582536554313]],[[135.7591495226992,34.9966625760089],[135.7585804112829,34.996637550696065]],[[135.7581446853548,34.998873903652175],[135.75814913153775,34.99869872646233]],[[135.75776231362198,34.99859407515411],[135.7570820476322,34.998518999215605]],[[135.7566818911676,34.99901950547231],[135.75703313961984,34.99962466303724]],[[135.75703313961984,34.99962466303724],[135.75778899071963,34.99962921309412]],[[135.75778899071963,34.99962921309412],[135.7581446853548,34.998873903652175]],[[135.75928735437034,34.995149682096574],[135.75856262655117,34.99524750831947]],[[135.75856262655117,34.99524750831947],[135.7585137185388,34.99569796395051]],[[135.7585137185388,34.99569796395051],[135.75900724484515,34.99576848983214]],[[135.75900724484515,34.99576848983214],[135.75928735437034,34.995149682096574]],[[135.75721987930334,34.99600509278986],[135.7566596602529,34.99608471878524]],[[135.7566596602529,34.99608471878524],[135.75666410643584,34.99625762094665]],[[135.75666410643584,34.99625762094665],[135.75667744498466,34.99660797532635]],[[135.75667744498466,34.99660797532635],[135.7570820476322,34.996737651947406]],[[135.7570820476322,34.996737651947406],[135.7577178517926,34.99686732856846]],[[135.75810466970836,34.996469198591534],[135.7581446853548,34.99601191787518]],[[135.7581446853548,34.99601191787518],[135.75794905330545,34.99584356577065]],[[135.75794905330545,34.99584356577065],[135.75721987930334,34.99600509278986]],[[135.7527514654488,34.9929156041689],[135.75265809560705,34.9929156041689]],[[135.75265809560705,34.9929156041689],[135.75224904677657,34.99329325888987]],[[135.75224904677657,34.99329325888987],[135.75230684715478,34.99415321964003]],[[135.75230684715478,34.99415321964003],[135.75297377459577,34.994160044725355]],[[135.75297377459577,34.994160044725355],[135.7527514654488,34.9929156041689]],[[135.75794905330545,34.99584356577065],[135.75796239185428,34.99533168437174]],[[135.75796239185428,34.99533168437174],[135.75721987930334,34.99600509278986]],[[135.7597052955667,34.99660342526947],[135.75972752648138,34.99600054273298]],[[135.75972752648138,34.99600054273298],[135.7590116910281,34.99599371764766]],[[135.7590116910281,34.99599371764766],[135.75852705708763,34.99598916759078]],[[135.75852705708763,34.99598916759078],[135.7581446853548,34.99601191787518]],[[135.75630841180066,34.994164594782234],[135.75560591489617,34.994160044725355]],[[135.75560591489617,34.994160044725355],[135.75558368398146,34.994160044725355]],[[135.75558368398146,34.994160044725355],[135.75557034543263,34.99466055098206]],[[135.75557034543263,34.99466055098206],[135.7563128579836,34.99472880183525]],[[135.7563128579836,34.99472880183525],[135.75630841180066,34.994164594782234]],[[135.75928735437034,34.995149682096574],[135.75926512345566,34.994687851323334]],[[135.75926512345566,34.994687851323334],[135.7585448418194,34.994658275953626]],[[135.7585448418194,34.994658275953626],[135.75845147197765,34.99496995484984]],[[135.75845147197765,34.99496995484984],[135.75856262655117,34.99524750831947]],[[135.75796239185428,34.994651450868304],[135.7570509243516,34.99421919546478]],[[135.7570509243516,34.99421919546478],[135.75630841180066,34.994164594782234]],[[135.7563128579836,34.99472880183525],[135.75630841180066,34.995238408205715]],[[135.75630841180066,34.995238408205715],[135.7566596602529,34.99608471878524]],[[135.75796239185428,34.99533168437174],[135.75796683803722,34.99498588004892]],[[135.75796683803722,34.99498588004892],[135.75796239185428,34.994651450868304]],[[135.75796239185428,34.994651450868304],[135.75793571475663,34.994301096488606]],[[135.75793571475663,34.994301096488606],[135.75708649381514,34.99418734506663]],[[135.75708649381514,34.99418734506663],[135.7570509243516,34.99421919546478]],[[135.7544721382465,34.9914959864226],[135.7541253359772,34.990524549278895]],[[135.7541253359772,34.990524549278895],[135.75396082720843,34.9903584722028]],[[135.75396082720843,34.9903584722028],[135.75367182531733,34.99036529728812]],[[135.75367182531733,34.99036529728812],[135.75352954746324,34.990497248937615]],[[135.75352954746324,34.990497248937615],[135.75349842418268,34.99136630980154]],[[135.75349842418268,34.99136630980154],[135.75373851806143,34.99152101173543]],[[135.75373851806143,34.99152101173543],[135.75410755124543,34.99152101173543]],[[135.75410755124543,34.99152101173543],[135.7544721382465,34.99152783682075]],[[135.7544721382465,34.99152783682075],[135.7544721382465,34.9914959864226]],[[135.7556548229085,34.99053819944953],[135.75565037672555,34.99134810957402]],[[135.75565037672555,34.99134810957402],[135.7560149637266,34.99153238687763]],[[135.7560149637266,34.99153238687763],[135.75633953508122,34.991539211962944]],[[135.75633953508122,34.991539211962944],[135.7563795507277,34.991539211962944]],[[135.7563795507277,34.991539211962944],[135.75639733545944,34.99062237550179]],[[135.75639733545944,34.99062237550179],[135.7556548229085,34.99053819944953]],[[135.75597050189722,34.99299978022116],[135.75561480726205,34.99298840507897]],[[135.75561480726205,34.99298840507897],[135.75560591489617,34.994160044725355]],[[135.75630841180066,34.994164594782234],[135.75633064271534,34.9930134303918]],[[135.75633064271534,34.9930134303918],[135.75597050189722,34.99299978022116]],[[135.75643290492297,34.992713126637774],[135.75635287363005,34.992424198025944]],[[135.75635287363005,34.992424198025944],[135.75597494808017,34.99247652368006]],[[135.75597494808017,34.99247652368006],[135.75597050189722,34.99299978022116]],[[135.75633064271534,34.9930134303918],[135.75643290492297,34.992713126637774]],[[135.75406308941604,34.9926744511543],[135.75405419705015,34.994155494668476]],[[135.75405419705015,34.994155494668476],[135.75407198178192,34.994155494668476]],[[135.75407198178192,34.994155494668476],[135.75477003250347,34.994160044725355]],[[135.75477003250347,34.994160044725355],[135.754952326004,34.99284052823039]],[[135.754952326004,34.99284052823039],[135.75474780158876,34.9926858262965]],[[135.75474780158876,34.9926858262965],[135.75406308941604,34.9926744511543]],[[135.75557034543263,34.99466055098206],[135.75557034543263,34.994751552119645]],[[135.75557034543263,34.994751552119645],[135.75556145306678,34.99521110786444]],[[135.75556145306678,34.99521110786444],[135.75630841180066,34.995238408205715]],[[135.75640622782532,34.99017646992763],[135.75641067400827,34.98949851145264]],[[135.75641067400827,34.98949851145264],[135.75566371527438,34.989512161623274]],[[135.75566371527438,34.989512161623274],[135.7556770538232,34.990167369813875]],[[135.7556770538232,34.990167369813875],[135.75640622782532,34.99017646992763]],[[135.75373851806143,34.99152101173543],[135.75349842418268,34.99169391389684]],[[135.75349842418268,34.99169391389684],[135.75360068639029,34.992667626068986]],[[135.75360068639029,34.992667626068986],[135.75406308941604,34.9926744511543]],[[135.75406308941604,34.9926744511543],[135.75410755124543,34.99152101173543]],[[135.75360068639029,34.992667626068986],[135.75329834595038,34.992667626068986]],[[135.75329834595038,34.992667626068986],[135.7534539623533,34.99287920371386]],[[135.7534539623533,34.99287920371386],[135.75360068639029,34.992667626068986]],[[135.75477003250347,34.99245832345254],[135.7544721382465,34.99152783682075]],[[135.75474780158876,34.9926858262965],[135.75477003250347,34.99245832345254]],[[135.75766894378026,34.99803896821485],[135.75769562087788,34.997656763437]],[[135.75769562087788,34.997656763437],[135.7574199575356,34.997656763437]],[[135.754952326004,34.99284052823039],[135.75516129660218,34.99268810132494]],[[135.75516129660218,34.99268810132494],[135.75516574278512,34.99266990109742]],[[135.75516574278512,34.99266990109742],[135.75477003250347,34.99245832345254]],[[135.75517018896807,34.992986130050525],[135.75516129660218,34.99268810132494]],[[135.75477003250347,34.994160044725355],[135.755174635151,34.99416231975379]],[[135.755174635151,34.99416231975379],[135.75517018896807,34.992986130050525]],[[135.75517018896807,34.991172932384174],[135.75482338669875,34.99059507516052]],[[135.75482338669875,34.99059507516052],[135.75473890922288,34.99049497390918]],[[135.75473890922288,34.99049497390918],[135.7541253359772,34.990524549278895]],[[135.7544721382465,34.9914959864226],[135.7549078641746,34.9914959864226]],[[135.7549078641746,34.9914959864226],[135.75517018896807,34.991172932384174]],[[135.76145264546204,34.99560468778449],[135.7614481992791,34.99522930809196]],[[135.76068345581345,34.99505640593055],[135.76069234817933,34.99582536554313]],[[135.75667744498466,34.99660797532635],[135.75629507325183,34.996742202004285]],[[135.7571176170957,34.99764993835168],[135.7570820476322,34.996737651947406]],[[135.75769562087788,34.997656763437],[135.75775786743904,34.997408785337086]],[[135.7588471822593,34.99919468266216],[135.7591584150651,34.99916965734933]],[[135.7591584150651,34.99916965734933],[135.75968751083494,34.998878453709054]],[[135.75968751083494,34.998878453709054],[135.75968751083494,34.99868280126325]],[[135.7581446853548,34.998873903652175],[135.7588471822593,34.99919468266216]],[[135.75396082720843,34.9903584722028],[135.75416979780658,34.989418885457255]],[[135.75416979780658,34.989418885457255],[135.7538141031714,34.98923915821052]],[[135.7538141031714,34.98923915821052],[135.7535339936462,34.989414335400376]],[[135.7535339936462,34.989414335400376],[135.75356511692678,34.99019694518359]],[[135.75356511692678,34.99019694518359],[135.75367182531733,34.99036529728812]],[[135.7556548229085,34.99053819944953],[135.75555700688383,34.99036757231656]],[[135.75555700688383,34.99036757231656],[135.7551079424069,34.99036757231656]],[[135.7551079424069,34.99036757231656],[135.75482338669875,34.99059507516052]],[[135.75517018896807,34.991172932384174],[135.75517018896807,34.99130033397679]],[[135.75517018896807,34.99130033397679],[135.75520575843157,34.99130033397679]],[[135.75520575843157,34.99130033397679],[135.75565037672555,34.99134810957402]],[[135.75352954746324,34.990497248937615],[135.7534539623533,34.99034937208904]],[[135.7534539623533,34.99034937208904],[135.75324943793805,34.99054274950641]],[[135.75324943793805,34.99054274950641],[135.75322720702334,34.99152556179231]],[[135.75322720702334,34.99152556179231],[135.75332946923095,34.99152556179231]],[[135.75332946923095,34.99152556179231],[135.75349842418268,34.99136630980154]],[[135.75349842418268,34.99169391389684],[135.75332946923095,34.99152556179231]],[[135.75322720702334,34.99152556179231],[135.75307603680338,34.99266307601211]],[[135.75307603680338,34.99266307601211],[135.75329834595038,34.992667626068986]],[[135.75666410643584,34.99625762094665],[135.75557923779851,34.99627127111729]],[[135.75557923779851,34.99627127111729],[135.7551879736998,34.99627809620261]],[[135.7551879736998,34.99627809620261],[135.7551879736998,34.996705801549254]],[[135.7551879736998,34.996705801549254],[135.7556103610791,34.99675130211804]],[[135.75522354316334,34.98924825832428],[135.75485895616228,34.989423435514134]],[[135.75485895616228,34.989423435514134],[135.75483672524757,34.99022879558174]],[[135.75483672524757,34.99022879558174],[135.7551079424069,34.99036757231656]],[[135.75555700688383,34.99036757231656],[135.7556770538232,34.990167369813875]],[[135.75566371527438,34.989512161623274],[135.75522354316334,34.98924825832428]],[[135.75633953508122,34.991539211962944],[135.75635287363005,34.992424198025944]],[[135.75643290492297,34.992713126637774],[135.75712650946159,34.992724501779975]],[[135.75712650946159,34.992724501779975],[135.75715318655924,34.99158016247486]],[[135.75715318655924,34.99158016247486],[135.7563795507277,34.991539211962944]],[[135.75556145306678,34.99521110786444],[135.75556145306678,34.9952315831204]],[[135.75556145306678,34.9952315831204],[135.75540583666387,34.99581854045781]],[[135.75540583666387,34.99581854045781],[135.75557923779851,34.99627127111729]],[[135.75324943793805,34.99054274950641],[135.75288485093697,34.990403972771595]],[[135.75288485093697,34.990403972771595],[135.75104413119988,34.99022197049643]],[[135.75104413119988,34.99022197049643],[135.75087073006523,34.990231070610186]],[[135.75087073006523,34.990231070610186],[135.75024381827072,34.9902947714065]],[[135.75024381827072,34.9902947714065],[135.74931456603628,34.99027884620742]],[[135.74931456603628,34.99027884620742],[135.74921230382867,34.99136630980154]],[[135.74921230382867,34.99136630980154],[135.7491945190969,34.992749527092805]],[[135.7491945190969,34.992749527092805],[135.74917673436514,34.99289967896982]],[[135.74917673436514,34.99289967896982],[135.7495502137321,34.992897403941384]],[[135.7495502137321,34.992897403941384],[135.7521601231178,34.99291332914046]],[[135.7521601231178,34.99291332914046],[135.75265809560705,34.9929156041689]],[[135.7527514654488,34.9929156041689],[135.75307603680338,34.99266307601211]],[[135.75556145306678,34.9952315831204],[135.75540583666387,34.99581854045781]],[[135.76105248899748,34.99656019972912],[135.76106138136333,34.99616889483751]],[[135.76106138136333,34.99616889483751],[135.76106138136333,34.99599371764766]],[[135.76069679436227,34.9959959926761],[135.75986980433547,34.995998267704536]],[[135.75986980433547,34.995998267704536],[135.75972752648138,34.99600054273298]],[[135.7560149637266,34.99153238687763],[135.7556325919938,34.99174168949407]],[[135.7556325919938,34.99174168949407],[135.75561480726205,34.99241282288375]],[[135.75561480726205,34.99241282288375],[135.75597494808017,34.99247652368006]],[[135.75708649381514,34.99418734506663],[135.75709093999808,34.993807415317214]],[[135.75709093999808,34.993807415317214],[135.75710872472982,34.99371186412275]],[[135.75710872472982,34.99371186412275],[135.7571176170957,34.99330690906051]],[[135.7571176170957,34.99330690906051],[135.75712650946159,34.992724501779975]],[[135.75317385282807,34.994160044725355],[135.75346285471915,34.99415776969691]],[[135.75346285471915,34.99415776969691],[135.7534539623533,34.99287920371386]],[[135.75297377459577,34.994160044725355],[135.75317385282807,34.994160044725355]],[[135.7556325919938,34.99174168949407],[135.75520575843157,34.99130033397679]],[[135.75517018896807,34.99130033397679],[135.7549078641746,34.9914959864226]],[[135.75516574278512,34.99266990109742],[135.75561480726205,34.99241282288375]],[[135.75517018896807,34.992986130050525],[135.75561480726205,34.99298840507897]],[[135.75346285471915,34.99415776969691],[135.75405419705015,34.994155494668476]],[[135.75328056121862,34.98924825832428],[135.75287151238817,34.98923233312521]],[[135.75287151238817,34.98923233312521],[135.75211121510546,34.989366559803145]],[[135.75211121510546,34.989366559803145],[135.75104413119988,34.99022197049643]],[[135.75288485093697,34.990403972771595],[135.75328056121862,34.98924825832428]],[[135.7534539623533,34.99034937208904],[135.75356511692678,34.99019694518359]],[[135.7535339936462,34.989414335400376],[135.75328056121862,34.98924825832428]],[[135.7597052955667,34.998878453709054],[135.76065677871583,34.99887162862374]],[[135.75968751083494,34.998878453709054],[135.7597052955667,34.998878453709054]],[[135.755619253445,34.99813451940931],[135.7556325919938,34.998555399670636]],[[135.75986980433547,34.995998267704536],[135.76027885316594,34.99493810445169]],[[135.76027885316594,34.99493810445169],[135.75998985127484,34.99418279500975]],[[135.75998985127484,34.99418279500975],[135.75925623108978,34.99418734506663]],[[135.75925623108978,34.99418734506663],[135.75926512345566,34.994687851323334]],[[135.75900724484515,34.99576848983214],[135.7590116910281,34.99599371764766]],[[135.75640622782532,34.99017646992763],[135.75641067400827,34.99038349751564]],[[135.75641067400827,34.99038349751564],[135.75716652510803,34.990460848482584]],[[135.75716652510803,34.990460848482584],[135.75717097129098,34.98998309251027]],[[135.75717097129098,34.98998309251027],[135.75717541747392,34.98948713631044]],[[135.75717541747392,34.98948713631044],[135.75641067400827,34.98949851145264]],[[135.75473890922288,34.99049497390918],[135.75483672524757,34.99022879558174]],[[135.75485895616228,34.989423435514134],[135.75416979780658,34.989418885457255]],[[135.755174635151,34.99416231975379],[135.75558368398146,34.994160044725355]],[[135.7585448418194,34.994658275953626],[135.75857151891702,34.99418279500975]],[[135.75857151891702,34.99418279500975],[135.7581891471842,34.99417824495287]],[[135.7581891471842,34.99417824495287],[135.75793571475663,34.994301096488606]],[[135.75796683803722,34.99498588004892],[135.75845147197765,34.99496995484984]],[[135.75715318655924,34.99158016247486],[135.75716652510803,34.990460848482584]],[[135.75641067400827,34.99038349751564],[135.75639733545944,34.99062237550179]],[[135.7585137185388,34.99569796395051],[135.75852705708763,34.99598916759078]],[[135.76186614047546,34.990062718505655],[135.7619061561219,34.98951443665172]],[[135.7619061561219,34.98951443665172],[135.76146153782793,34.989484861282]],[[135.76146153782793,34.989484861282],[135.76145264546204,34.99007181861941]],[[135.76145264546204,34.99007181861941],[135.76186614047546,34.990062718505655]],[[135.76072347145993,34.98946893608292],[135.7607101329111,34.99007181861941]],[[135.7607101329111,34.99007181861941],[135.7610791660951,34.990369847345]],[[135.7610791660951,34.990369847345],[135.76145264546204,34.99007181861941]],[[135.76146153782793,34.989484861282],[135.76107027372922,34.98922778306833]],[[135.76107027372922,34.98922778306833],[135.76072347145993,34.98946893608292]],[[135.76503626891156,34.99042899808443],[135.76470280519106,34.990369847345]],[[135.76470280519106,34.990369847345],[135.76444492658055,34.991634763157414]],[[135.76444492658055,34.991634763157414],[135.76502737654567,34.99164613829961]],[[135.76502737654567,34.99164613829961],[135.76503626891156,34.99042899808443]],[[135.76446715749526,34.98972601429659],[135.7638002300543,34.989721464239715]],[[135.7638002300543,34.989721464239715],[135.76366239838316,34.99036757231656]],[[135.76366239838316,34.99036757231656],[135.76412035522597,34.99036757231656]],[[135.76412035522597,34.99036757231656],[135.76445826512938,34.990369847345]],[[135.76445826512938,34.990369847345],[135.76446715749526,34.98972601429659]],[[135.75925623108978,34.99418734506663],[135.75860264219762,34.994185070038185]],[[135.75860264219762,34.994185070038185],[135.75857151891702,34.99418279500975]],[[135.76503182272862,34.992289971348015],[135.76502737654567,34.99164613829961]],[[135.76444492658055,34.991634763157414],[135.76444048039764,34.99229907146177]],[[135.76444048039764,34.99229907146177],[135.76503182272862,34.992289971348015]],[[135.76210178817126,34.99228314626269],[135.76222628129358,34.99228314626269]],[[135.76222628129358,34.99228314626269],[135.76187503284135,34.9915938126455]],[[135.76187503284135,34.9915938126455],[135.76146153782793,34.9916051877877]],[[135.76146153782793,34.9916051877877],[135.76146153782793,34.99199876770774]],[[135.76146153782793,34.99199876770774],[135.76163049277966,34.992278596205814]],[[135.76163049277966,34.992278596205814],[135.76210178817126,34.99228314626269]],[[135.75932292383388,34.98981929046262],[135.75933181619973,34.98920958284081]],[[135.75933181619973,34.98920958284081],[135.7582425013795,34.98950988659484]],[[135.7582425013795,34.98950988659484],[135.758278070843,34.9898124653773]],[[135.758278070843,34.9898124653773],[135.75932292383388,34.98981929046262]],[[135.73633171185196,34.986657000931594],[135.73630948093725,34.98784456577706]],[[135.73630948093725,34.98784456577706],[135.7384792182119,34.987858215947696]],[[135.7384792182119,34.987858215947696],[135.73847477202895,34.986668376073794]],[[135.73847477202895,34.986668376073794],[135.73832804799193,34.986668376073794]],[[135.73832804799193,34.986668376073794],[135.73633171185196,34.986657000931594]],[[135.7476205703362,34.98917545741422],[135.74609552958785,34.9891800074711]],[[135.74609552958785,34.9891800074711],[135.7460332830267,34.989182282499534]],[[135.7460332830267,34.989182282499534],[135.74604217539257,34.99039942271472]],[[135.74604217539257,34.99039942271472],[135.7475983394215,34.9903812224872]],[[135.7475983394215,34.9903812224872],[135.7475983394215,34.99037212237344]],[[135.7475983394215,34.99037212237344],[135.7476205703362,34.98917545741422]],[[135.74957689082973,34.98868860132814],[135.748892178657,34.98869997647034]],[[135.748892178657,34.98869997647034],[135.748892178657,34.98870452652722]],[[135.748892178657,34.98870452652722],[135.7488610553764,34.99029022134962]],[[135.7488610553764,34.99029022134962],[135.74931456603628,34.99027884620742]],[[135.75024381827072,34.9902947714065],[135.74957689082973,34.98868860132814]],[[135.7329214895371,34.99152328676387],[135.73288592007358,34.99214436952788]],[[135.73288592007358,34.99214436952788],[135.7330815521229,34.993520761733826]],[[135.7330815521229,34.993520761733826],[135.7345087768466,34.99355488716042]],[[135.7345087768466,34.99355488716042],[135.73472219362773,34.99356171224574]],[[135.73472219362773,34.99356171224574],[135.73473553217656,34.99159153761706]],[[135.73473553217656,34.99159153761706],[135.7329214895371,34.99152328676387]],[[135.7514931956768,34.987323584264395],[135.75149764185974,34.987030105595686]],[[135.75149764185974,34.987030105595686],[135.75119530141984,34.98705513090852]],[[135.75119530141984,34.98705513090852],[135.75118196287102,34.987319034207516]],[[135.75118196287102,34.987319034207516],[135.7514931956768,34.987323584264395]],[[135.7504883583324,34.98671842669946],[135.7503994346736,34.98607459365106]],[[135.7503994346736,34.98607459365106],[135.75040832703948,34.985787940067674]],[[135.75040832703948,34.985787940067674],[135.75009264805075,34.98579704018143]],[[135.75009264805075,34.98579704018143],[135.7500970942337,34.98701645542505]],[[135.7500970942337,34.98701645542505],[135.7504661274177,34.98706195599384]],[[135.7504661274177,34.98706195599384],[135.7504883583324,34.98671842669946]],[[135.736473989706,34.98416584479025],[135.7363050347543,34.98417266987556]],[[135.7363050347543,34.98417266987556],[135.73633171185196,34.98549673642741]],[[135.73633171185196,34.98549673642741],[135.7383680636384,34.985478536199885]],[[135.7383680636384,34.985478536199885],[135.73866595789536,34.985264683526566]],[[135.73866595789536,34.985264683526566],[135.736473989706,34.98416584479025]],[[135.76107027372922,34.98922778306833],[135.76107027372922,34.98888652880239]],[[135.76107027372922,34.98888652880239],[135.76070568672816,34.98888197874551]],[[135.76070568672816,34.98888197874551],[135.75973641884727,34.98886150348955]],[[135.75973641884727,34.98886150348955],[135.75973197266433,34.98921640792613]],[[135.75973197266433,34.98921640792613],[135.7601098982142,34.989334709404986]],[[135.7601098982142,34.989334709404986],[135.76072347145993,34.98946893608292]],[[135.76470280519106,34.990369847345],[135.76445826512938,34.990369847345]],[[135.76412035522597,34.99036757231656],[135.76411590904303,34.992289971348015]],[[135.76411590904303,34.992289971348015],[135.76414258614065,34.99229224637645]],[[135.76414258614065,34.99229224637645],[135.76444048039764,34.99229907146177]],[[135.76106582754628,34.985583187508105],[135.759683064652,34.98428642129755]],[[135.759683064652,34.98428642129755],[135.7551212809557,34.98502353051197]],[[135.7551212809557,34.98502353051197],[135.75517018896807,34.98569693893009]],[[135.75517018896807,34.98569693893009],[135.76106582754628,34.985583187508105]],[[135.752955989864,34.98656599979401],[135.7533339154139,34.985264683526566]],[[135.7533339154139,34.985264683526566],[135.75224904677657,34.98524648329905]],[[135.75224904677657,34.98524648329905],[135.75216901548367,34.986820802979246]],[[135.75216901548367,34.986820802979246],[135.75293820513227,34.98683445314988]],[[135.75293820513227,34.98683445314988],[135.752955989864,34.98656599979401]],[[135.7606879019964,34.99493127936637],[135.76027885316594,34.99493810445169]],[[135.76366239838316,34.99036757231656],[135.76271091523404,34.990199220212034]],[[135.76271091523404,34.990199220212034],[135.76219960419596,34.989512161623274]],[[135.76219960419596,34.989512161623274],[135.7619061561219,34.98951443665172]],[[135.76186614047546,34.990062718505655],[135.7618705866584,34.99039487265784]],[[135.7618705866584,34.99039487265784],[135.76187503284135,34.99104553079156]],[[135.76187503284135,34.99104553079156],[135.76187503284135,34.9915938126455]],[[135.76222628129358,34.99228314626269],[135.7633111499309,34.992285421291136]],[[135.7633111499309,34.992285421291136],[135.76411590904303,34.992289971348015]],[[135.73633171185196,34.98552403676868],[135.7332015990623,34.985510386598044]],[[135.7332015990623,34.985510386598044],[135.73317047578172,34.98657054985089]],[[135.73317047578172,34.98657054985089],[135.73633171185196,34.986657000931594]],[[135.73633171185196,34.986657000931594],[135.73633171185196,34.98552403676868]],[[135.74728710661572,34.99159608767394],[135.74618000706369,34.991389060085936]],[[135.74618000706369,34.991389060085936],[135.7451307078899,34.991534661906066]],[[135.7451307078899,34.991534661906066],[135.74511292315813,34.99240827282687]],[[135.74511292315813,34.99240827282687],[135.74720262913985,34.992424198025944]],[[135.74720262913985,34.992424198025944],[135.74728710661572,34.99159608767394]],[[135.75290708185167,34.98791736668713],[135.75293820513227,34.98683445314988]],[[135.75216901548367,34.986820802979246],[135.75216456930073,34.98705740593696]],[[135.75216456930073,34.98705740593696],[135.75216901548367,34.987589762591824]],[[135.75216901548367,34.987589762591824],[135.75214678456896,34.9879332918862]],[[135.75214678456896,34.9879332918862],[135.75290708185167,34.98791736668713]],[[135.76070568672816,34.99103870570624],[135.76072347145993,34.990654225899945]],[[135.76072347145993,34.990654225899945],[135.76008766729953,34.990497248937615]],[[135.76008766729953,34.990497248937615],[135.7600832211166,34.99113653192914]],[[135.7600832211166,34.99113653192914],[135.76070568672816,34.99103870570624]],[[135.75515685041924,34.98587894120526],[135.75517018896807,34.98569693893009]],[[135.7551212809557,34.98502353051197],[135.753622917305,34.985280608725645]],[[135.753622917305,34.985280608725645],[135.7537474104273,34.98577656492547]],[[135.7537474104273,34.98577656492547],[135.75515685041924,34.98587894120526]],[[135.75522354316334,34.988533899394255],[135.75420536727012,34.988454273398865]],[[135.75420536727012,34.988454273398865],[135.75418758253835,34.98872955184006]],[[135.75418758253835,34.98872955184006],[135.75522354316334,34.98878187749417]],[[135.75522354316334,34.98878187749417],[135.75522354316334,34.988533899394255]],[[135.7332015990623,34.985510386598044],[135.73254801017015,34.98551721168336]],[[135.73254801017015,34.98551721168336],[135.73251688688956,34.98655007459493]],[[135.73251688688956,34.98655007459493],[135.73317047578172,34.98657054985089]],[[135.75517908133395,34.98614284450424],[135.75377853370787,34.98645679842891]],[[135.75377853370787,34.98645679842891],[135.75324943793805,34.9866979514435]],[[135.75324943793805,34.9866979514435],[135.75520131224863,34.987071056107595]],[[135.75520131224863,34.987071056107595],[135.75517908133395,34.98614284450424]],[[135.75522354316334,34.98878187749417],[135.75522354316334,34.98924825832428]],[[135.75717541747392,34.98948713631044],[135.75717541747392,34.98919593267017]],[[135.75717541747392,34.98919593267017],[135.75706426290043,34.98882055297764]],[[135.75706426290043,34.98882055297764],[135.75522354316334,34.98878187749417]],[[135.75515685041924,34.98587894120526],[135.75517908133395,34.98614284450424]],[[135.75520131224863,34.987071056107595],[135.75519241988275,34.98760341276246]],[[135.75519241988275,34.98760341276246],[135.7552190969804,34.987983342511875]],[[135.7552190969804,34.987983342511875],[135.75522354316334,34.988533899394255]],[[135.75706426290043,34.98882055297764],[135.75828251702595,34.98885467840424]],[[135.75828251702595,34.98885467840424],[135.75973641884727,34.98886150348955]],[[135.76070568672816,34.98888197874551],[135.7623507744159,34.987903716516485]],[[135.7623507744159,34.987903716516485],[135.76106582754628,34.985583187508105]],[[135.7363139271202,34.993887041312604],[135.73605160232674,34.993593562643895]],[[135.73605160232674,34.993593562643895],[135.73540690580046,34.99357991247326]],[[135.73540690580046,34.99357991247326],[135.73470440889596,34.99625989597509]],[[135.73470440889596,34.99625989597509],[135.73627391147372,34.996239420719135]],[[135.73627391147372,34.996239420719135],[135.7363139271202,34.993887041312604]],[[135.74805185008137,34.99880337777055],[135.74798515733727,34.99759533766913]],[[135.74798515733727,34.99759533766913],[135.74794514169082,34.99759533766913]],[[135.74794514169082,34.99759533766913],[135.7460688524902,34.997570312356295]],[[135.7460688524902,34.997570312356295],[135.74606440630726,34.99880337777055]],[[135.74606440630726,34.99880337777055],[135.74805185008137,34.99880337777055]],[[135.75124420943217,34.98825407089618],[135.75099522318754,34.98789461640273]],[[135.75099522318754,34.98789461640273],[135.75046168123475,34.98789006634585]],[[135.75046168123475,34.98789006634585],[135.75033718811244,34.98789006634585]],[[135.75033718811244,34.98789006634585],[135.75033718811244,34.98870452652722]],[[135.75033718811244,34.98870452652722],[135.75083960678464,34.988711351612544]],[[135.75083960678464,34.988711351612544],[135.75123976324923,34.98871362664098]],[[135.75123976324923,34.98871362664098],[135.75124420943217,34.98825407089618]],[[135.75118640905396,34.98764663830281],[135.75118196287102,34.987319034207516]],[[135.75119530141984,34.98705513090852],[135.75086183769935,34.98672752681322]],[[135.75086183769935,34.98672752681322],[135.7504883583324,34.98671842669946]],[[135.7504661274177,34.98706195599384],[135.75047501978358,34.98738501003226]],[[135.75047501978358,34.98738501003226],[135.75046168123475,34.98789006634585]],[[135.75099522318754,34.98789461640273],[135.75118640905396,34.98764663830281]],[[135.7345843619566,34.98780361526514],[135.73457102340777,34.98923915821052]],[[135.73457102340777,34.98923915821052],[135.73469107034714,34.98923915821052]],[[135.73469107034714,34.98923915821052],[135.73630058857137,34.9891572571867]],[[135.73630058857137,34.9891572571867],[135.73630948093725,34.987874141146776]],[[135.73630948093725,34.987874141146776],[135.7345843619566,34.98780361526514]],[[135.7330815521229,34.993520761733826],[135.7330548750253,34.993987142563945]],[[135.7330548750253,34.993987142563945],[135.73388631123504,34.99625762094665]],[[135.73388631123504,34.99625762094665],[135.7345087768466,34.99355488716042]],[[135.7283908291214,34.989084456276636],[135.72834192110906,34.987794515151386],[135.730120394285,34.98777631492387]],[[135.730120394285,34.98777631492387],[135.73013373283382,34.98652959933898]],[[135.73013373283382,34.98652959933898],[135.73013817901676,34.9855194867118]],[[135.73013817901676,34.9855194867118],[135.72722592919115,34.98596311725752],[135.72740822269168,34.98907080610599],[135.7283908291214,34.989084456276636]],[[135.74283647749294,34.99254932459012],[135.74295652443232,34.99150053647948]],[[135.74295652443232,34.99150053647948],[135.74165379283093,34.99158471253174]],[[135.74165379283093,34.99158471253174],[135.73919060748227,34.99157333738954]],[[135.73919060748227,34.99157333738954],[135.73922617694578,34.99368228875304]],[[135.73922617694578,34.99368228875304],[135.73924396167754,34.994075868673086]],[[135.73924396167754,34.994075868673086],[135.7426541839924,34.99384836582913]],[[135.7426541839924,34.99384836582913],[135.74458382738828,34.99390524154012]],[[135.74458382738828,34.99390524154012],[135.74457938120534,34.9936800137246]],[[135.74457938120534,34.9936800137246],[135.74434817969248,34.99367091361084]],[[135.74434817969248,34.99367091361084],[135.74369903698326,34.99365271338333]],[[135.74369903698326,34.99365271338333],[135.74283647749294,34.99254932459012]],[[135.7638002300543,34.989721464239715],[135.76272425378284,34.989559937220506]],[[135.76272425378284,34.989559937220506],[135.76271091523404,34.990199220212034]],[[135.72863536918308,34.99213526941412],[135.72856867643898,34.99384836582913],[135.7307473060795,34.99382334051629]],[[135.7307473060795,34.99382334051629],[135.730711736616,34.99218759506823]],[[135.730711736616,34.99218759506823],[135.73045830418843,34.99218987009667]],[[135.73045830418843,34.99218987009667],[135.72863536918308,34.99213526941412]],[[135.7331349063182,34.98777176486699],[135.7331349063182,34.98774446452572]],[[135.7331349063182,34.98774446452572],[135.7324768712431,34.98773081435508]],[[135.7324768712431,34.98773081435508],[135.7324768712431,34.98778769006607]],[[135.7324768712431,34.98778769006607],[135.73243685559666,34.989234608153645]],[[135.73243685559666,34.989234608153645],[135.73300596701296,34.989234608153645]],[[135.73300596701296,34.989234608153645],[135.73309933685468,34.989234608153645]],[[135.73309933685468,34.989234608153645],[135.7331349063182,34.98777176486699]],[[135.75287151238817,34.98923233312521],[135.75288485093697,34.988731826868495]],[[135.75288485093697,34.988731826868495],[135.7521289998372,34.9887204517263]],[[135.7521289998372,34.9887204517263],[135.7521289998372,34.98894112948494]],[[135.7521289998372,34.98894112948494],[135.75211121510546,34.989366559803145]],[[135.7363050347543,34.98417266987556],[135.73325939944053,34.98410441902238]],[[135.73325939944053,34.98410441902238],[135.7332015990623,34.985510386598044]],[[135.73633171185196,34.98552403676868],[135.73633171185196,34.98549673642741]],[[135.74967026067148,34.997031130616115],[135.74918562673102,34.99702658055923]],[[135.74918562673102,34.99702658055923],[135.74918562673102,34.99875787720176]],[[135.74918562673102,34.99875787720176],[135.74941238206097,34.99875787720176]],[[135.74941238206097,34.99875787720176],[135.74942127442685,34.99875787720176]],[[135.74942127442685,34.99875787720176],[135.7496391373909,34.99849852395965]],[[135.7496391373909,34.99849852395965],[135.74967026067148,34.997031130616115]],[[135.7287242928419,34.989129956845424],[135.72870650811012,34.99025382089458]],[[135.72870650811012,34.99025382089458],[135.73073396753068,34.99027429615054]],[[135.73073396753068,34.99027429615054],[135.73069839806718,34.98920048272705]],[[135.73069839806718,34.98920048272705],[135.73065393623776,34.989198207698614]],[[135.73065393623776,34.989198207698614],[135.7287242928419,34.989129956845424]],[[135.75410310506248,34.987915091658685],[135.75519241988275,34.98760341276246]],[[135.75324943793805,34.9866979514435],[135.752955989864,34.98656599979401]],[[135.75290708185167,34.98791736668713],[135.75410310506248,34.987915091658685]],[[135.73038271907845,34.98411351913614],[135.73252577925544,34.98410214399394]],[[135.73252577925544,34.98410214399394],[135.73266361092658,34.983117056679596]],[[135.73266361092658,34.983117056679596],[135.73055167403015,34.98297600491634],[135.73038271907845,34.98411351913614]],[[135.75377853370787,34.98645679842891],[135.7537474104273,34.98577656492547]],[[135.753622917305,34.985280608725645],[135.7533339154139,34.985264683526566]],[[135.73919060748227,34.99157333738954],[135.73790566061265,34.991561962247346]],[[135.73790566061265,34.991561962247346],[135.73792789152736,34.99365953846864]],[[135.73792789152736,34.99365953846864],[135.73922617694578,34.99368228875304]],[[135.7460688524902,34.997570312356295],[135.7460021597461,34.99756348727097]],[[135.7460021597461,34.99756348727097],[135.74451268846124,34.99756803732785]],[[135.74451268846124,34.99756803732785],[135.7425296908701,34.997565762299416]],[[135.7425296908701,34.997565762299416],[135.74268086109004,34.99880565279899]],[[135.74268086109004,34.99880565279899],[135.74606440630726,34.99880337777055]],[[135.74874100843704,34.99755211212878],[135.74798515733727,34.99759533766913]],[[135.74805185008137,34.99880337777055],[135.7482341435819,34.99879200262835]],[[135.7482341435819,34.99879200262835],[135.74876323935175,34.99876242725864]],[[135.74876323935175,34.99876242725864],[135.74874100843704,34.99755211212878]],[[135.7345843619566,34.98780361526514],[135.7331349063182,34.98777176486699]],[[135.73309933685468,34.989234608153645],[135.73457102340777,34.98923915821052]],[[135.7610791660951,34.990369847345],[135.7610791660951,34.99051544916513]],[[135.7610791660951,34.99051544916513],[135.76147487637675,34.99066105098527]],[[135.76147487637675,34.99066105098527],[135.7618705866584,34.99039487265784]],[[135.7495057519027,34.99525888346167],[135.7495502137321,34.992897403941384]],[[135.74917673436514,34.99289967896982],[135.74916784199928,34.99447172362158]],[[135.74916784199928,34.99447172362158],[135.74917673436514,34.995238408205715]],[[135.74917673436514,34.995238408205715],[135.74917228818222,34.99527253363231]],[[135.74917228818222,34.99527253363231],[135.7495057519027,34.99525888346167]],[[135.7547522477717,34.99845302339085],[135.75476558632053,34.99764311326636]],[[135.75476558632053,34.99764311326636],[135.75474780158876,34.99763628818104]],[[135.75474780158876,34.99763628818104],[135.7540808741478,34.99762946309572]],[[135.7540808741478,34.99762946309572],[135.75407198178192,34.998596350182545]],[[135.75407198178192,34.998596350182545],[135.7547522477717,34.99845302339085]],[[135.748892178657,34.98870452652722],[135.7476205703362,34.98917545741422]],[[135.7475983394215,34.99037212237344],[135.7488610553764,34.99029022134962]],[[135.73832804799193,34.986668376073794],[135.7383680636384,34.985478536199885]],[[135.7324768712431,34.98778769006607],[135.73067172096953,34.987794515151386]],[[135.73067172096953,34.987794515151386],[135.73065393623776,34.989198207698614]],[[135.73069839806718,34.98920048272705],[135.73243685559666,34.989234608153645]],[[135.74437485679013,34.992551599618565],[135.7442725945825,34.99254932459012]],[[135.7442725945825,34.99254932459012],[135.74373905262973,34.99253339939105]],[[135.74373905262973,34.99253339939105],[135.74369903698326,34.99365271338333]],[[135.74434817969248,34.99367091361084],[135.74437485679013,34.992551599618565]],[[135.76146153782793,34.9916051877877],[135.76071457909404,34.991614287901456]],[[135.76071457909404,34.991614287901456],[135.7607101329111,34.99201014284994]],[[135.7607101329111,34.99201014284994],[135.76106582754628,34.99205791844717]],[[135.76106582754628,34.99205791844717],[135.76146153782793,34.99199876770774]],[[135.75848704144119,34.99266535104054],[135.75924289254095,34.992660800983664]],[[135.75924289254095,34.992660800983664],[135.75975864976198,34.99256297476076]],[[135.75975864976198,34.99256297476076],[135.75982978868902,34.9925652497892]],[[135.75982978868902,34.9925652497892],[135.75985646578664,34.992142094499435]],[[135.75985646578664,34.992142094499435],[135.7598520196037,34.99139588517125]],[[135.7598520196037,34.99139588517125],[135.7600832211166,34.99113653192914]],[[135.76008766729953,34.990497248937615],[135.75982978868902,34.990194670155155]],[[135.75982978868902,34.990194670155155],[135.75932292383388,34.98981929046262]],[[135.758278070843,34.9898124653773],[135.75717097129098,34.98998309251027]],[[135.7571176170957,34.99330690906051],[135.75816691626952,34.993311459117386]],[[135.75816691626952,34.993311459117386],[135.75848704144119,34.99266535104054]],[[135.73251688688956,34.98655462465181],[135.73013373283382,34.98652959933898]],[[135.730120394285,34.98777631492387],[135.73067172096953,34.987794515151386]],[[135.7324768712431,34.98773081435508],[135.73251688688956,34.98655462465181]],[[135.7490255641452,34.98670705155727],[135.74903001032814,34.9852032577587]],[[135.74903001032814,34.9852032577587],[135.74444599571717,34.985003055256016]],[[135.74444599571717,34.985003055256016],[135.7444282109854,34.986254320897785]],[[135.7444282109854,34.986254320897785],[135.7490255641452,34.98670705155727]],[[135.7582425013795,34.98950988659484],[135.75717541747392,34.98919593267017]],[[135.75407642796486,34.99527935871763],[135.75407198178192,34.994155494668476]],[[135.75317385282807,34.994160044725355],[135.75316940664513,34.99527253363231]],[[135.75316940664513,34.99527253363231],[135.75407642796486,34.99527935871763]],[[135.755174635151,34.99416231975379],[135.75517018896807,34.99471287663617]],[[135.75517018896807,34.99471287663617],[135.75557034543263,34.994751552119645]],[[135.74921230382867,34.99136630980154],[135.7487943626323,34.991398160199694]],[[135.7487943626323,34.991398160199694],[135.74877657790057,34.99160063773082]],[[135.74877657790057,34.99160063773082],[135.74879880881525,34.99273587692217]],[[135.74879880881525,34.99273587692217],[135.74882103972996,34.99273587692217]],[[135.74882103972996,34.99273587692217],[135.7491945190969,34.992749527092805]],[[135.7552190969804,34.987983342511875],[135.75420536727012,34.98814714455953]],[[135.75420536727012,34.98814714455953],[135.75420536727012,34.988454273398865]],[[135.73325939944053,34.98410441902238],[135.73252577925544,34.98410214399394]],[[135.73252577925544,34.98410214399394],[135.73254801017015,34.985510386598044]],[[135.73254801017015,34.985510386598044],[135.73254801017015,34.98551721168336]],[[135.76716599053975,34.99036302225968],[135.76720156000326,34.98948031122512]],[[135.76720156000326,34.98948031122512],[135.76628120013473,34.98947803619668]],[[135.76628120013473,34.98947803619668],[135.7662456306712,34.99031979671933]],[[135.7662456306712,34.99031979671933],[135.76716599053975,34.99036302225968]],[[135.73296595136648,34.99033344688997],[135.7329214895371,34.99152328676387]],[[135.73473553217656,34.99159153761706],[135.7361716492661,34.991566512304225]],[[135.7361716492661,34.991566512304225],[135.73623389582727,34.99036302225968]],[[135.73623389582727,34.99036302225968],[135.73476220927418,34.990344822032164]],[[135.73476220927418,34.990344822032164],[135.73296595136648,34.99033344688997]],[[135.7521289998372,34.98894112948494],[135.75083516060172,34.988916104172105]],[[135.75083516060172,34.988916104172105],[135.75087073006523,34.990231070610186]],[[135.7460332830267,34.989182282499534],[135.74451268846124,34.989182282499534]],[[135.74451268846124,34.989182282499534],[135.74454381174183,34.991430010597846]],[[135.74454381174183,34.991430010597846],[135.7451307078899,34.991534661906066]],[[135.74618000706369,34.991389060085936],[135.74604217539257,34.99039942271472]],[[135.73330830745286,34.982466398545874],[135.73325939944053,34.98410441902238]],[[135.736473989706,34.98416584479025],[135.73982196545973,34.98383824069494]],[[135.73982196545973,34.98383824069494],[135.73503342643352,34.982482323744954],[135.73330830745286,34.982466398545874]],[[135.74457938120534,34.9936800137246],[135.74504623041403,34.99289512891294]],[[135.74504623041403,34.99289512891294],[135.74511292315813,34.99256297476076]],[[135.74511292315813,34.99256297476076],[135.74437485679013,34.992551599618565]],[[135.73038271907845,34.98411351913614],[135.73013817901676,34.9855194867118]],[[135.73013817901676,34.9855194867118],[135.73254801017015,34.985510386598044]],[[135.75737994188916,35.00198386752909],[135.7578779143784,35.00246617355828]],[[135.7578779143784,35.00246617355828],[135.75810022352542,35.00246617355828]],[[135.75810022352542,35.00246617355828],[135.7588027204299,35.00204074324008]],[[135.7588027204299,35.00204074324008],[135.75891832118634,35.00161758795032]],[[135.75891832118634,35.00161758795032],[135.75811356207424,35.00133775945225]],[[135.75811356207424,35.00133775945225],[135.75737994188916,35.001808690339246]],[[135.75737994188916,35.001808690339246],[135.75737994188916,35.00198386752909]],[[135.75047501978358,34.98738501003226],[135.74972361486675,34.98740093523134]],[[135.74972361486675,34.98740093523134],[135.74971472250087,34.98788324126053]],[[135.74971472250087,34.98788324126053],[135.75033718811244,34.98789006634585]],[[135.7283908291214,34.989084456276636],[135.7287242928419,34.989129956845424]],[[135.75407642796486,34.99527935871763],[135.7547522477717,34.99526115849011]],[[135.7547522477717,34.99526115849011],[135.75517018896807,34.99471287663617]],[[135.76585881275543,34.98417266987556],[135.76601442915833,34.98565598841817]],[[135.76601442915833,34.98565598841817],[135.76785959507836,34.9856173129347]],[[135.76785959507836,34.9856173129347],[135.76792628782246,34.98204324325611],[135.76684586536808,34.98201821794328],[135.76585881275543,34.98417266987556]],[[135.74971472250087,34.98788324126053],[135.74971027631793,34.98788324126053]],[[135.74971027631793,34.98788324126053],[135.74964802975677,34.98869315138502]],[[135.74964802975677,34.98869315138502],[135.75033718811244,34.98870452652722]],[[135.75040832703948,34.985787940067674],[135.75076846785763,34.985553612138396]],[[135.75076846785763,34.985553612138396],[135.75074623694292,34.98522373301466]],[[135.75074623694292,34.98522373301466],[135.75011487896546,34.985216907929335]],[[135.75011487896546,34.985216907929335],[135.75009264805075,34.98579704018143]],[[135.73300596701296,34.989234608153645],[135.73296595136648,34.99033344688997]],[[135.73476220927418,34.990344822032164],[135.73469107034714,34.98923915821052]],[[135.7614793225597,34.9910364306778],[135.76147487637675,34.99066105098527]],[[135.7610791660951,34.99051544916513],[135.76072347145993,34.990654225899945]],[[135.76070568672816,34.99103870570624],[135.7614793225597,34.9910364306778]],[[135.74868765424176,35.000095593924236],[135.74858539203416,35.001262683513744]],[[135.74858539203416,35.001262683513744],[135.74947462862212,35.001253583399986]],[[135.74947462862212,35.001253583399986],[135.74952353663446,35.00098968010099]],[[135.74952353663446,35.00098968010099],[135.74957689082973,35.00013199437927]],[[135.74957689082973,35.00013199437927],[135.74947907480507,35.00012744432239]],[[135.74947907480507,35.00012744432239],[135.74868765424176,35.000095593924236]],[[135.7533205768651,34.99635772219799],[135.752293508606,34.99633952197048]],[[135.752293508606,34.99633952197048],[135.75227127769128,34.997627188067284]],[[135.75227127769128,34.997627188067284],[135.75242244791124,34.99762491303884]],[[135.75242244791124,34.99762491303884],[135.7529426513152,34.997622638010405]],[[135.7529426513152,34.997622638010405],[135.7533205768651,34.99635772219799]],[[135.74373905262973,34.99253339939105],[135.74377906827618,34.99142546054097]],[[135.74377906827618,34.99142546054097],[135.7429654167982,34.99142546054097]],[[135.7429654167982,34.99142546054097],[135.74295652443232,34.99150053647948]],[[135.74283647749294,34.99254932459012],[135.74373905262973,34.99253339939105]],[[135.75227127769128,34.997627188067284],[135.7522268158619,34.99837794745235]],[[135.7522268158619,34.99837794745235],[135.75248024828946,34.998382497509226]],[[135.75248024828946,34.998382497509226],[135.75242244791124,34.99762491303884]],[[135.74916784199928,34.99447172362158],[135.74882103972996,34.99446944859314]],[[135.74882103972996,34.99446944859314],[135.748523145473,34.9944557984225]],[[135.748523145473,34.9944557984225],[135.74897665613287,34.99524068323416]],[[135.74897665613287,34.99524068323416],[135.74917673436514,34.995238408205715]],[[135.73251688688956,34.98655007459493],[135.73251688688956,34.98655462465181]],[[135.7331349063182,34.98774446452572],[135.73317047578172,34.98657054985089]],[[135.75410310506248,34.987915091658685],[135.75420536727012,34.98814714455953]],[[135.7521289998372,34.9887204517263],[135.75123976324923,34.98871362664098]],[[135.75083960678464,34.988711351612544],[135.75083516060172,34.988916104172105]],[[135.76259976066052,34.98630209649502],[135.76106582754628,34.985583187508105]],[[135.7623507744159,34.987903716516485],[135.76261309920935,34.98794694205684]],[[135.76261309920935,34.98794694205684],[135.76266645340462,34.98726215849653]],[[135.76266645340462,34.98726215849653],[135.7626308839411,34.98679805269485]],[[135.7626308839411,34.98679805269485],[135.76259976066052,34.98630209649502]],[[135.7607101329111,34.99007181861941],[135.759976512726,34.99008546879005]],[[135.759976512726,34.99008546879005],[135.75982978868902,34.990194670155155]],[[135.7538229955373,34.988743202010696],[135.75418758253835,34.98872955184006]],[[135.75290708185167,34.98791736668713],[135.75288485093697,34.988731826868495]],[[135.75288485093697,34.988731826868495],[135.7538229955373,34.988743202010696]],[[135.76641903180587,34.99406449353089],[135.76649461691582,34.99284735331571]],[[135.76649461691582,34.99284735331571],[135.76626341540296,34.99285872845791]],[[135.76626341540296,34.99285872845791],[135.7662100612077,34.99286100348635]],[[135.7662100612077,34.99286100348635],[135.76616115319536,34.994044018274934]],[[135.76616115319536,34.994044018274934],[135.7663034310494,34.99416686981067]],[[135.7663034310494,34.99416686981067],[135.76641903180587,34.99406449353089]],[[135.73623389582727,34.99036302225968],[135.73630058857137,34.9891572571867]],[[135.759976512726,34.99008546879005],[135.7601098982142,34.989334709404986]],[[135.75973197266433,34.98921640792613],[135.75933181619973,34.98920958284081]],[[135.7500970942337,34.98701645542505],[135.7497280610497,34.98702555553881]],[[135.7497280610497,34.98702555553881],[135.74972361486675,34.98740093523134]],[[135.74458382738828,34.99390524154012],[135.74457938120534,34.99399851770614]],[[135.74457938120534,34.99399851770614],[135.74599771356316,34.993975767421745]],[[135.74599771356316,34.993975767421745],[135.74697587380993,34.99395756719423]],[[135.74697587380993,34.99395756719423],[135.74685582687056,34.993095331415624]],[[135.74685582687056,34.993095331415624],[135.74504623041403,34.99289512891294]],[[135.75665521406995,35.00360141274964],[135.7562239343248,35.003474011157024]],[[135.7562239343248,35.003474011157024],[135.75557923779851,35.00338756007632]],[[135.75557923779851,35.00338756007632],[135.75512572713865,35.00361278789184]],[[135.75512572713865,35.00361278789184],[135.75512572713865,35.003683313773465]],[[135.75512572713865,35.003683313773465],[135.75666410643584,35.00380844033764]],[[135.75666410643584,35.00380844033764],[135.75665521406995,35.00360141274964]],[[135.75011487896546,34.985216907929335],[135.7497636305132,34.98521008284401]],[[135.7497636305132,34.98521008284401],[135.7493501354998,34.98670705155727]],[[135.7493501354998,34.98670705155727],[135.7497280610497,34.98702555553881]],[[135.7445037960954,34.99519973272224],[135.74457938120534,34.99399851770614]],[[135.7426541839924,34.99384836582913],[135.74255192178478,34.99620757032098]],[[135.74255192178478,34.99620757032098],[135.7425296908701,34.997565762299416]],[[135.74451268846124,34.99756803732785],[135.7445037960954,34.99519973272224]],[[135.7479896035202,34.99445124836562],[135.747931803142,34.99437617242711]],[[135.747931803142,34.99437617242711],[135.74754498522623,34.996287196316366]],[[135.74754498522623,34.996287196316366],[135.7479673726055,34.996296296430124]],[[135.7479673726055,34.996296296430124],[135.74798071115433,34.99591181662383]],[[135.74798071115433,34.99591181662383],[135.7479896035202,34.99445124836562]],[[135.73073396753068,34.99027429615054],[135.73100963087296,34.990283396264296]],[[135.73100963087296,34.990283396264296],[135.73296595136648,34.99033344688997]],[[135.74728710661572,34.99159608767394],[135.7475983394215,34.9903812224872]],[[135.76484508304515,34.988859228461116],[135.76503626891156,34.989721464239715]],[[135.76503626891156,34.989721464239715],[135.76503626891156,34.99030842157713]],[[135.76503626891156,34.99030842157713],[135.7654986719373,34.99032207174777]],[[135.7654986719373,34.99032207174777],[135.7654764410226,34.988852403375795]],[[135.7654764410226,34.988852403375795],[135.76484508304515,34.988859228461116]],[[135.74877657790057,34.99160063773082],[135.74800294206904,34.99271540166622]],[[135.74800294206904,34.99271540166622],[135.74879880881525,34.99273587692217]],[[135.73929286968988,34.996228045576935],[135.73924396167754,34.994075868673086]],[[135.73792789152736,34.99365953846864],[135.7363139271202,34.993887041312604]],[[135.73627391147372,34.996239420719135],[135.73929286968988,34.996228045576935]],[[135.76582324329192,34.9914391107116],[135.7658321356578,34.990324346776205]],[[135.7658321356578,34.990324346776205],[135.7654986719373,34.99032207174777]],[[135.7654986719373,34.99032207174777],[135.76548533338848,34.991441385740046]],[[135.76548533338848,34.991441385740046],[135.76582324329192,34.9914391107116]],[[135.7429654167982,34.99142546054097],[135.7431788335793,34.98917318238578]],[[135.7431788335793,34.98917318238578],[135.74144482223278,34.98916408227202]],[[135.74144482223278,34.98916408227202],[135.74145371459863,34.98976013972319]],[[135.74145371459863,34.98976013972319],[135.74165379283093,34.99158471253174]],[[135.73630948093725,34.987874141146776],[135.73630948093725,34.98784456577706]],[[135.74942127442685,34.99875787720176],[135.75213789220308,34.998801102742114]],[[135.75213789220308,34.998801102742114],[135.75217346166662,34.99860317526787]],[[135.75217346166662,34.99860317526787],[135.7496391373909,34.99849852395965]],[[135.74797181878844,34.99370048898056],[135.74794514169082,34.993982592507066]],[[135.74794514169082,34.993982592507066],[135.747931803142,34.99437617242711]],[[135.7479896035202,34.99445124836562],[135.748523145473,34.9944557984225]],[[135.74882103972996,34.99446944859314],[135.74876323935175,34.99373688943559]],[[135.74876323935175,34.99373688943559],[135.74797181878844,34.99370048898056]],[[135.7586559963929,35.00331020910937],[135.7586559963929,35.00298488004251]],[[135.7586559963929,35.00298488004251],[135.75810022352542,35.00246617355828]],[[135.7578779143784,35.00246617355828],[135.75731324914506,35.00288022873429]],[[135.75731324914506,35.00288022873429],[135.75717097129098,35.00349903646986]],[[135.75717097129098,35.00349903646986],[135.75809133115953,35.003671938631264]],[[135.75809133115953,35.003671938631264],[135.7586559963929,35.00331020910937]],[[135.75316940664513,34.99527253363231],[135.75214678456896,34.995254333404795]],[[135.75214678456896,34.995254333404795],[135.752293508606,34.99633952197048]],[[135.7533205768651,34.99635772219799],[135.75340505434093,34.996359997226435]],[[135.75340505434093,34.996359997226435],[135.75316940664513,34.99527253363231]],[[135.74599771356316,34.993975767421745],[135.74606440630726,34.995202007750684]],[[135.74606440630726,34.995202007750684],[135.74604217539257,34.99623714569069]],[[135.74604217539257,34.99623714569069],[135.74754498522623,34.996287196316366]],[[135.74794514169082,34.993982592507066],[135.74697587380993,34.99395756719423]],[[135.7562239343248,35.003474011157024],[135.75606387173897,35.002918904217765]],[[135.75606387173897,35.002918904217765],[135.75545029849326,35.002741451999476]],[[135.75545029849326,35.002741451999476],[135.75557923779851,35.00338756007632]],[[135.759683064652,35.0003754224223],[135.75886496699107,35.000477798702086]],[[135.75886496699107,35.000477798702086],[135.75883828989342,35.000791752626746]],[[135.75883828989342,35.000791752626746],[135.75929624673623,35.001321834253176]],[[135.75929624673623,35.001321834253176],[135.75982978868902,35.00133775945225]],[[135.75982978868902,35.00133775945225],[135.760274406983,35.000928254333125]],[[135.760274406983,35.000928254333125],[135.759683064652,35.0003754224223]],[[135.74800294206904,34.99271540166622],[135.74797181878844,34.99370048898056]],[[135.74876323935175,34.99373688943559],[135.74882103972996,34.99273587692217]],[[135.7582425013795,34.98950988659484],[135.75828251702595,34.98885467840424]],[[135.7547522477717,34.99845302339085],[135.75518352751686,34.998660050978856]],[[135.7551968660657,34.99764083823792],[135.75476558632053,34.99764311326636]],[[135.72870650811012,34.99025382089458],[135.72863536918308,34.99213526941412]],[[135.73045830418843,34.99218987009667],[135.73100963087296,34.990283396264296]],[[135.74511292315813,34.99240827282687],[135.74511292315813,34.99256297476076]],[[135.74685582687056,34.993095331415624],[135.74720262913985,34.992424198025944]],[[135.75340505434093,34.996359997226435],[135.7539697195743,34.99637137236863]],[[135.7539697195743,34.99637137236863],[135.75407198178192,34.996364547283314]],[[135.75407198178192,34.996364547283314],[135.75407642796486,34.99527935871763]],[[135.74798071115433,34.99591181662383],[135.7487587931688,34.995893616396316]],[[135.7487587931688,34.995893616396316],[135.74897665613287,34.99524068323416]],[[135.75180887466553,34.9875829375065],[135.75181332084847,34.987469186084525]],[[135.75181332084847,34.987469186084525],[135.7514931956768,34.987323584264395]],[[135.75118640905396,34.98764663830281],[135.75180887466553,34.9875829375065]],[[135.73540690580046,34.99357991247326],[135.73472219362773,34.99356171224574]],[[135.73388631123504,34.99625762094665],[135.73470440889596,34.99625989597509]],[[135.74957689082973,34.98868860132814],[135.74964802975677,34.98869315138502]],[[135.74971027631793,34.98788324126053],[135.74890107102289,34.98786504103301]],[[135.74890107102289,34.98786504103301],[135.748892178657,34.98869997647034]],[[135.7443970877048,34.991430010597846],[135.74377906827618,34.99142546054097]],[[135.7442725945825,34.99254932459012],[135.7443970877048,34.991430010597846]],[[135.76503626891156,34.99042899808443],[135.76503626891156,34.99030842157713]],[[135.76503626891156,34.989721464239715],[135.76446715749526,34.98972601429659]],[[135.73330830745286,34.982466398545874],[135.73266361092658,34.983117056679596]],[[135.75181332084847,34.987469186084525],[135.7518177670314,34.98712338176171]],[[135.7518177670314,34.98712338176171],[135.75149764185974,34.987030105595686]],[[135.74878547026645,34.98786504103301],[135.7490255641452,34.98670705155727]],[[135.7444282109854,34.986254320897785],[135.74404583925258,34.989177732442656]],[[135.74404583925258,34.989177732442656],[135.74451268846124,34.989182282499534]],[[135.74609552958785,34.9891800074711],[135.74603772920963,34.987858215947696],[135.74878547026645,34.98786504103301]],[[135.73920839221404,34.98915498215826],[135.73920839221404,34.98915270712982]],[[135.73920839221404,34.98915270712982],[135.73630058857137,34.9891572571867]],[[135.73623389582727,34.99036302225968],[135.73916393038462,34.990388047572516]],[[135.73916393038462,34.990388047572516],[135.73920839221404,34.98915498215826]],[[135.75213344602014,34.9885247992805],[135.7518622288608,34.98814941958796]],[[135.7518622288608,34.98814941958796],[135.75124420943217,34.98825407089618]],[[135.7521289998372,34.9887204517263],[135.75213344602014,34.9885247992805]],[[135.75124865561511,34.98605866845198],[135.75076846785763,34.985553612138396]],[[135.7503994346736,34.98607459365106],[135.75124865561511,34.98605866845198]],[[135.7493501354998,34.98670705155727],[135.7490255641452,34.98670705155727]],[[135.74878547026645,34.98786504103301],[135.74890107102289,34.98786504103301]],[[135.7361716492661,34.991566512304225],[135.73605160232674,34.993593562643895]],[[135.73790566061265,34.991561962247346],[135.7361716492661,34.991566512304225]],[[135.76107027372922,34.98888652880239],[135.76237745151354,34.988128944332004]],[[135.76237745151354,34.988128944332004],[135.76261309920935,34.98794694205684]],[[135.76272425378284,34.989559937220506],[135.76219960419596,34.989512161623274]],[[135.73627391147372,34.996239420719135],[135.73633171185196,34.99870782657609],[135.7393417777022,34.998728301832045]],[[135.7393417777022,34.998728301832045],[135.73929286968988,34.996228045576935]],[[135.76259976066052,34.98630209649502],[135.7627420385146,34.98557636242279]],[[135.7627420385146,34.98557636242279],[135.76272425378284,34.98442519803236]],[[135.76272425378284,34.98442519803236],[135.759683064652,34.98428642129755]],[[135.7538141031714,34.98923915821052],[135.7538229955373,34.988743202010696]],[[135.75086183769935,34.98672752681322],[135.75124865561511,34.98605866845198]],[[135.73929286968988,34.996228045576935],[135.74255192178478,34.99620757032098]],[[135.76581879710898,34.99207611867469],[135.76582324329192,34.99254249950481]],[[135.76582324329192,34.99254249950481],[135.76619227647592,34.992060193475616]],[[135.76619227647592,34.992060193475616],[135.76581879710898,34.99207611867469]],[[135.75811356207424,35.00133775945225],[135.75811356207424,35.001258133456865]],[[135.75811356207424,35.001258133456865],[135.75758891248734,35.00072122674512]],[[135.75758891248734,35.00072122674512],[135.75726878731567,35.000828153081784]],[[135.75726878731567,35.000828153081784],[135.75667299880172,35.00121263288807]],[[135.75667299880172,35.00121263288807],[135.75667744498466,35.00133775945225]],[[135.75667744498466,35.00133775945225],[135.75737994188916,35.001808690339246]],[[135.75363625585382,35.00383346565048],[135.75363625585382,35.00366966360283]],[[135.75363625585382,35.00366966360283],[135.75308492916926,35.004024568039405]],[[135.75308492916926,35.004024568039405],[135.75363625585382,35.00383346565048]],[[135.76556091849847,34.99416686981067],[135.7650718383751,34.99401671793366]],[[135.7650718383751,34.99401671793366],[135.76587215130425,34.99529755894515]],[[135.76587215130425,34.99529755894515],[135.76654352492818,34.99488577879758]],[[135.76654352492818,34.99488577879758],[135.76556091849847,34.99416686981067]],[[135.76596107496306,34.99391661668232],[135.76551645666908,34.99321363289448]],[[135.76551645666908,34.99321363289448],[135.76568096543784,34.99407131861621]],[[135.76568096543784,34.99407131861621],[135.76596107496306,34.99391661668232]],[[135.7487587931688,34.995893616396316],[135.74873211607115,34.99702658055923]],[[135.74873211607115,34.99702658055923],[135.74918562673102,34.99702658055923]],[[135.74918562673102,34.99702658055923],[135.74917228818222,34.99527253363231]],[[135.75081292968702,35.00216131974738],[135.75099522318754,35.00161531292188]],[[135.75099522318754,35.00161531292188],[135.7504661274177,35.00146516104487]],[[135.7504661274177,35.00146516104487],[135.75013266369723,35.001588012580605]],[[135.75013266369723,35.001588012580605],[135.75011487896546,35.002184070031774]],[[135.75011487896546,35.002184070031774],[135.7504305579542,35.002457073444525]],[[135.7504305579542,35.002457073444525],[135.75065286710117,35.002461623501404]],[[135.75065286710117,35.002461623501404],[135.75081292968702,35.00216131974738]],[[135.75021714117307,34.99971566417482],[135.7499859396602,35.000147919578346]],[[135.7499859396602,35.000147919578346],[135.75020380262424,35.000336746938835]],[[135.75020380262424,35.000336746938835],[135.75055060489356,35.00016611980586]],[[135.75055060489356,35.00016611980586],[135.75021714117307,34.99971566417482]],[[135.76259086829464,35.00332158425157],[135.76223072747652,35.00326243351214]],[[135.76223072747652,35.00326243351214],[135.76109695082687,35.00342623555979]],[[135.76109695082687,35.00342623555979],[135.76108361227804,35.00392219175962]],[[135.76108361227804,35.00392219175962],[135.76257752974584,35.004045043295356]],[[135.76257752974584,35.004045043295356],[135.76259086829464,35.00332158425157]],[[135.76192394085368,35.00133548442381],[135.76163938514551,35.00100788032851]],[[135.76163938514551,35.00100788032851],[135.7605856397888,35.000671176119454]],[[135.7605856397888,35.000671176119454],[135.7605856397888,35.000991955129436]],[[135.7605856397888,35.000991955129436],[135.76091465732634,35.001326384310055]],[[135.76091465732634,35.001326384310055],[135.76145264546204,35.00196339227314]],[[135.76145264546204,35.00196339227314],[135.76192394085368,35.00133548442381]],[[135.7662100612077,34.99286100348635],[135.76582768947486,34.99287465365698]],[[135.76582768947486,34.99287465365698],[135.76548533338848,34.99289967896982]],[[135.76548533338848,34.99289967896982],[135.76551645666908,34.99321363289448]],[[135.76596107496306,34.99391661668232],[135.76616115319536,34.994044018274934]],[[135.75501012638222,35.00127633368438],[135.7553435901027,35.00127860871282]],[[135.7553435901027,35.00127860871282],[135.7556548229085,35.0004209229911]],[[135.7556548229085,35.0004209229911],[135.7551879736998,35.00013199437927]],[[135.7551879736998,35.00013199437927],[135.7549878954675,35.00013426940771]],[[135.7549878954675,35.00013426940771],[135.75472112449114,35.000707576574484]],[[135.75472112449114,35.000707576574484],[135.75501012638222,35.00127633368438]],[[135.7530538058887,35.00221819545837],[135.7531116062669,35.00161986297876]],[[135.7531116062669,35.00161986297876],[135.75273368071703,35.00128543379814]],[[135.75273368071703,35.00128543379814],[135.75234686280126,35.00128998385502]],[[135.75234686280126,35.00128998385502],[135.75235575516714,35.00229099636844]],[[135.75235575516714,35.00229099636844],[135.7530538058887,35.00221819545837]],[[135.75407198178192,34.998596350182545],[135.75387634973256,34.99886025348154]],[[135.75387634973256,34.99886025348154],[135.7540942126966,34.99924018323095]],[[135.7540942126966,34.99924018323095],[135.75477447868641,34.99918103249152]],[[135.75477447868641,34.99918103249152],[135.75518352751686,34.99901495541543]],[[135.7614793225597,34.9910364306778],[135.76187503284135,34.99104553079156]],[[135.7672282371009,34.98905260587848],[135.76607222953655,34.98894795457026]],[[135.76607222953655,34.98894795457026],[135.76605889098772,34.98940523528662]],[[135.76605889098772,34.98940523528662],[135.76628120013473,34.98947803619668]],[[135.76720156000326,34.98948031122512],[135.7672282371009,34.98905260587848]],[[135.75365404058556,35.00012516929395],[135.75347619326797,35.00012744432239]],[[135.75347619326797,35.00012744432239],[135.7527648039976,35.0002775961994]],[[135.7527648039976,35.0002775961994],[135.7531116062669,35.000939629475326]],[[135.7531116062669,35.000939629475326],[135.7534228390727,35.00129680894034]],[[135.7534228390727,35.00129680894034],[135.75387634973256,35.00128770882658]],[[135.75387634973256,35.00128770882658],[135.75432096802655,35.00073032685888]],[[135.75432096802655,35.00073032685888],[135.75365404058556,35.00012516929395]],[[135.7520845380078,34.99910823158145],[135.75209787655663,34.99903998072827]],[[135.75209787655663,34.99903998072827],[135.75213789220308,34.998801102742114]],[[135.74941238206097,34.99875787720176],[135.74958133701267,34.99905590592734]],[[135.74958133701267,34.99905590592734],[135.75021714117307,34.999115056666774]],[[135.75021714117307,34.999115056666774],[135.75097299227284,34.99913553192273]],[[135.75097299227284,34.99913553192273],[135.7516577044456,34.999226533060316]],[[135.7516577044456,34.999226533060316],[135.7520845380078,34.99910823158145]],[[135.75013266369723,35.001588012580605],[135.7495057519027,35.00150838658522]],[[135.7495057519027,35.00150838658522],[135.74943461297565,35.00228872134]],[[135.74943461297565,35.00228872134],[135.75011487896546,35.002184070031774]],[[135.75021714117307,34.99971566417482],[135.75021714117307,34.999115056666774]],[[135.74958133701267,34.99905590592734],[135.74947907480507,35.00012744432239]],[[135.74957689082973,35.00013199437927],[135.7499859396602,35.000147919578346]],[[135.7538141031714,35.003578662465245],[135.75320942229158,35.003442160758865]],[[135.75320942229158,35.003442160758865],[135.75279148109524,35.00348766132766]],[[135.75279148109524,35.00348766132766],[135.75230240097187,35.00356046223773]],[[135.75230240097187,35.00356046223773],[135.75308492916926,35.004024568039405]],[[135.75363625585382,35.00366966360283],[135.7538141031714,35.003578662465245]],[[135.75966972610317,35.00336708482036],[135.7586559963929,35.00331020910937]],[[135.75809133115953,35.003671938631264],[135.75810022352542,35.00394266701558]],[[135.75810022352542,35.00394266701558],[135.75966972610317,35.00437719744754]],[[135.75966972610317,35.00437719744754],[135.75966972610317,35.00336708482036]],[[135.75141761056682,35.00334433453597],[135.75150653422563,35.00278012748295]],[[135.75150653422563,35.00278012748295],[135.75082626823584,35.00279150262514]],[[135.75082626823584,35.00279150262514],[135.75080403732113,35.00334433453597]],[[135.75080403732113,35.00334433453597],[135.75141761056682,35.00334433453597]],[[135.75082626823584,35.00279150262514],[135.75065286710117,35.002461623501404]],[[135.7504305579542,35.002457073444525],[135.750221587356,35.00265955097565]],[[135.750221587356,35.00265955097565],[135.75004818622136,35.003289733853414]],[[135.75004818622136,35.003289733853414],[135.75043945032007,35.003446710815744]],[[135.75043945032007,35.003446710815744],[135.75080403732113,35.00334433453597]],[[135.75252471011885,34.99982941559681],[135.75249358683828,34.99919468266216]],[[135.75249358683828,34.99919468266216],[135.75209787655663,34.99903998072827]],[[135.7520845380078,34.99910823158145],[135.75206675327604,34.999943167018785]],[[135.75206675327604,34.999943167018785],[135.75252471011885,34.99982941559681]],[[135.76423150979946,35.00006829358296],[135.76433821819,34.999874916165595]],[[135.76433821819,34.999874916165595],[135.7643826800194,34.999278858714426]],[[135.7643826800194,34.999278858714426],[135.76396473882306,34.99926293351535]],[[135.76396473882306,34.99926293351535],[135.7636668445661,34.999260658486904]],[[135.7636668445661,34.999260658486904],[135.76366239838316,34.99984534079588]],[[135.76366239838316,34.99984534079588],[135.76385358424957,35.00006829358296]],[[135.76385358424957,35.00006829358296],[135.76423150979946,35.00006829358296]],[[135.7540808741478,34.99762946309572],[135.75330723831627,34.997622638010405]],[[135.75330723831627,34.997622638010405],[135.7532005299257,34.998487148817446]],[[135.7532005299257,34.998487148817446],[135.75343173143858,34.99886707856686]],[[135.75343173143858,34.99886707856686],[135.75387634973256,34.99886025348154]],[[135.76645904745232,35.00159028760905],[135.76657464820875,35.001367334821964]],[[135.76657464820875,35.001367334821964],[135.7665035092817,35.0011625822624]],[[135.7665035092817,35.0011625822624],[135.76589438221896,35.00103518066979]],[[135.76589438221896,35.00103518066979],[135.76555647231552,35.00123993322935]],[[135.76555647231552,35.00123993322935],[135.7655653646814,35.00156071223933]],[[135.7655653646814,35.00156071223933],[135.7659121669507,35.00169038886039]],[[135.7659121669507,35.00169038886039],[135.76645904745232,35.00159028760905]],[[135.75252471011885,34.99982941559681],[135.7531649604622,34.999806665312406]],[[135.7531649604622,34.999806665312406],[135.7530538058887,34.99924928334471]],[[135.7530538058887,34.99924928334471],[135.75249358683828,34.99919468266216]],[[135.7636668445661,34.999260658486904],[135.76299102475923,34.99925838345847]],[[135.76299102475923,34.99925838345847],[135.76297324002746,34.99979074011333]],[[135.76297324002746,34.99979074011333],[135.76366239838316,34.99984534079588]],[[135.76584547420663,35.00251622418396],[135.76592995168247,35.00222274551525]],[[135.76592995168247,35.00222274551525],[135.7659121669507,35.00169038886039]],[[135.7655653646814,35.00156071223933],[135.76518299294858,35.00167446366131]],[[135.76518299294858,35.00167446366131],[135.7652052238633,35.00219999523085]],[[135.7652052238633,35.00219999523085],[135.7655742570473,35.002520774240836]],[[135.7655742570473,35.002520774240836],[135.76584547420663,35.00251622418396]],[[135.76298213239335,35.00217041986114],[135.76300436330806,35.0019497421025]],[[135.76300436330806,35.0019497421025],[135.76282651599047,35.00195201713094]],[[135.76282651599047,35.00195201713094],[135.76235966678178,35.002081693752]],[[135.76235966678178,35.002081693752],[135.76259531447758,35.00220454528773]],[[135.76259531447758,35.00220454528773],[135.76298213239335,35.00217041986114]],[[135.75665521406995,35.00360141274964],[135.75717097129098,35.00349903646986]],[[135.75731324914506,35.00288022873429],[135.7567485839117,35.00247754870048]],[[135.7567485839117,35.00247754870048],[135.7563795507277,35.00247754870048]],[[135.7563795507277,35.00247754870048],[135.75606387173897,35.002918904217765]],[[135.74943461297565,35.00228872134],[135.74925231947512,35.00244797333077]],[[135.74925231947512,35.00244797333077],[135.74929678130454,35.0026049502931]],[[135.74929678130454,35.0026049502931],[135.750221587356,35.00265955097565]],[[135.75347619326797,35.00012744432239],[135.7531649604622,34.999806665312406]],[[135.75206675327604,34.999943167018785],[135.7520623070931,35.000168394834304]],[[135.7520623070931,35.000168394834304],[135.75234241661832,35.00048689881584]],[[135.75234241661832,35.00048689881584],[135.7527648039976,35.0002775961994]],[[135.75811356207424,35.001258133456865],[135.75883828989342,35.000791752626746]],[[135.75886496699107,35.000477798702086],[135.7583447635871,35.00016156974898]],[[135.7583447635871,35.00016156974898],[135.75813579298892,35.00015929472055]],[[135.75813579298892,35.00015929472055],[135.75758891248734,35.00072122674512]],[[135.75343173143858,34.99886707856686],[135.7530538058887,34.99924928334471]],[[135.75365404058556,35.00012516929395],[135.75414312070896,34.9997770899427]],[[135.75414312070896,34.9997770899427],[135.7540942126966,34.99924018323095]],[[135.75150653422563,35.00278012748295],[135.75187556740963,35.00247527367205]],[[135.75187556740963,35.00247527367205],[135.7516043502503,35.00214766957674]],[[135.7516043502503,35.00214766957674],[135.75081292968702,35.00216131974738]],[[135.75216456930073,34.98705740593696],[135.7518177670314,34.98712338176171]],[[135.75180887466553,34.9875829375065],[135.75216901548367,34.987589762591824]],[[135.75086183769935,35.00094872958908],[135.75087517624817,35.00044367327549]],[[135.75087517624817,35.00044367327549],[135.75080848350407,35.00018204500494]],[[135.75080848350407,35.00018204500494],[135.75055060489356,35.00016611980586]],[[135.75020380262424,35.000336746938835],[135.7502882801001,35.00094872958908]],[[135.7502882801001,35.00094872958908],[135.7504883583324,35.000980579987235]],[[135.7504883583324,35.000980579987235],[135.75086183769935,35.00094872958908]],[[135.76398252355483,35.003301108995615],[135.7634667663338,35.0032601584837]],[[135.7634667663338,35.0032601584837],[135.76295545529572,35.00331475916625]],[[135.76295545529572,35.00331475916625],[135.76259086829464,35.00332158425157]],[[135.76257752974584,35.004045043295356],[135.7639780773719,35.00417926997329]],[[135.7639780773719,35.00417926997329],[135.76398252355483,35.003301108995615]],[[135.74604217539257,34.99623714569069],[135.7460021597461,34.99756348727097]],[[135.74794514169082,34.99759533766913],[135.7479673726055,34.996296296430124]],[[135.74952353663446,35.00098968010099],[135.7502882801001,35.00094872958908]],[[135.74145371459863,34.98976013972319],[135.73916393038462,34.990388047572516]],[[135.73916393038462,34.990388047572516],[135.73919060748227,34.99157333738954]],[[135.75428984474595,35.00319873271583],[135.75429873711184,35.00292572930308]],[[135.75429873711184,35.00292572930308],[135.75363625585382,35.00245934847297]],[[135.75363625585382,35.00245934847297],[135.75319163755984,35.002730076857276]],[[135.75319163755984,35.002730076857276],[135.75320942229158,35.003442160758865]],[[135.7538141031714,35.003578662465245],[135.75428984474595,35.00319873271583]],[[135.74606440630726,34.995202007750684],[135.7445037960954,34.99519973272224]],[[135.74892330193757,34.9987601522302],[135.74918562673102,34.99875787720176]],[[135.74873211607115,34.99702658055923],[135.74874100843704,34.99755211212878]],[[135.74876323935175,34.99876242725864],[135.74892330193757,34.9987601522302]],[[135.7605856397888,35.000991955129436],[135.760274406983,35.000928254333125]],[[135.75982978868902,35.00133775945225],[135.7600965596654,35.00195201713094]],[[135.7600965596654,35.00195201713094],[135.76049671612998,35.001954292159375]],[[135.76049671612998,35.001954292159375],[135.76091465732634,35.001326384310055]],[[135.7664457089035,34.99163248812897],[135.76624118448825,34.99143228562629]],[[135.76624118448825,34.99143228562629],[135.76582324329192,34.9914391107116]],[[135.76548533338848,34.991441385740046],[135.76548088720554,34.99164158824273]],[[135.76548088720554,34.99164158824273],[135.7664457089035,34.99163248812897]],[[135.7598520196037,34.99139588517125],[135.76071457909404,34.991614287901456]],[[135.7520623070931,35.000168394834304],[135.75188001359257,35.00015929472055]],[[135.75188001359257,35.00015929472055],[135.75161768879912,35.000436848190176]],[[135.75161768879912,35.000436848190176],[135.75154654987207,35.00095327964596]],[[135.75154654987207,35.00095327964596],[135.7518844597755,35.0012717836275]],[[135.7518844597755,35.0012717836275],[135.75234686280126,35.00128998385502]],[[135.75234686280126,35.00128998385502],[135.75234241661832,35.00048689881584]],[[135.75188001359257,35.00015929472055],[135.75152876514034,34.999818040454606]],[[135.75152876514034,34.999818040454606],[135.75096409990695,34.99989311639311]],[[135.75096409990695,34.99989311639311],[135.75080848350407,35.00018204500494]],[[135.75087517624817,35.00044367327549],[135.75161768879912,35.000436848190176]],[[135.74929678130454,35.0026049502931],[135.74940793587803,35.003364809791925]],[[135.74940793587803,35.003364809791925],[135.75004818622136,35.003289733853414]],[[135.76434266437295,35.00106248101106],[135.76435600292177,35.00033902196727]],[[135.76435600292177,35.00033902196727],[135.76423150979946,35.00006829358296]],[[135.76385358424957,35.00006829358296],[135.76385803043252,35.00027532117096]],[[135.76385803043252,35.00027532117096],[135.76385803043252,35.00102835558447]],[[135.76385803043252,35.00102835558447],[135.7639914159207,35.00118078248992]],[[135.7639914159207,35.00118078248992],[135.76434266437295,35.00106248101106]],[[135.76282651599047,35.00195201713094],[135.76307105605215,35.00134003448069]],[[135.76307105605215,35.00134003448069],[135.76192394085368,35.00133548442381]],[[135.76145264546204,35.00196339227314],[135.76146153782793,35.002190895117096]],[[135.76146153782793,35.002190895117096],[135.76235966678178,35.002081693752]],[[135.75477892486936,34.99977253988581],[135.75477447868641,34.99918103249152]],[[135.75414312070896,34.9997770899427],[135.75477892486936,34.99977253988581]],[[135.75778899071963,34.99962921309412],[135.75813579298892,35.00015929472055]],[[135.7583447635871,35.00016156974898],[135.75849593380707,34.999818040454606]],[[135.75849593380707,34.999818040454606],[135.7588471822593,34.99919468266216]],[[135.7534228390727,35.00129680894034],[135.7531116062669,35.00161986297876]],[[135.7530538058887,35.00221819545837],[135.7530538058887,35.002231845629005]],[[135.7530538058887,35.002231845629005],[135.75363625585382,35.002409297847294]],[[135.75363625585382,35.002409297847294],[135.75438766077065,35.002054393410724]],[[135.75438766077065,35.002054393410724],[135.75439655313653,35.00168356377507]],[[135.75439655313653,35.00168356377507],[135.75387634973256,35.00128770882658]],[[135.76519188531447,35.00105110586886],[135.76510296165566,35.0003754224223]],[[135.76510296165566,35.0003754224223],[135.76435600292177,35.00033902196727]],[[135.76434266437295,35.00106248101106],[135.76519188531447,35.00105110586886]],[[135.76442269566587,35.002154494662065],[135.7652052238633,35.00219999523085]],[[135.76518299294858,35.00167446366131],[135.76439601856822,35.001640338234715]],[[135.76439601856822,35.001640338234715],[135.76442269566587,35.002154494662065]],[[135.7553435901027,35.00127860871282],[135.75566816145732,35.00182689056676]],[[135.75566816145732,35.00182689056676],[135.75603274845838,35.001849640851155]],[[135.75603274845838,35.001849640851155],[135.75667744498466,35.00133775945225]],[[135.75667299880172,35.00121263288807],[135.75626839615418,35.00042319801953]],[[135.75626839615418,35.00042319801953],[135.7556548229085,35.0004209229911]],[[135.76587215130425,34.99529755894515],[135.7662678615859,34.99588906633944]],[[135.7662678615859,34.99588906633944],[135.7670148203198,34.99580261525873]],[[135.7670148203198,34.99580261525873],[135.76706817451506,34.995568287329455]],[[135.76706817451506,34.995568287329455],[135.76705483596626,34.995270258603874]],[[135.76705483596626,34.995270258603874],[135.76654352492818,34.99488577879758]],[[135.76155046148673,34.999260658486904],[135.7613681679862,34.99889892896501]],[[135.76068345581345,34.998873903652175],[135.7607990565699,35.0001797699765]],[[135.7607990565699,35.0001797699765],[135.76143041454736,35.00018659506182]],[[135.76143041454736,35.00018659506182],[135.76145709164498,35.00018659506182]],[[135.76145709164498,35.00018659506182],[135.76155046148673,34.999260658486904]],[[135.76754391608964,34.99874195200268],[135.76805078094478,34.9988921038797]],[[135.76805078094478,34.9988921038797],[135.76817972025003,34.998889828851254]],[[135.76817972025003,34.998889828851254],[135.7677084248584,34.99759533766913]],[[135.7677084248584,34.99759533766913],[135.76735717640616,34.99764311326636]],[[135.76735717640616,34.99764311326636],[135.76754391608964,34.99874195200268]],[[135.76654352492818,35.000320821739756],[135.766703587514,35.000136544436145]],[[135.766703587514,35.000136544436145],[135.76649017073288,35.00013426940771]],[[135.76649017073288,35.00013426940771],[135.76589438221896,34.999911316620626]],[[135.76589438221896,34.999911316620626],[135.765743211999,35.00007284363984]],[[135.765743211999,35.00007284363984],[135.76588104367013,35.00041182287734]],[[135.76588104367013,35.00041182287734],[135.76654352492818,35.000320821739756]],[[135.76361793655374,35.002839278222375],[135.7634667663338,35.0032601584837]],[[135.76398252355483,35.003301108995615],[135.7645027269588,35.003128206834205]],[[135.7645027269588,35.003128206834205],[135.76452940405642,35.00297350490031]],[[135.76452940405642,35.00297350490031],[135.76397363118895,35.00252987435459]],[[135.76397363118895,35.00252987435459],[135.76361793655374,35.002839278222375]],[[135.75545029849326,35.002741451999476],[135.75514795805336,35.002479823728926]],[[135.75514795805336,35.002479823728926],[135.75429873711184,35.00292572930308]],[[135.75428984474595,35.00319873271583],[135.75512572713865,35.00361278789184]],[[135.76439601856822,35.001640338234715],[135.76398252355483,35.00155843721089]],[[135.76398252355483,35.00155843721089],[135.76300436330806,35.0019497421025]],[[135.76298213239335,35.00217041986114],[135.763969185006,35.00238199750602]],[[135.763969185006,35.00238199750602],[135.76442269566587,35.002154494662065]],[[135.76547199483966,34.998769252343955],[135.7658677051213,34.998653225893534]],[[135.7658677051213,34.998653225893534],[135.76584547420663,34.99785014085436]],[[135.76584547420663,34.99785014085436],[135.76510296165566,34.99792976684975]],[[135.76510296165566,34.99792976684975],[135.76512074638742,34.99864185075134]],[[135.76512074638742,34.99864185075134],[135.76547199483966,34.998769252343955]],[[135.76259531447758,35.00220454528773],[135.76259976066052,35.00251622418396]],[[135.76259976066052,35.00251622418396],[135.7629776862104,35.0028461033077]],[[135.7629776862104,35.0028461033077],[135.76361793655374,35.002839278222375]],[[135.76397363118895,35.00252987435459],[135.763969185006,35.00238199750602]],[[135.76592995168247,35.00222274551525],[135.76647238600114,35.002263696027164]],[[135.76647238600114,35.002263696027164],[135.76645904745232,35.00159028760905]],[[135.76341785832147,34.98750558653956],[135.76266645340462,34.98726215849653]],[[135.76237745151354,34.988128944332004],[135.76382246096898,34.98885695343267]],[[135.76382246096898,34.98885695343267],[135.76341785832147,34.98750558653956]],[[135.75438766077065,35.002054393410724],[135.75516574278512,35.002432048131695]],[[135.75516574278512,35.002432048131695],[135.75566816145732,35.00182689056676]],[[135.75501012638222,35.00127633368438],[135.75439655313653,35.00168356377507]],[[135.75914507651626,34.999938616961906],[135.7591584150651,34.99916965734933]],[[135.75849593380707,34.999818040454606],[135.75914507651626,34.999938616961906]],[[135.7522268158619,34.99837794745235],[135.75217346166662,34.99860317526787]],[[135.7532005299257,34.998487148817446],[135.75248024828946,34.998382497509226]],[[135.7516577044456,34.999226533060316],[135.75152876514034,34.999818040454606]],[[135.76504960746038,34.984336471923214],[135.76272425378284,34.98442519803236]],[[135.7627420385146,34.98557636242279],[135.76512519257037,34.98565371338974]],[[135.76512519257037,34.98565371338974],[135.76504960746038,34.984336471923214]],[[135.76295990147867,34.997390585109564],[135.76317331825976,34.99766586355076]],[[135.76317331825976,34.99766586355076],[135.76364905983434,34.99746338601963]],[[135.76364905983434,34.99746338601963],[135.76365795220022,34.99665802595202]],[[135.76365795220022,34.99665802595202],[135.76295100911278,34.996689876350175]],[[135.76295100911278,34.996689876350175],[135.76295990147867,34.997390585109564]],[[135.76299102475923,34.9985417495],[135.76261309920935,34.99879427765679]],[[135.76261309920935,34.99879427765679],[135.76260420684346,34.99924018323095]],[[135.76260420684346,34.99924018323095],[135.76299102475923,34.99925838345847]],[[135.76396473882306,34.99926293351535],[135.7639914159207,34.99863502566602]],[[135.7639914159207,34.99863502566602],[135.7636668445661,34.99863275063758]],[[135.7636668445661,34.99863275063758],[135.76299102475923,34.9985417495]],[[135.76271536141698,35.00006601855452],[135.76297324002746,34.99979074011333]],[[135.76260420684346,34.99924018323095],[135.76225295839123,34.999308434084135]],[[135.76225295839123,34.999308434084135],[135.76222183511064,35.000088768838914]],[[135.76222183511064,35.000088768838914],[135.76271536141698,35.00006601855452]],[[135.7547522477717,34.99526115849011],[135.75474335540582,34.99627809620261]],[[135.75474335540582,34.99627809620261],[135.7551879736998,34.99627809620261]],[[135.76601442915833,34.98565598841817],[135.7660455524389,34.986873128633356]],[[135.7660455524389,34.986873128633356],[135.76581435092604,34.988852403375795]],[[135.76581435092604,34.988852403375795],[135.7660766757195,34.988852403375795]],[[135.7660766757195,34.988852403375795],[135.76723268328385,34.98887060360331]],[[135.76723268328385,34.98887060360331],[135.76785959507836,34.9856173129347]],[[135.75516574278512,35.002432048131695],[135.75514795805336,35.002479823728926]],[[135.7563795507277,35.00247754870048],[135.75603274845838,35.001849640851155]],[[135.74772727872676,35.00244342327389],[135.7476294627021,35.00244342327389]],[[135.7476294627021,35.00244342327389],[135.74931011985333,35.003615062920275]],[[135.74931011985333,35.003615062920275],[135.74940793587803,35.003364809791925]],[[135.74925231947512,35.00244797333077],[135.74772727872676,35.00244342327389]],[[135.76109695082687,35.00342623555979],[135.76029663789768,35.00298032998563]],[[135.76029663789768,35.00298032998563],[135.7601765909583,35.00298260501407]],[[135.7601765909583,35.00298260501407],[135.75966972610317,35.00336708482036]],[[135.75966972610317,35.00437719744754],[135.76108361227804,35.00392219175962]],[[135.75086183769935,35.00094872958908],[135.75154654987207,35.00095327964596]],[[135.7699048392307,35.00312138174888],[135.76985593121836,35.002730076857276]],[[135.76985593121836,35.002730076857276],[135.76931794308263,35.00338756007632]],[[135.76931794308263,35.00338756007632],[135.7699048392307,35.00312138174888]],[[135.7521601231178,34.99291332914046],[135.75224904677657,34.99329325888987]],[[135.75330723831627,34.997622638010405],[135.7529426513152,34.997622638010405]],[[135.7307473060795,34.99382334051629],[135.7330548750253,34.993987142563945]],[[135.73288592007358,34.99214436952788],[135.730711736616,34.99218759506823]],[[135.74144482223278,34.98916408227202],[135.74098241920703,34.98915953221514]],[[135.74098241920703,34.98915953221514],[135.73920839221404,34.98915498215826]],[[135.76789071835893,35.000602925266264],[135.7677306557731,35.00142193550452]],[[135.7677306557731,35.00142193550452],[135.7676283935655,35.00242294801793]],[[135.7676283935655,35.00242294801793],[135.76797964201774,35.00239564767666]],[[135.76797964201774,35.00239564767666],[135.7690333873745,35.00161303789344]],[[135.7690333873745,35.00161303789344],[135.76876217021515,35.00113300689269]],[[135.76876217021515,35.00113300689269],[135.76822418207942,35.000136544436145]],[[135.76822418207942,35.000136544436145],[135.76777067141956,35.0001797699765]],[[135.76777067141956,35.0001797699765],[135.76789071835893,35.000602925266264]],[[135.75667299880172,35.000141094493024],[135.75667744498466,34.999811215369284]],[[135.75667744498466,34.999811215369284],[135.75624171905656,34.99979529017021]],[[135.75624171905656,34.99979529017021],[135.75549476032268,34.99979756519865]],[[135.75549476032268,34.99979756519865],[135.7551879736998,35.00013199437927]],[[135.75626839615418,35.00042319801953],[135.75667299880172,35.000141094493024]],[[135.7605856397888,35.000671176119454],[135.7605322855935,35.00017521991962]],[[135.7605322855935,35.00017521991962],[135.75968751083494,35.000163844777425]],[[135.75968751083494,35.000163844777425],[135.759683064652,35.0003754224223]],[[135.75726878731567,35.000828153081784],[135.75667299880172,35.000141094493024]],[[135.75141761056682,35.00334433453597],[135.75191113687316,35.00356501229461]],[[135.75191113687316,35.00356501229461],[135.75230240097187,35.00356046223773]],[[135.75279148109524,35.00348766132766],[135.75256917194824,35.0026914013738]],[[135.75256917194824,35.0026914013738],[135.7523513089842,35.00248209875736]],[[135.7523513089842,35.00248209875736],[135.75187556740963,35.00247527367205]],[[135.76261309920935,34.997486136304026],[135.76224406602535,34.99739968522332]],[[135.76224406602535,34.99739968522332],[135.76146153782793,34.99737238488205]],[[135.76140818363265,34.99785014085436],[135.7626086530264,34.99786151599656]],[[135.7626086530264,34.99786151599656],[135.76261309920935,34.997486136304026]],[[135.76306216368627,34.99798209250386],[135.76317331825976,34.99766586355076]],[[135.76295990147867,34.997390585109564],[135.76261309920935,34.997486136304026]],[[135.7626086530264,34.99786151599656],[135.76298213239335,34.9979843675323]],[[135.76298213239335,34.9979843675323],[135.76306216368627,34.99798209250386]],[[135.7482341435819,34.99879200262835],[135.74823858976484,35.000063743526084],[135.7465357016989,35.00123765820091],[135.7476294627021,35.00244342327389]],[[135.74772727872676,35.00244342327389],[135.74858539203416,35.001262683513744]],[[135.74868765424176,35.000095593924236],[135.74892330193757,34.9987601522302]],[[135.76645460126937,35.00342623555979],[135.76647238600114,35.002741451999476]],[[135.76647238600114,35.002741451999476],[135.76593884404835,35.002814252909545]],[[135.76593884404835,35.002814252909545],[135.76593884404835,35.00334433453597]],[[135.76593884404835,35.00334433453597],[135.76645460126937,35.00342623555979]],[[135.7495057519027,35.00150838658522],[135.74947462862212,35.001253583399986]],[[135.7488610553764,34.99029022134962],[135.7487943626323,34.991398160199694]],[[135.75319163755984,35.002730076857276],[135.7530538058887,35.002231845629005]],[[135.75235575516714,35.00229099636844],[135.7523513089842,35.00248209875736]],[[135.75256917194824,35.0026914013738],[135.75319163755984,35.002730076857276]],[[135.76338673504088,34.99408724381529],[135.7633111499309,34.99329325888987]],[[135.7633111499309,34.99329325888987],[135.76294656292984,34.99328643380455]],[[135.76294656292984,34.99328643380455],[135.7629421167469,34.99394164199515]],[[135.7629421167469,34.99394164199515],[135.7633111499309,34.99408724381529]],[[135.7633111499309,34.99408724381529],[135.76338673504088,34.99408724381529]],[[135.75159545788443,35.00160621280812],[135.7516043502503,35.00214766957674]],[[135.7518844597755,35.0012717836275],[135.75159545788443,35.00160621280812]],[[135.75363625585382,35.00383346565048],[135.75512572713865,35.003683313773465]],[[135.76607222953655,34.98894795457026],[135.7660766757195,34.988852403375795]],[[135.76581435092604,34.988852403375795],[135.7654764410226,34.988852403375795]],[[135.7658321356578,34.990324346776205],[135.76605889098772,34.98940523528662]],[[135.74454381174183,34.991430010597846],[135.7443970877048,34.991430010597846]],[[135.7658010123772,34.99647147361998],[135.76617449174415,34.99591181662383]],[[135.76617449174415,34.99591181662383],[135.7650851769239,34.99599144261922]],[[135.7650851769239,34.99599144261922],[135.76514742348505,34.99647374864841]],[[135.76514742348505,34.99647374864841],[135.7658010123772,34.99647147361998]],[[135.75667744498466,34.999811215369284],[135.75703313961984,34.99962466303724]],[[135.75633953508122,34.99916510729244],[135.75624171905656,34.99979529017021]],[[135.74931011985333,35.003615062920275],[135.7504305579542,35.00386076599175]],[[135.7504305579542,35.00386076599175],[135.75043945032007,35.003446710815744]],[[135.75473890922288,34.99677632743088],[135.75441433786827,34.996689876350175]],[[135.75441433786827,34.996689876350175],[135.75408532033074,34.996753577146485]],[[135.75408532033074,34.996753577146485],[135.7540808741478,34.99762946309572]],[[135.75474780158876,34.99763628818104],[135.75473890922288,34.99677632743088]],[[135.76521411622915,35.00322603305711],[135.7652096700462,35.002834728165496]],[[135.7652096700462,35.002834728165496],[135.76452940405642,35.00297350490031]],[[135.7645027269588,35.003128206834205],[135.76521411622915,35.00322603305711]],[[135.75097299227284,34.99913553192273],[135.75096409990695,34.99989311639311]],[[135.76106582754628,34.99228769631957],[135.76106582754628,34.99205791844717]],[[135.7607101329111,34.99201014284994],[135.75985646578664,34.992142094499435]],[[135.75982978868902,34.9925652497892],[135.7607101329111,34.99264942584146]],[[135.7607101329111,34.99264942584146],[135.76106582754628,34.99228769631957]],[[135.76593884404835,35.002814252909545],[135.76584547420663,35.00251622418396]],[[135.7655742570473,35.002520774240836],[135.7652096700462,35.002834728165496]],[[135.76521411622915,35.00322603305711],[135.7655742570473,35.003353434649725]],[[135.7655742570473,35.003353434649725],[135.76593884404835,35.00334433453597]],[[135.76223072747652,35.00326243351214],[135.76188392520723,35.00297350490031]],[[135.76188392520723,35.00297350490031],[135.7612703519615,35.00250257401332]],[[135.7612703519615,35.00250257401332],[135.76090576496046,35.00250029898488]],[[135.76090576496046,35.00250029898488],[135.76029663789768,35.00298032998563]],[[135.75441433786827,34.996689876350175],[135.75440989168536,34.996328146828276]],[[135.75440989168536,34.996328146828276],[135.75407198178192,34.996364547283314]],[[135.7539697195743,34.99637137236863],[135.75408532033074,34.996753577146485]],[[135.75914507651626,34.999938616961906],[135.75968751083494,35.000163844777425]],[[135.75968751083494,35.000163844777425],[135.7597052955667,34.998878453709054]],[[135.76146153782793,35.002190895117096],[135.7612703519615,35.00250257401332]],[[135.76188392520723,35.00297350490031],[135.76259976066052,35.00251622418396]],[[135.76647238600114,35.002263696027164],[135.76682808063632,35.002509399098635]],[[135.76682808063632,35.002509399098635],[135.7676283935655,35.00242294801793]],[[135.7677306557731,35.00142193550452],[135.76657464820875,35.001367334821964]],[[135.76145264546204,34.99241054785531],[135.76163049277966,34.992278596205814]],[[135.76106582754628,34.99228769631957],[135.76145264546204,34.99241054785531]],[[135.76365795220022,34.99665802595202],[135.7643826800194,34.9965306243594]],[[135.7643826800194,34.9965306243594],[135.76509851547272,34.99647374864841]],[[135.76509851547272,34.99647374864841],[135.76514742348505,34.99647374864841]],[[135.7650851769239,34.99599144261922],[135.7634089659556,34.996082443756805]],[[135.7634089659556,34.996082443756805],[135.76257752974584,34.99611429415496]],[[135.76257752974584,34.99611429415496],[135.76254640646525,34.9961165691834]],[[135.76254640646525,34.9961165691834],[135.7625730835629,34.99656702481444]],[[135.7625730835629,34.99656702481444],[135.76295100911278,34.996689876350175]],[[135.76759282410197,34.99917648243464],[135.76805078094478,34.9988921038797]],[[135.76754391608964,34.99874195200268],[135.76717488290564,34.999010405358554]],[[135.76717488290564,34.999010405358554],[135.76717488290564,34.99912188175209]],[[135.76717488290564,34.99912188175209],[135.76759282410197,34.99917648243464]],[[135.76090576496046,35.00250029898488],[135.76049671612998,35.001954292159375]],[[135.7600965596654,35.00195201713094],[135.75979866540843,35.002436598188574]],[[135.75979866540843,35.002436598188574],[135.7601765909583,35.00298260501407]],[[135.7686688003734,34.99987719119404],[135.76820195116474,34.998937604448486]],[[135.76820195116474,34.998937604448486],[135.76817972025003,34.998889828851254]],[[135.76759282410197,34.99917648243464],[135.76777067141956,35.0001797699765]],[[135.76822418207942,35.000136544436145],[135.7686688003734,34.99987719119404]],[[135.75363625585382,35.002409297847294],[135.75363625585382,35.00245934847297]],[[135.7531116062669,35.000939629475326],[135.75273368071703,35.00128543379814]],[[135.76365795220022,34.99318405752477],[135.7636801831149,34.992603925272675]],[[135.7636801831149,34.992603925272675],[135.7633111499309,34.992599375215796]],[[135.7633111499309,34.992599375215796],[135.76330670374796,34.99318633255321]],[[135.76330670374796,34.99318633255321],[135.76365795220022,34.99318405752477]],[[135.76717488290564,34.99912188175209],[135.767663963029,35.00019569517558]],[[135.767663963029,35.00019569517558],[135.76789071835893,35.000602925266264]],[[135.76382246096898,34.98885695343267],[135.76484508304515,34.988859228461116]],[[135.7654764410226,34.988852403375795],[135.76341785832147,34.98750558653956]],[[135.7672060061862,34.99522703306352],[135.7663034310494,34.99416686981067]],[[135.76568096543784,34.99407131861621],[135.76556091849847,34.99416686981067]],[[135.76705483596626,34.995270258603874],[135.7672060061862,34.99522703306352]],[[135.76582768947486,34.99744746082055],[135.76602332152422,34.99768861383515]],[[135.76602332152422,34.99768861383515],[135.7665124016476,34.99768178874984]],[[135.7665124016476,34.99768178874984],[135.76656130965992,34.99767723869295]],[[135.76656130965992,34.99767723869295],[135.7666013253064,34.99639184762459]],[[135.7666013253064,34.99639184762459],[135.76617449174415,34.99591181662383]],[[135.7658010123772,34.99647147361998],[135.76582768947486,34.99744746082055]],[[135.7658321356578,34.990324346776205],[135.7662456306712,34.99031979671933]],[[135.75924289254095,34.992660800983664],[135.7592251078092,34.99329098386143]],[[135.7592251078092,34.99329098386143],[135.75926067727272,34.99329325888987]],[[135.75926067727272,34.99329325888987],[135.75978088067666,34.99329553391831]],[[135.75978088067666,34.99329553391831],[135.75975864976198,34.99256297476076]],[[135.76650795546465,34.9987374019458],[135.7665124016476,34.99768178874984]],[[135.76602332152422,34.99768861383515],[135.76584547420663,34.99785014085436]],[[135.7658677051213,34.998653225893534],[135.76650795546465,34.9987374019458]],[[135.76649461691582,34.9992947839135],[135.76588104367013,34.99929250888506]],[[135.76588104367013,34.99929250888506],[135.76589438221896,34.999911316620626]],[[135.76649017073288,35.00013426940771],[135.76649461691582,34.9992947839135]],[[135.76299102475923,34.9985417495],[135.76298213239335,34.9979843675323]],[[135.7626086530264,34.99786151599656],[135.76163938514551,34.998157269693706]],[[135.76148821492558,34.998600900239424],[135.76261309920935,34.99879427765679]],[[135.74404583925258,34.989177732442656],[135.7431788335793,34.98917318238578]],[[135.74967026067148,34.997031130616115],[135.7495057519027,34.99525888346167]],[[135.74088904936528,34.98662515053344],[135.7418271939656,34.98716433227362],[135.74281424657823,34.98464815081944]],[[135.74281424657823,34.98464815081944],[135.73982196545973,34.98383824069494]],[[135.73866595789536,34.985264683526566],[135.74088904936528,34.98662515053344]],[[135.76722379091797,34.991823590517896],[135.76721045236914,34.991734864408755]],[[135.76721045236914,34.991734864408755],[135.7664457089035,34.99163248812897]],[[135.76548088720554,34.99164158824273],[135.76549422575437,34.99202834307746]],[[135.76549422575437,34.99202834307746],[135.76581879710898,34.99207611867469]],[[135.76619227647592,34.992060193475616],[135.76626341540296,34.992267221063614]],[[135.76626341540296,34.992267221063614],[135.76722379091797,34.991823590517896]],[[135.75473890922288,34.99677632743088],[135.7551879736998,34.996705801549254]],[[135.75474335540582,34.99627809620261],[135.75440989168536,34.996328146828276]],[[135.74090683409705,34.98788324126053],[135.7390394372623,34.98786504103301]],[[135.7390394372623,34.98786504103301],[135.73920839221404,34.98915270712982]],[[135.74098241920703,34.98915953221514],[135.74090683409705,34.98788324126053]],[[135.7393417777022,34.998728301832045],[135.74268086109004,34.99880565279899]],[[135.7650184841798,34.993930266852956],[135.7650718383751,34.99401671793366]],[[135.76548533338848,34.99289967896982],[135.76549422575437,34.99202834307746]],[[135.76548088720554,34.99164158824273],[135.76502737654567,34.99164613829961]],[[135.76503182272862,34.992289971348015],[135.7650184841798,34.993930266852956]],[[135.76555647231552,35.00123993322935],[135.76519188531447,35.00105110586886]],[[135.7639914159207,35.00118078248992],[135.76398252355483,35.00155843721089]],[[135.7581891471842,34.99417824495287],[135.75820248573302,34.993814240402536]],[[135.75820248573302,34.993814240402536],[135.75709093999808,34.993807415317214]],[[135.76145264546204,34.99407814370153],[135.76145709164498,34.99419417015195]],[[135.7614481992791,34.99522248300664],[135.76183501719487,34.99614159449623]],[[135.76183501719487,34.99614159449623],[135.76254640646525,34.9961165691834]],[[135.76257752974584,34.99611429415496],[135.7623730053306,34.995202007750684]],[[135.7623730053306,34.995202007750684],[135.7622040503789,34.994084968786844]],[[135.7622040503789,34.994084968786844],[135.76145264546204,34.99407814370153]],[[135.76601442915833,34.98565598841817],[135.76512519257037,34.98565371338974]],[[135.7626308839411,34.98679805269485],[135.7660455524389,34.986873128633356]],[[135.75472112449114,35.000707576574484],[135.75432096802655,35.00073032685888]],[[135.76549422575437,34.99915828220713],[135.7651385311192,34.99931298414102]],[[135.7651385311192,34.99931298414102],[135.765151869668,34.999931791876584]],[[135.765151869668,34.999931791876584],[135.76531637843678,35.00006829358296]],[[135.76531637843678,35.00006829358296],[135.765743211999,35.00007284363984]],[[135.76588104367013,34.99929250888506],[135.76549422575437,34.99915828220713]],[[135.7662678615859,34.99588906633944],[135.76617449174415,34.99591181662383]],[[135.7666013253064,34.99639184762459],[135.7670148203198,34.99580261525873]],[[135.7504661274177,35.00146516104487],[135.7504883583324,35.000980579987235]],[[135.75929624673623,35.001321834253176],[135.75891832118634,35.00161758795032]],[[135.7588027204299,35.00204074324008],[135.7595274482491,35.002436598188574]],[[135.7595274482491,35.002436598188574],[135.75979866540843,35.002436598188574]],[[135.75214678456896,34.9879332918862],[135.75213344602014,34.9885247992805]],[[135.7662456306712,34.99031979671933],[135.76624118448825,34.99143228562629]],[[135.76721045236914,34.991734864408755],[135.76716599053975,34.99036302225968]],[[135.7639780773719,35.00417926997329],[135.76489843724042,35.00417471991641]],[[135.76489843724042,35.00417471991641],[135.7655742570473,35.003353434649725]],[[135.76070124054522,34.99328188374767],[135.7606879019964,34.99328188374767]],[[135.7606879019964,34.99328188374767],[135.7606790096305,34.994180519981306]],[[135.7606790096305,34.994180519981306],[135.76069234817933,34.994180519981306]],[[135.76145264546204,34.99407814370153],[135.76145264546204,34.99328643380455]],[[135.76145264546204,34.99328643380455],[135.76070124054522,34.99328188374767]],[[135.7384792182119,34.987858215947696],[135.7390394372623,34.98786504103301]],[[135.74090683409705,34.98788324126053],[135.74091128028,34.98667975121599]],[[135.74091128028,34.98667975121599],[135.73847477202895,34.986668376073794]],[[135.76589438221896,35.00103518066979],[135.76588104367013,35.00041182287734]],[[135.76531637843678,35.00006829358296],[135.76510296165566,35.0003754224223]],[[135.7497636305132,34.98521008284401],[135.74903001032814,34.9852032577587]],[[135.7607101329111,34.99264942584146],[135.76070124054522,34.99328188374767]],[[135.76145264546204,34.99328643380455],[135.76145264546204,34.99241054785531]],[[135.7606790096305,34.994180519981306],[135.76013657531186,34.99418279500975]],[[135.76013657531186,34.99418279500975],[135.75998985127484,34.99418279500975]],[[135.75737994188916,35.00198386752909],[135.7567485839117,35.00247754870048]],[[135.75710872472982,34.99371186412275],[135.75816691626952,34.993311459117386]],[[135.75099522318754,35.00161531292188],[135.75159545788443,35.00160621280812]],[[135.74091128028,34.98667975121599],[135.74088904936528,34.98662515053344]],[[135.76751279280904,34.99396894233643],[135.76720156000326,34.99399396764926]],[[135.76720156000326,34.99399396764926],[135.76641903180587,34.99406449353089]],[[135.7672060061862,34.99522703306352],[135.76772176340722,34.99515878221033]],[[135.76772176340722,34.99515878221033],[135.76751279280904,34.99396894233643]],[[135.75925623108978,34.99418734506663],[135.75926067727272,34.99329325888987]],[[135.7592251078092,34.99329098386143],[135.75856707273408,34.99328870883299]],[[135.75856707273408,34.99328870883299],[135.75863376547818,34.99381651543097]],[[135.75863376547818,34.99381651543097],[135.75860264219762,34.994185070038185]],[[135.77048284301287,35.00333295939377],[135.77020273348765,35.00209989397951]],[[135.77020273348765,35.00209989397951],[135.7698603774013,35.002363797278505]],[[135.7698603774013,35.002363797278505],[135.76985593121836,35.002730076857276]],[[135.7699048392307,35.00312138174888],[135.77048284301287,35.00333295939377]],[[135.76864656945872,34.997442910763674],[135.7678996107248,34.995679763723]],[[135.7678996107248,34.995679763723],[135.7677084248584,34.99759533766913]],[[135.7677084248584,34.99759533766913],[135.76864656945872,34.997442910763674]],[[135.75863376547818,34.99381651543097],[135.75820248573302,34.993814240402536]],[[135.76183501719487,34.99614159449623],[135.76106138136333,34.99616889483751]],[[135.76145264546204,34.99671262663457],[135.7622173889277,34.99674447703272]],[[135.7622173889277,34.99674447703272],[135.7625730835629,34.99656702481444]],[[135.76155046148673,34.999260658486904],[135.76225295839123,34.999308434084135]],[[135.76730826839383,34.99243329813971],[135.76722379091797,34.991823590517896]],[[135.76626341540296,34.992267221063614],[135.76626341540296,34.9923809724856]],[[135.76626341540296,34.9923809724856],[135.76730826839383,34.99243329813971]],[[135.76439601856822,34.997895641423156],[135.76367573693196,34.9979616172479]],[[135.76367573693196,34.9979616172479],[135.7636668445661,34.99863275063758]],[[135.7639914159207,34.99863502566602],[135.76438712620234,34.99864640080822]],[[135.76438712620234,34.99864640080822],[135.76439601856822,34.997895641423156]],[[135.7623730053306,34.995202007750684],[135.76334671939443,34.99479022760312]],[[135.76334671939443,34.99479022760312],[135.76338673504088,34.99408724381529]],[[135.7633111499309,34.99408724381529],[135.76256863737996,34.994091793872165]],[[135.76256863737996,34.994091793872165],[135.7622040503789,34.994084968786844]],[[135.765151869668,34.999931791876584],[135.76433821819,34.999874916165595]],[[135.7622040503789,34.99328415877611],[135.76145264546204,34.99328643380455]],[[135.7622040503789,34.994084968786844],[135.7622040503789,34.99328415877611]],[[135.7549878954675,35.00013426940771],[135.75477892486936,34.99977253988581]],[[135.75856707273408,34.99328870883299],[135.75848704144119,34.99266535104054]],[[135.7700960250971,35.000650700863496],[135.76962028352253,34.99964058823632]],[[135.76962028352253,34.99964058823632],[135.76870881601988,34.99995681718942]],[[135.76870881601988,34.99995681718942],[135.76934017399734,35.00093507941844]],[[135.76934017399734,35.00093507941844],[135.7700960250971,35.000650700863496]],[[135.7698603774013,35.002363797278505],[135.7690333873745,35.00161303789344]],[[135.76797964201774,35.00239564767666],[135.7691801114115,35.00332385928001]],[[135.7691801114115,35.00332385928001],[135.76931794308263,35.00338756007632]],[[135.75666410643584,35.00380844033764],[135.75810022352542,35.00394266701558]],[[135.75224904677657,34.98524648329905],[135.75074623694292,34.98522373301466]],[[135.7586559963929,35.00298488004251],[135.7595274482491,35.002436598188574]],[[135.76582768947486,34.99287465365698],[135.76582324329192,34.99254249950481]],[[135.76433821819,34.99295882970925],[135.76365795220022,34.99318405752477]],[[135.76330670374796,34.99318633255321],[135.7633111499309,34.99329325888987]],[[135.76334671939443,34.99479022760312],[135.7634089659556,34.996082443756805]],[[135.7650184841798,34.993930266852956],[135.76433821819,34.99295882970925]],[[135.7504305579542,35.00386076599175],[135.75191113687316,35.00356501229461]],[[135.76512074638742,34.99864185075134],[135.76438712620234,34.99864640080822]],[[135.7643826800194,34.999278858714426],[135.7651385311192,34.99931298414102]],[[135.76549422575437,34.99915828220713],[135.76547199483966,34.998769252343955]],[[135.76385803043252,35.00102835558447],[135.76307105605215,35.00134003448069]],[[135.75563703817673,34.99925383340159],[135.75549476032268,34.99979756519865]],[[135.74444599571717,34.985003055256016],[135.74281424657823,34.98464815081944]],[[135.76511630020448,34.99746338601963],[135.76509851547272,34.99647374864841]],[[135.7643826800194,34.9965306243594],[135.7640358777501,34.997381484995806]],[[135.7640358777501,34.997381484995806],[135.76511630020448,34.99746338601963]],[[135.76751279280904,34.99396894233643],[135.76735717640616,34.99279730269004]],[[135.76735717640616,34.99279730269004],[135.7668147420875,34.99283142811663]],[[135.7668147420875,34.99283142811663],[135.76720156000326,34.99399396764926]],[[135.76511630020448,34.99746338601963],[135.76582768947486,34.99744746082055]],[[135.7605322855935,35.00017521991962],[135.7607990565699,35.0001797699765]],[[135.7704650582811,35.00353088686801],[135.77048284301287,35.00333295939377]],[[135.7691801114115,35.00332385928001],[135.76857987671463,35.00333523442221]],[[135.76857987671463,35.00333523442221],[135.76933128163145,35.003924466788064]],[[135.76933128163145,35.003924466788064],[135.770473950647,35.00408599380727]],[[135.770473950647,35.00408599380727],[135.7704650582811,35.00353088686801]],[[135.76444048039764,34.99229907146177],[135.76433821819,34.99295882970925]],[[135.76198618741483,35.00056879983967],[135.76205288015893,35.000136544436145]],[[135.76205288015893,35.000136544436145],[135.76145709164498,35.00018659506182]],[[135.76143041454736,35.00018659506182],[135.76198618741483,35.00056879983967]],[[135.7518622288608,34.98814941958796],[135.75214678456896,34.9879332918862]],[[135.77058955140342,35.00156071223933],[135.7700960250971,35.000650700863496]],[[135.76934017399734,35.00093507941844],[135.76991373159657,35.00184281576584]],[[135.76991373159657,35.00184281576584],[135.77058955140342,35.00156071223933]],[[135.7668147420875,34.99283142811663],[135.76649461691582,34.99284735331571]],[[135.76870881601988,34.99995681718942],[135.7686688003734,34.99987719119404]],[[135.76876217021515,35.00113300689269],[135.76934017399734,35.00093507941844]],[[135.7678996107248,34.995679763723],[135.76772176340722,34.99515878221033]],[[135.7672060061862,34.99522703306352],[135.76706817451506,34.995568287329455]],[[135.76656130965992,34.99767723869295],[135.76735717640616,34.99764311326636]],[[135.7629421167469,34.99394164199515],[135.76256863737996,34.994091793872165]],[[135.76735717640616,34.99279730269004],[135.76730826839383,34.99243329813971]],[[135.76626341540296,34.9923809724856],[135.76626341540296,34.99285872845791]],[[135.75978088067666,34.99329553391831],[135.75997206654307,34.99329780894675]],[[135.75997206654307,34.99329780894675],[135.7606879019964,34.99328188374767]],[[135.7665035092817,35.0011625822624],[135.76654352492818,35.000320821739756]],[[135.76962028352253,34.99964058823632],[135.7692379117897,34.998817027941186]],[[135.7692379117897,34.998817027941186],[135.76820195116474,34.998937604448486]],[[135.76205288015893,35.000136544436145],[135.76222183511064,35.000088768838914]],[[135.7633111499309,34.992599375215796],[135.7633111499309,34.992285421291136]],[[135.76210178817126,34.99228314626269],[135.7622040503789,34.99328415877611]],[[135.7622040503789,34.99328415877611],[135.76294656292984,34.99328643380455]],[[135.76650795546465,34.9987374019458],[135.7666813565993,34.99900358027323]],[[135.7666813565993,34.99900358027323],[135.76717488290564,34.999010405358554]],[[135.76857987671463,35.00333523442221],[135.76762394738256,35.0037083390863]],[[135.76762394738256,35.0037083390863],[135.76772176340722,35.003915366674306]],[[135.76772176340722,35.003915366674306],[135.76933128163145,35.003924466788064]],[[135.770473950647,35.00408599380727],[135.77099415405095,35.00379024011013]],[[135.77099415405095,35.00379024011013],[135.7704650582811,35.00353088686801]],[[135.77020273348765,35.00209989397951],[135.76991373159657,35.00184281576584]],[[135.75230684715478,34.99415321964003],[135.75214678456896,34.995254333404795]],[[135.76385803043252,35.00027532117096],[135.76271536141698,35.00006601855452]],[[135.76198618741483,35.00056879983967],[135.76163938514551,35.00100788032851]],[[135.7636801831149,34.992603925272675],[135.76414258614065,34.99229224637645]],[[135.76367573693196,34.9979616172479],[135.76306216368627,34.99798209250386]],[[135.7672282371009,34.98905260587848],[135.76723268328385,34.98887060360331]],[[135.77099415405095,35.00379024011013],[135.77058955140342,35.00156071223933]],[[135.76682808063632,35.002509399098635],[135.76647238600114,35.002741451999476]],[[135.76645460126937,35.00342623555979],[135.76676138789222,35.003690138858786]],[[135.76676138789222,35.003690138858786],[135.7668680962828,35.00369241388722]],[[135.7668680962828,35.00369241388722],[135.76762394738256,35.0037083390863]],[[135.7668680962828,35.00369241388722],[135.76772176340722,35.003915366674306]],[[135.76013657531186,34.99418279500975],[135.75997206654307,34.99329780894675]],[[135.76510296165566,34.99792976684975],[135.76439601856822,34.997895641423156]],[[135.76489843724042,35.00417471991641],[135.76676138789222,35.003690138858786]],[[135.76649461691582,34.9992947839135],[135.7666813565993,34.99900358027323]],[[135.76364905983434,34.99746338601963],[135.7640358777501,34.997381484995806]],[[135.7629776862104,35.0028461033077],[135.76295545529572,35.00331475916625]],[[135.76224406602535,34.99739968522332],[135.7622173889277,34.99674447703272]],[[135.767663963029,35.00019569517558],[135.766703587514,35.000136544436145]],[[135.76585881275543,34.98417266987556],[135.76504960746038,34.984336471923214]],[[135.7692379117897,34.998817027941186],[135.76864656945872,34.997442910763674]]]}