{"type":"Topology","bbox":[135.73268254542918,35.01467607875751,135.7716621657989,35.039344750361714],"objects":{"town":{"type":"GeometryCollection","geometries":[{"type":"Polygon","arcs":[[0,1,2,3]],"properties":{"name":"桃薗南舟橋町"}},{"type":"Polygon","arcs":[[4,5,6,7,8]],"properties":{"name":"桃薗横神明町"}},{"type":"Polygon","arcs":[[9,10,11,12,13,14,15]],"properties":{"name":"桃薗堀川上之町"}},{"type":"Polygon","arcs":[[16,17,18,-2]],"properties":{"name":"桃薗橋之上町"}},{"type":"Polygon","arcs":[[19,20,21,22,23,24,25]],"properties":{"name":"桃薗薬師町"}},{"type":"Polygon","arcs":[[-15,26,27,28,29]],"properties":{"name":"桃薗徳屋町"}},{"type":"Polygon","arcs":[[30,31,32,33,34,35]],"properties":{"name":"桃薗下石橋町"}},{"type":"Polygon","arcs":[[36,-5,37,-27,-14,38]],"properties":{"name":"桃薗晴明町"}},{"type":"Polygon","arcs":[[39,40,41,42]],"properties":{"name":"桃薗橘町"}},{"type":"Polygon","arcs":[[43,44,45,46,47,48,49,50]],"properties":{"name":"桃薗芝大宮町"}},{"type":"Polygon","arcs":[[51,52,53,54,55,56,57]],"properties":{"name":"桃薗竪門前町"}},{"type":"Polygon","arcs":[[-28,-38,-9,58,59]],"properties":{"name":"桃薗竪神明町"}},{"type":"Polygon","arcs":[[-35,60,61,-41,62,63,64]],"properties":{"name":"桃薗栄町"}},{"type":"Polygon","arcs":[[65,66,67,-58]],"properties":{"name":"桃薗南門前町"}},{"type":"Polygon","arcs":[[-23,68,69,70,-64,71,72]],"properties":{"name":"桃薗北之御門町"}},{"type":"Polygon","arcs":[[73,74,75]],"properties":{"name":"小川革堂仲之町"}},{"type":"Polygon","arcs":[[76,77,78,79,80,81,82]],"properties":{"name":"小川上小川町"}},{"type":"Polygon","arcs":[[83,84,85,86]],"properties":{"name":"小川頭町"}},{"type":"Polygon","arcs":[[-7,87,88,89,-32,90]],"properties":{"name":"桃薗弾正町"}},{"type":"Polygon","arcs":[[91,92,93,94]],"properties":{"name":"桃薗桜井町"}},{"type":"Polygon","arcs":[[95,96,97,-80,98,99]],"properties":{"name":"小川中小川町"}},{"type":"Polygon","arcs":[[100,101,102,-53,103,-21]],"properties":{"name":"桃薗元伊佐町"}},{"type":"Polygon","arcs":[[-36,-65,-71,104]],"properties":{"name":"桃薗石薬師町"}},{"type":"Polygon","arcs":[[-72,-63,-40,105,106]],"properties":{"name":"桃薗桝屋町"}},{"type":"Polygon","arcs":[[107,108,-101,-20,109,-92,110,-44,111]],"properties":{"name":"桃薗観世町"}},{"type":"Polygon","arcs":[[-8,-91,-31,-105,-70,112,-59]],"properties":{"name":"桃薗毘沙門町"}},{"type":"Polygon","arcs":[[-103,113,114,-3,-19,115,-54]],"properties":{"name":"桃薗西船橋町"}},{"type":"Polygon","arcs":[[116,117,118,119,120,121,-96]],"properties":{"name":"小川針屋町"}},{"type":"Polygon","arcs":[[122,-16,-30,123,-67]],"properties":{"name":"桃薗富小路町"}},{"type":"Polygon","arcs":[[-124,-29,-60,-113,-69,-22,-104,-52,-68]],"properties":{"name":"桃薗寺今町"}},{"type":"Polygon","arcs":[[124,125,126,127,128,-119]],"properties":{"name":"小川靱屋町"}},{"type":"Polygon","arcs":[[-25,129,130,131,132,133]],"properties":{"name":"桃薗横大宮町"}},{"type":"Polygon","arcs":[[134,135,-74,136,-127,137,138,139,140,141]],"properties":{"name":"小川革堂町"}},{"type":"Polygon","arcs":[[142,143,144,145,-81,-98]],"properties":{"name":"小川実相院町"}},{"type":"Polygon","arcs":[[-24,-73,-107,146,147,-130]],"properties":{"name":"桃薗元妙蓮寺町"}},{"type":"Polygon","arcs":[[148,-93,-110,-26,-134]],"properties":{"name":"桃薗元北小路町"}},{"type":"Polygon","arcs":[[149,150,151,152]],"properties":{"name":"中立下小川町"}},{"type":"Polygon","arcs":[[-135,153,154,155,156,157]],"properties":{"name":"小川元百万遍町"}},{"type":"Polygon","arcs":[[-114,-102,-109,158,159,160,161]],"properties":{"name":"桃薗北猪熊町"}},{"type":"Polygon","arcs":[[-55,-116,-18,162,163,164,165]],"properties":{"name":"小川西今町"}},{"type":"Polygon","arcs":[[166,167,168,169]],"properties":{"name":"聚楽小寺町"}},{"type":"Polygon","arcs":[[170,171,172,173,174]],"properties":{"name":"京極藪之下町"}},{"type":"Polygon","arcs":[[175,176,177,178,179,-138,-126,180]],"properties":{"name":"小川西武者小路町"}},{"type":"Polygon","arcs":[[181,182,183,184,185,186,-77,187,188]],"properties":{"name":"小川近衛殿表町"}},{"type":"Polygon","arcs":[[-152,189,190,191,192,193,194]],"properties":{"name":"中立甲斐守町"}},{"type":"Polygon","arcs":[[195,196,197,198,199,200,201,202]],"properties":{"name":"中立薬屋町"}},{"type":"Polygon","arcs":[[203,204,-10,-123,-66,-57,205]],"properties":{"name":"桃薗橋詰町"}},{"type":"Polygon","arcs":[[206,207,-156]],"properties":{"name":"小川西川端町"}},{"type":"Polygon","arcs":[[208,-204,209,-165,210]],"properties":{"name":"小川西町"}},{"type":"Polygon","arcs":[[211,212,213,214]],"properties":{"name":"京極歓喜寺前町"}},{"type":"Polygon","arcs":[[215,216,217,-192]],"properties":{"name":"中立突抜町"}},{"type":"Polygon","arcs":[[218,219,220,221,-45,-111,-95]],"properties":{"name":"桃薗五辻町"}},{"type":"Polygon","arcs":[[222,-176,223]],"properties":{"name":"小川常盤井図子町"}},{"type":"Polygon","arcs":[[224,225,-201,226,227,228]],"properties":{"name":"小川小島町"}},{"type":"Polygon","arcs":[[229,230,231]],"properties":{"name":"正親下山里町"}},{"type":"Polygon","arcs":[[232,-99,-79,233,-186,234]],"properties":{"name":"小川北兼康町"}},{"type":"Polygon","arcs":[[235,236,237,238,239,240,241]],"properties":{"name":"正親亀屋町"}},{"type":"Polygon","arcs":[[242,243,244,245,246]],"properties":{"name":"聚楽梨木町"}},{"type":"Polygon","arcs":[[247,248,249,250,251]],"properties":{"name":"室町古木町"}},{"type":"Polygon","arcs":[[252,253,254,255,256,257,258]],"properties":{"name":"小川北小路室町"}},{"type":"Polygon","arcs":[[259,260,261,262]],"properties":{"name":"正親東石橋町"}},{"type":"Polygon","arcs":[[263,264,265]],"properties":{"name":"中立仕丁町"}},{"type":"Polygon","arcs":[[266,267,-157,-208,268,269,270,-11,-205,-209]],"properties":{"name":"小川竪富田町"}},{"type":"Polygon","arcs":[[271,272,273,274,275,276,-168,277,278,279,280]],"properties":{"name":"聚楽役人町"}},{"type":"Polygon","arcs":[[281,282,283,284]],"properties":{"name":"中立中橋詰町"}},{"type":"Polygon","arcs":[[-234,-78,-187]],"properties":{"name":"小川近衛殿北口町"}},{"type":"Polygon","arcs":[[-243,285,286]],"properties":{"name":"聚楽庇町"}},{"type":"Polygon","arcs":[[287,-86,288,-267,-211,289]],"properties":{"name":"小川仲之町"}},{"type":"Polygon","arcs":[[290,291,292,293,294]],"properties":{"name":"聚楽須浜東町"}},{"type":"Polygon","arcs":[[295,296,297,298]],"properties":{"name":"成逸社突抜町"}},{"type":"Polygon","arcs":[[299,300,301,302,303,304,305]],"properties":{"name":"中立清和院町"}},{"type":"Polygon","arcs":[[306,307,308,309,-183,310]],"properties":{"name":"室町中御霊図子町"}},{"type":"Polygon","arcs":[[311,312,313,-255,314]],"properties":{"name":"小川梅屋町"}},{"type":"Polygon","arcs":[[315,316,317,318,319,-203,320]],"properties":{"name":"中立龍前町"}},{"type":"Polygon","arcs":[[321,322,323,324,325]],"properties":{"name":"室町新北小路町"}},{"type":"Polygon","arcs":[[326,327,-235,-185,328]],"properties":{"name":"小川元本満寺町"}},{"type":"Polygon","arcs":[[329,330,-150,331,332]],"properties":{"name":"中立菊屋町"}},{"type":"Polygon","arcs":[[333,334,335,336,337,338,-260,339,340,341,342,343]],"properties":{"name":"正親東西俵屋町"}},{"type":"Polygon","arcs":[[344,345,346,347,348,349,350]],"properties":{"name":"室町上柳原町"}},{"type":"Polygon","arcs":[[-347,351,352,353,354]],"properties":{"name":"室町玄蕃町"}},{"type":"Polygon","arcs":[[-137,-76,355,-84,356,-128]],"properties":{"name":"小川戒光寺町"}},{"type":"Polygon","arcs":[[-275,357,358,359,360,361,362]],"properties":{"name":"聚楽榎町"}},{"type":"Polygon","arcs":[[363,364,-341,365,366]],"properties":{"name":"正親伊勢殿構町"}},{"type":"Polygon","arcs":[[-121,367,-290,-164,368]],"properties":{"name":"小川東今町"}},{"type":"Polygon","arcs":[[-13,369,-278,-167,370,-39]],"properties":{"name":"聚楽福大明神町"}},{"type":"Polygon","arcs":[[-283,371,372,373,374,-190,375]],"properties":{"name":"中立亀屋町"}},{"type":"Polygon","arcs":[[-258,376,377,378]],"properties":{"name":"小川今図子町"}},{"type":"Polygon","arcs":[[379,380,-327,381,382,383]],"properties":{"name":"小川弁財天町"}},{"type":"Polygon","arcs":[[-357,-87,-288,-368,-120,-129]],"properties":{"name":"小川東町"}},{"type":"Polygon","arcs":[[-375,384,385,386,-216,-191]],"properties":{"name":"中立橋本町"}},{"type":"Polygon","arcs":[[387,388,389,390,-141,391]],"properties":{"name":"中立小川町"}},{"type":"Polygon","arcs":[[-227,-200,392,393,394]],"properties":{"name":"中立東日野殿町"}},{"type":"Polygon","arcs":[[395,396,397,398]],"properties":{"name":"正親山里町"}},{"type":"Polygon","arcs":[[399,-169,-277,400,-244,-287,401,-89]],"properties":{"name":"聚楽飛弾殿町"}},{"type":"Polygon","arcs":[[402,403,404,405,406,407,408]],"properties":{"name":"成逸中社町"}},{"type":"Polygon","arcs":[[409,410,411,412,413,414]],"properties":{"name":"正親百万遍町"}},{"type":"Polygon","arcs":[[-82,-146,415,416]],"properties":{"name":"小川水落町"}},{"type":"Polygon","arcs":[[417,-175,418,-214,419,420,421]],"properties":{"name":"京極桜木町"}},{"type":"Polygon","arcs":[[422,423,424,425]],"properties":{"name":"中立仲之町"}},{"type":"Polygon","arcs":[[-379,426,-383,427,428,429,-259]],"properties":{"name":"小川堀出シ町"}},{"type":"Polygon","arcs":[[430,431,-189,432,433,434]],"properties":{"name":"小川西大路町"}},{"type":"Polygon","arcs":[[435,-294,436,-396,437,438]],"properties":{"name":"正親須浜池町"}},{"type":"Polygon","arcs":[[-180,439,440,441,-139]],"properties":{"name":"小川大峰図子町"}},{"type":"Polygon","arcs":[[442,443,444,445,446,447,-441]],"properties":{"name":"中立元真如堂町"}},{"type":"Polygon","arcs":[[448,449,450,451,452]],"properties":{"name":"室町上御霊馬場町"}},{"type":"Polygon","arcs":[[453,454,455,456]],"properties":{"name":"成逸新ン町"}},{"type":"Polygon","arcs":[[457,458,459,460,461,462,463]],"properties":{"name":"正親福本町"}},{"type":"Polygon","arcs":[[-17,-1,464,-143,-97,-122,-369,-163]],"properties":{"name":"小川飛鳥井町"}},{"type":"Polygon","arcs":[[-284,-376,-151,-331,465]],"properties":{"name":"中立有春町"}},{"type":"Polygon","arcs":[[466,467,468,-273]],"properties":{"name":"聚楽北俵町"}},{"type":"Polygon","arcs":[[469,470,471,-360,472]],"properties":{"name":"聚楽北小大門町"}},{"type":"Polygon","arcs":[[473,-388,474,-447]],"properties":{"name":"中立讃州寺町"}},{"type":"Polygon","arcs":[[475,476,-443,-440,-179,477]],"properties":{"name":"小川一条殿町"}},{"type":"Polygon","arcs":[[-318,478,-300,479]],"properties":{"name":"中立元浄花院町"}},{"type":"Polygon","arcs":[[480,481,-431,482,483]],"properties":{"name":"室町裏風呂町"}},{"type":"Polygon","arcs":[[484,-416,-145,485,486,487,488]],"properties":{"name":"小川堀之上町"}},{"type":"Polygon","arcs":[[-246,489,490,491]],"properties":{"name":"聚楽糸屋町"}},{"type":"Polygon","arcs":[[-393,-199,492,-445,493]],"properties":{"name":"中立正親町"}},{"type":"Polygon","arcs":[[494,495,-161,496]],"properties":{"name":"西陣山名町"}},{"type":"Polygon","arcs":[[-462,497,-342,-365,498]],"properties":{"name":"正親泰童町"}},{"type":"Polygon","arcs":[[499,500,501,502,503,-61,-34,504]],"properties":{"name":"聚楽鏡石町"}},{"type":"Polygon","arcs":[[505,506,507,508]],"properties":{"name":"西陣古美濃部町"}},{"type":"Polygon","arcs":[[-450,509,510,511,512]],"properties":{"name":"室町上御霊竪町"}},{"type":"Polygon","arcs":[[513,514,515,-511]],"properties":{"name":"室町上御霊前町"}},{"type":"Polygon","arcs":[[-90,-402,-286,-247,-492,516,-505,-33]],"properties":{"name":"聚楽下石橋南半町"}},{"type":"Polygon","arcs":[[517,518,519,-308,520]],"properties":{"name":"室町蒔鳥屋町"}},{"type":"Polygon","arcs":[[-465,-4,-115,-162,-496,521,-486,-144]],"properties":{"name":"西陣北舟橋町"}},{"type":"Polygon","arcs":[[522,523,-225,524,-313]],"properties":{"name":"小川観三橘町"}},{"type":"Polygon","arcs":[[-436,525,526,527,528,-295]],"properties":{"name":"聚楽神明町"}},{"type":"Polygon","arcs":[[529,530,531,-322,532]],"properties":{"name":"室町玄武町"}},{"type":"Polygon","arcs":[[-314,-525,-229,533,534,-256]],"properties":{"name":"小川福長町"}},{"type":"Polygon","arcs":[[535,536,537,538,539,540]],"properties":{"name":"室町大心院町"}},{"type":"Polygon","arcs":[[-403,541,542,543]],"properties":{"name":"成逸薬師前町"}},{"type":"Polygon","arcs":[[544,-433,-188,-83,-417,-485,545]],"properties":{"name":"小川御三軒町"}},{"type":"Polygon","arcs":[[546,-434,-545,547,548]],"properties":{"name":"室町挽木町"}},{"type":"Polygon","arcs":[[549,550,551,552,553,554,555]],"properties":{"name":"室町本法寺前町"}},{"type":"Polygon","arcs":[[-75,-136,-158,-268,-289,-85,-356]],"properties":{"name":"小川革堂西町"}},{"type":"Polygon","arcs":[[-319,-480,-306,556,557,-197,558]],"properties":{"name":"中立花立町"}},{"type":"Polygon","arcs":[[559,560,561,562,563]],"properties":{"name":"西陣大北小路東町"}},{"type":"Polygon","arcs":[[564,565,566,567,568,569,570]],"properties":{"name":"嘉楽元"}},{"type":"Polygon","arcs":[[571,572,573,574,-507,575,576]],"properties":{"name":"西陣伊佐町"}},{"type":"Polygon","arcs":[[577,-555,578,579,580]],"properties":{"name":"成逸扇町"}},{"type":"Polygon","arcs":[[581,-574,582,-46,-222,583,584,585,586]],"properties":{"name":"西陣紋屋町"}},{"type":"Polygon","arcs":[[587,588,589,590,591]],"properties":{"name":"成逸西若宮南半町"}},{"type":"Polygon","arcs":[[592,593,-173,594,-453,595,596]],"properties":{"name":"室町高徳寺町"}},{"type":"Polygon","arcs":[[597,-343,-498,-461]],"properties":{"name":"正親革堂之内町"}},{"type":"Polygon","arcs":[[598,599,600,-560,601,602,-487,-522,-495]],"properties":{"name":"西陣芝薬師町"}},{"type":"Polygon","arcs":[[603,604,605,606,607,-423,608]],"properties":{"name":"中立元頂妙寺町"}},{"type":"Polygon","arcs":[[609,610,611,612,613,614]],"properties":{"name":"室町御所八幡町"}},{"type":"Polygon","arcs":[[-535,615,-478,-178,616,-377,-257]],"properties":{"name":"小川武者小路町"}},{"type":"Polygon","arcs":[[617,-578,618]],"properties":{"name":"成逸下清蔵口町"}},{"type":"Polygon","arcs":[[619,620,-454,621]],"properties":{"name":"成逸天神北町"}},{"type":"Polygon","arcs":[[622,623,-354,624,625,626]],"properties":{"name":"室町岩栖院町"}},{"type":"Polygon","arcs":[[627,-611,628,-518,629,630,631]],"properties":{"name":"室町裏築地町"}},{"type":"Polygon","arcs":[[632,633,634,-404,635]],"properties":{"name":"成逸東社町"}},{"type":"Polygon","arcs":[[636,-591,637,638]],"properties":{"name":"成逸西若宮北半町"}},{"type":"Polygon","arcs":[[639,640,641,642,-634,643]],"properties":{"name":"成逸前之町"}},{"type":"Polygon","arcs":[[644,-639,645]],"properties":{"name":"成逸若宮横町"}},{"type":"Polygon","arcs":[[-517,-491,646,647,-500]],"properties":{"name":"聚楽下鏡石町"}},{"type":"Polygon","arcs":[[-601,648,649]],"properties":{"name":"西陣土田町"}},{"type":"Polygon","arcs":[[650,651,-553,652,653]],"properties":{"name":"成逸寺之内竪町"}},{"type":"Polygon","arcs":[[-613,654,655,656,657]],"properties":{"name":"室町柳図子町"}},{"type":"Polygon","arcs":[[-224,-181,-125,-118,658,-380,659]],"properties":{"name":"小川元図子町"}},{"type":"Polygon","arcs":[[660,661,662,-636,-544,663,-298]],"properties":{"name":"成逸社横町"}},{"type":"Polygon","arcs":[[-210,-206,-56,-166]],"properties":{"name":"小川村雲町"}},{"type":"Polygon","arcs":[[-635,-643,664,665,-405]],"properties":{"name":"成逸東千本町"}},{"type":"MultiPolygon","arcs":[[[947,-147,-106,-43,-752,-464,-463,-499,-364,669,-975,1031,-955,-568,-567,666,667,-687]]],"properties":{"name":"嘉楽笹屋町"}},{"type":"Polygon","arcs":[[-630,-521,-307,671]],"properties":{"name":"室町瓢箪図子町"}},{"type":"Polygon","arcs":[[-641,672,673,674,-577,675,676]],"properties":{"name":"西陣花開院町"}},{"type":"Polygon","arcs":[[-362,677,678,679]],"properties":{"name":"聚楽常陸町"}},{"type":"Polygon","arcs":[[680,-309,-520,681,682,-429]],"properties":{"name":"室町畠山町"}},{"type":"Polygon","arcs":[[-391,683,-154,-142]],"properties":{"name":"小川一条横町"}},{"type":"Polygon","arcs":[[684,685,686,-668,687,688]],"properties":{"name":"嘉楽今出川町"}},{"type":"Polygon","arcs":[[689,-587,690,691,692]],"properties":{"name":"乾隆大黒町"}},{"type":"MultiPolygon","arcs":[[[-469,693,694,-358,-274]],[[718,719,720,-470,721]]],"properties":{"name":"聚楽猪熊"}},{"type":"Polygon","arcs":[[-610,695,696,-682,-519,-629]],"properties":{"name":"室町築山北半町"}},{"type":"Polygon","arcs":[[697,698,-644,-633,-663,699]],"properties":{"name":"成逸仲之町"}},{"type":"Polygon","arcs":[[-534,-228,-395,700,-476,-616]],"properties":{"name":"小川一松町"}},{"type":"Polygon","arcs":[[-622,-457,701,702,703,704]],"properties":{"name":"成逸東若宮町"}},{"type":"Polygon","arcs":[[-398,705,706,707,708,709]],"properties":{"name":"正親高台院竪町"}},{"type":"Polygon","arcs":[[-666,710,711,712,-406]],"properties":{"name":"成逸西千本町"}},{"type":"Polygon","arcs":[[713,-215,-419,-174,-594]],"properties":{"name":"京極不動前町"}},{"type":"Polygon","arcs":[[714,-325,715,716,717,-696,-615]],"properties":{"name":"室町岡松町"}},{"type":"Polygon","arcs":[[-271,722,-279,-370,-12]],"properties":{"name":"聚楽堀川下之町"}},{"type":"Polygon","arcs":[[723,724,725,726]],"properties":{"name":"聚楽奈良物町"}},{"type":"Polygon","arcs":[[-651,727,728,-673,-640,-699,729]],"properties":{"name":"西陣妙蓮寺前町"}},{"type":"Polygon","arcs":[[730,731,-661,-297,732]],"properties":{"name":"成逸竪社南半町"}},{"type":"Polygon","arcs":[[733,734,735,736,737,738]],"properties":{"name":"乾隆姥ケ西町"}},{"type":"Polygon","arcs":[[-542,-409,739,740]],"properties":{"name":"成逸田畑町"}},{"type":"Polygon","arcs":[[741,742,743,-351]],"properties":{"name":"室町下柳原北半町"}},{"type":"Polygon","arcs":[[744,745,-700,-662,-732,746]],"properties":{"name":"成逸北仲之町"}},{"type":"Polygon","arcs":[[-562,747,748,-674,-729,749]],"properties":{"name":"西陣西北小路町"}},{"type":"Polygon","arcs":[[-62,-504,750,-458,751,-42]],"properties":{"name":"正親智恵光院前之町"}},{"type":"Polygon","arcs":[[-382,-329,-184,-310,-681,-428]],"properties":{"name":"室町元新在家町"}},{"type":"Polygon","arcs":[[752,-291,-529,753,754,755,756]],"properties":{"name":"聚楽東堀町"}},{"type":"Polygon","arcs":[[-276,-363,-680,757,-527,758,-647,-490,-245,-401]],"properties":{"name":"聚楽新元町"}},{"type":"Polygon","arcs":[[-217,-387,759,760,761]],"properties":{"name":"中立一町目"}},{"type":"Polygon","arcs":[[762,-689,763,-565,764,765,766]],"properties":{"name":"嘉楽中宮町"}},{"type":"Polygon","arcs":[[767,768,769,770,771,772,773,774,775,776]],"properties":{"name":"嘉楽西五辻東町"}},{"type":"Polygon","arcs":[[777,778,779,780]],"properties":{"name":"乾隆姥ケ北町"}},{"type":"Polygon","arcs":[[-407,-713,781,782,783]],"properties":{"name":"乾隆歓喜町"}},{"type":"Polygon","arcs":[[784,785,786,787,788]],"properties":{"name":"乾隆井田町"}},{"type":"Polygon","arcs":[[789,790,791,-694,-468]],"properties":{"name":"聚楽南俵町"}},{"type":"Polygon","arcs":[[-733,-296,792,-589,793]],"properties":{"name":"成逸竪社北半町"}},{"type":"Polygon","arcs":[[794,795,796,-737,797,-772]],"properties":{"name":"乾隆牡丹鉾町"}},{"type":"Polygon","arcs":[[798,799,-49,800,801]],"properties":{"name":"西陣阿弥陀寺町"}},{"type":"Polygon","arcs":[[-580,802,-745,803,-455,-621]],"properties":{"name":"成逸上天神町"}},{"type":"Polygon","arcs":[[804,805,806,807]],"properties":{"name":"乾隆閻魔前町"}},{"type":"Polygon","arcs":[[808,809,-755,-678,-361,-472]],"properties":{"name":"聚楽藤五郎町"}},{"type":"Polygon","arcs":[[-780,810,-734,811,812,813]],"properties":{"name":"乾隆姥ケ寺之前町"}},{"type":"Polygon","arcs":[[-561,-650,814,-802,815,-748]],"properties":{"name":"西陣曼陀羅町"}},{"type":"Polygon","arcs":[[816,-581,-620,-705,817]],"properties":{"name":"成逸瑞光院前町"}},{"type":"Polygon","arcs":[[818,-502,819,820,-344,-598,-460]],"properties":{"name":"正親南新在家町"}},{"type":"Polygon","arcs":[[821,822,823,-812,-739,824]],"properties":{"name":"乾隆花車町"}},{"type":"Polygon","arcs":[[825,826,-777,827,828,-584,-221,829]],"properties":{"name":"嘉楽一色町"}},{"type":"Polygon","arcs":[[830,-508,-575,-582,-690,831]],"properties":{"name":"西陣聖天町"}},{"type":"Polygon","arcs":[[832,-657,833,834,835,-743]],"properties":{"name":"室町下柳原南半町"}},{"type":"Polygon","arcs":[[836,-786,837,838]],"properties":{"name":"乾隆西芦山寺町"}},{"type":"Polygon","arcs":[[-761,839,-727,840,-790,-467,-272,841]],"properties":{"name":"聚楽皀莢町"}},{"type":"Polygon","arcs":[[-833,-742,-350,842,-514,-510,-449,-595,-172,843,844,-533,-326,-715,-614,-658]],"properties":{"name":"室町相国寺門前町"}},{"type":"Polygon","arcs":[[-503,-819,-459,-751]],"properties":{"name":"正親北新在家町"}},{"type":"Polygon","arcs":[[-679,-754,-528,-758]],"properties":{"name":"聚楽和水町"}},{"type":"Polygon","arcs":[[845,-240,846,-261,-339]],"properties":{"name":"正親玉屋町"}},{"type":"Polygon","arcs":[[847,-813,-824,848,849,-789]],"properties":{"name":"乾隆新猪熊町"}},{"type":"Polygon","arcs":[[-37,-371,-170,-400,-88,-6]],"properties":{"name":"聚楽如水町"}},{"type":"Polygon","arcs":[[850,-112,-51,851]],"properties":{"name":"西陣西石屋町"}},{"type":"Polygon","arcs":[[852,853,854,855,856,857,858,859,860]],"properties":{"name":"京極青龍町"}},{"type":"Polygon","arcs":[[861,862,863,-787,-837,864,865]],"properties":{"name":"乾隆戌亥町"}},{"type":"Polygon","arcs":[[866,-159,-108,-851,867]],"properties":{"name":"西陣慈眼庵町"}},{"type":"Polygon","arcs":[[868,869,-348,-355,-624,870]],"properties":{"name":"室町竹園町"}},{"type":"Polygon","arcs":[[-652,-730,-698,-746,-803,-579,-554]],"properties":{"name":"成逸下天神町"}},{"type":"Polygon","arcs":[[-353,871,-538,872,-625]],"properties":{"name":"室町継孝院町"}},{"type":"Polygon","arcs":[[873,874,-337,875]],"properties":{"name":"正親田丸町"}},{"type":"Polygon","arcs":[[876,877,878,-685,-763,879]],"properties":{"name":"嘉楽竪亀屋町"}},{"type":"Polygon","arcs":[[880,-484,881,-252,882,883]],"properties":{"name":"室町木下突抜町"}},{"type":"Polygon","arcs":[[884,885,886,887,-770]],"properties":{"name":"嘉楽上善寺町"}},{"type":"Polygon","arcs":[[-515,-843,-349,-870,888]],"properties":{"name":"室町内構町"}},{"type":"Polygon","arcs":[[-688,-667,-566,-764]],"properties":{"name":"嘉楽革堂町"}},{"type":"Polygon","arcs":[[889,890,891,-692,892,893,-778]],"properties":{"name":"乾隆真倉町"}},{"type":"Polygon","arcs":[[-782,-712,894,-832,-693,-892,895]],"properties":{"name":"乾隆中猪熊町"}},{"type":"Polygon","arcs":[[896,-321,-202,-226,-524]],"properties":{"name":"中立広橋殿町"}},{"type":"Polygon","arcs":[[-592,-637,-645,897,-703,898]],"properties":{"name":"成逸若宮竪町"}},{"type":"Polygon","arcs":[[-766,899,-768,-827,900]],"properties":{"name":"嘉楽東上善寺町"}},{"type":"Polygon","arcs":[[901,902,-868,-852,-50,-800]],"properties":{"name":"西陣東石屋町"}},{"type":"Polygon","arcs":[[903,904,-885,-769,-900]],"properties":{"name":"嘉楽般舟院前町"}},{"type":"Polygon","arcs":[[905,906,907,908,909,910,911,912,913]],"properties":{"name":"京極大原口町"}},{"type":"Polygon","arcs":[[-865,-839,914,915]],"properties":{"name":"乾隆木瓜原町"}},{"type":"Polygon","arcs":[[916,917,-619,-817,918,-626,-873,-537]],"properties":{"name":"室町下清蔵口町"}},{"type":"Polygon","arcs":[[-740,-408,-784,919,-862,920]],"properties":{"name":"乾隆西社町"}},{"type":"Polygon","arcs":[[-315,-254,921,-717,922,923]],"properties":{"name":"室町今出川町"}},{"type":"Polygon","arcs":[[924,925,926,927,928,929,930]],"properties":{"name":"正親山王町"}},{"type":"Polygon","arcs":[[931,932,933,-906]],"properties":{"name":"京極真如堂突抜町"}},{"type":"Polygon","arcs":[[-691,-586,934,-828,-776,935,-893]],"properties":{"name":"乾隆蛭子町"}},{"type":"Polygon","arcs":[[-779,-894,-936,-775,936,937,-735,-811]],"properties":{"name":"乾隆姥ケ東西町"}},{"type":"Polygon","arcs":[[-439,938,939,-820,-501,-648,-759,-526]],"properties":{"name":"正親新白水丸町"}},{"type":"Polygon","arcs":[[-207,940,941,942,-269]],"properties":{"name":"中立松之下町"}},{"type":"Polygon","arcs":[[943,944,945,946]],"properties":{"name":"京極下塔之段町"}},{"type":"Polygon","arcs":[[-889,-869,948,949,-512,-516]],"properties":{"name":"室町上御霊中町"}},{"type":"Polygon","arcs":[[-738,-797,950,951,-825]],"properties":{"name":"乾隆作庵町"}},{"type":"Polygon","arcs":[[-710,952,953,-939,-438,-399]],"properties":{"name":"正親多門町"}},{"type":"Polygon","arcs":[[-569,954,955,956,957,958]],"properties":{"name":"嘉楽松屋町"}},{"type":"Polygon","arcs":[[-849,-823,959,-806,960]],"properties":{"name":"乾隆西五辻北町"}},{"type":"Polygon","arcs":[[-838,-785,-850,-961,-805,961,-915]],"properties":{"name":"乾隆北玄蕃町"}},{"type":"Polygon","arcs":[[962,963,964,965,966,967,968]],"properties":{"name":"春日信富町"}},{"type":"Polygon","arcs":[[-890,-781,-814,-848,-788,-864,969]],"properties":{"name":"乾隆新猪熊東町"}},{"type":"Polygon","arcs":[[-367,970,971,972,973,974,-670]],"properties":{"name":"嘉楽泰童片原町"}},{"type":"Polygon","arcs":[[-649,-600,975,-902,-799,-815]],"properties":{"name":"西陣幸在町"}},{"type":"Polygon","arcs":[[-148,-948,-686,-879,976,-131]],"properties":{"name":"嘉楽元中之町"}},{"type":"Polygon","arcs":[[-133,977,-877,978,979,-219,-94,-149]],"properties":{"name":"嘉楽西北小路町"}},{"type":"Polygon","arcs":[[-448,-475,-392,-140,-442]],"properties":{"name":"中立西之口町"}},{"type":"Polygon","arcs":[[-378,-617,-177,-223,-660,-384,-427]],"properties":{"name":"小川徳大寺殿町"}},{"type":"Polygon","arcs":[[-328,-381,-659,-117,-100,-233]],"properties":{"name":"小川南兼康町"}},{"type":"Polygon","arcs":[[980,981,982,983,984]],"properties":{"name":"滋野丁子風呂町"}},{"type":"Polygon","arcs":[[-132,-977,-878,-978]],"properties":{"name":"嘉楽菱屋町"}},{"type":"Polygon","arcs":[[-249,985,986,987]],"properties":{"name":"室町内藤町"}},{"type":"Polygon","arcs":[[-304,988,-605,989]],"properties":{"name":"中立東長者町"}},{"type":"Polygon","arcs":[[990,-886,-905,991,-570,-959]],"properties":{"name":"嘉楽南辻町"}},{"type":"Polygon","arcs":[[992,993,-947,994,995,996,997]],"properties":{"name":"京極幸神町"}},{"type":"Polygon","arcs":[[-265,998,-609,-426,999,-333,1000]],"properties":{"name":"中立土御門町"}},{"type":"Polygon","arcs":[[1001,1002,-926,1003]],"properties":{"name":"正親長谷町"}},{"type":"Polygon","arcs":[[1004,-632,1005,-481,-881,1006,-834,-656]],"properties":{"name":"室町室町頭町"}},{"type":"Polygon","arcs":[[-721,1007,1008,1009,-809,-471]],"properties":{"name":"聚楽南小大門町"}},{"type":"Polygon","arcs":[[1010,-231,1011,1012,1013]],"properties":{"name":"正親亀木町"}},{"type":"Polygon","arcs":[[1014,-47,-583,-573]],"properties":{"name":"西陣硯屋町"}},{"type":"Polygon","arcs":[[1015,-236,1016,-415]],"properties":{"name":"正親仲御霊町"}},{"type":"Polygon","arcs":[[1017,-946,1018,1019,-530,-845,1020]],"properties":{"name":"京極常盤井殿町"}},{"type":"Polygon","arcs":[[1021,-858]],"properties":{"name":"京極後藤町"}},{"type":"Polygon","arcs":[[1022,1023,1024,1025,1026,1027]],"properties":{"name":"京極栄町"}},{"type":"Polygon","arcs":[[1028,-909,1029,-1019,-945]],"properties":{"name":"京極革堂内町"}},{"type":"Polygon","arcs":[[-220,-980,1030,-830]],"properties":{"name":"嘉楽有馬町"}},{"type":"Polygon","arcs":[[-497,-160,-867,-903,-976,-599]],"properties":{"name":"西陣藤木町"}},{"type":"Polygon","arcs":[[-232,-1011,1032,-706,-397,-437,-293,1033]],"properties":{"name":"正親須浜町"}},{"type":"Polygon","arcs":[[1034,1035,-1004,-925,1036]],"properties":{"name":"正親新柳馬場頭町"}},{"type":"Polygon","arcs":[[1037,1038,-859,-1022,-857,1039]],"properties":{"name":"京極相生町"}},{"type":"Polygon","arcs":[[1040,1041,-413,1042,-929,1043,1044]],"properties":{"name":"正親革堂前之町"}},{"type":"Polygon","arcs":[[-557,-305,-990,-604,-999,-264,1045]],"properties":{"name":"中立元土御門町"}},{"type":"Polygon","arcs":[[1046,1047,-551,1048]],"properties":{"name":"室町宝鏡院東町"}},{"type":"Polygon","arcs":[[1049,1050,-984,1051,1052,1053,1054,-373]],"properties":{"name":"滋野大黒屋町"}},{"type":"Polygon","arcs":[[-193,-218,-762,-842,-281,1055,-942,1056]],"properties":{"name":"中立東橋詰町"}},{"type":"Polygon","arcs":[[-943,-1056,-280,-723,-270]],"properties":{"name":"中立主計町"}},{"type":"Polygon","arcs":[[-559,-196,-320]],"properties":{"name":"中立東町"}},{"type":"Polygon","arcs":[[-250,-988,1057,-541,1058,1059]],"properties":{"name":"室町道正町"}},{"type":"Polygon","arcs":[[1060,-911,1061,-993]],"properties":{"name":"京極下御輿町"}},{"type":"Polygon","arcs":[[-410,-1017,-242,1062,-874,1063,1064,-1037,-931,1065,1066]],"properties":{"name":"正親西富仲町"}},{"type":"Polygon","arcs":[[1067,1068,1069,1070,1071,1072]],"properties":{"name":"滋野東裏辻町"}},{"type":"Polygon","arcs":[[-707,-1033,-1014,1073,-1036,1074]],"properties":{"name":"正親高台院町"}},{"type":"Polygon","arcs":[[1075,1076,1077,-1026,1078,-853,1079,1080]],"properties":{"name":"京極梶井町"}},{"type":"Polygon","arcs":[[1081,1082,1083,1084,1085,1086]],"properties":{"name":"滋野米屋町"}},{"type":"Polygon","arcs":[[1087,1088,1089,1090,1091]],"properties":{"name":"京極一真町"}},{"type":"Polygon","arcs":[[-612,-628,-1005,-655]],"properties":{"name":"室町上立売東町"}},{"type":"Polygon","arcs":[[-1048,1092,1093,1094,1095,-653,-552]],"properties":{"name":"西陣百々町"}},{"type":"Polygon","arcs":[[-1078,1096,-1027]],"properties":{"name":"京極九軒町"}},{"type":"Polygon","arcs":[[1097,-1059,-540,1098]],"properties":{"name":"室町畠中町"}},{"type":"Polygon","arcs":[[-708,-1075,-1035,-1065,1099,1100]],"properties":{"name":"正親菱丸町"}},{"type":"Polygon","arcs":[[1101,1102,1103,-1086,1104,1105,1106]],"properties":{"name":"滋野西裏辻町"}},{"type":"Polygon","arcs":[[1107,1108,1109,1110,1111,-262,-847,-239]],"properties":{"name":"正親西中筋町"}},{"type":"Polygon","arcs":[[1112,-883,-251,-1060,-1098,1113,-345,-744,-836]],"properties":{"name":"室町下木下町"}},{"type":"Polygon","arcs":[[1114,-509,-831,-895,-711,-665,-642,-677]],"properties":{"name":"西陣大猪熊町"}},{"type":"Polygon","arcs":[[1115,1116,1117,1118]],"properties":{"name":"春日宮垣町"}},{"type":"Polygon","arcs":[[-996,1119,1120,1121]],"properties":{"name":"京極松之木町"}},{"type":"Polygon","arcs":[[1122,1123,1124,-982]],"properties":{"name":"滋野勘兵衛町"}},{"type":"Polygon","arcs":[[-1100,-1064,-876,-336,1125]],"properties":{"name":"正親加賀屋町"}},{"type":"Polygon","arcs":[[-394,-494,-444,-477,-701]],"properties":{"name":"中立西日野殿町"}},{"type":"Polygon","arcs":[[-1024,1126,1127,1128]],"properties":{"name":"京極大猪熊町"}},{"type":"Polygon","arcs":[[-585,-829,-935]],"properties":{"name":"乾隆杉若町"}},{"type":"Polygon","arcs":[[-571,-992,-904,-765]],"properties":{"name":"嘉楽西亀屋町"}},{"type":"Polygon","arcs":[[-718,-922,-253,-430,-683,-697]],"properties":{"name":"室町築山南半町"}},{"type":"Polygon","arcs":[[1129,-1092,1130,1131,-1038]],"properties":{"name":"京極三栄町"}},{"type":"Polygon","arcs":[[-596,-452,1132]],"properties":{"name":"室町新御霊口町"}},{"type":"Polygon","arcs":[[-153,-195,1133,-389,-474,-446,-493,-198,-558,-1046,-266,-1001,-332]],"properties":{"name":"中立三丁町"}},{"type":"Polygon","arcs":[[1134,1135,1136,1137,1138,-1053,1139]],"properties":{"name":"滋野四町目"}},{"type":"Polygon","arcs":[[-631,-672,-311,-182,-432,-482,-1006]],"properties":{"name":"室町上立売町"}},{"type":"Polygon","arcs":[[1140,-548,-546,-489,1141,-1093,-1047]],"properties":{"name":"室町射場町"}},{"type":"Polygon","arcs":[[1142,-1128,1143,1144,1145,1146,1147]],"properties":{"name":"京極扇町"}},{"type":"Polygon","arcs":[[-912,-1061,-998,1148,1149,1150]],"properties":{"name":"京極立本寺前町"}},{"type":"Polygon","arcs":[[1151,1152,1153,-1116,1154,1155,1156]],"properties":{"name":"春日上生洲町"}},{"type":"Polygon","arcs":[[1157,-602,-564,1158,-1095]],"properties":{"name":"西陣芝之町"}},{"type":"Polygon","arcs":[[1159,-724,-840,-760,-386,1160]],"properties":{"name":"中立二町目"}},{"type":"Polygon","arcs":[[-1090,1161,1162,-1148,1163,1164]],"properties":{"name":"京極米屋町"}},{"type":"Polygon","arcs":[[-986,-248,-882,-483,-435,-547,1165]],"properties":{"name":"室町安楽小路町"}},{"type":"Polygon","arcs":[[-1142,-488,-603,-1158,-1094]],"properties":{"name":"西陣竹屋町"}},{"type":"Polygon","arcs":[[1166,1167,1168,-422,1169]],"properties":{"name":"京極毘沙門横町"}},{"type":"Polygon","arcs":[[-1063,-241,-846,-338,-875]],"properties":{"name":"正親丹波屋町"}},{"type":"Polygon","arcs":[[-1170,-421,1170,1171]],"properties":{"name":"京極上片原町"}},{"type":"Polygon","arcs":[[-1134,-194,-1057,-941,-155,-684,-390]],"properties":{"name":"中立油橋詰町"}},{"type":"Polygon","arcs":[[-346,-1114,-1099,-539,-872,-352]],"properties":{"name":"室町上木下町"}},{"type":"Polygon","arcs":[[-792,1172,-722,-473,-359,-695]],"properties":{"name":"聚楽杉本町"}},{"type":"Polygon","arcs":[[-1043,-412,1173,-1066,-930]],"properties":{"name":"正親愛染寺町"}},{"type":"Polygon","arcs":[[-1062,-910,-1029,-944,-994]],"properties":{"name":"京極柳風呂町"}},{"type":"Polygon","arcs":[[-676,-576,-506,-1115]],"properties":{"name":"西陣新美濃部町"}},{"type":"Polygon","arcs":[[-856,1174,-1088,-1130,-1040]],"properties":{"name":"京極二神町"}},{"type":"Polygon","arcs":[[1175,1176,1177,1178,1179,1180]],"properties":{"name":"春日真町"}},{"type":"Polygon","arcs":[[-1021,-844,-171,-418,-1169,1181,1182]],"properties":{"name":"京極毘沙門町"}},{"type":"Polygon","arcs":[[-920,-783,-896,-891,-970,-863]],"properties":{"name":"乾隆西熊町"}},{"type":"Polygon","arcs":[[-366,-340,-263,-1112,1183,-971]],"properties":{"name":"嘉楽北伊勢殿構町"}},{"type":"Polygon","arcs":[[-709,-1101,-1126,-335,1184,-953]],"properties":{"name":"正親新桝屋町"}},{"type":"Polygon","arcs":[[1185,1186,-1121,1187,-1182,-1168,1188]],"properties":{"name":"京極北横町"}},{"type":"Polygon","arcs":[[-1166,-549,-1141,-1049,-550,1189,-917,-536,-1058,-987]],"properties":{"name":"室町妙顕寺前町"}},{"type":"Polygon","arcs":[[-1149,-997,-1122,-1187,1190]],"properties":{"name":"京極上神輿町"}},{"type":"Polygon","arcs":[[-749,-816,-801,-48,-1015,-572,-675]],"properties":{"name":"西陣樋之口町"}},{"type":"Polygon","arcs":[[1191,1192,1193,1194,1195,-1146]],"properties":{"name":"京極染殿町"}},{"type":"Polygon","arcs":[[-1091,-1165,-913,-1151,1196,-1131]],"properties":{"name":"京極表町"}},{"type":"Polygon","arcs":[[-940,-954,-1185,-334,-821]],"properties":{"name":"正親今新在家町"}},{"type":"Polygon","arcs":[[-880,-767,-901,-826,-1031,-979]],"properties":{"name":"嘉楽北小路中之町"}},{"type":"Polygon","arcs":[[-424,-608,1197,1198,-1073,1199,-1123,-981,1200,1201,1202]],"properties":{"name":"滋野藪之内町"}},{"type":"Polygon","arcs":[[-835,-1007,-884,-1113]],"properties":{"name":"室町納屋町"}},{"type":"Polygon","arcs":[[-1174,-411,-1067]],"properties":{"name":"正親信濃町"}},{"type":"Polygon","arcs":[[-860,-1039,-1132,-1197,1203,1204,1205,-212,-714,-593,1206]],"properties":{"name":"京極鶴山町"}},{"type":"Polygon","arcs":[[-855,1207,-1162,-1089,-1175]],"properties":{"name":"京極三芳町"}},{"type":"Polygon","arcs":[[-798,-736,-938,1208,-773]],"properties":{"name":"乾隆桐木町"}},{"type":"Polygon","arcs":[[-1096,-1159,-563,-750,-728,-654]],"properties":{"name":"西陣東西町"}},{"type":"Polygon","arcs":[[-1150,-1191,-1186,1209,-1204]],"properties":{"name":"京極本満寺前町"}},{"type":"Polygon","arcs":[[-871,-623,1210,-949]],"properties":{"name":"室町森之木町"}},{"type":"Polygon","arcs":[[-1147,-1196,1211,-932,-914,-1164]],"properties":{"name":"京極真如堂前町"}},{"type":"Polygon","arcs":[[-420,-213,-1206,1212,-1171]],"properties":{"name":"京極阿弥陀寺前町"}},{"type":"Polygon","arcs":[[-804,-747,-731,-794,-588,-899,-702,-456]],"properties":{"name":"成逸筋違橋町"}},{"type":"Polygon","arcs":[[1213,1214,1215,1216,1217,1218]],"properties":{"name":"春日伊勢屋町"}},{"type":"Polygon","arcs":[[-1105,-1085,1219,1220,1221,1222]],"properties":{"name":"滋野西山崎町"}},{"type":"Polygon","arcs":[[1223,-1202,1224,-1050,-372,-282]],"properties":{"name":"滋野鷹司町（西洞院西入）"}},{"type":"Polygon","arcs":[[-1190,-556,-618,-918]],"properties":{"name":"室町禅昌院町"}},{"type":"Polygon","arcs":[[-774,-1209,-937]],"properties":{"name":"乾隆姥ケ榎木町"}},{"type":"Polygon","arcs":[[1225,1226,-1177,1227]],"properties":{"name":"春日南町"}},{"type":"Polygon","arcs":[[-1210,-1189,-1167,-1172,-1213,-1205]],"properties":{"name":"京極十念寺前町"}},{"type":"Polygon","arcs":[[-854,-1079,-1025,-1129,-1143,-1163,-1208]],"properties":{"name":"京極大宮町"}},{"type":"Polygon","arcs":[[1228,-1028,-1097,-1077,1229,-1192,-1145]],"properties":{"name":"京極北之辺町"}},{"type":"Polygon","arcs":[[-1179,1230,1231]],"properties":{"name":"春日袋町"}},{"type":"Polygon","arcs":[[1232,1233,1234,1235,1236,1237]],"properties":{"name":"滋野大門町"}},{"type":"Polygon","arcs":[[1238,1239,1240]],"properties":{"name":"滋野常泉院町"}},{"type":"Polygon","arcs":[[1241,1242,1243,1244]],"properties":{"name":"滋野堀松町"}},{"type":"Polygon","arcs":[[1245,1246,-1087,-1104,1247,-1070]],"properties":{"name":"滋野東魚屋町"}},{"type":"Polygon","arcs":[[-1000,-425,-1203,-1224,-285,-466,-330]],"properties":{"name":"中立頭町"}},{"type":"Polygon","arcs":[[-995,-1018,-1183,-1188,-1120]],"properties":{"name":"京極上塔之段町"}},{"type":"Polygon","arcs":[[1248,1249,-1237,1250,1251,1252]],"properties":{"name":"滋野武衛陣町"}},{"type":"Polygon","arcs":[[-1076,1253,-1193,-1230]],"properties":{"name":"京極中御霊町"}},{"type":"Polygon","arcs":[[-1071,-1248,-1103,1254]],"properties":{"name":"滋野八幡町"}},{"type":"Polygon","arcs":[[1255,1256,1257,-719,-1173,-791,-841,-726]],"properties":{"name":"聚楽菊屋町"}},{"type":"Polygon","arcs":[[1258,1259,1260,-1235]],"properties":{"name":"滋野今薬屋町"}},{"type":"Polygon","arcs":[[1261,-968,1262,-1216]],"properties":{"name":"春日東土御門町"}},{"type":"Polygon","arcs":[[1263,-965,1264,1265,-1153,1266]],"properties":{"name":"春日新烏丸頭町"}},{"type":"Polygon","arcs":[[-934,1267,-907]],"properties":{"name":"京極大原口突抜町"}},{"type":"Polygon","arcs":[[-317,1268,1269,1270,-301,-479]],"properties":{"name":"滋野鷹司町（烏丸西入）"}},{"type":"Polygon","arcs":[[-1020,-1030,-908,-1268,-933,-1212,1271,-531]],"properties":{"name":"京極京都御苑"}},{"type":"Polygon","arcs":[[-303,1272,1273,1274,-606,-989]],"properties":{"name":"滋野西鷹司町"}},{"type":"Polygon","arcs":[[-1023,-1229,-1144,-1127]],"properties":{"name":"京極新夷町"}},{"type":"Polygon","arcs":[[1275,-1181,1276,-1157,1277]],"properties":{"name":"春日上之町"}},{"type":"Polygon","arcs":[[-1228,-1176,-1276,1278]],"properties":{"name":"春日中之町"}},{"type":"Polygon","arcs":[[1279,1280,-1241,1281,1282,1283]],"properties":{"name":"滋野西出水町"}},{"type":"Polygon","arcs":[[-1178,-1227,1284,1285,-1219,1286,-1231]],"properties":{"name":"春日俵屋町"}},{"type":"Polygon","arcs":[[-1272,-1195,1287,1288,1289,-963,1290,1291,-1242,1292,1293,-1269,-316,-897,-523,-312,-924,1294,-323,-532]],"properties":{"name":"滋野京都御苑"}},{"type":"Polygon","arcs":[[-1293,-1245,1295,-1249,1296,1297]],"properties":{"name":"滋野五町目町"}},{"type":"Polygon","arcs":[[-1251,-1236,-1261,1298,1299]],"properties":{"name":"滋野門跡町"}},{"type":"Polygon","arcs":[[1300,1301,-1287,-1218,1302]],"properties":{"name":"春日桝屋町"}},{"type":"Polygon","arcs":[[1303,1304,1305,-1137]],"properties":{"name":"待賢四町目"}},{"type":"Polygon","arcs":[[-1277,-1180,-1232,-1302,1306,-1267,-1152]],"properties":{"name":"春日出水町"}},{"type":"Polygon","arcs":[[1307,1308,1309,-1305]],"properties":{"name":"待賢元福大明神町"}},{"type":"Polygon","arcs":[[1310,1311,-1118,1312,-1288,-1194,-1254,-1081]],"properties":{"name":"春日東桜町"}},{"type":"Polygon","arcs":[[1313,-966,-1264,-1307,-1301]],"properties":{"name":"春日錦砂町"}},{"type":"Polygon","arcs":[[1314,1315,1316,-1246,-1069]],"properties":{"name":"滋野夷川町"}},{"type":"Polygon","arcs":[[-1201,-985,-1051,-1225]],"properties":{"name":"滋野茶屋町"}},{"type":"Polygon","arcs":[[-1265,-964,-1290,1317]],"properties":{"name":"春日松蔭町"}},{"type":"Polygon","arcs":[[-1155,-1119,-1312,1318]],"properties":{"name":"春日亀屋町"}},{"type":"Polygon","arcs":[[-1217,-1263,-967,-1314,-1303]],"properties":{"name":"春日高島町"}},{"type":"Polygon","arcs":[[-1117,-1154,-1266,-1318,-1289,-1313]],"properties":{"name":"春日荒神町"}},{"type":"Polygon","arcs":[[-1317,1319,-1082,-1247]],"properties":{"name":"滋野上鍛冶町"}},{"type":"Polygon","arcs":[[-1084,1320,1321,-1220]],"properties":{"name":"滋野六町目"}},{"type":"Polygon","arcs":[[1322,-1054,-1139,1323,-1160]],"properties":{"name":"滋野三町目"}},{"type":"Polygon","arcs":[[-1124,-1200,-1072,-1255,-1102,1324,1325]],"properties":{"name":"滋野西大路町"}},{"type":"Polygon","arcs":[[-374,-1055,-1323,-1161,-385]],"properties":{"name":"滋野紹巴町"}},{"type":"Polygon","arcs":[[-1284,1326,-1274,1327]],"properties":{"name":"滋野御霊町"}},{"type":"Polygon","arcs":[[-1292,1328,-1233,1329,-1243]],"properties":{"name":"滋野春日町"}},{"type":"Polygon","arcs":[[-1223,1330,1331,-1106]],"properties":{"name":"滋野五町目"}},{"type":"Polygon","arcs":[[1332,-1297,-1253,1333,-1239,-1281,1334,1335]],"properties":{"name":"滋野勘解由小路町"}},{"type":"Polygon","arcs":[[-1273,-302,-1271,1336,1337,-1335,-1280,-1328]],"properties":{"name":"滋野近衛町（室町通）"}},{"type":"Polygon","arcs":[[-1336,-1338,1338]],"properties":{"name":"滋野中出水町"}},{"type":"Polygon","arcs":[[-1294,-1298,-1333,-1339,-1337,-1270]],"properties":{"name":"滋野桜鶴円町"}},{"type":"Polygon","arcs":[[-1275,-1327,-1283,1339,1340,-1198,-607]],"properties":{"name":"滋野両御霊町"}},{"type":"Polygon","arcs":[[1341,-1315,-1068,-1199,-1341,1342,-1299,-1260]],"properties":{"name":"滋野春帯町"}},{"type":"Polygon","arcs":[[-1324,-1138,-1306,1343,-1256,-725]],"properties":{"name":"待賢桝屋町"}},{"type":"Polygon","arcs":[[-1330,-1238,-1250,-1296,-1244]],"properties":{"name":"滋野養安町"}},{"type":"Polygon","arcs":[[-1252,-1300,-1343,-1340,-1282,-1240,-1334]],"properties":{"name":"滋野東立売町"}},{"type":"Polygon","arcs":[[1344,-1331,-1222,1345,1346,1347,1348]],"properties":{"name":"待賢長尾町"}},{"type":"Polygon","arcs":[[1349,-1346,-1221,-1322,1350,1351,1352]],"properties":{"name":"待賢上堀川町"}},{"type":"Polygon","arcs":[[1353,-1214,-1286]],"properties":{"name":"春日駒之町"}},{"type":"Polygon","arcs":[[1354,1355,1356]],"properties":{"name":"待賢下堀川町"}},{"type":"Polygon","arcs":[[1357,1358,1359,1360,-1008,-720,-1258]],"properties":{"name":"待賢蛭子町"}},{"type":"Polygon","arcs":[[-1310,-1358,-1257,-1344]],"properties":{"name":"待賢亀屋町"}},{"type":"Polygon","arcs":[[-1309,1361,1362,1363,1364,-1359]],"properties":{"name":"待賢荒神町"}},{"type":"Polygon","arcs":[[1365,1366,1367,1368,1369,1370]],"properties":{"name":"待賢大黒町"}},{"type":"Polygon","arcs":[[-1348,1371,-1367,1372]],"properties":{"name":"待賢丸屋町"}},{"type":"Polygon","arcs":[[-1353,1373,1374,1375]],"properties":{"name":"待賢直家町"}},{"type":"Polygon","arcs":[[1376,1377,1378,1379,-1375,1380,1381]],"properties":{"name":"待賢木屋之町"}},{"type":"Polygon","arcs":[[-1356,1382,1383,-1382,1384]],"properties":{"name":"待賢中之町"}},{"type":"Polygon","arcs":[[-1370,1385,1386,1387]],"properties":{"name":"待賢森中町"}},{"type":"Polygon","arcs":[[1388,1389,1390,1391,-1377,-1384,1392]],"properties":{"name":"待賢藁屋町"}},{"type":"Polygon","arcs":[[1393,1394,1395,-1360,-1365]],"properties":{"name":"待賢北蟹屋町"}},{"type":"Polygon","arcs":[[1396,-1009,-1361,-1396]],"properties":{"name":"待賢吉野町"}},{"type":"Polygon","arcs":[[-983,-1125,-1326,1397,-1140,-1052]],"properties":{"name":"滋野近衛町（油小路通）"}},{"type":"Polygon","arcs":[[1398,1399,1400,1401,1402,1403,-1387]],"properties":{"name":"待賢菱屋町"}},{"type":"Polygon","arcs":[[-1378,-1392,1404,1405]],"properties":{"name":"待賢小伝馬町"}},{"type":"Polygon","arcs":[[-1308,-1304,-1136,1406,-1349,-1373,-1366,1407,-1362]],"properties":{"name":"待賢西橋詰町"}},{"type":"Polygon","arcs":[[-1347,-1350,-1376,-1380,1408,-1368,-1372]],"properties":{"name":"待賢講堂町"}},{"type":"Polygon","arcs":[[-810,-1010,-1397,1409,1410,1411,1412,-756]],"properties":{"name":"待賢清元町"}},{"type":"Polygon","arcs":[[-1395,1413,1414,1415,1416,1417,-1410]],"properties":{"name":"待賢家永町"}},{"type":"Polygon","arcs":[[1418,-1357,-1385,-1381,-1374,-1352]],"properties":{"name":"待賢西丸太町"}},{"type":"Polygon","arcs":[[-1332,-1345,-1407,-1135,-1398,-1325,-1107]],"properties":{"name":"滋野東橋詰町"}},{"type":"Polygon","arcs":[[-1369,-1409,-1379,-1406,1419,-1399,-1386]],"properties":{"name":"待賢中御門横町"}},{"type":"Polygon","arcs":[[-1364,1420,-1414,-1394]],"properties":{"name":"待賢南蟹屋町"}},{"type":"Polygon","arcs":[[-1363,-1408,-1371,-1388,-1404,1421,-1415,-1421]],"properties":{"name":"待賢橋西二町目"}},{"type":"Polygon","arcs":[[1422,1423,-1400,-1420,-1405,-1391,1424]],"properties":{"name":"待賢一町目"}},{"type":"Polygon","arcs":[[1425,-1412,1426,1427,1428,1429]],"properties":{"name":"出水南清水町"}},{"type":"Polygon","arcs":[[-1417,1430,1431,1432]],"properties":{"name":"出水一町目"}},{"type":"Polygon","arcs":[[-1429,1433,1434,1435,1436]],"properties":{"name":"出水秤口町"}},{"type":"Polygon","arcs":[[-1402,1437,1438,1439]],"properties":{"name":"出水二町目"}},{"type":"Polygon","arcs":[[1440,-1432,1441,1442,1443,1444,1445]],"properties":{"name":"出水天秤町"}},{"type":"Polygon","arcs":[[-1444,1446,1447,1448,1449]],"properties":{"name":"出水分銅町"}},{"type":"Polygon","arcs":[[1450,1451,1452,-1425,-1390]],"properties":{"name":"出水左馬松町"}},{"type":"Polygon","arcs":[[-1439,1453,1454,1455,1456,1457]],"properties":{"name":"出水櫛笥町"}},{"type":"Polygon","arcs":[[-1455,1458,1459,1460,1461]],"properties":{"name":"出水北伊勢屋町"}},{"type":"Polygon","arcs":[[-1423,-1453,1462,-1460,1463]],"properties":{"name":"出水三町目"}},{"type":"Polygon","arcs":[[1464,1465,-1045,1466,1467]],"properties":{"name":"出水福島町"}},{"type":"Polygon","arcs":[[-1451,-1389,1468,1469,1470]],"properties":{"name":"出水四町目"}},{"type":"Polygon","arcs":[[1471,-1436,1472,1473,1474,1475]],"properties":{"name":"出水天秤丸町"}},{"type":"Polygon","arcs":[[1476,1477,1478,-1468,1479,1480,1481]],"properties":{"name":"出水弁天町"}},{"type":"Polygon","arcs":[[-1471,1482,1483,-1461,-1463,-1452]],"properties":{"name":"出水南伊勢屋町"}},{"type":"Polygon","arcs":[[-1475,1484,1485,-1482,1486,1487,1488]],"properties":{"name":"出水白銀町"}},{"type":"Polygon","arcs":[[1489,1490,1491,1492,1493]],"properties":{"name":"出水十四軒町"}},{"type":"Polygon","arcs":[[1494,1495,1496,1497,1498]],"properties":{"name":"出水小山町"}},{"type":"Polygon","arcs":[[1499,-1499,1500,1501,1502,1503]],"properties":{"name":"出水中務町"}},{"type":"Polygon","arcs":[[1504,1505]],"properties":{"name":"出水聚楽町"}},{"type":"Polygon","arcs":[[-1426,1506,-757,-1413]],"properties":{"name":"出水東辰巳町"}},{"type":"Polygon","arcs":[[-753,-1507,-1430,-1437,-1472,1507,-1034,-292]],"properties":{"name":"出水西辰巳町"}},{"type":"Polygon","arcs":[[-230,-1508,-1476,-1489,1508,-1012]],"properties":{"name":"出水山本町"}},{"type":"Polygon","arcs":[[-1509,-1488,1509,-1002,-1074,-1013]],"properties":{"name":"出水坤高町"}},{"type":"Polygon","arcs":[[-1003,-1510,-1487,-1481,1510,-927]],"properties":{"name":"出水新御幸町"}},{"type":"Polygon","arcs":[[-1435,1511,-1445,-1450,1512,-1473]],"properties":{"name":"出水金馬場町"}},{"type":"Polygon","arcs":[[1513,-1446,-1512,-1434,-1428]],"properties":{"name":"出水西天秤町"}},{"type":"Polygon","arcs":[[-1467,-1044,-928,-1511,-1480]],"properties":{"name":"出水二本松町"}},{"type":"Polygon","arcs":[[-1411,-1418,-1433,-1441,-1514,-1427]],"properties":{"name":"出水東天秤町"}},{"type":"Polygon","arcs":[[-1486,1514,1515,1516,-1477]],"properties":{"name":"出水東神明町"}},{"type":"Polygon","arcs":[[1517,-1492,1518,-1478,-1517]],"properties":{"name":"出水西神明町"}},{"type":"Polygon","arcs":[[1519,1520,-1515,-1485,-1474,-1513,-1449]],"properties":{"name":"出水田村備前町"}},{"type":"Polygon","arcs":[[-1416,-1422,-1403,-1440,-1458,1521,-1442,-1431]],"properties":{"name":"出水浮田町"}},{"type":"Polygon","arcs":[[-1519,-1491,1522,1523,-1465,-1479]],"properties":{"name":"出水尼ケ崎横町"}},{"type":"Polygon","arcs":[[-1443,-1522,-1457,1524,-1503,1525,-1447]],"properties":{"name":"出水中村町"}},{"type":"Polygon","arcs":[[-1506,1526,-1495,-1500,1527,-1483,-1470,1528]],"properties":{"name":"出水主税町"}},{"type":"Polygon","arcs":[[1529,-1520,-1448,-1526,-1502]],"properties":{"name":"出水下丸屋町"}},{"type":"Polygon","arcs":[[1530,1531,1532,1533,1534,1535]],"properties":{"name":"仁和下竪町"}},{"type":"Polygon","arcs":[[-1401,-1424,-1464,-1459,-1454,-1438]],"properties":{"name":"出水中書町"}},{"type":"Polygon","arcs":[[1536,1537,1538,1539,-1533,1540,1541]],"properties":{"name":"仁和西上之町"}},{"type":"Polygon","arcs":[[1542,1543,-1531,1544,1545,1546,1547,1548,1549]],"properties":{"name":"仁和東竪町"}},{"type":"Polygon","arcs":[[-1484,-1528,-1504,-1525,-1456,-1462]],"properties":{"name":"出水西院町"}},{"type":"Polygon","arcs":[[-1501,-1498,1550,-1493,-1518,-1516,-1521,-1530]],"properties":{"name":"出水田中町"}},{"type":"Polygon","arcs":[[1551,1552,1553,-1538]],"properties":{"name":"仁和川瀬町"}},{"type":"Polygon","arcs":[[1554,1555,-1552,-1537,1556,1557]],"properties":{"name":"仁和仲之町"}},{"type":"Polygon","arcs":[[1558,1559,1560,1561,1562,-1555]],"properties":{"name":"仁和天満屋町"}},{"type":"Polygon","arcs":[[1563,1564,1565,1566,1567,-1535]],"properties":{"name":"仁和西町（天神西入）"}},{"type":"Polygon","arcs":[[-1568,1568,-1545,-1536]],"properties":{"name":"仁和大東町"}},{"type":"Polygon","arcs":[[-1542,1569,-1557]],"properties":{"name":"仁和三助町"}},{"type":"Polygon","arcs":[[-1546,-1569,-1567,1570]],"properties":{"name":"仁和大上之町"}},{"type":"Polygon","arcs":[[1571,1572,1573,1574]],"properties":{"name":"仁和堀川町"}},{"type":"Polygon","arcs":[[-1561,1575,1576,1577,1578]],"properties":{"name":"仁和下之町"}},{"type":"Polygon","arcs":[[-1540,1579,1580,-1564,-1534]],"properties":{"name":"仁和下横町"}},{"type":"Polygon","arcs":[[1581,1582,-1574,1583,-1553,-1556,-1563]],"properties":{"name":"仁和大宮町"}},{"type":"Polygon","arcs":[[1584,1585,1586,1587,-1523,-1490,1588,1589]],"properties":{"name":"仁和七番町"}},{"type":"Polygon","arcs":[[-1584,-1573,1590,-1580,-1539,-1554]],"properties":{"name":"仁和北町"}},{"type":"Polygon","arcs":[[1591,1592,1593,1594,1595,1596,1597,-1109,1598]],"properties":{"name":"仁和三軒町"}},{"type":"Polygon","arcs":[[1599,-1582,-1562,-1579]],"properties":{"name":"仁和突抜町"}},{"type":"Polygon","arcs":[[-1578,1600,-1575,-1583,-1600]],"properties":{"name":"仁和行衛町"}},{"type":"Polygon","arcs":[[-1585,1601,1602,1603,1604]],"properties":{"name":"仁和三番町"}},{"type":"Polygon","arcs":[[1605,1606,-1593,1607,-1550,1608]],"properties":{"name":"仁和西町（下ノ森西入）"}},{"type":"Polygon","arcs":[[-1594,-1607,1609]],"properties":{"name":"仁和東町"}},{"type":"Polygon","arcs":[[1610,-1576,-1560,1611,1612,1613,1614]],"properties":{"name":"仁和西東町"}},{"type":"Polygon","arcs":[[-1042,1615,1616,-237,-1016,-414]],"properties":{"name":"仁和五番町"}},{"type":"Polygon","arcs":[[1617,-1543,-1608,-1592,1618,1619,1620]],"properties":{"name":"仁和一番町"}},{"type":"Polygon","arcs":[[1621,1622,-1604,1623,-1621,1624]],"properties":{"name":"仁和二番町"}},{"type":"Polygon","arcs":[[1625,-1625,-1620]],"properties":{"name":"仁和白竹町"}},{"type":"Polygon","arcs":[[1626,-1614,1627,-1612,-1559,-1558,-1570,-1541,-1532,-1544,-1618,-1624,-1603]],"properties":{"name":"仁和鳳瑞町"}},{"type":"Polygon","arcs":[[-1524,-1588,-1616,-1041,-1466]],"properties":{"name":"仁和六番町"}},{"type":"Polygon","arcs":[[-1497,1628,1629,-1589,-1494,-1551]],"properties":{"name":"仁和稲葉町"}},{"type":"Polygon","arcs":[[1630,1631,1632,1633,1634]],"properties":{"name":"翔鸞佐竹町"}},{"type":"Polygon","arcs":[[-1605,-1623,1635,-1586]],"properties":{"name":"仁和利生町"}},{"type":"Polygon","arcs":[[1636,1637,1638,1639]],"properties":{"name":"翔鸞南佐竹町"}},{"type":"Polygon","arcs":[[-1590,-1630,1640,-1615,-1627,-1602]],"properties":{"name":"仁和長門町"}},{"type":"Polygon","arcs":[[1641,1642,1643,1644,1645]],"properties":{"name":"翔鸞片原町"}},{"type":"Polygon","arcs":[[-1622,-1626,-1619,-1599,-1108,-238,-1617,-1587,-1636]],"properties":{"name":"仁和四番町"}},{"type":"Polygon","arcs":[[1646,1647,1648,1649,1650,1651,-973]],"properties":{"name":"翔鸞若松町"}},{"type":"Polygon","arcs":[[1652,1653,1654,-1643,1655,1656]],"properties":{"name":"翔鸞毘沙門町"}},{"type":"Polygon","arcs":[[-1644,-1655,1657,1658,1659,1660,1661]],"properties":{"name":"翔鸞東柳町"}},{"type":"Polygon","arcs":[[1662,1663,-951,-796,1664]],"properties":{"name":"翔鸞末広町"}},{"type":"Polygon","arcs":[[1665,1666]],"properties":{"name":"翔鸞馬喰町"}},{"type":"Polygon","arcs":[[-1609,-1549,1667,1668,1669]],"properties":{"name":"仁和新建町"}},{"type":"Polygon","arcs":[[1670,1671,1672,1673,-1653,1674,1675]],"properties":{"name":"翔鸞末之口町"}},{"type":"Polygon","arcs":[[1676,-1672,1677,-1595,-1610,-1606,-1670,1678,1679]],"properties":{"name":"翔鸞滝ケ鼻町"}},{"type":"Polygon","arcs":[[-1664,1680,1681,1682,-807,-960,-822,-952]],"properties":{"name":"翔鸞柏清盛町"}},{"type":"Polygon","arcs":[[-771,-888,1683,-1635,1684,-1665,-795]],"properties":{"name":"翔鸞風呂屋町"}},{"type":"Polygon","arcs":[[1685,1686,1687,-1660,1688,1689,1690,1691]],"properties":{"name":"翔鸞鳥居前町"}},{"type":"Polygon","arcs":[[-1677,1692,1693,1694,-1673]],"properties":{"name":"翔鸞東今小路町"}},{"type":"Polygon","arcs":[[1695,1696]],"properties":{"name":"翔鸞神明町"}},{"type":"Polygon","arcs":[[1697,-1667,1698,-1696,1699,-1687]],"properties":{"name":"翔鸞北町"}},{"type":"Polygon","arcs":[[-1661,-1688,1700,-1682,1701]],"properties":{"name":"翔鸞老松町"}},{"type":"Polygon","arcs":[[-1659,1702,-1689]],"properties":{"name":"翔鸞西柳町"}},{"type":"Polygon","arcs":[[1703,-1694]],"properties":{"name":"翔鸞西今小路町"}},{"type":"Polygon","arcs":[[-1685,-1634,1704,-1645,-1662,-1702,-1681,-1663]],"properties":{"name":"翔鸞溝前町"}},{"type":"Polygon","arcs":[[-1547,-1571,-1566,1705,1706,1707]],"properties":{"name":"翔鸞紙屋川町"}},{"type":"Polygon","arcs":[[-1640,1708,1709,-1656,-1642,1710,-1632,1711]],"properties":{"name":"翔鸞西上善寺町"}},{"type":"Polygon","arcs":[[1712,-1707]],"properties":{"name":"翔鸞観音寺門前町"}},{"type":"Polygon","arcs":[[-1633,-1711,-1646,-1705]],"properties":{"name":"翔鸞突抜町"}},{"type":"Polygon","arcs":[[-958,1713,-1637,-1712,-1631,-1684,-887,-991]],"properties":{"name":"翔鸞南上善寺町"}},{"type":"MultiPolygon","arcs":[[[1717,1715,1716,-956,-1032,-974,-1652,-1651,1718,-1676,1719]]],"properties":{"name":"翔鸞笹屋"}},{"type":"Polygon","arcs":[[-1650,1720,-1596,-1678,-1671,-1719]],"properties":{"name":"翔鸞一観音町"}},{"type":"Polygon","arcs":[[-1111,1721,-1647,-972,-1184]],"properties":{"name":"翔鸞烏丸町"}},{"type":"Polygon","arcs":[[1722,-1720,-1675,-1657,-1710]],"properties":{"name":"翔鸞元観音町"}},{"type":"Polygon","arcs":[[1723,-1716,-1718,-1723,-1709,-1639]],"properties":{"name":"翔鸞大文字町"}},{"type":"Polygon","arcs":[[1724,-1597,-1721,-1649]],"properties":{"name":"翔鸞西今出川町"}},{"type":"Polygon","arcs":[[1725,-1692,1726]],"properties":{"name":"翔鸞真盛町"}},{"type":"Polygon","arcs":[[-1722,-1110,-1598,-1725,-1648]],"properties":{"name":"翔鸞三条殿町"}},{"type":"Polygon","arcs":[[-1669,1727,-1679]],"properties":{"name":"翔鸞松永町"}},{"type":"Polygon","arcs":[[-957,-1717,-1724,-1638,-1714]],"properties":{"name":"翔鸞玉屋町"}},{"type":"Polygon","arcs":[[-1727,-1691]],"properties":{"name":"翔鸞社家長屋町"}}]}},"arcs":[[[135.75254464821782,35.030255902857974],[135.75231464545737,35.0297106706923]],[[135.75231464545737,35.0297106706923],[135.75193650532577,35.02971807203392]],[[135.75193650532577,35.02971807203392],[135.75136344760057,35.03039899546254]],[[135.75136344760057,35.03039899546254],[135.75254464821782,35.030255902857974]],[[135.75095022230212,35.02724849104824],[135.750922933839,35.02669832465483]],[[135.750922933839,35.02669832465483],[135.75023292555764,35.02673039713516]],[[135.75023292555764,35.02673039713516],[135.75015885687208,35.027028917913654]],[[135.75015885687208,35.027028917913654],[135.75029919753948,35.027226287023396]],[[135.75029919753948,35.027226287023396],[135.75095022230212,35.02724849104824]],[[135.7518780300477,35.028084842650784],[135.75202616741882,35.0280749741953]],[[135.75202616741882,35.0280749741953],[135.75192481027014,35.026352928712775]],[[135.75192481027014,35.026352928712775],[135.75172989267654,35.02637513273762]],[[135.75172989267654,35.02637513273762],[135.7515973487129,35.02638993542085]],[[135.7515973487129,35.02638993542085],[135.75175718113965,35.02777892053068]],[[135.75175718113965,35.02777892053068],[135.75180396136213,35.0280922439924]],[[135.75180396136213,35.0280922439924],[135.7518780300477,35.028084842650784]],[[135.75231464545737,35.0297106706923],[135.75238091743918,35.02944422239415]],[[135.75238091743918,35.02944422239415],[135.7519637937889,35.02925178751215]],[[135.7519637937889,35.02925178751215],[135.75193650532577,35.02971807203392]],[[135.74849426062266,35.029784684108456],[135.7489074859211,35.0297723485391]],[[135.7489074859211,35.0297723485391],[135.74960139255435,35.029175306982125]],[[135.74960139255435,35.029175306982125],[135.74922325242275,35.02855852851417]],[[135.74922325242275,35.02855852851417],[135.74853714249326,35.028578265425146]],[[135.74853714249326,35.028578265425146],[135.74848256556703,35.02890145734235]],[[135.74848256556703,35.02890145734235],[135.74848256556703,35.029508367354815]],[[135.74848256556703,35.029508367354815],[135.74849426062266,35.029784684108456]],[[135.75175718113965,35.02777892053068],[135.75089954372777,35.027835664149734]],[[135.75089954372777,35.027835664149734],[135.75087225526468,35.02784059837747]],[[135.75087225526468,35.02784059837747],[135.75092683219088,35.028111980903375]],[[135.75092683219088,35.028111980903375],[135.75180396136213,35.0280922439924]],[[135.7493869832014,35.02713747092401],[135.74943766177572,35.02703878636914]],[[135.74943766177572,35.02703878636914],[135.74944545847947,35.0267180615658]],[[135.74944545847947,35.0267180615658],[135.74866188975315,35.02699684543332]],[[135.74866188975315,35.02699684543332],[135.7485995161232,35.02699684543332]],[[135.7485995161232,35.02699684543332],[135.7485995161232,35.02707085884947]],[[135.7485995161232,35.02707085884947],[135.7493869832014,35.02713747092401]],[[135.75103988439517,35.02639733676247],[135.750922933839,35.02669832465483]],[[135.75095022230212,35.02724849104824],[135.75089954372777,35.027835664149734]],[[135.7515973487129,35.02638993542085],[135.75103988439517,35.02639733676247]],[[135.74698170009626,35.02806017151207],[135.74731695835726,35.027756716505834]],[[135.74731695835726,35.027756716505834],[135.74712204076366,35.02704618771075]],[[135.74712204076366,35.02704618771075],[135.74613185938813,35.02733484003375]],[[135.74613185938813,35.02733484003375],[135.74698170009626,35.02806017151207]],[[135.7491063018666,35.031144063851826],[135.74868917821627,35.03107498466341]],[[135.74868917821627,35.03107498466341],[135.7483461232515,35.03135870275867]],[[135.7483461232515,35.03135870275867],[135.74826815621407,35.03213337651442]],[[135.74826815621407,35.03213337651442],[135.7483500216034,35.03213090940055]],[[135.7483500216034,35.03213090940055],[135.74895816449543,35.032219725499935]],[[135.74895816449543,35.032219725499935],[135.7492427441821,35.03190640203822]],[[135.7492427441821,35.03190640203822],[135.7492427441821,35.03145985442742]],[[135.7492427441821,35.03145985442742],[135.7491063018666,35.031144063851826]],[[135.75036936787316,35.02870408823261],[135.75041224974376,35.029313465358946]],[[135.75041224974376,35.029313465358946],[135.75068123602293,35.029313465358946]],[[135.75068123602293,35.029313465358946],[135.751959895437,35.02915803718502]],[[135.751959895437,35.02915803718502],[135.75197159049262,35.02900507612497]],[[135.75197159049262,35.02900507612497],[135.75199108225198,35.02877316742102]],[[135.75199108225198,35.02877316742102],[135.75185463993645,35.02861527213322]],[[135.75185463993645,35.02861527213322],[135.75036936787316,35.02870408823261]],[[135.75029919753948,35.027226287023396],[135.7503615711694,35.02794175004622]],[[135.7503615711694,35.02794175004622],[135.75087225526468,35.02784059837747]],[[135.7485995161232,35.02699684543332],[135.74728966989417,35.02699191120557]],[[135.74728966989417,35.02699191120557],[135.74712204076366,35.02704618771075]],[[135.74731695835726,35.027756716505834],[135.74847866721515,35.027934348704605]],[[135.74847866721515,35.027934348704605],[135.74858002436383,35.027934348704605]],[[135.74858002436383,35.027934348704605],[135.7485995161232,35.02707085884947]],[[135.75185463993645,35.02861527213322],[135.75187023334394,35.02841790302348]],[[135.75187023334394,35.02841790302348],[135.75090344207965,35.02842530436509]],[[135.75090344207965,35.02842530436509],[135.75036936787316,35.02870408823261]],[[135.74922325242275,35.02855852851417],[135.74928172770083,35.02822793525535]],[[135.74928172770083,35.02822793525535],[135.74930901616395,35.027926947362985]],[[135.74930901616395,35.027926947362985],[135.74858002436383,35.027934348704605]],[[135.74847866721515,35.027934348704605],[135.7484864639189,35.02826987619117]],[[135.7484864639189,35.02826987619117],[135.74853714249326,35.028578265425146]],[[135.75409229391107,35.027665433292576],[135.75401042852175,35.02735457694473]],[[135.75401042852175,35.02735457694473],[135.75386618950247,35.02766790040645]],[[135.75386618950247,35.02766790040645],[135.75409229391107,35.027665433292576]],[[135.75476670878496,35.031891599354985],[135.75476281043308,35.0316448879678]],[[135.75476281043308,35.0316448879678],[135.75470823350688,35.030769062543314]],[[135.75470823350688,35.030769062543314],[135.75466535163628,35.03069258201329]],[[135.75466535163628,35.03069258201329],[135.7539363598362,35.03088995112303]],[[135.7539363598362,35.03088995112303],[135.753850596095,35.03113666251021]],[[135.753850596095,35.03113666251021],[135.75388178290999,35.031662157764906]],[[135.75388178290999,35.031662157764906],[135.75476670878496,35.031891599354985]],[[135.7538389010394,35.02820819834437],[135.7537921208169,35.027954085615576]],[[135.7537921208169,35.027954085615576],[135.75302804384998,35.027934348704605]],[[135.75302804384998,35.027934348704605],[135.75346076090779,35.0285387916032]],[[135.75346076090779,35.0285387916032],[135.7538389010394,35.02820819834437]],[[135.75023292555764,35.02673039713516],[135.75006529642712,35.0263948696486]],[[135.75006529642712,35.0263948696486],[135.74968325794367,35.0263948696486]],[[135.74968325794367,35.0263948696486],[135.74944545847947,35.0267180615658]],[[135.74943766177572,35.02703878636914],[135.75015885687208,35.027028917913654]],[[135.74838120841835,35.030670377988436],[135.7483461232515,35.03011774448115]],[[135.7483461232515,35.03011774448115],[135.74707915889306,35.03017942232795]],[[135.74707915889306,35.03017942232795],[135.74629559016677,35.03070738469651]],[[135.74629559016677,35.03070738469651],[135.74838120841835,35.030670377988436]],[[135.75454450272824,35.029456557963506],[135.75390907137307,35.029693400895205]],[[135.75390907137307,35.029693400895205],[135.75382720598375,35.03032004781864]],[[135.75382720598375,35.03032004781864],[135.7539363598362,35.03088995112303]],[[135.75466535163628,35.03069258201329],[135.75468874174751,35.029922842485284]],[[135.75468874174751,35.029922842485284],[135.75454450272824,35.029456557963506]],[[135.7489074859211,35.0297723485391],[135.75008088983463,35.03036939009608]],[[135.75008088983463,35.03036939009608],[135.75061886239297,35.0299993230153]],[[135.75061886239297,35.0299993230153],[135.75068123602293,35.029313465358946]],[[135.75041224974376,35.029313465358946],[135.74960139255435,35.029175306982125]],[[135.74930901616395,35.027926947362985],[135.7493869832014,35.02713747092401]],[[135.74698170009626,35.02806017151207],[135.74699339515186,35.028301948671505]],[[135.74699339515186,35.028301948671505],[135.7484864639189,35.02826987619117]],[[135.7493285079233,35.03098370145016],[135.75007309313088,35.03057416054744]],[[135.75007309313088,35.03057416054744],[135.75008088983463,35.03036939009608]],[[135.74849426062266,35.029784684108456],[135.7483461232515,35.03011774448115]],[[135.74838120841835,35.030670377988436],[135.74868917821627,35.03107498466341]],[[135.7491063018666,35.031144063851826],[135.7493285079233,35.03098370145016]],[[135.74928172770083,35.02822793525535],[135.7503615711694,35.02794175004622]],[[135.75061886239297,35.0299993230153],[135.75118022506257,35.030408863918026]],[[135.75118022506257,35.030408863918026],[135.75136344760057,35.03039899546254]],[[135.7519637937889,35.02925178751215],[135.751959895437,35.02915803718502]],[[135.75454450272824,35.029456557963506],[135.7546614532844,35.028945865392046]],[[135.7546614532844,35.028945865392046],[135.75457179119135,35.02862020636097]],[[135.75457179119135,35.02862020636097],[135.75414297248543,35.02856099562804]],[[135.75414297248543,35.02856099562804],[135.75399873346615,35.02855852851417]],[[135.75399873346615,35.02855852851417],[135.75388178290999,35.02938007743348]],[[135.75388178290999,35.02938007743348],[135.75390907137307,35.029693400895205]],[[135.75187023334394,35.02841790302348],[135.7518780300477,35.028084842650784]],[[135.75092683219088,35.028111980903375],[135.75090344207965,35.02842530436509]],[[135.75457179119135,35.02862020636097],[135.75486806593364,35.02825260639407]],[[135.75486806593364,35.02825260639407],[135.75457958789508,35.027756716505834]],[[135.75457958789508,35.027756716505834],[135.75412348072604,35.02776165073358]],[[135.75412348072604,35.02776165073358],[135.75403771698487,35.028210665458246]],[[135.75403771698487,35.028210665458246],[135.75414297248543,35.02856099562804]],[[135.74848256556703,35.02890145734235],[135.7470050902075,35.0289409311643]],[[135.7470050902075,35.0289409311643],[135.74666203524274,35.02903221437756]],[[135.74666203524274,35.02903221437756],[135.7467516973358,35.029587314998714]],[[135.7467516973358,35.029587314998714],[135.74707526054118,35.02963665727615]],[[135.74707526054118,35.02963665727615],[135.74848256556703,35.029508367354815]],[[135.75395195324367,35.02661197566932],[135.75394025818807,35.02723122125114]],[[135.75394025818807,35.02723122125114],[135.75401042852175,35.02735457694473]],[[135.75409229391107,35.027665433292576],[135.75412348072604,35.02776165073358]],[[135.75457958789508,35.027756716505834],[135.75486416758176,35.02746559706896]],[[135.75486416758176,35.02746559706896],[135.75482518406304,35.02674273270452]],[[135.75482518406304,35.02674273270452],[135.7543573818384,35.02630605354921]],[[135.7543573818384,35.02630605354921],[135.75424432963408,35.02630111932147]],[[135.75424432963408,35.02630111932147],[135.75395195324367,35.02661197566932]],[[135.75382720598375,35.03032004781864],[135.7528721097751,35.03048041022031]],[[135.7528721097751,35.03048041022031],[135.75266549712586,35.03158814434875]],[[135.75266549712586,35.03158814434875],[135.75288770318258,35.03151906516034]],[[135.75288770318258,35.03151906516034],[135.753850596095,35.03113666251021]],[[135.74699339515186,35.028301948671505],[135.74699339515186,35.02832661981022]],[[135.74699339515186,35.02832661981022],[135.7470050902075,35.0289409311643]],[[135.74707526054118,35.02963665727615],[135.74707915889306,35.03017942232795]],[[135.754704335155,35.02438663895695],[135.75470043680312,35.02381673565256]],[[135.75470043680312,35.02381673565256],[135.7537375438907,35.02380933431094]],[[135.7537375438907,35.02380933431094],[135.7539324614843,35.024613613433154]],[[135.7539324614843,35.024613613433154],[135.754704335155,35.02438663895695]],[[135.75395195324367,35.02661197566932],[135.75353482959335,35.026269046841136]],[[135.75353482959335,35.026269046841136],[135.75311770594303,35.026254244157904]],[[135.75311770594303,35.026254244157904],[135.7531371977024,35.02686115417037]],[[135.7531371977024,35.02686115417037],[135.75314109605426,35.027132536696264]],[[135.75314109605426,35.027132536696264],[135.75394025818807,35.02723122125114]],[[135.75007309313088,35.03057416054744],[135.75017055192768,35.03088254978142]],[[135.75017055192768,35.03088254978142],[135.75088784867216,35.031223011495726]],[[135.75088784867216,35.031223011495726],[135.75125429374813,35.03121067592637]],[[135.75125429374813,35.03121067592637],[135.75118022506257,35.030408863918026]],[[135.75238091743918,35.02944422239415],[135.75301634879435,35.02945162373577]],[[135.75301634879435,35.02945162373577],[135.75303194220186,35.028970536530764]],[[135.75303194220186,35.028970536530764],[135.75260702184778,35.028906391570096]],[[135.75260702184778,35.028906391570096],[135.75197159049262,35.02900507612497]],[[135.75075920306037,35.026108684439464],[135.75094632395025,35.02529453686177]],[[135.75094632395025,35.02529453686177],[135.75021343379828,35.025297003975645]],[[135.75021343379828,35.025297003975645],[135.75020173874265,35.02599519720136]],[[135.75020173874265,35.02599519720136],[135.75075920306037,35.026108684439464]],[[135.76517140993175,35.032552785872625],[135.76480886320763,35.03177564500301]],[[135.76480886320763,35.03177564500301],[135.7642085170193,35.03180031614173],[135.76408376975942,35.03533322320615]],[[135.76408376975942,35.03533322320615],[135.76413054998187,35.03535789434487]],[[135.76413054998187,35.03535789434487],[135.76458665715091,35.0347953923821]],[[135.76458665715091,35.0347953923821],[135.76517140993175,35.032552785872625]],[[135.75492654121172,35.02823286948309],[135.75557756597436,35.0280305661456]],[[135.75557756597436,35.0280305661456],[135.75610774182897,35.02799109232365]],[[135.75610774182897,35.02799109232365],[135.75626757425573,35.02767530174806]],[[135.75626757425573,35.02767530174806],[135.75553858245564,35.02718928031532]],[[135.75553858245564,35.02718928031532],[135.75486416758176,35.02746559706896]],[[135.75486806593364,35.02825260639407],[135.75492654121172,35.02823286948309]],[[135.75643910173812,35.03192120472144],[135.75644689844185,35.03110459002988]],[[135.75644689844185,35.03110459002988],[135.75635333799693,35.030621035711]],[[135.75635333799693,35.030621035711],[135.75576468686424,35.03054208806711]],[[135.75576468686424,35.03054208806711],[135.75527349452832,35.03052481827]],[[135.75527349452832,35.03052481827],[135.75500840660104,35.03078139811267]],[[135.75500840660104,35.03078139811267],[135.75476281043308,35.0316448879678]],[[135.75476670878496,35.031891599354985],[135.75477060713683,35.031943408746294]],[[135.75477060713683,35.031943408746294],[135.75643910173812,35.03192120472144]],[[135.7537375438907,35.02380933431094],[135.75300075538686,35.02379453162771]],[[135.75300075538686,35.02379453162771],[135.7529812636275,35.02394009134615]],[[135.7529812636275,35.02394009134615],[135.7531099092393,35.024640751685745]],[[135.7531099092393,35.024640751685745],[135.75331262353663,35.02500588453877]],[[135.75331262353663,35.02500588453877],[135.75381940928003,35.02500835165264]],[[135.75381940928003,35.02500835165264],[135.7539324614843,35.024613613433154]],[[135.75833370074798,35.02537348450567],[135.75818556337683,35.025040424132975]],[[135.75818556337683,35.025040424132975],[135.7577450496153,35.025033022791355]],[[135.7577450496153,35.025033022791355],[135.75753843696606,35.02544256369408]],[[135.75753843696606,35.02544256369408],[135.75756962378105,35.02572134756159]],[[135.75756962378105,35.02572134756159],[135.75777623643026,35.02626164549952]],[[135.75777623643026,35.02626164549952],[135.75831420898862,35.02626164549952]],[[135.75831420898862,35.02626164549952],[135.75855980515658,35.025669538170284]],[[135.75855980515658,35.025669538170284],[135.75833370074798,35.02537348450567]],[[135.75229515369801,35.02851412046448],[135.75227176358678,35.02823780371084]],[[135.75227176358678,35.02823780371084],[135.75202616741882,35.0280749741953]],[[135.75199108225198,35.02877316742102],[135.75229515369801,35.02851412046448]],[[135.75311770594303,35.026254244157904],[135.75288770318258,35.02625177704403]],[[135.75288770318258,35.02625177704403],[135.7531371977024,35.02686115417037]],[[135.75275515921894,35.02816872452242],[135.75227176358678,35.02823780371084]],[[135.75229515369801,35.02851412046448],[135.75260702184778,35.028906391570096]],[[135.75303194220186,35.028970536530764],[135.75275515921894,35.02816872452242]],[[135.76504276431996,35.03474111587692],[135.76567429732324,35.03394177098246]],[[135.76567429732324,35.03394177098246],[135.76532344565476,35.033774007239174]],[[135.76532344565476,35.033774007239174],[135.76476208298516,35.03464243132205]],[[135.76476208298516,35.03464243132205],[135.76504276431996,35.03474111587692]],[[135.7529812636275,35.02394009134615],[135.75254464821782,35.0239351571184]],[[135.75254464821782,35.0239351571184],[135.75256803832906,35.02459881074992]],[[135.75256803832906,35.02459881074992],[135.7531099092393,35.024640751685745]],[[135.74629559016677,35.03070738469651],[135.74586287310896,35.0306037659139]],[[135.74586287310896,35.0306037659139],[135.7458277879421,35.03073205583524]],[[135.7458277879421,35.03073205583524],[135.74583948299772,35.031334031619956]],[[135.74583948299772,35.031334031619956],[135.7483461232515,35.03135870275867]],[[135.75557366762249,35.02824520505245],[135.75557756597436,35.0280305661456]],[[135.75492654121172,35.02823286948309],[135.75557366762249,35.02824520505245]],[[135.75845065130414,35.027186813201446],[135.75845065130414,35.02701164811655]],[[135.75845065130414,35.02701164811655],[135.75831420898862,35.02626164549952]],[[135.75777623643026,35.02626164549952],[135.75745657157674,35.02662924546642]],[[135.75745657157674,35.02662924546642],[135.75744097816926,35.02701904945816]],[[135.75744097816926,35.02701904945816],[135.75845065130414,35.027186813201446]],[[135.74676339239141,35.02290637063386],[135.7464320324823,35.02290637063386]],[[135.7464320324823,35.02290637063386],[135.7464437275379,35.0232616350314]],[[135.7464437275379,35.0232616350314],[135.74676339239141,35.02290637063386]],[[135.75510586539784,35.029653927073255],[135.75468874174751,35.029922842485284]],[[135.75470823350688,35.030769062543314],[135.75500840660104,35.03078139811267]],[[135.75527349452832,35.03052481827],[135.75510586539784,35.029653927073255]],[[135.74295080426046,35.02442857989276],[135.74217113388602,35.02442611277889]],[[135.74217113388602,35.02442611277889],[135.74215554047854,35.024672824166075]],[[135.74215554047854,35.024672824166075],[135.74166044979077,35.02539815564439]],[[135.74166044979077,35.02539815564439],[135.7421438454229,35.025486971743774]],[[135.7421438454229,35.025486971743774],[135.74244791686894,35.025020687221996]],[[135.74244791686894,35.025020687221996],[135.7430521614091,35.02449272485343]],[[135.7430521614091,35.02449272485343],[135.74295080426046,35.02442857989276]],[[135.74940647496075,35.02616049383077],[135.74941817001636,35.0251958523069]],[[135.74941817001636,35.0251958523069],[135.74941817001636,35.02498368051392]],[[135.74941817001636,35.02498368051392],[135.7489503677917,35.02519338519303]],[[135.7489503677917,35.02519338519303],[135.7491452853853,35.0260272696817]],[[135.7491452853853,35.0260272696817],[135.74940647496075,35.02616049383077]],[[135.75661842592424,35.033144893201865],[135.75587384071665,35.0332904529203]],[[135.75587384071665,35.0332904529203],[135.75602587643965,35.03388749447728]],[[135.75602587643965,35.03388749447728],[135.75678605505473,35.03371973073399]],[[135.75678605505473,35.03371973073399],[135.75678215670285,35.03359884215428]],[[135.75678215670285,35.03359884215428],[135.75661842592424,35.033144893201865]],[[135.75760081059602,35.029081556654994],[135.75820895348807,35.029081556654994]],[[135.75820895348807,35.029081556654994],[135.75867285736086,35.02859306810838]],[[135.75867285736086,35.02859306810838],[135.75813878315438,35.028052770170454]],[[135.75813878315438,35.028052770170454],[135.75797505237574,35.027978756754294]],[[135.75797505237574,35.027978756754294],[135.75752284355858,35.02833895537958]],[[135.75752284355858,35.02833895537958],[135.75752674191045,35.028760831851656]],[[135.75752674191045,35.028760831851656],[135.75760081059602,35.029081556654994]],[[135.74290402403798,35.026056875048155],[135.74275198831498,35.02545983349118]],[[135.74275198831498,35.02545983349118],[135.74244401851706,35.025486971743774]],[[135.74244401851706,35.025486971743774],[135.74244791686894,35.026175296514005]],[[135.74244791686894,35.026175296514005],[135.74290402403798,35.026056875048155]],[[135.75717978859382,35.02451739599215],[135.7566106292205,35.02380193296933]],[[135.7566106292205,35.02380193296933],[135.7563845248119,35.025028088563616]],[[135.7563845248119,35.025028088563616],[135.75717978859382,35.02451739599215]],[[135.75275515921894,35.02816872452242],[135.75296177186814,35.027934348704605]],[[135.75296177186814,35.027934348704605],[135.75314109605426,35.027132536696264]],[[135.75288770318258,35.02625177704403],[135.7524627828285,35.02627891529662]],[[135.7524627828285,35.02627891529662],[135.75194430202953,35.0263504615989]],[[135.75194430202953,35.0263504615989],[135.75192481027014,35.026352928712775]],[[135.75200667565946,35.024732034898996],[135.7514531096936,35.024645685913484]],[[135.7514531096936,35.024645685913484],[135.7508956453759,35.02457167249733]],[[135.7508956453759,35.02457167249733],[135.75021733215016,35.024593876522175]],[[135.75021733215016,35.024593876522175],[135.7498313953148,35.02467529127995]],[[135.7498313953148,35.02467529127995],[135.7498313953148,35.02498121340005]],[[135.7498313953148,35.02498121340005],[135.75021343379828,35.025297003975645]],[[135.75094632395025,35.02529453686177],[135.7515817553054,35.025405556986]],[[135.7515817553054,35.025405556986],[135.75201057401134,35.02528713552015]],[[135.75201057401134,35.02528713552015],[135.75201057401134,35.025277267064666]],[[135.75201057401134,35.025277267064666],[135.75200667565946,35.024732034898996]],[[135.75464196152504,35.02300998941648],[135.75386229115063,35.02286689681191]],[[135.75386229115063,35.02286689681191],[135.75405720874423,35.02356262292376]],[[135.75405720874423,35.02356262292376],[135.7547900988962,35.023570024265375]],[[135.7547900988962,35.023570024265375],[135.75464196152504,35.02300998941648]],[[135.74940647496075,35.02616049383077],[135.749581900795,35.026162960944646]],[[135.749581900795,35.026162960944646],[135.74941817001636,35.0251958523069]],[[135.7534880493709,35.02856592985579],[135.75346076090779,35.0285387916032]],[[135.75302804384998,35.027934348704605],[135.75296177186814,35.027934348704605]],[[135.75303194220186,35.028970536530764],[135.7534880493709,35.02856592985579]],[[135.74823307104722,35.02354041889892],[135.74822527434347,35.02297051559453]],[[135.74822527434347,35.02297051559453],[135.74785103256374,35.02298285116389]],[[135.74785103256374,35.02298285116389],[135.7475235710065,35.023814268538686]],[[135.7475235710065,35.023814268538686],[135.74786662597123,35.023846341019016]],[[135.74786662597123,35.023846341019016],[135.74823307104722,35.02354041889892]],[[135.74767170837762,35.036845564009575],[135.7477301836557,35.03661118819175]],[[135.7477301836557,35.03661118819175],[135.74771069189634,35.03625592379421]],[[135.74771069189634,35.03625592379421],[135.7471571259305,35.0362830620468]],[[135.7471571259305,35.0362830620468],[135.74767170837762,35.036845564009575]],[[135.75831420898862,35.02379206451384],[135.7584155661373,35.02295818002517]],[[135.7584155661373,35.02295818002517],[135.7583843793223,35.022593047172144]],[[135.7583843793223,35.022593047172144],[135.75772555785593,35.02257577737504]],[[135.75772555785593,35.02257577737504],[135.75761250565162,35.022908837747735]],[[135.75761250565162,35.022908837747735],[135.7575618270773,35.02358976117635]],[[135.7575618270773,35.02358976117635],[135.7576865743372,35.02379453162771]],[[135.7576865743372,35.02379453162771],[135.75831420898862,35.02379206451384]],[[135.75700826111145,35.03112432694085],[135.75713300837137,35.030978767222415]],[[135.75713300837137,35.030978767222415],[135.7571252116676,35.03074192429072]],[[135.7571252116676,35.03074192429072],[135.75671588472105,35.030492745789665]],[[135.75671588472105,35.030492745789665],[135.75635333799693,35.030621035711]],[[135.75644689844185,35.03110459002988],[135.75700826111145,35.03112432694085]],[[135.7593784590497,35.02877563453489],[135.7593784590497,35.027907210452014]],[[135.7593784590497,35.027907210452014],[135.75833370074798,35.02779865744166]],[[135.75833370074798,35.02779865744166],[135.75813878315438,35.028052770170454]],[[135.75867285736086,35.02859306810838],[135.7593784590497,35.02877563453489]],[[135.75935506893848,35.026271513955],[135.7593238821235,35.02271640286573]],[[135.7593238821235,35.02271640286573],[135.7590743876037,35.02275834380155]],[[135.7590743876037,35.02275834380155],[135.75844675295227,35.0241103222033]],[[135.75844675295227,35.0241103222033],[135.758485736471,35.02472216644351]],[[135.758485736471,35.02472216644351],[135.75833370074798,35.02537348450567]],[[135.75855980515658,35.025669538170284],[135.75935506893848,35.026271513955]],[[135.76229832460197,35.02986609886623],[135.7623373081207,35.02927645865087]],[[135.7623373081207,35.02927645865087],[135.7619279811741,35.029259188853764]],[[135.7619279811741,35.029259188853764],[135.76027507998032,35.02976248008361]],[[135.76027507998032,35.02976248008361],[135.7602633849247,35.02992037537141]],[[135.7602633849247,35.02992037537141],[135.76229832460197,35.02986609886623]],[[135.75564773630808,35.02924932039828],[135.75552298904816,35.02924438617053]],[[135.75552298904816,35.02924438617053],[135.75510586539784,35.029653927073255]],[[135.75576468686424,35.03054208806711],[135.75564773630808,35.02924932039828]],[[135.75505128847163,35.02381673565256],[135.75479399724807,35.02381920276643]],[[135.75479399724807,35.02381920276643],[135.75470043680312,35.02381673565256]],[[135.754704335155,35.02438663895695],[135.75523061265775,35.02472956778512]],[[135.75523061265775,35.02472956778512],[135.75505128847163,35.02381673565256]],[[135.74584727970145,35.026116085781084],[135.74565626045973,35.02530440531726]],[[135.74565626045973,35.02530440531726],[135.74512608460512,35.0252920697479]],[[135.74512608460512,35.0252920697479],[135.74416319169268,35.02528220129241]],[[135.74416319169268,35.02528220129241],[135.74357454056,35.02535128048082]],[[135.74357454056,35.02535128048082],[135.74287673557487,35.025452432149564]],[[135.74287673557487,35.025452432149564],[135.74275198831498,35.02545983349118]],[[135.74290402403798,35.026056875048155],[135.7430131778904,35.02622217167757]],[[135.7430131778904,35.02622217167757],[135.7440384444328,35.02616049383077]],[[135.7440384444328,35.02616049383077],[135.7444555680831,35.02615062537529]],[[135.7444555680831,35.02615062537529],[135.74514557636448,35.02611855289496]],[[135.74514557636448,35.02611855289496],[135.74584727970145,35.026116085781084]],[[135.75795556061638,35.03492614941731],[135.7573669094837,35.03537022991423]],[[135.7573669094837,35.03537022991423],[135.7573513160762,35.035740296995]],[[135.7573513160762,35.035740296995],[135.7579828490795,35.03610296273416]],[[135.7579828490795,35.03610296273416],[135.7583298023961,35.0361868446058]],[[135.7583298023961,35.0361868446058],[135.75877031615767,35.03583404732213]],[[135.75877031615767,35.03583404732213],[135.7586533656015,35.03492121518956]],[[135.7586533656015,35.03492121518956],[135.75795556061638,35.03492614941731]],[[135.7573513160762,35.035740296995],[135.75695368418525,35.03583158020826]],[[135.75695368418525,35.03583158020826],[135.7569341924259,35.03619177883354]],[[135.7569341924259,35.03619177883354],[135.75745657157674,35.0362657922497]],[[135.75745657157674,35.0362657922497],[135.7579828490795,35.03610296273416]],[[135.75386618950247,35.02766790040645],[135.7537921208169,35.027954085615576]],[[135.7538389010394,35.02820819834437],[135.75403771698487,35.028210665458246]],[[135.75021733215016,35.024593876522175],[135.75021343379828,35.023676110161865]],[[135.75021343379828,35.023676110161865],[135.74996783763032,35.02354535312666]],[[135.74996783763032,35.02354535312666],[135.7495935958506,35.023542886012784]],[[135.7495935958506,35.023542886012784],[135.74954681562815,35.023542886012784]],[[135.74954681562815,35.023542886012784],[135.74947274694256,35.024704896646405]],[[135.74947274694256,35.024704896646405],[135.7498313953148,35.02467529127995]],[[135.74328606252146,35.02695737161137],[135.74396047739535,35.02677480518486]],[[135.74396047739535,35.02677480518486],[135.7440384444328,35.02616049383077]],[[135.7430131778904,35.02622217167757],[135.7429313125011,35.02692529913104]],[[135.7429313125011,35.02692529913104],[135.74328606252146,35.02695737161137]],[[135.75399873346615,35.02855852851417],[135.7534880493709,35.02856592985579]],[[135.75301634879435,35.02945162373577],[135.75388178290999,35.02938007743348]],[[135.75172989267654,35.02637513273762],[135.7515817553054,35.025405556986]],[[135.75075920306037,35.026108684439464],[135.75103988439517,35.02639733676247]],[[135.75386229115063,35.02286689681191],[135.753698560372,35.02258317871665]],[[135.753698560372,35.02258317871665],[135.75300075538686,35.02258317871665]],[[135.75300075538686,35.02258317871665],[135.7530124504425,35.0228767652674]],[[135.7530124504425,35.0228767652674],[135.75300075538686,35.02379453162771]],[[135.7537375438907,35.02380933431094],[135.75405720874423,35.02356262292376]],[[135.75752284355858,35.02833895537958],[135.7567938517585,35.02819339566114]],[[135.7567938517585,35.02819339566114],[135.75678215670285,35.028669548638405]],[[135.75678215670285,35.028669548638405],[135.75752674191045,35.028760831851656]],[[135.75571400828989,35.02885458217879],[135.75498111813792,35.028970536530764]],[[135.75498111813792,35.028970536530764],[135.75552298904816,35.02924438617053]],[[135.75564773630808,35.02924932039828],[135.75601028303217,35.02926165596764]],[[135.75601028303217,35.02926165596764],[135.7560063846803,35.029042082833044]],[[135.7560063846803,35.029042082833044],[135.75571400828989,35.02885458217879]],[[135.7530124504425,35.0228767652674],[135.75261481855154,35.022881699495144]],[[135.75261481855154,35.022881699495144],[135.7526031234959,35.02379699874158]],[[135.7526031234959,35.02379699874158],[135.75254464821782,35.0239351571184]],[[135.75471213185875,35.02603220390944],[135.75471213185875,35.02530687243113]],[[135.75471213185875,35.02530687243113],[135.75394025818807,35.025139108687846]],[[135.75394025818807,35.025139108687846],[135.75390907137307,35.026286316638235]],[[135.75390907137307,35.026286316638235],[135.75424432963408,35.02630111932147]],[[135.7543573818384,35.02630605354921],[135.75471213185875,35.02603220390944]],[[135.75756962378105,35.02572134756159],[135.75686402209217,35.02592365089908]],[[135.75686402209217,35.02592365089908],[135.7570706347414,35.026562633391876]],[[135.7570706347414,35.026562633391876],[135.75745657157674,35.02662924546642]],[[135.74716492263425,35.02469009396318],[135.7471298374674,35.02383647256353]],[[135.7471298374674,35.02383647256353],[135.7467672907433,35.023787130286095]],[[135.7467672907433,35.023787130286095],[135.74644762588977,35.024621014774766]],[[135.74644762588977,35.024621014774766],[135.74716492263425,35.02469009396318]],[[135.75006529642712,35.0263948696486],[135.75020173874265,35.02599519720136]],[[135.7498313953148,35.02498121340005],[135.74941817001636,35.02498368051392]],[[135.749581900795,35.026162960944646],[135.74968325794367,35.0263948696486]],[[135.74723509296794,35.03538996682521],[135.74745340067278,35.03539490105295]],[[135.74745340067278,35.03539490105295],[135.74743390891342,35.034829931976304]],[[135.74743390891342,35.034829931976304],[135.74702068361498,35.03483239909018]],[[135.74702068361498,35.03483239909018],[135.74646321929725,35.034837333317924]],[[135.74646321929725,35.034837333317924],[135.74646321929725,35.03483980043179]],[[135.74646321929725,35.03483980043179],[135.74647881270474,35.03540723662231]],[[135.74647881270474,35.03540723662231],[135.74723509296794,35.03538996682521]],[[135.74289232898238,35.023893216182586],[135.74292351579734,35.02387594638548]],[[135.74292351579734,35.02387594638548],[135.7429313125011,35.02357495849312]],[[135.7429313125011,35.02357495849312],[135.74286114216738,35.02357495849312]],[[135.74286114216738,35.02357495849312],[135.74220621905286,35.023582359834734]],[[135.74220621905286,35.023582359834734],[135.74219452399726,35.023866077929995]],[[135.74219452399726,35.023866077929995],[135.74289232898238,35.023893216182586]],[[135.75288770318258,35.03151906516034],[135.7534022856297,35.03198781679598]],[[135.7534022856297,35.03198781679598],[135.75388178290999,35.031662157764906]],[[135.76551836324836,35.03239489058483],[135.76517140993175,35.032552785872625]],[[135.76458665715091,35.0347953923821],[135.76476208298516,35.03464243132205]],[[135.76532344565476,35.033774007239174],[135.76542090445156,35.03333979519773]],[[135.76542090445156,35.03333979519773],[135.76564311050828,35.03271561538817]],[[135.76564311050828,35.03271561538817],[135.76551836324836,35.03239489058483]],[[135.7562714726076,35.02356015580989],[135.75652876383117,35.02286442969804]],[[135.75652876383117,35.02286442969804],[135.7552773928802,35.02288416660902]],[[135.7552773928802,35.02288416660902],[135.75504739011976,35.02357989272086]],[[135.75504739011976,35.02357989272086],[135.7562714726076,35.02356015580989]],[[135.75678215670285,35.028669548638405],[135.7560063846803,35.029042082833044]],[[135.75601028303217,35.02926165596764],[135.75680164846221,35.02993764516851]],[[135.75680164846221,35.02993764516851],[135.75744487652113,35.02938994588897]],[[135.75744487652113,35.02938994588897],[135.75760081059602,35.029081556654994]],[[135.7562324890889,35.03248617379809],[135.75630655777445,35.03248370668422]],[[135.75630655777445,35.03248370668422],[135.75643910173812,35.03192120472144]],[[135.75477060713683,35.031943408746294],[135.75479399724807,35.032357883876756]],[[135.75479399724807,35.032357883876756],[135.75482908241491,35.03253058184778]],[[135.75482908241491,35.03253058184778],[135.7562324890889,35.03248617379809]],[[135.74787832102686,35.024699962418666],[135.74786662597123,35.023846341019016]],[[135.7475235710065,35.023814268538686],[135.7471298374674,35.02383647256353]],[[135.74716492263425,35.02469009396318],[135.74729356824602,35.024699962418666]],[[135.74729356824602,35.024699962418666],[135.74787832102686,35.024699962418666]],[[135.75553858245564,35.02718928031532],[135.75546451377008,35.02673779847678]],[[135.75546451377008,35.02673779847678],[135.7550824752866,35.02672546290742]],[[135.7550824752866,35.02672546290742],[135.75482518406304,35.02674273270452]],[[135.75546451377008,35.02673779847678],[135.75636503305253,35.026542896480905]],[[135.75636503305253,35.026542896480905],[135.75651706877557,35.02594338781005]],[[135.75651706877557,35.02594338781005],[135.75573350004925,35.025807696547105]],[[135.75573350004925,35.025807696547105],[135.7554489203626,35.02580522943323]],[[135.7554489203626,35.02580522943323],[135.75506688187912,35.02631098777695]],[[135.75506688187912,35.02631098777695],[135.7550824752866,35.02672546290742]],[[135.76346003345986,35.0353381574339],[135.76136272015265,35.03604621911511]],[[135.76136272015265,35.03604621911511],[135.7620995086565,35.036983722386395]],[[135.7620995086565,35.036983722386395],[135.7624776487881,35.03682089287086]],[[135.7624776487881,35.03682089287086],[135.76337426971867,35.03634473989359]],[[135.76337426971867,35.03634473989359],[135.76346003345986,35.0353381574339]],[[135.7503498761138,35.037600500854346],[135.75062276074485,35.03680115595988]],[[135.75062276074485,35.03680115595988],[135.74926223594147,35.036648194899826]],[[135.74926223594147,35.036648194899826],[135.74925443923772,35.03772138943406]],[[135.74925443923772,35.03772138943406],[135.7503498761138,35.037600500854346]],[[135.74569524397845,35.027332372919886],[135.74569524397845,35.026799476323575]],[[135.74569524397845,35.026799476323575],[135.74527032362437,35.0264294092428]],[[135.74527032362437,35.0264294092428],[135.74515727142008,35.026431876356675]],[[135.74515727142008,35.026431876356675],[135.74449844995368,35.02674026559065]],[[135.74449844995368,35.02674026559065],[135.74424115873012,35.02682414746229]],[[135.74424115873012,35.02682414746229],[135.74533269725433,35.0273397742615]],[[135.74533269725433,35.0273397742615],[135.74569524397845,35.027332372919886]],[[135.75254464821782,35.030255902857974],[135.7528721097751,35.03048041022031]],[[135.75479399724807,35.02381920276643],[135.7547900988962,35.023570024265375]],[[135.7514531096936,35.024645685913484],[135.75146480474925,35.024389106070814]],[[135.75146480474925,35.024389106070814],[135.7508839503203,35.02436690204597]],[[135.7508839503203,35.02436690204597],[135.7508956453759,35.02457167249733]],[[135.75019004368704,35.02331097730884],[135.75019394203892,35.02295818002517]],[[135.75019394203892,35.02295818002517],[135.74957020573936,35.02296311425291]],[[135.74957020573936,35.02296311425291],[135.7495935958506,35.023542886012784]],[[135.74996783763032,35.02354535312666],[135.75019004368704,35.02331097730884]],[[135.7554489203626,35.02580522943323],[135.75471213185875,35.02530687243113]],[[135.75471213185875,35.02603220390944],[135.75506688187912,35.02631098777695]],[[135.75659893416488,35.02755934739609],[135.7568913105553,35.026621844124804]],[[135.7568913105553,35.026621844124804],[135.75636503305253,35.026542896480905]],[[135.75626757425573,35.02767530174806],[135.75659893416488,35.02755934739609]],[[135.7590743876037,35.02275834380155],[135.7584155661373,35.02295818002517]],[[135.75831420898862,35.02379206451384],[135.75844675295227,35.0241103222033]],[[135.75719928035318,35.03288584624532],[135.75742928311365,35.032397357698706]],[[135.75742928311365,35.032397357698706],[135.75630655777445,35.03248370668422]],[[135.7562324890889,35.03248617379809],[135.75662622262797,35.03306841267184]],[[135.75662622262797,35.03306841267184],[135.75719928035318,35.03288584624532]],[[135.75342177738906,35.032330745624165],[135.7534022856297,35.03198781679598]],[[135.75266549712586,35.03158814434875],[135.75208074434505,35.03183485573593]],[[135.75208074434505,35.03183485573593],[135.7521002361044,35.03215558053927]],[[135.7521002361044,35.03215558053927],[135.75252515645846,35.0323800879016]],[[135.75252515645846,35.0323800879016],[135.75342177738906,35.032330745624165]],[[135.7489503677917,35.02519338519303],[135.7485995161232,35.02528220129241]],[[135.7485995161232,35.02528220129241],[135.74875934854995,35.026076611959134]],[[135.74875934854995,35.026076611959134],[135.7491452853853,35.0260272696817]],[[135.75753843696606,35.02544256369408],[135.75573350004925,35.025807696547105]],[[135.75651706877557,35.02594338781005],[135.75686402209217,35.02592365089908]],[[135.75086056020905,35.031758375205904],[135.7518351481771,35.031733704067186]],[[135.7518351481771,35.031733704067186],[135.75125429374813,35.03121067592637]],[[135.75088784867216,35.031223011495726],[135.75086056020905,35.031758375205904]],[[135.74449844995368,35.02674026559065],[135.7444555680831,35.02615062537529]],[[135.74396047739535,35.02677480518486],[135.74424115873012,35.02682414746229]],[[135.74866188975315,35.02609388175624],[135.74822527434347,35.02609388175624]],[[135.74822527434347,35.02609388175624],[135.74702458196685,35.02609388175624]],[[135.74702458196685,35.02609388175624],[135.7468101726139,35.026419540787316]],[[135.7468101726139,35.026419540787316],[135.74683746107698,35.02668845619934]],[[135.74683746107698,35.02668845619934],[135.74728966989417,35.02699191120557]],[[135.74866188975315,35.02699684543332],[135.74866188975315,35.02609388175624]],[[135.7472974665979,35.033714796506246],[135.74727407648666,35.03327811735094]],[[135.74727407648666,35.03327811735094],[135.7467127138171,35.03332992674225]],[[135.7467127138171,35.03332992674225],[135.74661915337214,35.03368765825366]],[[135.74661915337214,35.03368765825366],[135.7472974665979,35.033714796506246]],[[135.76136272015265,35.03604621911511],[135.76077017066808,35.036090627164796]],[[135.76077017066808,35.036090627164796],[135.7603218602028,35.03678882039052]],[[135.7603218602028,35.03678882039052],[135.76033745361028,35.03733405255619]],[[135.76033745361028,35.03733405255619],[135.7620995086565,35.036983722386395]],[[135.76077017066808,35.036090627164796],[135.75934727223475,35.03602154797639]],[[135.75934727223475,35.03602154797639],[135.7591835414561,35.036682734494036]],[[135.7591835414561,35.036682734494036],[135.7603218602028,35.03678882039052]],[[135.74875934854995,35.026076611959134],[135.74866188975315,35.02609388175624]],[[135.75752284355858,35.030828273276235],[135.75772555785593,35.03047547599257]],[[135.75772555785593,35.03047547599257],[135.75744097816926,35.030349653185105]],[[135.75744097816926,35.030349653185105],[135.7571252116676,35.03074192429072]],[[135.75713300837137,35.030978767222415],[135.75752284355858,35.030828273276235]],[[135.7518351481771,35.031733704067186],[135.75208074434505,35.03183485573593]],[[135.7593784590497,35.027907210452014],[135.75934727223475,35.02667365351611]],[[135.75934727223475,35.02667365351611],[135.75845065130414,35.02701164811655]],[[135.75845065130414,35.027186813201446],[135.75833370074798,35.02779865744166]],[[135.74787832102686,35.024699962418666],[135.74842019193707,35.024692561077046]],[[135.74842019193707,35.024692561077046],[135.74859561777134,35.024692561077046]],[[135.74859561777134,35.024692561077046],[135.7485878210676,35.023537951785045]],[[135.7485878210676,35.023537951785045],[135.74823307104722,35.02354041889892]],[[135.76437224779795,35.03001905992628],[135.76443072307603,35.02928879422023]],[[135.76443072307603,35.02928879422023],[135.76237239328754,35.02927645865087]],[[135.76237239328754,35.02927645865087],[135.7623373081207,35.02927645865087]],[[135.76229832460197,35.02986609886623],[135.76437224779795,35.03001905992628]],[[135.75744097816926,35.02701904945816],[135.75741758805802,35.02759635410417]],[[135.75741758805802,35.02759635410417],[135.75797505237574,35.027978756754294]],[[135.7554177335476,35.034936017872795],[135.75529298628769,35.036026482204136]],[[135.75529298628769,35.036026482204136],[135.75571790664176,35.036083225823184]],[[135.75571790664176,35.036083225823184],[135.7562324890889,35.03569588894531]],[[135.7562324890889,35.03569588894531],[135.75626367590385,35.03538503259746]],[[135.75626367590385,35.03538503259746],[135.75602977479153,35.03494341921441]],[[135.75602977479153,35.03494341921441],[135.7554177335476,35.034936017872795]],[[135.74723509296794,35.03538996682521],[135.74725848307918,35.035592270162695]],[[135.74725848307918,35.035592270162695],[135.74722339791234,35.03582911309439]],[[135.74722339791234,35.03582911309439],[135.74745340067278,35.03539490105295]],[[135.75405720874423,35.03250097648132],[135.75479399724807,35.032357883876756]],[[135.75342177738906,35.032330745624165],[135.75405720874423,35.03250097648132]],[[135.75479789559992,35.03331265694514],[135.75482908241491,35.03253058184778]],[[135.75405720874423,35.03250097648132],[135.7541312774298,35.033315124059015]],[[135.7541312774298,35.033315124059015],[135.75479789559992,35.03331265694514]],[[135.75392466478058,35.03503963665541],[135.75391296972495,35.03399851460151]],[[135.75391296972495,35.03399851460151],[135.75323075814734,35.03364571731784]],[[135.75323075814734,35.03364571731784],[135.7519326069739,35.03458322058913]],[[135.7519326069739,35.03458322058913],[135.75161294212037,35.034869405798254]],[[135.75161294212037,35.034869405798254],[135.7518351481771,35.03586365268859]],[[135.7518351481771,35.03586365268859],[135.75295007681254,35.03595493590185]],[[135.75295007681254,35.03595493590185],[135.75392466478058,35.03503963665541]],[[135.7576865743372,35.02379453162771],[135.7574760633361,35.024514928878276]],[[135.7574760633361,35.024514928878276],[135.7577450496153,35.025033022791355]],[[135.75818556337683,35.025040424132975],[135.758485736471,35.02472216644351]],[[135.7515427717867,35.03254291741714],[135.7504902167812,35.032619397947165]],[[135.7504902167812,35.032619397947165],[135.75050581018868,35.03276249055173]],[[135.75050581018868,35.03276249055173],[135.7506032689855,35.0334039401584]],[[135.7506032689855,35.0334039401584],[135.7514141261749,35.03334966365322]],[[135.7514141261749,35.03334966365322],[135.7515427717867,35.03254291741714]],[[135.7438513235429,35.02904701706079],[135.74411641147023,35.02903961571917]],[[135.74411641147023,35.02903961571917],[135.7441047164146,35.02843023859284]],[[135.7441047164146,35.02843023859284],[135.74405793619215,35.02843023859284]],[[135.74405793619215,35.02843023859284],[135.74247520533206,35.0285560614003]],[[135.74247520533206,35.0285560614003],[135.74248300203578,35.02900014189723]],[[135.74248300203578,35.02900014189723],[135.74287283722302,35.0290988264521]],[[135.74287283722302,35.0290988264521],[135.7438513235429,35.02904701706079]],[[135.7486268045863,35.03289571470081],[135.74836561501087,35.03259472680845]],[[135.74836561501087,35.03259472680845],[135.7473520435241,35.03213584362829]],[[135.7473520435241,35.03213584362829],[135.74664254348338,35.03220245570283]],[[135.74664254348338,35.03220245570283],[135.7467127138171,35.03332992674225]],[[135.74727407648666,35.03327811735094],[135.74839680182586,35.03323124218738]],[[135.74839680182586,35.03323124218738],[135.7486268045863,35.03289571470081]],[[135.75214701632686,35.03719836129324],[135.75295007681254,35.03595493590185]],[[135.7518351481771,35.03586365268859],[135.7515856536573,35.03606348891221]],[[135.7515856536573,35.03606348891221],[135.75134785419309,35.03678882039052]],[[135.75134785419309,35.03678882039052],[135.75214701632686,35.03719836129324]],[[135.745952535202,35.032278936232856],[135.74664254348338,35.03220245570283]],[[135.7473520435241,35.03213584362829],[135.74826815621407,35.03213337651442]],[[135.74583948299772,35.031334031619956],[135.74551202144045,35.03133649873383]],[[135.74551202144045,35.03133649873383],[135.74553541155169,35.03194587586016]],[[135.74553541155169,35.03194587586016],[135.74555490331105,35.0323011402577]],[[135.74555490331105,35.0323011402577],[135.745952535202,35.032278936232856]],[[135.74847087051143,35.03792122565768],[135.74848256556703,35.03738092771975]],[[135.74848256556703,35.03738092771975],[135.7476873017851,35.03729457873424]],[[135.7476873017851,35.03729457873424],[135.74763662321078,35.03801497598481]],[[135.74763662321078,35.03801497598481],[135.74842409028895,35.038276490055225]],[[135.74842409028895,35.038276490055225],[135.74847087051143,35.03792122565768]],[[135.76559243193392,35.036026482204136],[135.76443072307603,35.035520723860415]],[[135.76443072307603,35.035520723860415],[135.76413054998187,35.03535789434487]],[[135.76408376975942,35.03533322320615],[135.76346003345986,35.0353381574339]],[[135.76337426971867,35.03634473989359],[135.76337816807055,35.03691957742573]],[[135.76337816807055,35.03691957742573],[135.76456716539155,35.037514151868834],[135.76559243193392,35.036026482204136]],[[135.74515727142008,35.026431876356675],[135.74514557636448,35.02611855289496]],[[135.75086056020905,35.031758375205904],[135.75044343655873,35.031923671835315]],[[135.75044343655873,35.031923671835315],[135.75045902996624,35.032180251677985]],[[135.75045902996624,35.032180251677985],[135.7504902167812,35.032619397947165]],[[135.7515427717867,35.03254291741714],[135.75212362621562,35.03249604225358]],[[135.75212362621562,35.03249604225358],[135.7521002361044,35.03215558053927]],[[135.75660283251673,35.023636636339916],[135.75685622538845,35.02356015580989]],[[135.75685622538845,35.02356015580989],[135.75692249737025,35.02285949547029]],[[135.75692249737025,35.02285949547029],[135.7567938517585,35.022519033755984]],[[135.7567938517585,35.022519033755984],[135.75652876383117,35.02255110623632]],[[135.75652876383117,35.02255110623632],[135.75652876383117,35.02286442969804]],[[135.7562714726076,35.02356015580989],[135.75660283251673,35.023636636339916]],[[135.75872743428707,35.0303669229822],[135.75845065130414,35.03059143034454]],[[135.75845065130414,35.03059143034454],[135.75843115954478,35.03166709199265]],[[135.75843115954478,35.03166709199265],[135.75942913762407,35.03208403423699]],[[135.75942913762407,35.03208403423699],[135.75961625851392,35.032081567123114]],[[135.75961625851392,35.032081567123114],[135.7602477915172,35.03024603440249]],[[135.7602477915172,35.03024603440249],[135.75872743428707,35.0303669229822]],[[135.75741758805802,35.02759635410417],[135.75659893416488,35.02755934739609]],[[135.75610774182897,35.02799109232365],[135.7567938517585,35.02819339566114]],[[135.75306312901682,35.03596233724347],[135.75295007681254,35.03595493590185]],[[135.75214701632686,35.03719836129324],[135.75306312901682,35.03596233724347]],[[135.75037326622504,35.037625171993064],[135.75134785419309,35.03678882039052]],[[135.75134785419309,35.03678882039052],[135.75062276074485,35.03680115595988]],[[135.7503498761138,35.037600500854346],[135.75037326622504,35.037625171993064]],[[135.75756962378105,35.03717122304065],[135.7576047089479,35.03683076132634]],[[135.7576047089479,35.03683076132634],[135.75745657157674,35.0362657922497]],[[135.7569341924259,35.03619177883354],[135.75606875831025,35.036287996274545]],[[135.75606875831025,35.036287996274545],[135.75587773906852,35.03726497336778]],[[135.75587773906852,35.03726497336778],[135.75756962378105,35.03717122304065]],[[135.75806081611694,35.031970546998885],[135.75843115954478,35.03166709199265]],[[135.75845065130414,35.03059143034454],[135.75772555785593,35.03047547599257]],[[135.75752284355858,35.030828273276235],[135.7575462336698,35.03159801280424]],[[135.7575462336698,35.03159801280424],[135.75776454137466,35.031911336265956]],[[135.75776454137466,35.031911336265956],[135.75806081611694,35.031970546998885]],[[135.74831883478842,35.03538503259746],[135.7485995161232,35.03511118295769]],[[135.7485995161232,35.03511118295769],[135.74831103808467,35.03482006352082]],[[135.74831103808467,35.03482006352082],[135.74743390891342,35.034829931976304]],[[135.74745340067278,35.03539490105295],[135.74831883478842,35.03538503259746]],[[135.74845527710394,35.03871070209666],[135.74842409028895,35.038276490055225]],[[135.74763662321078,35.03801497598481],[135.74769509848886,35.038945077914484]],[[135.74769509848886,35.038945077914484],[135.74845527710394,35.03871070209666]],[[135.7492895244046,35.035086511818974],[135.74902443647727,35.033931902526966]],[[135.74902443647727,35.033931902526966],[135.74856832930823,35.033983711918275]],[[135.74856832930823,35.033983711918275],[135.74847866721515,35.03425016021643]],[[135.74847866721515,35.03425016021643],[135.74831103808467,35.03482006352082]],[[135.7485995161232,35.03511118295769],[135.7492895244046,35.035086511818974]],[[135.74975342827736,35.038905604092534],[135.74845527710394,35.03871070209666]],[[135.74769509848886,35.038945077914484],[135.74975342827736,35.038905604092534]],[[135.7485995161232,35.02528220129241],[135.7485176507339,35.02527973417854]],[[135.7485176507339,35.02527973417854],[135.74822527434347,35.02609388175624]],[[135.75045902996624,35.032180251677985],[135.75028360413197,35.032626799288785]],[[135.75028360413197,35.032626799288785],[135.7504902167812,35.032619397947165]],[[135.75094242559837,35.034706576282716],[135.75098920582084,35.03499769571959]],[[135.75098920582084,35.03499769571959],[135.75161294212037,35.034869405798254]],[[135.7519326069739,35.03458322058913],[135.75172989267654,35.033944238096325]],[[135.75172989267654,35.033944238096325],[135.75094242559837,35.034706576282716]],[[135.75942913762407,35.03208403423699],[135.75857150021218,35.032429430179036]],[[135.75857150021218,35.032429430179036],[135.75827912382178,35.033544565649095]],[[135.75827912382178,35.033544565649095],[135.75894184364003,35.03375180321433]],[[135.75894184364003,35.03375180321433],[135.75961625851392,35.032081567123114]],[[135.7546614532844,35.028945865392046],[135.75498111813792,35.028970536530764]],[[135.75571400828989,35.02885458217879],[135.75557366762249,35.02824520505245]],[[135.74771069189634,35.03625592379421],[135.7485020573264,35.0358981922828]],[[135.7485020573264,35.0358981922828],[135.74849426062266,35.0358192446389]],[[135.74849426062266,35.0358192446389],[135.74831883478842,35.03538503259746]],[[135.74722339791234,35.03582911309439],[135.7471571259305,35.0362830620468]],[[135.74847866721515,35.03425016021643],[135.74699339515186,35.03433650920194]],[[135.74699339515186,35.03433650920194],[135.74702068361498,35.03483239909018]],[[135.7441047164146,35.02843023859284],[135.744580315343,35.028385830543144]],[[135.744580315343,35.028385830543144],[135.74537168077305,35.028361159404426]],[[135.74537168077305,35.028361159404426],[135.74533269725433,35.0273397742615]],[[135.74328606252146,35.02695737161137],[135.74330165592895,35.02787020374394]],[[135.74330165592895,35.02787020374394],[135.74405793619215,35.02843023859284]],[[135.75700826111145,35.03112432694085],[135.7575462336698,35.03159801280424]],[[135.74902443647727,35.033931902526966],[135.7494415601276,35.03348782203004]],[[135.7494415601276,35.03348782203004],[135.7491452853853,35.03293025429502]],[[135.7491452853853,35.03293025429502],[135.7486268045863,35.03289571470081]],[[135.74839680182586,35.03323124218738],[135.74838120841835,35.03366792134268]],[[135.74838120841835,35.03366792134268],[135.74856832930823,35.033983711918275]],[[135.74954681562815,35.023542886012784],[135.74905562329224,35.023537951785045]],[[135.74905562329224,35.023537951785045],[135.74911020021847,35.02493187112261]],[[135.74911020021847,35.02493187112261],[135.74947274694256,35.024704896646405]],[[135.75680164846221,35.02993764516851],[135.75671588472105,35.030492745789665]],[[135.75744097816926,35.030349653185105],[135.75747216498422,35.029755078742]],[[135.75747216498422,35.029755078742],[135.75744487652113,35.02938994588897]],[[135.75390907137307,35.026286316638235],[135.75353482959335,35.026269046841136]],[[135.74504811756768,35.02901247746659],[135.74555490331105,35.02897793787238]],[[135.74555490331105,35.02897793787238],[135.74546913956985,35.02835622517669]],[[135.74546913956985,35.02835622517669],[135.74537168077305,35.028361159404426]],[[135.744580315343,35.028385830543144],[135.7447089609548,35.02902234592207]],[[135.7447089609548,35.02902234592207],[135.74504811756768,35.02901247746659]],[[135.7460499939988,35.0337715401253],[135.745952535202,35.032278936232856]],[[135.74555490331105,35.0323011402577],[135.74523134010565,35.03280196437368]],[[135.74523134010565,35.03280196437368],[135.74528201868,35.03379621126402]],[[135.74528201868,35.03379621126402],[135.7460499939988,35.0337715401253]],[[135.7508839503203,35.02436690204597],[135.7508371700978,35.02367857727574]],[[135.7508371700978,35.02367857727574],[135.75021343379828,35.023676110161865]],[[135.75872743428707,35.0303669229822],[135.75835709085922,35.02984636195526]],[[135.75835709085922,35.02984636195526],[135.75747216498422,35.029755078742]],[[135.7492583375896,35.03568108626208],[135.7494961370538,35.03507911047736]],[[135.7494961370538,35.03507911047736],[135.7492895244046,35.035086511818974]],[[135.74849426062266,35.0358192446389],[135.7492583375896,35.03568108626208]],[[135.7570706347414,35.026562633391876],[135.7568913105553,35.026621844124804]],[[135.74925443923772,35.03772138943406],[135.74925054088587,35.037953298138014]],[[135.74925054088587,35.037953298138014],[135.74985088707416,35.03882418933476]],[[135.74985088707416,35.03882418933476],[135.75054089535553,35.03835050347138]],[[135.75054089535553,35.03835050347138],[135.75037326622504,35.037625171993064]],[[135.7467672907433,35.023787130286095],[135.74608507916565,35.02379206451384]],[[135.74608507916565,35.02379206451384],[135.7457264307934,35.023910485979684]],[[135.7457264307934,35.023910485979684],[135.74606948575817,35.024704896646405]],[[135.74606948575817,35.024704896646405],[135.74612016433252,35.024704896646405]],[[135.74612016433252,35.024704896646405],[135.74644762588977,35.024621014774766]],[[135.74699339515186,35.03433650920194],[135.74644762588977,35.034260028671916]],[[135.74644762588977,35.034260028671916],[135.74645152424165,35.0343315749742]],[[135.74645152424165,35.0343315749742],[135.74646321929725,35.034837333317924]],[[135.76443072307603,35.035520723860415],[135.76504276431996,35.03474111587692]],[[135.7602477915172,35.03024603440249],[135.7602633849247,35.02992037537141]],[[135.76027507998032,35.02976248008361],[135.75939015410535,35.029449156621894]],[[135.75939015410535,35.029449156621894],[135.75847793976726,35.02942941971092]],[[135.75847793976726,35.02942941971092],[135.75835709085922,35.02984636195526]],[[135.75083327174596,35.023162950476525],[135.7507825931716,35.02277314648478]],[[135.7507825931716,35.02277314648478],[135.75019394203892,35.022881699495144]],[[135.75019394203892,35.022881699495144],[135.75019394203892,35.02295818002517]],[[135.75019004368704,35.02331097730884],[135.75083327174596,35.023162950476525]],[[135.75194430202953,35.0263504615989],[135.75201057401134,35.02528713552015]],[[135.75199887895573,35.02352808332956],[135.75198328554825,35.0226053827415]],[[135.75198328554825,35.0226053827415],[135.75146090639737,35.02261031696924]],[[135.75146090639737,35.02261031696924],[135.751593450361,35.023537951785045]],[[135.751593450361,35.023537951785045],[135.75199887895573,35.02352808332956]],[[135.75094242559837,35.034706576282716],[135.75036936787316,35.033532230079736]],[[135.75036936787316,35.033532230079736],[135.7494415601276,35.03348782203004]],[[135.7494961370538,35.03507911047736],[135.75098920582084,35.03499769571959]],[[135.74850985403015,35.03660625396401],[135.74850985403015,35.036544576117215]],[[135.74850985403015,35.036544576117215],[135.7485020573264,35.0358981922828]],[[135.7477301836557,35.03661118819175],[135.74850985403015,35.03660625396401]],[[135.7426194443513,35.03301660328053],[135.74317301031715,35.03270574693268]],[[135.74317301031715,35.03270574693268],[135.74314572185406,35.03236035099063]],[[135.74314572185406,35.03236035099063],[135.74221401575662,35.03217531745024]],[[135.74221401575662,35.03217531745024],[135.74219452399726,35.03228140334673]],[[135.74219452399726,35.03228140334673],[135.74213994707105,35.03293272140888]],[[135.74213994707105,35.03293272140888],[135.7426194443513,35.03301660328053]],[[135.74647881270474,35.03540723662231],[135.74649440611225,35.035604605732054]],[[135.74649440611225,35.035604605732054],[135.74725848307918,35.035592270162695]],[[135.7586533656015,35.03492121518956],[135.75865726395338,35.034306903835486]],[[135.75865726395338,35.034306903835486],[135.75792047544954,35.0344722004649]],[[135.75792047544954,35.0344722004649],[135.75795556061638,35.03492614941731]],[[135.74926223594147,35.03653964188947],[135.74926223594147,35.03626332513583]],[[135.74926223594147,35.03626332513583],[135.7492583375896,35.03568108626208]],[[135.74850985403015,35.036544576117215],[135.74926223594147,35.03653964188947]],[[135.75050581018868,35.03276249055173],[135.7491452853853,35.03286364222048]],[[135.7491452853853,35.03286364222048],[135.7491452853853,35.03293025429502]],[[135.75036936787316,35.033532230079736],[135.7506032689855,35.0334039401584]],[[135.74683746107698,35.02668845619934],[135.74569524397845,35.026799476323575]],[[135.74569524397845,35.027332372919886],[135.74613185938813,35.02733484003375]],[[135.748209680936,35.02259058005827],[135.74822527434347,35.02297051559453]],[[135.7485878210676,35.023537951785045],[135.74905562329224,35.023537951785045]],[[135.74905562329224,35.023537951785045],[135.7490478265885,35.022593047172144]],[[135.7490478265885,35.022593047172144],[135.74882951888367,35.02259551428601]],[[135.74882951888367,35.02259551428601],[135.748209680936,35.02259058005827]],[[135.74911020021847,35.02493187112261],[135.74859561777134,35.024692561077046]],[[135.74842019193707,35.024692561077046],[135.7485176507339,35.02527973417854]],[[135.7526031234959,35.02379699874158],[135.7520027773076,35.02379453162771]],[[135.7520027773076,35.02379453162771],[135.75200667565946,35.024660488596716]],[[135.75200667565946,35.024660488596716],[135.75256803832906,35.02459881074992]],[[135.74511828790136,35.02960211768195],[135.74504811756768,35.02901247746659]],[[135.7447089609548,35.02902234592207],[135.74411641147023,35.02903961571917]],[[135.7438513235429,35.02904701706079],[135.74374996639423,35.02957004520161]],[[135.74374996639423,35.02957004520161],[135.7448064197516,35.02959965056807]],[[135.7448064197516,35.02959965056807],[135.74511828790136,35.02960211768195]],[[135.74425285378575,35.03020902769441],[135.7440774279515,35.03018682366957]],[[135.7440774279515,35.03018682366957],[135.74279876853743,35.03066050953295]],[[135.74279876853743,35.03066050953295],[135.74195282618118,35.03066050953295]],[[135.74195282618118,35.03066050953295],[135.74190214760685,35.031045379296955]],[[135.74190214760685,35.031045379296955],[135.7423816448871,35.03129702491188]],[[135.7423816448871,35.03129702491188],[135.74345759000383,35.03145985442742]],[[135.74345759000383,35.03145985442742],[135.74425675213763,35.03202729061793]],[[135.74425675213763,35.03202729061793],[135.7443581092863,35.032022356390186]],[[135.7443581092863,35.032022356390186],[135.74444387302748,35.03201988927632]],[[135.74444387302748,35.03201988927632],[135.74425285378575,35.03020902769441]],[[135.74436200763816,35.03382581663048],[135.7443152274157,35.0327476878685]],[[135.7443152274157,35.0327476878685],[135.7435862356156,35.032797030145936]],[[135.7435862356156,35.032797030145936],[135.7436291174862,35.03385542199694]],[[135.7436291174862,35.03385542199694],[135.74436200763816,35.03382581663048]],[[135.74645152424165,35.0343315749742],[135.74491167525215,35.03445493066779]],[[135.74491167525215,35.03445493066779],[135.74517286482757,35.03487187291213]],[[135.74517286482757,35.03487187291213],[135.74646321929725,35.03483980043179]],[[135.7418826558475,35.03480526083759],[135.74240503499834,35.034837333317924]],[[135.74240503499834,35.034837333317924],[135.74328216416959,35.03505443933864]],[[135.74328216416959,35.03505443933864],[135.74357843891187,35.03485213600115]],[[135.74357843891187,35.03485213600115],[135.74307165316847,35.03444012798456]],[[135.74307165316847,35.03444012798456],[135.7418826558475,35.03480526083759]],[[135.75146480474925,35.024389106070814],[135.75147260145297,35.02354041889892]],[[135.75147260145297,35.02354041889892],[135.7508371700978,35.023537951785045]],[[135.7508371700978,35.023537951785045],[135.7508371700978,35.02367857727574]],[[135.74767170837762,35.036845564009575],[135.7476873017851,35.03729457873424]],[[135.74848256556703,35.03738092771975],[135.74850985403015,35.03660625396401]],[[135.74190214760685,35.031045379296955],[135.7416253646239,35.03117860344603]],[[135.7416253646239,35.03117860344603],[135.74135637834473,35.032246863752526]],[[135.74135637834473,35.032246863752526],[135.74219452399726,35.03228140334673]],[[135.74221401575662,35.03217531745024],[135.7423816448871,35.03129702491188]],[[135.74964037607307,35.03265393754137],[135.74957410409124,35.031896533582724]],[[135.74957410409124,35.031896533582724],[135.7492427441821,35.03190640203822]],[[135.74895816449543,35.032219725499935],[135.7490049447179,35.03268354290783]],[[135.7490049447179,35.03268354290783],[135.74964037607307,35.03265393754137]],[[135.7515856536573,35.03606348891221],[135.74926223594147,35.03626332513583]],[[135.74926223594147,35.03653964188947],[135.74926223594147,35.036648194899826]],[[135.74121603767733,35.03538996682521],[135.7409938316206,35.034980425922484]],[[135.7409938316206,35.034980425922484],[135.74054162280345,35.03488667559536]],[[135.74054162280345,35.03488667559536],[135.74013229585688,35.03597467281283]],[[135.74013229585688,35.03597467281283],[135.74121603767733,35.03538996682521]],[[135.74957020573936,35.02296311425291],[135.74940257660887,35.0225881129444]],[[135.74940257660887,35.0225881129444],[135.7490478265885,35.022593047172144]],[[135.7435862356156,35.032797030145936],[135.74317301031715,35.03270574693268]],[[135.7426194443513,35.03301660328053],[135.74220621905286,35.03388009313566]],[[135.74220621905286,35.03388009313566],[135.7430521614091,35.033892428705016]],[[135.7430521614091,35.033892428705016],[135.7436291174862,35.03385542199694]],[[135.75028360413197,35.032626799288785],[135.74964037607307,35.03265393754137]],[[135.7490049447179,35.03268354290783],[135.7491452853853,35.03286364222048]],[[135.7520027773076,35.03776086325601],[135.75214701632686,35.03719836129324]],[[135.75054089535553,35.03835050347138],[135.7520027773076,35.03776086325601]],[[135.74527032362437,35.0264294092428],[135.7468101726139,35.026419540787316]],[[135.74702458196685,35.02609388175624],[135.74630728522237,35.02609388175624]],[[135.74630728522237,35.02609388175624],[135.74584727970145,35.026116085781084]],[[135.74089247447193,35.03329292003417],[135.7409275596388,35.03399851460151]],[[135.7409275596388,35.03399851460151],[135.74168773825386,35.03411200183961]],[[135.74168773825386,35.03411200183961],[135.74220621905286,35.03388009313566]],[[135.74213994707105,35.03293272140888],[135.74089247447193,35.03329292003417]],[[135.74511828790136,35.03023369883313],[135.74495065877088,35.03007086931759]],[[135.74495065877088,35.03007086931759],[135.74425285378575,35.03020902769441]],[[135.74444387302748,35.03201988927632],[135.74504811756768,35.031990283909856]],[[135.74504811756768,35.031990283909856],[135.74551202144045,35.03133649873383]],[[135.7458277879421,35.03073205583524],[135.74511828790136,35.03023369883313]],[[135.74642423577853,35.033840619313715],[135.74661915337214,35.03368765825366]],[[135.7460499939988,35.0337715401253],[135.74642423577853,35.033840619313715]],[[135.75865726395338,35.034306903835486],[135.75894184364003,35.03375180321433]],[[135.75827912382178,35.033544565649095],[135.7576475908185,35.03375673744207]],[[135.7576475908185,35.03375673744207],[135.7576475908185,35.03401331728474]],[[135.7576475908185,35.03401331728474],[135.75792047544954,35.0344722004649]],[[135.7432938592252,35.03542944064716],[135.74328216416959,35.03505443933864]],[[135.74240503499834,35.034837333317924],[135.74241673005398,35.03543930910264]],[[135.74241673005398,35.03543930910264],[135.7432938592252,35.03542944064716]],[[135.7520027773076,35.02379453162771],[135.75199887895573,35.02352808332956]],[[135.751593450361,35.023537951785045],[135.75147260145297,35.02354041889892]],[[135.75200667565946,35.024732034898996],[135.75200667565946,35.024660488596716]],[[135.75877031615767,35.03583404732213],[135.75934727223475,35.03602154797639]],[[135.76480886320763,35.03177564500301],[135.76480106650388,35.031005905475006]],[[135.76480106650388,35.031005905475006],[135.76437224779795,35.03001905992628]],[[135.74287673557487,35.025452432149564],[135.74244791686894,35.025020687221996]],[[135.7421438454229,35.025486971743774],[135.74244401851706,35.025486971743774]],[[135.74307165316847,35.03444012798456],[135.7430521614091,35.033892428705016]],[[135.74168773825386,35.03411200183961],[135.74143824373405,35.0347608527879]],[[135.74143824373405,35.0347608527879],[135.7418826558475,35.03480526083759]],[[135.74954681562815,35.03112185982698],[135.7493285079233,35.03098370145016]],[[135.7492427441821,35.03145985442742],[135.74954681562815,35.03112185982698]],[[135.77138538281596,35.02952810426579],[135.76966620964035,35.02916050429889]],[[135.76966620964035,35.02916050429889],[135.76937383324994,35.029167905640506]],[[135.76937383324994,35.029167905640506],[135.7694751903986,35.030073336431464]],[[135.7694751903986,35.030073336431464],[135.7694479019355,35.030433535056744]],[[135.7694479019355,35.030433535056744],[135.7692529843419,35.031294557798006]],[[135.7692529843419,35.031294557798006],[135.76905806674827,35.03163008528457]],[[135.76905806674827,35.03163008528457],[135.7689021326734,35.03186939533014]],[[135.7689021326734,35.03186939533014],[135.76910484697075,35.03195821142952]],[[135.76910484697075,35.03195821142952],[135.76997028108636,35.032311008713194],[135.77138538281596,35.02952810426579]],[[135.74481031810348,35.03544917755813],[135.74491947195588,35.035125985640924]],[[135.74491947195588,35.035125985640924],[135.74404234278464,35.03484966888728]],[[135.74404234278464,35.03484966888728],[135.74357843891187,35.03485213600115]],[[135.7432938592252,35.03542944064716],[135.7443152274157,35.03546151312749]],[[135.7443152274157,35.03546151312749],[135.74481031810348,35.03544917755813]],[[135.75005360137152,35.03107498466341],[135.75017055192768,35.03088254978142]],[[135.74954681562815,35.03112185982698],[135.75005360137152,35.03107498466341]],[[135.7588054013245,35.036643260672086],[135.75887167330634,35.03664572778596]],[[135.75887167330634,35.03664572778596],[135.7583298023961,35.0361868446058]],[[135.7576047089479,35.03683076132634],[135.7588054013245,35.036643260672086]],[[135.75695368418525,35.03583158020826],[135.7562324890889,35.03569588894531]],[[135.75571790664176,35.036083225823184],[135.75606875831025,35.036287996274545]],[[135.74416319169268,35.0245914094083],[135.74345759000383,35.02461608054702]],[[135.74345759000383,35.02461608054702],[135.74357454056,35.02535128048082]],[[135.74416319169268,35.02528220129241],[135.74416319169268,35.0245914094083]],[[135.74579660112713,35.02960951902356],[135.74582388959024,35.02960705190969]],[[135.74582388959024,35.02960705190969],[135.74577710936776,35.02897793787238]],[[135.74577710936776,35.02897793787238],[135.74555490331105,35.02897793787238]],[[135.74511828790136,35.02960211768195],[135.74579660112713,35.02960951902356]],[[135.75742928311365,35.03345574954971],[135.75719928035318,35.03288584624532]],[[135.75662622262797,35.03306841267184],[135.75661842592424,35.033144893201865]],[[135.75678215670285,35.03359884215428],[135.75709012650077,35.033781408580786]],[[135.75709012650077,35.033781408580786],[135.75742928311365,35.03345574954971]],[[135.74279876853743,35.03066050953295],[135.74288453227862,35.02976988142523]],[[135.74288453227862,35.02976988142523],[135.7423816448871,35.02974027605877]],[[135.7423816448871,35.02974027605877],[135.74185536738437,35.03052975249775]],[[135.74185536738437,35.03052975249775],[135.74195282618118,35.03066050953295]],[[135.75887167330634,35.03664572778596],[135.7591835414561,35.036682734494036]],[[135.74436200763816,35.03382581663048],[135.74464268897296,35.03413173875058]],[[135.74464268897296,35.03413173875058],[135.74485709832592,35.034121870295095]],[[135.74485709832592,35.034121870295095],[135.74528201868,35.03379621126402]],[[135.74523134010565,35.03280196437368],[135.74443217797187,35.03239982481258]],[[135.74443217797187,35.03239982481258],[135.7443152274157,35.0327476878685]],[[135.74644762588977,35.034260028671916],[135.74642423577853,35.033840619313715]],[[135.74485709832592,35.034121870295095],[135.74491167525215,35.03445493066779]],[[135.75934727223475,35.02667365351611],[135.75935506893848,35.026271513955]],[[135.74975342827736,35.038905604092534],[135.74985088707416,35.03882418933476]],[[135.74925054088587,35.037953298138014],[135.74847087051143,35.03792122565768]],[[135.74374996639423,35.02957004520161],[135.7440774279515,35.03018682366957]],[[135.74495065877088,35.03007086931759],[135.7448064197516,35.02959965056807]],[[135.74957410409124,35.031896533582724],[135.7500029227972,35.031622683942956]],[[135.7500029227972,35.031622683942956],[135.75005360137152,35.03107498466341]],[[135.74374996639423,35.02957004520161],[135.74289232898238,35.029555242518384]],[[135.74289232898238,35.029555242518384],[135.74288453227862,35.02976988142523]],[[135.76742075896198,35.028780568762635],[135.76729601170206,35.02877563453489]],[[135.76729601170206,35.02877563453489],[135.76694516003357,35.028918727139455]],[[135.76694516003357,35.028918727139455],[135.76692176992233,35.029180241209865]],[[135.76692176992233,35.029180241209865],[135.76693346497797,35.02935540629476]],[[135.76693346497797,35.02935540629476],[135.76714397597905,35.02941461702769]],[[135.76714397597905,35.02941461702769],[135.7674909292957,35.02941708414156]],[[135.7674909292957,35.02941708414156],[135.7679236463535,35.029392413002846]],[[135.7679236463535,35.029392413002846],[135.767908052946,35.02919010966536]],[[135.767908052946,35.02919010966536],[135.76742075896198,35.028780568762635]],[[135.74241673005398,35.03543930910264],[135.74241673005398,35.03546398024136]],[[135.74241673005398,35.03546398024136],[135.7443152274157,35.03546151312749]],[[135.75529298628769,35.036026482204136],[135.75391296972495,35.03598947549605]],[[135.75391296972495,35.03598947549605],[135.75306312901682,35.03596233724347]],[[135.7520027773076,35.03776086325601],[135.75587773906852,35.03726497336778]],[[135.74517286482757,35.03487187291213],[135.74491947195588,35.035125985640924]],[[135.74481031810348,35.03544917755813],[135.74649440611225,35.035604605732054]],[[135.75820895348807,35.029081556654994],[135.75847793976726,35.02942941971092]],[[135.75939015410535,35.029449156621894],[135.75938625575347,35.02918517543761]],[[135.75938625575347,35.02918517543761],[135.7593784590497,35.02877563453489]],[[135.74409691971087,35.023871012157734],[135.74474014776976,35.02327397060076]],[[135.74474014776976,35.02327397060076],[135.74472845271416,35.0229113048616]],[[135.74472845271416,35.0229113048616],[135.74399946091407,35.0229113048616]],[[135.74399946091407,35.0229113048616],[135.74295080426046,35.022908837747735]],[[135.74295080426046,35.022908837747735],[135.74295080426046,35.02321229275397]],[[135.74295080426046,35.02321229275397],[135.7438396284873,35.02386854504387]],[[135.7438396284873,35.02386854504387],[135.74409691971087,35.023871012157734]],[[135.76742075896198,35.028780568762635],[135.7669685501448,35.02814898761145]],[[135.7669685501448,35.02814898761145],[135.76696465179293,35.028630074816455]],[[135.76696465179293,35.028630074816455],[135.76729601170206,35.02877563453489]],[[135.74553541155169,35.03194587586016],[135.74504811756768,35.031990283909856]],[[135.7443581092863,35.032022356390186],[135.74443217797187,35.03239982481258]],[[135.74425675213763,35.03202729061793],[135.7435199636338,35.032207389930576]],[[135.7435199636338,35.032207389930576],[135.74314572185406,35.03236035099063]],[[135.74729356824602,35.024699962418666],[135.74645932094538,35.02532414222823]],[[135.74645932094538,35.02532414222823],[135.74630728522237,35.02609388175624]],[[135.75311770594303,35.026254244157904],[135.75311770594303,35.02541049121375]],[[135.75311770594303,35.02541049121375],[135.75248617293974,35.025400622758255]],[[135.75248617293974,35.025400622758255],[135.7524627828285,35.02627891529662]],[[135.7664812561608,35.03034718607123],[135.76670736056937,35.02947876198836]],[[135.76670736056937,35.02947876198836],[135.76640328912336,35.02947136064674]],[[135.76640328912336,35.02947136064674],[135.76604464075112,35.030559357864206]],[[135.76604464075112,35.030559357864206],[135.7664812561608,35.03034718607123]],[[135.74546913956985,35.02835622517669],[135.74699339515186,35.02832661981022]],[[135.7588054013245,35.036643260672086],[135.75870404417583,35.03739326328911]],[[135.75870404417583,35.03739326328911],[135.76033745361028,35.03733405255619]],[[135.74135637834473,35.032246863752526],[135.74095874645377,35.03239242347096]],[[135.74095874645377,35.03239242347096],[135.74089247447193,35.03329292003417]],[[135.74612016433252,35.024704896646405],[135.7460967742213,35.02529453686177]],[[135.7460967742213,35.02529453686177],[135.74645932094538,35.02532414222823]],[[135.74247520533206,35.0285560614003],[135.74247520533206,35.02848204798415]],[[135.74247520533206,35.02848204798415],[135.74162146627205,35.02849438355351]],[[135.74162146627205,35.02849438355351],[135.74155129593834,35.0290988264521]],[[135.74155129593834,35.0290988264521],[135.74200740310738,35.0291950438931]],[[135.74200740310738,35.0291950438931],[135.74248300203578,35.02900014189723]],[[135.7409275596388,35.03399851460151],[135.74054162280345,35.03488667559536]],[[135.7409938316206,35.034980425922484],[135.74143824373405,35.0347608527879]],[[135.74121603767733,35.03538996682521],[135.74241673005398,35.03546398024136]],[[135.7673194018133,35.0177402341863],[135.76733889357266,35.01811276838094]],[[135.76733889357266,35.01811276838094],[135.76797042657594,35.01906014010771]],[[135.76797042657594,35.01906014010771],[135.76823941285514,35.018667869002094]],[[135.76823941285514,35.018667869002094],[135.76817703922518,35.018149775089014]],[[135.76817703922518,35.018149775089014],[135.7685239925418,35.01720240336224]],[[135.7685239925418,35.01720240336224],[135.76833687165194,35.01725421275355]],[[135.76833687165194,35.01725421275355],[135.7673194018133,35.0177402341863]],[[135.74404234278464,35.03484966888728],[135.74464268897296,35.03413173875058]],[[135.7429313125011,35.02692529913104],[135.7420346915705,35.02703631925527]],[[135.7420346915705,35.02703631925527],[135.74168773825386,35.02702398368591]],[[135.74168773825386,35.02702398368591],[135.74170333166137,35.027882539313296]],[[135.74170333166137,35.027882539313296],[135.7424557135727,35.02790967756589]],[[135.7424557135727,35.02790967756589],[135.74330165592895,35.02787020374394]],[[135.75044343655873,35.031923671835315],[135.7500029227972,35.031622683942956]],[[135.74577710936776,35.02897793787238],[135.74666203524274,35.02903221437756]],[[135.7467516973358,35.029587314998714],[135.74582388959024,35.02960705190969]],[[135.74579660112713,35.02960951902356],[135.74576541431213,35.030283041110565]],[[135.74576541431213,35.030283041110565],[135.74586287310896,35.0306037659139]],[[135.75474331867372,35.021509984182416],[135.75474331867372,35.02093514665029]],[[135.75474331867372,35.02093514665029],[135.75395195324367,35.020945015105774]],[[135.75395195324367,35.020945015105774],[135.753698560372,35.021221331859415]],[[135.753698560372,35.021221331859415],[135.75386618950247,35.0215025828408]],[[135.75386618950247,35.0215025828408],[135.75474331867372,35.021509984182416]],[[135.75587384071665,35.0332904529203],[135.75535925826952,35.0332904529203]],[[135.75535925826952,35.0332904529203],[135.75541383519572,35.03401825151248]],[[135.75541383519572,35.03401825151248],[135.75602587643965,35.03388749447728]],[[135.75761250565162,35.022908837747735],[135.75692249737025,35.02285949547029]],[[135.75685622538845,35.02356015580989],[135.7575618270773,35.02358976117635]],[[135.74200740310738,35.0291950438931],[135.7423816448871,35.02974027605877]],[[135.74289232898238,35.029555242518384],[135.74287283722302,35.0290988264521]],[[135.7675299128144,35.03024603440249],[135.76715956938654,35.03032991627413]],[[135.76715956938654,35.03032991627413],[135.7664812561608,35.03034718607123]],[[135.76604464075112,35.030559357864206],[135.7663682039565,35.03082580616236]],[[135.7663682039565,35.03082580616236],[135.7670153303673,35.03089735246464]],[[135.7670153303673,35.03089735246464],[135.76747143753633,35.03092202360336]],[[135.76747143753633,35.03092202360336],[135.7675299128144,35.03024603440249]],[[135.7566106292205,35.02380193296933],[135.75660283251673,35.023636636339916]],[[135.75504739011976,35.02357989272086],[135.75505128847163,35.02381673565256]],[[135.75523061265775,35.02472956778512],[135.7563845248119,35.025028088563616]],[[135.74508320273452,35.0232616350314],[135.74505981262328,35.0229113048616]],[[135.74505981262328,35.0229113048616],[135.74472845271416,35.0229113048616]],[[135.74474014776976,35.02327397060076],[135.74508320273452,35.0232616350314]],[[135.75857150021218,35.032429430179036],[135.75806081611694,35.031970546998885]],[[135.75776454137466,35.031911336265956],[135.75742928311365,35.032397357698706]],[[135.75742928311365,35.03345574954971],[135.7576475908185,35.03375673744207]],[[135.75019394203892,35.022881699495144],[135.75020173874265,35.02259798139988]],[[135.75020173874265,35.02259798139988],[135.74941817001636,35.0225881129444]],[[135.74941817001636,35.0225881129444],[135.74940257660887,35.0225881129444]],[[135.74607728246193,35.02334551690304],[135.7464437275379,35.0232616350314]],[[135.7464320324823,35.02290637063386],[135.74607728246193,35.02291870620322]],[[135.74607728246193,35.02291870620322],[135.7457264307934,35.023269036373016]],[[135.7457264307934,35.023269036373016],[135.74607728246193,35.02334551690304]],[[135.74836561501087,35.03259472680845],[135.7483500216034,35.03213090940055]],[[135.74219452399726,35.023866077929995],[135.74217113388602,35.02442611277889]],[[135.74295080426046,35.02442857989276],[135.74289232898238,35.023893216182586]],[[135.765682094027,35.03054948940872],[135.76604464075112,35.030559357864206]],[[135.76640328912336,35.02947136064674],[135.76641498417897,35.029180241209865]],[[135.76641498417897,35.029180241209865],[135.76443072307603,35.02928879422023]],[[135.76480106650388,35.031005905475006],[135.765682094027,35.03054948940872]],[[135.7692529843419,35.031294557798006],[135.76905806674827,35.03163008528457]],[[135.76871891013542,35.026760002501625],[135.76877348706162,35.02755934739609]],[[135.76877348706162,35.02755934739609],[135.76885535245094,35.02785293394683]],[[135.76885535245094,35.02785293394683],[135.76948298710235,35.028005895006885]],[[135.76948298710235,35.028005895006885],[135.7693231546756,35.026747666932266]],[[135.7693231546756,35.026747666932266],[135.76905416839642,35.026752601160005]],[[135.76905416839642,35.026752601160005],[135.76871891013542,35.026760002501625]],[[135.76670736056937,35.02947876198836],[135.76693346497797,35.02935540629476]],[[135.76692176992233,35.029180241209865],[135.76641498417897,35.029180241209865]],[[135.74576541431213,35.030283041110565],[135.74511828790136,35.03023369883313]],[[135.7424557135727,35.02790967756589],[135.74247520533206,35.02848204798415]],[[135.74607728246193,35.02334551690304],[135.74608507916565,35.02379206451384]],[[135.74785103256374,35.02298285116389],[135.74676339239141,35.02290637063386]],[[135.74454912852804,35.023871012157734],[135.74509489779012,35.023853742360636]],[[135.74509489779012,35.023853742360636],[135.74508320273452,35.0232616350314]],[[135.74409691971087,35.023871012157734],[135.74454912852804,35.023871012157734]],[[135.7687890804691,35.030448337739976],[135.76847721231934,35.03168189467588]],[[135.76847721231934,35.03168189467588],[135.7689021326734,35.03186939533014]],[[135.7694479019355,35.030433535056744],[135.7687890804691,35.030448337739976]],[[135.7422296091641,35.0226053827415],[135.74221401575662,35.02326410214527]],[[135.74221401575662,35.02326410214527],[135.74220621905286,35.023582359834734]],[[135.74286114216738,35.02357495849312],[135.74295080426046,35.02321229275397]],[[135.74295080426046,35.022908837747735],[135.7429547026123,35.02261771831086]],[[135.7429547026123,35.02261771831086],[135.7422296091641,35.0226053827415]],[[135.75717978859382,35.02451739599215],[135.7574760633361,35.024514928878276]],[[135.75395195324367,35.03355936833233],[135.75329313177727,35.0334483482081]],[[135.75329313177727,35.0334483482081],[135.75323075814734,35.03364571731784]],[[135.75391296972495,35.03399851460151],[135.75395195324367,35.03355936833233]],[[135.753698560372,35.02258317871665],[135.75387398620623,35.02226245391332]],[[135.75387398620623,35.02226245391332],[135.75386618950247,35.0215025828408]],[[135.753698560372,35.021221331859415],[135.75315668946175,35.02124353588426]],[[135.75315668946175,35.02124353588426],[135.75299295868314,35.02159139894019]],[[135.75299295868314,35.02159139894019],[135.75299295868314,35.022225447205244]],[[135.75299295868314,35.022225447205244],[135.75300075538686,35.02258317871665]],[[135.75201057401134,35.025277267064666],[135.75248617293974,35.025400622758255]],[[135.75311770594303,35.02541049121375],[135.75331262353663,35.02500588453877]],[[135.75541383519572,35.03401825151248],[135.7554177335476,35.034936017872795]],[[135.75602977479153,35.03494341921441],[135.7567080880173,35.034691773599484]],[[135.7567080880173,35.034691773599484],[135.75678605505473,35.03371973073399]],[[135.7675299128144,35.03024603440249],[135.7674909292957,35.02941708414156]],[[135.76714397597905,35.02941461702769],[135.76715956938654,35.03032991627413]],[[135.7430521614091,35.02449272485343],[135.74345759000383,35.02461608054702]],[[135.74416319169268,35.0245914094083],[135.74428404060072,35.024588942294436]],[[135.74428404060072,35.024588942294436],[135.74454912852804,35.023871012157734]],[[135.7438396284873,35.02386854504387],[135.74376166144987,35.023866077929995]],[[135.74376166144987,35.023866077929995],[135.74292351579734,35.02387594638548]],[[135.75647808525684,35.01989155748251],[135.7556126511412,35.01865306631886]],[[135.7556126511412,35.01865306631886],[135.7548758626374,35.018667869002094]],[[135.7548758626374,35.018667869002094],[135.75450551920952,35.01893431730025]],[[135.75450551920952,35.01893431730025],[135.75450551920952,35.01902560051351]],[[135.75450551920952,35.01902560051351],[135.75500840660104,35.01991376150736]],[[135.75500840660104,35.01991376150736],[135.75647808525684,35.01989155748251]],[[135.7457264307934,35.023269036373016],[135.74508320273452,35.0232616350314]],[[135.74509489779012,35.023853742360636],[135.7457264307934,35.023910485979684]],[[135.76923349258254,35.02333811556143],[135.7692373909344,35.02406097992586]],[[135.7692373909344,35.02406097992586],[135.7692646793975,35.025906381101976]],[[135.7692646793975,35.025906381101976],[135.7693231546756,35.026747666932266]],[[135.76948298710235,35.028005895006885],[135.76966620964035,35.02916050429889]],[[135.77138538281596,35.02952810426579],[135.77149843502025,35.0225437048947]],[[135.77149843502025,35.0225437048947],[135.76923349258254,35.02333811556143]],[[135.7538934779656,35.01835701265425],[135.75388178290999,35.01773283284468]],[[135.75388178290999,35.01773283284468],[135.75258363173654,35.01791046504345]],[[135.75258363173654,35.01791046504345],[135.75271227734834,35.01819911736645]],[[135.75271227734834,35.01819911736645],[135.75332042024039,35.01868020457145]],[[135.75332042024039,35.01868020457145],[135.75342177738906,35.01867773745758]],[[135.75342177738906,35.01867773745758],[135.7538934779656,35.01835701265425]],[[135.76852009418994,35.03027563976895],[135.7687345035429,35.030105408911794]],[[135.7687345035429,35.030105408911794],[135.7688046738766,35.02917283986825]],[[135.7688046738766,35.02917283986825],[135.76821992109578,35.029187642551484]],[[135.76821992109578,35.029187642551484],[135.76833687165194,35.03029044245218]],[[135.76833687165194,35.03029044245218],[135.76852009418994,35.03027563976895]],[[135.75329313177727,35.0334483482081],[135.75256413997718,35.033394071702915]],[[135.75256413997718,35.033394071702915],[135.75214701632686,35.03350262471327]],[[135.75214701632686,35.03350262471327],[135.7517649778434,35.03351249316876]],[[135.7517649778434,35.03351249316876],[135.75172989267654,35.033944238096325]],[[135.7692646793975,35.025906381101976],[135.76905416839642,35.026752601160005]],[[135.7567041896654,35.034844734659536],[135.7567080880173,35.034691773599484]],[[135.75626367590385,35.03538503259746],[135.7567041896654,35.034844734659536]],[[135.74428404060072,35.024588942294436],[135.745098796142,35.02470983087415]],[[135.745098796142,35.02470983087415],[135.74606948575817,35.024704896646405]],[[135.7534451675003,35.01997790646802],[135.75392856313243,35.01945981255494]],[[135.75392856313243,35.01945981255494],[135.7539207664287,35.01894171864186]],[[135.7539207664287,35.01894171864186],[135.75342177738906,35.01867773745758]],[[135.75332042024039,35.01868020457145],[135.75282532955262,35.018924448844764]],[[135.75282532955262,35.018924448844764],[135.75289160153446,35.01953629308497]],[[135.75289160153446,35.01953629308497],[135.7534451675003,35.01997790646802]],[[135.74166044979077,35.02539815564439],[135.74091586458317,35.025190918079154]],[[135.74091586458317,35.025190918079154],[135.7408963728238,35.026084013300746]],[[135.7408963728238,35.026084013300746],[135.74113027393614,35.02625671127178]],[[135.74113027393614,35.02625671127178],[135.74216333718226,35.026431876356675]],[[135.74216333718226,35.026431876356675],[135.74244791686894,35.026175296514005]],[[135.7576475908185,35.03401331728474],[135.75709012650077,35.033781408580786]],[[135.7567041896654,35.034844734659536],[135.7573669094837,35.03537022991423]],[[135.74838120841835,35.03366792134268],[135.7472974665979,35.033714796506246]],[[135.77006773988316,35.02139649694431],[135.76986112723395,35.0213890956027]],[[135.76986112723395,35.0213890956027],[135.76780279744546,35.02194172910998]],[[135.76780279744546,35.02194172910998],[135.7700482481238,35.02173202443088]],[[135.7700482481238,35.02173202443088],[135.77006773988316,35.02139649694431]],[[135.7663682039565,35.03082580616236],[135.7663682039565,35.03169669735911]],[[135.7663682039565,35.03169669735911],[135.76675024243997,35.031706565814595]],[[135.76675024243997,35.031706565814595],[135.7670153303673,35.03089735246464]],[[135.75474331867372,35.02093514665029],[135.7547472170256,35.02056754668339]],[[135.7547472170256,35.02056754668339],[135.7539480548918,35.02029863127136]],[[135.7539480548918,35.02029863127136],[135.75395195324367,35.020945015105774]],[[135.74512608460512,35.0252920697479],[135.745098796142,35.02470983087415]],[[135.76877348706162,35.02755934739609],[135.76818483592893,35.027579084307064]],[[135.76818483592893,35.027579084307064],[135.76821212439202,35.02807990842304]],[[135.76821212439202,35.02807990842304],[135.76885535245094,35.02785293394683]],[[135.7687890804691,35.030448337739976],[135.76852009418994,35.03027563976895]],[[135.76833687165194,35.03029044245218],[135.76823161615138,35.03157334166552]],[[135.76823161615138,35.03157334166552],[135.76847721231934,35.03168189467588]],[[135.7624776487881,35.03682089287086],[135.76337816807055,35.03691957742573]],[[135.75381940928003,35.02500835165264],[135.75394025818807,35.025139108687846]],[[135.75290719494194,35.0204441909898],[135.75199498060385,35.02018761114713]],[[135.75199498060385,35.02018761114713],[135.75199498060385,35.02027396013264]],[[135.75199498060385,35.02027396013264],[135.75199108225198,35.021176923809726]],[[135.75199108225198,35.021176923809726],[135.75199108225198,35.021233667428774]],[[135.75199108225198,35.021233667428774],[135.75299295868314,35.02159139894019]],[[135.75315668946175,35.02124353588426],[135.75290719494194,35.0204441909898]],[[135.75395195324367,35.03355936833233],[135.7541312774298,35.033315124059015]],[[135.75252515645846,35.0323800879016],[135.75256413997718,35.033394071702915]],[[135.7682277177995,35.028440107048326],[135.76821212439202,35.02807990842304]],[[135.76818483592893,35.027579084307064],[135.7681458524102,35.02678467364034]],[[135.7681458524102,35.02678467364034],[135.76776381392673,35.02679454209583]],[[135.76776381392673,35.02679454209583],[135.76781839085294,35.02781346012488]],[[135.76781839085294,35.02781346012488],[135.7678807644829,35.02877810164876]],[[135.7678807644829,35.02877810164876],[135.7682277177995,35.028440107048326]],[[135.76747143753633,35.03092202360336],[135.76736618203577,35.03126988665929]],[[135.76736618203577,35.03126988665929],[135.76768194853742,35.03133156450608]],[[135.76768194853742,35.03133156450608],[135.7679236463535,35.029392413002846]],[[135.769950789327,35.019625109184354],[135.76915162719322,35.01967198434792]],[[135.76915162719322,35.01967198434792],[135.76875789365414,35.02079205404572]],[[135.76875789365414,35.02079205404572],[135.76986112723395,35.0213890956027]],[[135.77006773988316,35.02139649694431],[135.77151013007588,35.02142610231078]],[[135.77151013007588,35.02142610231078],[135.77155301194648,35.019881689027024]],[[135.77155301194648,35.019881689027024],[135.769950789327,35.019625109184354]],[[135.75214701632686,35.03350262471327],[135.75212362621562,35.03249604225358]],[[135.7514141261749,35.03334966365322],[135.7517649778434,35.03351249316876]],[[135.75227566193865,35.0226053827415],[135.75198328554825,35.0226053827415]],[[135.75261481855154,35.022881699495144],[135.75227566193865,35.0226053827415]],[[135.7688046738766,35.02917283986825],[135.76883975904343,35.02917283986825]],[[135.76883975904343,35.02917283986825],[135.7682277177995,35.028440107048326]],[[135.7678807644829,35.02877810164876],[135.767908052946,35.02919010966536]],[[135.767908052946,35.02919010966536],[135.76821992109578,35.029187642551484]],[[135.75479789559992,35.03331265694514],[135.75535925826952,35.0332904529203]],[[135.76622006658536,35.03259719392232],[135.7663643056046,35.03217778456411]],[[135.7663643056046,35.03217778456411],[135.76552226160024,35.03215804765314]],[[135.76552226160024,35.03215804765314],[135.76551836324836,35.03239489058483]],[[135.76564311050828,35.03271561538817],[135.76622006658536,35.03259719392232]],[[135.76542090445156,35.03333979519773],[135.7661148110848,35.03285377376499]],[[135.7661148110848,35.03285377376499],[135.76622006658536,35.03259719392232]],[[135.7508371700978,35.023537951785045],[135.75083327174596,35.023162950476525]],[[135.7429313125011,35.02357495849312],[135.74376166144987,35.023866077929995]],[[135.7694751903986,35.030073336431464],[135.7687345035429,35.030105408911794]],[[135.77028994593988,35.01902560051351],[135.77029384429176,35.01853464485302]],[[135.77029384429176,35.01853464485302],[135.770286047588,35.01778464223599]],[[135.770286047588,35.01778464223599],[135.76999756954947,35.01856178310561]],[[135.76999756954947,35.01856178310561],[135.77000926460508,35.01900092937479]],[[135.77000926460508,35.01900092937479],[135.77000926460508,35.019331522633614]],[[135.77000926460508,35.019331522633614],[135.77028994593988,35.01902560051351]],[[135.76552226160024,35.03215804765314],[135.76563531380452,35.03157827589327]],[[135.76563531380452,35.03157827589327],[135.765682094027,35.03054948940872]],[[135.74216333718226,35.026431876356675],[135.7420346915705,35.02703631925527]],[[135.74565626045973,35.02530440531726],[135.7460967742213,35.02529453686177]],[[135.76666058034692,35.03213831074216],[135.76680871771805,35.03200508659309]],[[135.76680871771805,35.03200508659309],[135.76675024243997,35.031706565814595]],[[135.7663682039565,35.03169669735911],[135.76563531380452,35.03157827589327]],[[135.7663643056046,35.03217778456411],[135.76666058034692,35.03213831074216]],[[135.75392466478058,35.03503963665541],[135.75391296972495,35.03598947549605]],[[135.76680871771805,35.03200508659309],[135.76736618203577,35.03126988665929]],[[135.76776381392673,35.02679454209583],[135.76757279468498,35.02383153833579]],[[135.76757279468498,35.02383153833579],[135.76754160787002,35.023392392066604]],[[135.76754160787002,35.023392392066604],[135.76754160787002,35.02331344442271]],[[135.76754160787002,35.02331344442271],[135.76706211058973,35.02331591153658],[135.76697634684857,35.02779865744166]],[[135.76697634684857,35.02779865744166],[135.76781839085294,35.02781346012488]],[[135.76768194853742,35.03133156450608],[135.76823161615138,35.03157334166552]],[[135.75652876383117,35.02255110623632],[135.7565092720718,35.01996063667092]],[[135.7565092720718,35.01996063667092],[135.75647808525684,35.01989155748251]],[[135.75500840660104,35.01991376150736],[135.7547472170256,35.02056754668339]],[[135.75474331867372,35.021509984182416],[135.7547472170256,35.02256344180568]],[[135.7547472170256,35.02256344180568],[135.75500840660104,35.022664593474424]],[[135.75500840660104,35.022664593474424],[135.7552773928802,35.02288416660902]],[[135.76768194853742,35.03133156450608],[135.7669256682742,35.03228880468834]],[[135.7669256682742,35.03228880468834],[135.7663954924196,35.03299439925568]],[[135.7663954924196,35.03299439925568],[135.76567429732324,35.03394177098246]],[[135.76559243193392,35.036026482204136],[135.76910484697075,35.03195821142952]],[[135.76937383324994,35.029167905640506],[135.76883975904343,35.02917283986825]],[[135.7435199636338,35.032207389930576],[135.74345759000383,35.03145985442742]],[[135.76666058034692,35.03213831074216],[135.7669256682742,35.03228880468834]],[[135.75756962378105,35.03717122304065],[135.75870404417583,35.03739326328911]],[[135.76697634684857,35.02779865744166],[135.7669685501448,35.02814898761145]],[[135.7663954924196,35.03299439925568],[135.7661148110848,35.03285377376499]],[[135.76944010523175,35.01762921406206],[135.7693777316018,35.01652641416137]],[[135.7693777316018,35.01652641416137],[135.76881636893222,35.01655108530009]],[[135.76881636893222,35.01655108530009],[135.7687890804691,35.01717279799578]],[[135.7687890804691,35.01717279799578],[135.76907755850763,35.017626746948196]],[[135.76907755850763,35.017626746948196],[135.76941281676866,35.01762921406206]],[[135.76941281676866,35.01762921406206],[135.76944010523175,35.01762921406206]],[[135.75271227734834,35.01819911736645],[135.75200667565946,35.01847543412009]],[[135.75200667565946,35.01847543412009],[135.75201057401134,35.01871227705179]],[[135.75201057401134,35.01871227705179],[135.75200667565946,35.01886523811184]],[[135.75200667565946,35.01886523811184],[135.75282532955262,35.018924448844764]],[[135.75464196152504,35.02300998941648],[135.75500840660104,35.022664593474424]],[[135.7547472170256,35.02256344180568],[135.75387398620623,35.02226245391332]],[[135.77158809711332,35.0184137562733],[135.77159979216893,35.01778710934986]],[[135.77159979216893,35.01778710934986],[135.770286047588,35.01778464223599]],[[135.77029384429176,35.01853464485302],[135.77158809711332,35.0184137562733]],[[135.7681458524102,35.02678467364034],[135.76871891013542,35.026760002501625]],[[135.7692373909344,35.02406097992586],[135.76757279468498,35.02383153833579]],[[135.76999756954947,35.01856178310561],[135.7695024788617,35.01856671733335]],[[135.7695024788617,35.01856671733335],[135.77000926460508,35.01900092937479]],[[135.7584701430635,35.0182385911884],[135.7584584480079,35.01771309593371]],[[135.7584584480079,35.01771309593371],[135.75759301389226,35.017387436902624]],[[135.75759301389226,35.017387436902624],[135.75763589576286,35.01870980993792]],[[135.75763589576286,35.01870980993792],[135.75771776115218,35.018714744165656]],[[135.75771776115218,35.018714744165656],[135.75839607437794,35.018739415304374]],[[135.75839607437794,35.018739415304374],[135.7584701430635,35.0182385911884]],[[135.75758521718853,35.0211004432797],[135.7575735221329,35.02039238159849]],[[135.7575735221329,35.02039238159849],[135.75719148364945,35.02032576952395]],[[135.75719148364945,35.02032576952395],[135.75758521718853,35.0211004432797]],[[135.75931998377163,35.01990389305187],[135.75935117058663,35.018734481076635]],[[135.75935117058663,35.018734481076635],[135.75906659089995,35.01873201396276]],[[135.75906659089995,35.01873201396276],[135.75895353869566,35.019417871619126]],[[135.75895353869566,35.019417871619126],[135.75931998377163,35.01990389305187]],[[135.7548758626374,35.018667869002094],[135.75450551920952,35.01837181533748]],[[135.75450551920952,35.01837181533748],[135.7538934779656,35.01835701265425]],[[135.7539207664287,35.01894171864186],[135.75450551920952,35.01893431730025]],[[135.75829471722926,35.01996063667092],[135.7584584480079,35.019403068935894]],[[135.7584584480079,35.019403068935894],[135.75839607437794,35.018739415304374]],[[135.75771776115218,35.018714744165656],[135.75755013202166,35.0195338259711]],[[135.75755013202166,35.0195338259711],[135.7577684397265,35.0199631037848]],[[135.7577684397265,35.0199631037848],[135.75829471722926,35.01996063667092]],[[135.76923349258254,35.02333811556143],[135.76754160787002,35.023392392066604]],[[135.75392856313243,35.01945981255494],[135.75450551920952,35.01902560051351]],[[135.75146090639737,35.02261031696924],[135.75141022782302,35.02261031696924]],[[135.75141022782302,35.02261031696924],[135.75082937339408,35.02260291562763]],[[135.75082937339408,35.02260291562763],[135.7507825931716,35.02277314648478]],[[135.75759301389226,35.017387436902624],[135.75686792044405,35.017639082517555]],[[135.75686792044405,35.017639082517555],[135.75679775011034,35.018667869002094]],[[135.75679775011034,35.018667869002094],[135.75763589576286,35.01870980993792]],[[135.76881636893222,35.01655108530009],[135.76833687165194,35.01725421275355]],[[135.7685239925418,35.01720240336224],[135.7687890804691,35.01717279799578]],[[135.7689839980627,35.01864813209112],[135.76823941285514,35.018667869002094]],[[135.76797042657594,35.01906014010771],[135.76831737989258,35.02065142855503]],[[135.76831737989258,35.02065142855503],[135.76875789365414,35.02079205404572]],[[135.76915162719322,35.01967198434792],[135.7689839980627,35.01864813209112]],[[135.76696465179293,35.028630074816455],[135.76694516003357,35.028918727139455]],[[135.7593238821235,35.02271640286573],[135.7593277804754,35.0225881129444]],[[135.7593277804754,35.0225881129444],[135.75848963482287,35.02259058005827]],[[135.75848963482287,35.02259058005827],[135.7583843793223,35.022593047172144]],[[135.76697634684857,35.02779865744166],[135.7623801899913,35.02753714337124],[135.76237239328754,35.02927645865087]],[[135.75772555785593,35.02257577737504],[135.75746046992862,35.02231426330463]],[[135.75746046992862,35.02231426330463],[135.7568445303328,35.022257519685574]],[[135.7568445303328,35.022257519685574],[135.7567938517585,35.022519033755984]],[[135.77156860535396,35.01903053474125],[135.77028994593988,35.01902560051351]],[[135.77000926460508,35.019331522633614],[135.769950789327,35.019625109184354]],[[135.77155301194648,35.019881689027024],[135.77156860535396,35.01903053474125]],[[135.77156860535396,35.01903053474125],[135.77158809711332,35.0184137562733]],[[135.75747216498422,35.021431036538516],[135.75782301665274,35.02128300970621]],[[135.75782301665274,35.02128300970621],[135.75758521718853,35.0211004432797]],[[135.75719148364945,35.02032576952395],[135.75719148364945,35.02023942053844]],[[135.75719148364945,35.02023942053844],[135.7568172418697,35.02141623385529]],[[135.7568172418697,35.02141623385529],[135.75747216498422,35.021431036538516]],[[135.77159979216893,35.01778710934986],[135.77159979216893,35.01757493755689]],[[135.77159979216893,35.01757493755689],[135.76944010523175,35.01762921406206]],[[135.76941281676866,35.01762921406206],[135.7695024788617,35.01856671733335]],[[135.76754160787002,35.02331344442271],[135.7674870309438,35.02195159756547]],[[135.7674870309438,35.02195159756547],[135.76746364083257,35.02136195735011]],[[135.76746364083257,35.02136195735011],[135.76733889357266,35.01811276838094]],[[135.7673194018133,35.0177402341863],[135.7673038084058,35.017461450318784],[135.75938625575347,35.017382502674884]],[[135.75938625575347,35.017382502674884],[135.75935117058663,35.018734481076635]],[[135.75931998377163,35.01990389305187],[135.7593277804754,35.02031343395459]],[[135.7593277804754,35.02031343395459],[135.7593277804754,35.0225881129444]],[[135.75938625575347,35.02918517543761],[135.7619279811741,35.029259188853764]],[[135.75895353869566,35.019417871619126],[135.7584584480079,35.019403068935894]],[[135.75829471722926,35.01996063667092],[135.75850132987847,35.02052313863369]],[[135.75850132987847,35.02052313863369],[135.7593277804754,35.02031343395459]],[[135.75679775011034,35.018667869002094],[135.75682893692533,35.019514089060124]],[[135.75682893692533,35.019514089060124],[135.75755013202166,35.0195338259711]],[[135.76875399530226,35.01811523549481],[135.7692101024713,35.01859138847207]],[[135.7692101024713,35.01859138847207],[135.7695024788617,35.01856671733335]],[[135.76907755850763,35.017626746948196],[135.76875399530226,35.01811523549481]],[[135.75199498060385,35.02027396013264],[135.75123480198877,35.020286295702]],[[135.75123480198877,35.020286295702],[135.75147260145297,35.02117445669585]],[[135.75147260145297,35.02117445669585],[135.75199108225198,35.021176923809726]],[[135.7692101024713,35.01859138847207],[135.7689839980627,35.01864813209112]],[[135.75123480198877,35.020286295702],[135.75084886515344,35.02029122992975]],[[135.75084886515344,35.02029122992975],[135.7508956453759,35.021181858037465]],[[135.7508956453759,35.021181858037465],[135.75147260145297,35.02117445669585]],[[135.77149843502025,35.0225437048947],[135.77150233337213,35.02173449154475]],[[135.77150233337213,35.02173449154475],[135.7700482481238,35.02173202443088]],[[135.76780279744546,35.02194172910998],[135.7674870309438,35.02195159756547]],[[135.76875399530226,35.01811523549481],[135.76817703922518,35.018149775089014]],[[135.7556126511412,35.01865306631886],[135.75560875278936,35.01821885427743]],[[135.75560875278936,35.01821885427743],[135.75451331591327,35.01770076036435]],[[135.75451331591327,35.01770076036435],[135.75450551920952,35.01837181533748]],[[135.76746364083257,35.02136195735011],[135.76831737989258,35.02065142855503]],[[135.77150233337213,35.02173449154475],[135.77151013007588,35.02142610231078]],[[135.75451331591327,35.01770076036435],[135.75388178290999,35.01773283284468]],[[135.75258363173654,35.01791046504345],[135.7520027773076,35.01782411605794]],[[135.7520027773076,35.01782411605794],[135.75200667565946,35.01847543412009]],[[135.75227566193865,35.0226053827415],[135.75299295868314,35.022225447205244]],[[135.75199108225198,35.021233667428774],[135.75198328554825,35.0226053827415]],[[135.7534451675003,35.01997790646802],[135.75346076090779,35.02031343395459]],[[135.75346076090779,35.02031343395459],[135.7539480548918,35.02029863127136]],[[135.7568172418697,35.02141623385529],[135.7568445303328,35.022257519685574]],[[135.75746046992862,35.02231426330463],[135.75747216498422,35.021431036538516]],[[135.75938625575347,35.017382502674884],[135.7584584480079,35.01771309593371]],[[135.7584701430635,35.0182385911884],[135.75906659089995,35.01873201396276]],[[135.75200667565946,35.01886523811184],[135.75199887895573,35.01953629308497]],[[135.75199887895573,35.01953629308497],[135.75289160153446,35.01953629308497]],[[135.75864946724963,35.02105850234388],[135.75850132987847,35.02052313863369]],[[135.7577684397265,35.0199631037848],[135.7575735221329,35.02039238159849]],[[135.75782301665274,35.02128300970621],[135.75829471722926,35.021280542592336]],[[135.75829471722926,35.021280542592336],[135.75864946724963,35.02105850234388]],[[135.75848963482287,35.02259058005827],[135.75897303045502,35.02159633316793]],[[135.75897303045502,35.02159633316793],[135.75829471722926,35.021280542592336]],[[135.75897303045502,35.02159633316793],[135.75864946724963,35.02105850234388]],[[135.75719148364945,35.02023942053844],[135.75665740944297,35.01995816955705]],[[135.75665740944297,35.01995816955705],[135.7565092720718,35.01996063667092]],[[135.75686792044405,35.017639082517555],[135.75560875278936,35.01821885427743]],[[135.75665740944297,35.01995816955705],[135.75682893692533,35.019514089060124]],[[135.75147260145297,35.02117445669585],[135.75141022782302,35.02261031696924]],[[135.75199887895573,35.01976573467505],[135.75199887895573,35.01953629308497]],[[135.75201057401134,35.01871227705179],[135.7514842965086,35.018707342824044]],[[135.7514842965086,35.018707342824044],[135.75148039815673,35.018991060919305]],[[135.75148039815673,35.018991060919305],[135.7514959915642,35.01975586621956]],[[135.7514959915642,35.01975586621956],[135.75199887895573,35.01976573467505]],[[135.75133226078557,35.01841869050104],[135.7514842965086,35.018707342824044]],[[135.7520027773076,35.01782411605794],[135.7520027773076,35.01735289730842]],[[135.7520027773076,35.01735289730842],[135.75141022782302,35.01770569459209]],[[135.75141022782302,35.01770569459209],[135.75133226078557,35.01841869050104]],[[135.77159979216893,35.01757493755689],[135.77158809711332,35.01664483562721],[135.7693777316018,35.01652641416137]],[[135.7520027773076,35.01678792823178],[135.75129717561873,35.01579614845531]],[[135.75129717561873,35.01579614845531],[135.75106717285828,35.01679039534565]],[[135.75106717285828,35.01679039534565],[135.7520027773076,35.01678792823178]],[[135.75082937339408,35.02260291562763],[135.7508956453759,35.021181858037465]],[[135.7508956453759,35.021181858037465],[135.75023292555764,35.02118679226521]],[[135.75023292555764,35.02118679226521],[135.75022512885388,35.02118679226521]],[[135.75022512885388,35.02118679226521],[135.75020173874265,35.02259798139988]],[[135.75084886515344,35.02029122992975],[135.75054869205928,35.020296164157486]],[[135.75054869205928,35.020296164157486],[135.75020563709452,35.020303565499106]],[[135.75020563709452,35.020303565499106],[135.75021343379828,35.02072790908505]],[[135.75021343379828,35.02072790908505],[135.75023292555764,35.02118679226521]],[[135.7505603871149,35.01977560313053],[135.7508800519684,35.01960290515951]],[[135.7508800519684,35.01960290515951],[135.7508800519684,35.01898119246381]],[[135.7508800519684,35.01898119246381],[135.75054089535553,35.0187196783934]],[[135.75054089535553,35.0187196783934],[135.7501549585202,35.019010797830276]],[[135.7501549585202,35.019010797830276],[135.75015885687208,35.01967198434792]],[[135.75015885687208,35.01967198434792],[135.7505603871149,35.01977560313053]],[[135.75148039815673,35.018991060919305],[135.7508800519684,35.01898119246381]],[[135.7508800519684,35.01960290515951],[135.7514959915642,35.01975586621956]],[[135.75141022782302,35.01770569459209],[135.75097361241336,35.017698293250476]],[[135.75097361241336,35.017698293250476],[135.7509775107652,35.01838415090684]],[[135.7509775107652,35.01838415090684],[135.75133226078557,35.01841869050104]],[[135.75051750524432,35.01735783153617],[135.750069194779,35.017703227478215]],[[135.750069194779,35.017703227478215],[135.75008088983463,35.01840882204556]],[[135.75008088983463,35.01840882204556],[135.7505447937074,35.01862592806627]],[[135.7505447937074,35.01862592806627],[135.7509775107652,35.01838415090684]],[[135.75097361241336,35.017698293250476],[135.75080598328285,35.01735783153617]],[[135.75080598328285,35.01735783153617],[135.75051750524432,35.01735783153617]],[[135.75129717561873,35.01579614845531],[135.75051360689244,35.015820819594026]],[[135.75051360689244,35.015820819594026],[135.75051750524432,35.01735783153617]],[[135.75080598328285,35.01735783153617],[135.75106717285828,35.01679039534565]],[[135.7501549585202,35.019010797830276],[135.74940647496075,35.019023133399635]],[[135.74940647496075,35.019023133399635],[135.74940647496075,35.01970405682825]],[[135.74940647496075,35.01970405682825],[135.75015885687208,35.01967198434792]],[[135.7477184886001,35.01593430683213],[135.7480693402686,35.01659055912204]],[[135.7480693402686,35.01659055912204],[135.74855663425262,35.01737756844714]],[[135.74855663425262,35.01737756844714],[135.74941427166448,35.01772296438919]],[[135.74941427166448,35.01772296438919],[135.750069194779,35.017703227478215]],[[135.75051360689244,35.015820819594026],[135.7477184886001,35.01593430683213]],[[135.75021343379828,35.02072790908505],[135.74946495023883,35.02076244867926]],[[135.74946495023883,35.02076244867926],[135.74946105188695,35.02118432515134]],[[135.74946105188695,35.02118432515134],[135.75022512885388,35.02118679226521]],[[135.74946105188695,35.02118432515134],[135.74941817001636,35.0225881129444]],[[135.75346076090779,35.02031343395459],[135.75290719494194,35.0204441909898]],[[135.74940647496075,35.019023133399635],[135.7492856260527,35.018739415304374]],[[135.7492856260527,35.018739415304374],[135.74881392547618,35.018754217987606]],[[135.74881392547618,35.018754217987606],[135.7486151095307,35.01901326494415]],[[135.7486151095307,35.01901326494415],[135.74865799140127,35.019708991056]],[[135.74865799140127,35.019708991056],[135.7490478265885,35.019778070244406]],[[135.7490478265885,35.019778070244406],[135.74940647496075,35.01970405682825]],[[135.74941427166448,35.01772296438919],[135.74943376342384,35.01841622338717]],[[135.74943376342384,35.01841622338717],[135.75008088983463,35.01840882204556]],[[135.75199498060385,35.02018761114713],[135.75199887895573,35.01976573467505]],[[135.7505603871149,35.01977560313053],[135.75054869205928,35.020296164157486]],[[135.7505447937074,35.01862592806627],[135.75054089535553,35.0187196783934]],[[135.74946105188695,35.02118432515134],[135.74887629910612,35.021181858037465]],[[135.74887629910612,35.021181858037465],[135.7486813815125,35.02164567544537]],[[135.7486813815125,35.02164567544537],[135.7486268045863,35.02227478948268]],[[135.7486268045863,35.02227478948268],[135.74882951888367,35.02259551428601]],[[135.74946495023883,35.02076244867926],[135.74946105188695,35.020335637979436]],[[135.74946105188695,35.020335637979436],[135.74906731834787,35.0201728084639]],[[135.74906731834787,35.0201728084639],[135.74873206008687,35.02033317086556]],[[135.74873206008687,35.02033317086556],[135.74872036503123,35.02092774530867]],[[135.74872036503123,35.02092774530867],[135.74887629910612,35.021181858037465]],[[135.7520027773076,35.01735289730842],[135.7520027773076,35.01678792823178]],[[135.74943376342384,35.01841622338717],[135.7492856260527,35.018739415304374]],[[135.75020563709452,35.020303565499106],[135.74946105188695,35.020335637979436]],[[135.7490478265885,35.019778070244406],[135.74906731834787,35.0201728084639]],[[135.7485722276601,35.017690891908856],[135.74860731282695,35.018438427412015]],[[135.74860731282695,35.018438427412015],[135.74881392547618,35.018754217987606]],[[135.74855663425262,35.01737756844714],[135.7485722276601,35.017690891908856]],[[135.74819798588038,35.02229205927978],[135.7486268045863,35.02227478948268]],[[135.7486813815125,35.02164567544537],[135.74831103808467,35.02169008349506]],[[135.74831103808467,35.02169008349506],[135.7478588292675,35.02173202443088]],[[135.7478588292675,35.02173202443088],[135.74783933750814,35.022296993507524]],[[135.74783933750814,35.022296993507524],[135.74819798588038,35.02229205927978]],[[135.74873206008687,35.02033317086556],[135.74815900236166,35.02033810509331]],[[135.74815900236166,35.02033810509331],[135.74817069741727,35.021011627180314]],[[135.74817069741727,35.021011627180314],[135.74872036503123,35.02092774530867]],[[135.7478588292675,35.02173202443088],[135.74769899684074,35.021687616381186]],[[135.74769899684074,35.021687616381186],[135.7470323786706,35.02177149825283]],[[135.7470323786706,35.02177149825283],[135.7470323786706,35.02230932907688]],[[135.7470323786706,35.02230932907688],[135.74783933750814,35.022296993507524]],[[135.7486151095307,35.01901326494415],[135.7481629007135,35.01901573205802]],[[135.7481629007135,35.01901573205802],[135.74817069741727,35.019718859511485]],[[135.74817069741727,35.019718859511485],[135.74865799140127,35.019708991056]],[[135.74815510400978,35.02107577214098],[135.74817069741727,35.021011627180314]],[[135.74815900236166,35.02033810509331],[135.74776916717443,35.020170341350024]],[[135.74776916717443,35.020170341350024],[135.7474261122097,35.02037757891526]],[[135.7474261122097,35.02037757891526],[135.7473403484685,35.02100175872482]],[[135.7473403484685,35.02100175872482],[135.74762882650703,35.02127807547847]],[[135.74762882650703,35.02127807547847],[135.74815510400978,35.02107577214098]],[[135.7474261122097,35.02037757891526],[135.7462371148887,35.02041705273721]],[[135.7462371148887,35.02041705273721],[135.74535998571744,35.020912942625436]],[[135.74535998571744,35.020912942625436],[135.74660355996465,35.02104616677452]],[[135.74660355996465,35.02104616677452],[135.7473403484685,35.02100175872482]],[[135.7480693402686,35.01659055912204],[135.7480693402686,35.01691128392537]],[[135.7480693402686,35.01691128392537],[135.7481629007135,35.01765141808691]],[[135.7481629007135,35.01765141808691],[135.7485722276601,35.017690891908856]],[[135.7481629007135,35.01901573205802],[135.7478042523413,35.018746816645994]],[[135.7478042523413,35.018746816645994],[135.74733645011662,35.018746816645994]],[[135.74733645011662,35.018746816645994],[135.74736373857974,35.01973366219472]],[[135.74736373857974,35.01973366219472],[135.74775357376694,35.0199186957351]],[[135.74775357376694,35.0199186957351],[135.74817069741727,35.019718859511485]],[[135.7478042523413,35.018746816645994],[135.74817069741727,35.018438427412015]],[[135.74817069741727,35.018438427412015],[135.7481629007135,35.01780437914696]],[[135.7481629007135,35.01780437914696],[135.74741831550594,35.0178709912215]],[[135.74741831550594,35.0178709912215],[135.74733645011662,35.018746816645994]],[[135.7481629007135,35.01765141808691],[135.7481629007135,35.01780437914696]],[[135.74817069741727,35.018438427412015],[135.74860731282695,35.018438427412015]],[[135.74252978225826,35.02187511703544],[135.74171502671697,35.021996005615165]],[[135.74171502671697,35.021996005615165],[135.7422296091641,35.0226053827415]],[[135.7429547026123,35.02261771831086],[135.7429547026123,35.02244255322596]],[[135.7429547026123,35.02244255322596],[135.74252978225826,35.02187511703544]],[[135.7477184886001,35.01593430683213],[135.7473520435241,35.015951576629234]],[[135.7473520435241,35.015951576629234],[135.74737933198722,35.01692115238085]],[[135.74737933198722,35.01692115238085],[135.7480693402686,35.01691128392537]],[[135.7467361039283,35.022311796190756],[135.7470323786706,35.02230932907688]],[[135.7470323786706,35.02177149825283],[135.74665813689086,35.021628405648265]],[[135.74665813689086,35.021628405648265],[135.74632677698173,35.0216432083315]],[[135.74632677698173,35.0216432083315],[135.7463735572042,35.02229452639365]],[[135.7463735572042,35.02229452639365],[135.7467361039283,35.022311796190756]],[[135.74463879062108,35.02172215597539],[135.7439643757472,35.02174436000024]],[[135.7439643757472,35.02174436000024],[135.74306385646474,35.02177643248057]],[[135.74306385646474,35.02177643248057],[135.74252978225826,35.02187511703544]],[[135.7429547026123,35.02244255322596],[135.74398386750656,35.022336467329474]],[[135.74398386750656,35.022336467329474],[135.7446777741398,35.022316730418495]],[[135.7446777741398,35.022316730418495],[135.74463879062108,35.02172215597539]],[[135.74737933198722,35.01692115238085],[135.74740662045033,35.01766375365627]],[[135.74740662045033,35.01766375365627],[135.74741831550594,35.0178709912215]],[[135.74632677698173,35.0216432083315],[135.74495065877088,35.021707353292165]],[[135.74495065877088,35.021707353292165],[135.74463879062108,35.02172215597539]],[[135.7446777741398,35.022316730418495],[135.74503642251204,35.02230686196301]],[[135.74503642251204,35.02230686196301],[135.74603050223945,35.022316730418495]],[[135.74603050223945,35.022316730418495],[135.7463735572042,35.02229452639365]],[[135.74171892506885,35.020814258070565],[135.74170723001322,35.02122873320103]],[[135.74170723001322,35.02122873320103],[135.7429858894273,35.021181858037465]],[[135.7429858894273,35.021181858037465],[135.74373827133863,35.02089813994221]],[[135.74373827133863,35.02089813994221],[135.74257266412886,35.02045159233141]],[[135.74257266412886,35.02045159233141],[135.74171892506885,35.020814258070565]],[[135.74301707624227,35.01799187980122],[135.74262724105506,35.018019018053806]],[[135.74262724105506,35.018019018053806],[135.74192553771806,35.01922050250938]],[[135.74192553771806,35.01922050250938],[135.74259995259195,35.01982741252184]],[[135.74259995259195,35.01982741252184],[135.74387081530227,35.01979534004151]],[[135.74387081530227,35.01979534004151],[135.74301707624227,35.01799187980122]],[[135.7463033868705,35.01789812947409],[135.74301707624227,35.01799187980122]],[[135.74387081530227,35.01979534004151],[135.74481031810348,35.01978300447215]],[[135.74481031810348,35.01978300447215],[135.7462332165368,35.01976080044731]],[[135.7462332165368,35.01976080044731],[135.7462916918149,35.01976080044731]],[[135.7462916918149,35.01976080044731],[135.7463033868705,35.01789812947409]],[[135.74315741690967,35.01492279014469],[135.7425765624807,35.01645486785908]],[[135.7425765624807,35.01645486785908],[135.74315741690967,35.01492279014469]],[[135.74819798588038,35.02229205927978],[135.748209680936,35.02259058005827]],[[135.7467361039283,35.022311796190756],[135.74676339239141,35.02290637063386]],[[135.74603050223945,35.022316730418495],[135.74607728246193,35.02291870620322]],[[135.74503642251204,35.02230686196301],[135.74505981262328,35.0229113048616]],[[135.74398386750656,35.022336467329474],[135.74399946091407,35.0229113048616]],[[135.74769899684074,35.021687616381186],[135.74762882650703,35.02127807547847]],[[135.74660355996465,35.02104616677452],[135.74665813689086,35.021628405648265]],[[135.74831103808467,35.02169008349506],[135.74815510400978,35.02107577214098]],[[135.74495065877088,35.021707353292165],[135.74468167249168,35.02090060705608]],[[135.74468167249168,35.02090060705608],[135.743940985636,35.020905541283824]],[[135.743940985636,35.020905541283824],[135.7439643757472,35.02174436000024]],[[135.743940985636,35.020905541283824],[135.74373827133863,35.02089813994221]],[[135.7429858894273,35.021181858037465],[135.74306385646474,35.02177643248057]],[[135.74535998571744,35.020912942625436],[135.74484150491844,35.020905541283824]],[[135.74484150491844,35.020905541283824],[135.74468167249168,35.02090060705608]],[[135.74775357376694,35.0199186957351],[135.74776916717443,35.020170341350024]],[[135.74170723001322,35.02122873320103],[135.74171502671697,35.02184304455511]],[[135.74171502671697,35.02184304455511],[135.74171502671697,35.021996005615165]],[[135.74736373857974,35.01973366219472],[135.7462916918149,35.01976080044731]],[[135.7462332165368,35.01976080044731],[135.7462371148887,35.02041705273721]],[[135.7425765624807,35.01645486785908],[135.74262724105506,35.018019018053806]],[[135.7463033868705,35.01789812947409],[135.74740662045033,35.01766375365627]],[[135.7473520435241,35.015951576629234],[135.74546134286612,35.01604285984249],[135.74537168077305,35.01467607875751],[135.74315741690967,35.01492279014469]],[[135.74481031810348,35.01978300447215],[135.74484150491844,35.020905541283824]],[[135.73534511975788,35.025250128812075],[135.73700191930354,35.02454206713087]],[[135.73700191930354,35.02454206713087],[135.7361793670585,35.02366624170638]],[[135.7361793670585,35.02366624170638],[135.7356920730745,35.02363416922604]],[[135.7356920730745,35.02363416922604],[135.73441731201228,35.024438448348256]],[[135.73441731201228,35.024438448348256],[135.73440561695668,35.025020687221996]],[[135.73440561695668,35.025020687221996],[135.73534511975788,35.025250128812075]],[[135.73698632589605,35.02242034920111],[135.7357310565932,35.02235867135432]],[[135.7357310565932,35.02235867135432],[135.73547766372153,35.022593047172144]],[[135.73547766372153,35.022593047172144],[135.73551664724025,35.02356262292376]],[[135.73551664724025,35.02356262292376],[135.7356920730745,35.02363416922604]],[[135.7361793670585,35.02366624170638],[135.7370642929335,35.02332577999207]],[[135.7370642929335,35.02332577999207],[135.73698632589605,35.02242034920111]],[[135.73780108143734,35.025139108687846],[135.7378049797892,35.024882528845176]],[[135.7378049797892,35.024882528845176],[135.73700191930354,35.02454206713087]],[[135.73534511975788,35.025250128812075],[135.73519308403485,35.026424475015055]],[[135.73519308403485,35.026424475015055],[135.73485392742197,35.02726329373147]],[[135.73485392742197,35.02726329373147],[135.73523206755357,35.02744586015799]],[[135.73523206755357,35.02744586015799],[135.73590648242745,35.02721641856791]],[[135.73590648242745,35.02721641856791],[135.73621445222537,35.02635539582665]],[[135.73621445222537,35.02635539582665],[135.73780108143734,35.025139108687846]],[[135.74259995259195,35.01982741252184],[135.74257266412886,35.02045159233141]],[[135.7357310565932,35.02235867135432],[135.73523206755357,35.02197626870419]],[[135.73523206755357,35.02197626870419],[135.73509172688617,35.021968867362574]],[[135.73509172688617,35.021968867362574],[135.73547766372153,35.022593047172144]],[[135.7365731005976,35.021344687553004],[135.73568427637073,35.021517385524035]],[[135.73568427637073,35.021517385524035],[135.73523206755357,35.02197626870419]],[[135.73698632589605,35.02242034920111],[135.73776209791862,35.0218529130106]],[[135.73776209791862,35.0218529130106],[135.7365731005976,35.021344687553004]],[[135.7365731005976,35.021344687553004],[135.73687327369174,35.02085126477864]],[[135.73687327369174,35.02085126477864],[135.73608970496545,35.02027396013264]],[[135.73608970496545,35.02027396013264],[135.73587919396437,35.02024435476618]],[[135.73587919396437,35.02024435476618],[135.7355946142777,35.02071063928795]],[[135.7355946142777,35.02071063928795],[135.73568427637073,35.021517385524035]],[[135.73441731201228,35.024438448348256],[135.73281508939283,35.024566738269584]],[[135.73281508939283,35.024566738269584],[135.7327644108185,35.02728796487019]],[[135.7327644108185,35.02728796487019],[135.73437053178984,35.027322504464394]],[[135.73437053178984,35.027322504464394],[135.7344017186048,35.02578549252226]],[[135.7344017186048,35.02578549252226],[135.73440561695668,35.025020687221996]],[[135.7344017186048,35.02578549252226],[135.73519308403485,35.026424475015055]],[[135.7370642929335,35.02332577999207],[135.73776209791862,35.0218529130106]],[[135.73437053178984,35.027322504464394],[135.73485392742197,35.02726329373147]],[[135.7329203448934,35.02027149301877],[135.7329164465415,35.02221064452201]],[[135.7329164465415,35.02221064452201],[135.73442510871604,35.02135702312236]],[[135.73442510871604,35.02135702312236],[135.73442121036416,35.02096228490288]],[[135.73442121036416,35.02096228490288],[135.7329203448934,35.02027149301877]],[[135.73608970496545,35.02027396013264],[135.73677581489494,35.01978053735828]],[[135.73677581489494,35.01978053735828],[135.735524443944,35.01947954946592]],[[135.735524443944,35.01947954946592],[135.7355478340552,35.01982741252184]],[[135.7355478340552,35.01982741252184],[135.73587919396437,35.02024435476618]],[[135.73551664724025,35.02356262292376],[135.73280339433722,35.02354782024053]],[[135.73280339433722,35.02354782024053],[135.73281508939283,35.024566738269584]],[[135.7355946142777,35.02071063928795],[135.7349318944594,35.02067856680762]],[[135.7349318944594,35.02067856680762],[135.73442121036416,35.02096228490288]],[[135.73442510871604,35.02135702312236],[135.73509172688617,35.021968867362574]],[[135.73938381229743,35.02074024465441],[135.73971517220656,35.02247955993404]],[[135.73971517220656,35.02247955993404],[135.7409938316206,35.02303712766906]],[[135.7409938316206,35.02303712766906],[135.7413641750485,35.02304206189681]],[[135.7413641750485,35.02304206189681],[135.74171502671697,35.02184304455511]],[[135.74171892506885,35.020814258070565],[135.74104451019497,35.0204960003811]],[[135.74104451019497,35.0204960003811],[135.73938381229743,35.02074024465441]],[[135.7329164465415,35.02221064452201],[135.73280339433722,35.02354782024053]],[[135.74015958431997,35.024791245631924],[135.7378049797892,35.02563499857608]],[[135.7378049797892,35.02563499857608],[135.7378049797892,35.02597299317652]],[[135.7378049797892,35.02597299317652],[135.73934093042683,35.02632825757406]],[[135.73934093042683,35.02632825757406],[135.73933313372308,35.02636279716826]],[[135.73933313372308,35.02636279716826],[135.73984381781833,35.026340593143416]],[[135.73984381781833,35.026340593143416],[135.7405650129147,35.0263504615989]],[[135.7405650129147,35.0263504615989],[135.7408963728238,35.026084013300746]],[[135.74091586458317,35.025190918079154],[135.74015958431997,35.024791245631924]],[[135.7355478340552,35.01982741252184],[135.7349318944594,35.02067856680762]],[[135.735524443944,35.01947954946592],[135.7329203448934,35.02027149301877]],[[135.73938381229743,35.02074024465441],[135.73857685345988,35.0207328433128]],[[135.73857685345988,35.0207328433128],[135.7390251639252,35.02334551690304]],[[135.7390251639252,35.02334551690304],[135.7397229689103,35.02313334511007]],[[135.7397229689103,35.02313334511007],[135.73971517220656,35.02247955993404]],[[135.73739565284262,35.02633565891567],[135.7378049797892,35.02633565891567]],[[135.7378049797892,35.02633565891567],[135.7378049797892,35.02597299317652]],[[135.7378049797892,35.02563499857608],[135.73780108143734,35.025139108687846]],[[135.73621445222537,35.02635539582665],[135.73739565284262,35.02633565891567]],[[135.7378049797892,35.02633565891567],[135.73934093042683,35.02632825757406]],[[135.73934872713056,35.01989895882413],[135.73677581489494,35.01978053735828]],[[135.73687327369174,35.02085126477864],[135.73729429569394,35.02059961916372]],[[135.73729429569394,35.02059961916372],[135.73764514736243,35.02057001379726]],[[135.73764514736243,35.02057001379726],[135.73858465016363,35.02065636278277]],[[135.73858465016363,35.02065636278277],[135.73934872713056,35.01989895882413]],[[135.74221401575662,35.02326410214527],[135.7413641750485,35.02304206189681]],[[135.7413641750485,35.02304206189681],[135.74215554047854,35.024672824166075]],[[135.73780887814107,35.024744370468355],[135.7378049797892,35.024882528845176]],[[135.74015958431997,35.024791245631924],[135.7401712793756,35.02405111147038]],[[135.7401712793756,35.02405111147038],[135.739793139244,35.02404124301489]],[[135.739793139244,35.02404124301489],[135.73780887814107,35.024744370468355]],[[135.73982042770712,35.023688445731224],[135.7397229689103,35.02328630617012]],[[135.7397229689103,35.02328630617012],[135.7397229689103,35.02313334511007]],[[135.7390251639252,35.02334551690304],[135.73780887814107,35.024744370468355]],[[135.739793139244,35.02404124301489],[135.73982042770712,35.023688445731224]],[[135.7401712793756,35.02405111147038],[135.73982042770712,35.023688445731224]],[[135.73857685345988,35.0207328433128],[135.73858465016363,35.02065636278277]],[[135.73764514736243,35.02057001379726],[135.73729429569394,35.02059961916372]],[[135.74192553771806,35.01922050250938],[135.74095094975004,35.019881689027024]],[[135.74095094975004,35.019881689027024],[135.74104451019497,35.0204960003811]],[[135.7414304470303,35.03020902769441],[135.7409977299725,35.029947513624]],[[135.7409977299725,35.029947513624],[135.74022975465368,35.02992530959915]],[[135.74022975465368,35.02992530959915],[135.7402687381724,35.03056182497808]],[[135.7402687381724,35.03056182497808],[135.74101722173185,35.03073699006298]],[[135.74101722173185,35.03073699006298],[135.7414304470303,35.03020902769441]],[[135.7397229689103,35.02328630617012],[135.7409938316206,35.02303712766906]],[[135.74097433986125,35.02933320226992],[135.7412628178998,35.029175306982125]],[[135.7412628178998,35.029175306982125],[135.74097433986125,35.029049484174664]],[[135.74097433986125,35.029049484174664],[135.74059619972965,35.029298662675714]],[[135.74059619972965,35.029298662675714],[135.74097433986125,35.02933320226992]],[[135.74095094975004,35.019881689027024],[135.73934872713056,35.01989895882413]],[[135.7397814441884,35.02987350020784],[135.7395436447242,35.02981182236105]],[[135.7395436447242,35.02981182236105],[135.73949296614984,35.03045820619546]],[[135.73949296614984,35.03045820619546],[135.73973466396592,35.03091708937562]],[[135.73973466396592,35.03091708937562],[135.73994907331888,35.03063090416649]],[[135.73994907331888,35.03063090416649],[135.7397814441884,35.02987350020784]],[[135.74168773825386,35.02702398368591],[135.74111468052865,35.02688089108134]],[[135.74111468052865,35.02688089108134],[135.74058450467405,35.026910496447805]],[[135.74058450467405,35.026910496447805],[135.7402570431168,35.0270683917356]],[[135.7402570431168,35.0270683917356],[135.74029212828364,35.02758895276255]],[[135.74029212828364,35.02758895276255],[135.7409704415094,35.02794915138784]],[[135.7409704415094,35.02794915138784],[135.74170333166137,35.027882539313296]],[[135.7394033040568,35.02861280501935],[135.73865092214547,35.02918270832374]],[[135.73865092214547,35.02918270832374],[135.73883414468344,35.03060623302777]],[[135.73883414468344,35.03060623302777],[135.73949296614984,35.03045820619546]],[[135.7395436447242,35.02981182236105],[135.73951635626108,35.02954537406289]],[[135.73951635626108,35.02954537406289],[135.7394033040568,35.02861280501935]],[[135.73883414468344,35.03060623302777],[135.73834295234755,35.030682713557795]],[[135.73834295234755,35.030682713557795],[135.73823769684702,35.03129949202575]],[[135.73823769684702,35.03129949202575],[135.73834685069943,35.03129949202575]],[[135.73834685069943,35.03129949202575],[135.73941889746428,35.031622683942956]],[[135.73941889746428,35.031622683942956],[135.73973466396592,35.03091708937562]],[[135.74102112008373,35.03085047730108],[135.74078332061953,35.032382555015474]],[[135.74078332061953,35.032382555015474],[135.74095874645377,35.03239242347096]],[[135.7416253646239,35.03117860344603],[135.74102112008373,35.03085047730108]],[[135.73523206755357,35.03322137373189],[135.73537630657285,35.03353963142135]],[[135.73537630657285,35.03353963142135],[135.73523206755357,35.03322137373189]],[[135.73590648242745,35.02721641856791],[135.73624174068846,35.02710786555755]],[[135.73624174068846,35.02710786555755],[135.73688886709925,35.02678467364034]],[[135.73688886709925,35.02678467364034],[135.73739565284262,35.02633565891567]],[[135.73936432053807,35.02762102524289],[135.73933703207496,35.02734224137537]],[[135.73933703207496,35.02734224137537],[135.73803498254966,35.027376780969576]],[[135.73803498254966,35.027376780969576],[135.73827278201387,35.029037148605305]],[[135.73827278201387,35.029037148605305],[135.73865092214547,35.02918270832374]],[[135.7394033040568,35.02861280501935],[135.73940720240864,35.0284771137564]],[[135.73940720240864,35.0284771137564],[135.73936432053807,35.02762102524289]],[[135.73759057043623,35.027310168895035],[135.73803498254966,35.027376780969576]],[[135.73933703207496,35.02734224137537],[135.73933313372308,35.02636279716826]],[[135.73688886709925,35.02678467364034],[135.73670954291313,35.02747793263832]],[[135.73670954291313,35.02747793263832],[135.73759057043623,35.027310168895035]],[[135.74078332061953,35.032382555015474],[135.73937601559368,35.03302400462214]],[[135.73937601559368,35.03302400462214],[135.73929804855624,35.03369752670915]],[[135.73929804855624,35.03369752670915],[135.74013229585688,35.03597467281283]],[[135.74185536738437,35.03052975249775],[135.7414304470303,35.03020902769441]],[[135.74101722173185,35.03073699006298],[135.74102112008373,35.03085047730108]],[[135.73632750442965,35.03103057661372],[135.73546986701777,35.03169669735911]],[[135.73546986701777,35.03169669735911],[135.73787125177103,35.03233814696578]],[[135.73787125177103,35.03233814696578],[135.73834685069943,35.03129949202575]],[[135.73823769684702,35.03129949202575],[135.7372475154715,35.031050313524695]],[[135.7372475154715,35.031050313524695],[135.7369785291923,35.031057714866314]],[[135.7369785291923,35.031057714866314],[135.73642496322645,35.03107991889116]],[[135.73642496322645,35.03107991889116],[135.73632750442965,35.03103057661372]],[[135.73759057043623,35.027310168895035],[135.73759836713998,35.02788500642717]],[[135.73759836713998,35.02788500642717],[135.73662377917194,35.028820042584584]],[[135.73662377917194,35.028820042584584],[135.73827278201387,35.029037148605305]],[[135.73670564456125,35.033734533417224],[135.73551664724025,35.033931902526966]],[[135.73551664724025,35.033931902526966],[135.73670564456125,35.033734533417224]],[[135.73546986701777,35.03169669735911],[135.73523206755357,35.03322137373189]],[[135.73537630657285,35.03353963142135],[135.73551664724025,35.033931902526966]],[[135.73670564456125,35.033734533417224],[135.73787125177103,35.03233814696578]],[[135.73787125177103,35.03233814696578],[135.73929804855624,35.03369752670915]],[[135.73937601559368,35.03302400462214],[135.73941889746428,35.031622683942956]],[[135.73834295234755,35.030682713557795],[135.7372475154715,35.031050313524695]],[[135.73759836713998,35.02788500642717],[135.73662377917194,35.028820042584584]],[[135.7402687381724,35.03056182497808],[135.73994907331888,35.03063090416649]],[[135.7327644108185,35.02728796487019],[135.7340976471588,35.029641591503896]],[[135.7340976471588,35.029641591503896],[135.73522427084984,35.028958200961405]],[[135.73522427084984,35.028958200961405],[135.73523206755357,35.02744586015799]],[[135.74059619972965,35.029298662675714],[135.73990619144828,35.02928385999248]],[[135.73990619144828,35.02928385999248],[135.73951635626108,35.02954537406289]],[[135.7397814441884,35.02987350020784],[135.74022975465368,35.02992530959915]],[[135.7409977299725,35.029947513624],[135.74097433986125,35.02933320226992]],[[135.7340976471588,35.029641591503896],[135.73522427084984,35.028958200961405]],[[135.74155129593834,35.0290988264521],[135.7412628178998,35.029175306982125]],[[135.7409704415094,35.02794915138784],[135.7409860349169,35.0284598439593]],[[135.7409860349169,35.0284598439593],[135.7409860349169,35.02849438355351]],[[135.7409860349169,35.02849438355351],[135.74162146627205,35.02849438355351]],[[135.73976585078088,35.028472179528656],[135.7409860349169,35.0284598439593]],[[135.74029212828364,35.02758895276255],[135.73936432053807,35.02762102524289]],[[135.73940720240864,35.0284771137564],[135.73976585078088,35.028472179528656]],[[135.7402570431168,35.0270683917356],[135.73984381781833,35.026340593143416]],[[135.74113027393614,35.02625671127178],[135.74111468052865,35.02688089108134]],[[135.73990619144828,35.02928385999248],[135.73976585078088,35.028472179528656]],[[135.74097433986125,35.029049484174664],[135.7409860349169,35.02849438355351]],[[135.74058450467405,35.026910496447805],[135.7405650129147,35.0263504615989]],[[135.7369785291923,35.031057714866314],[135.73632750442965,35.03103057661372]],[[135.73642496322645,35.03107991889116],[135.7369785291923,35.031057714866314]],[[135.73624174068846,35.02710786555755],[135.73670954291313,35.02747793263832]]]}