{"type":"Topology","bbox":[135.7241055960144,34.99624018033797,135.7718397093793,35.022529198042434],"objects":{"town":{"type":"GeometryCollection","geometries":[{"type":"Polygon","arcs":[[0,1,2,3,4,5]],"properties":{"name":"教業最上町"}},{"type":"Polygon","arcs":[[6,7,8,9,10,-1]],"properties":{"name":"教業上巴町"}},{"type":"Polygon","arcs":[[11,12,13,14,15]],"properties":{"name":"教業大文字町"}},{"type":"Polygon","arcs":[[16,17,18,19]],"properties":{"name":"教業上一文字町"}},{"type":"Polygon","arcs":[[20,21,-17,22,23,24,25]],"properties":{"name":"教業姉猪熊町"}},{"type":"Polygon","arcs":[[26,27,-26,28]],"properties":{"name":"教業上八文字町"}},{"type":"Polygon","arcs":[[-4,29,30,31]],"properties":{"name":"教業織物屋町"}},{"type":"Polygon","arcs":[[32,33,34,35,36,37]],"properties":{"name":"教業門前町"}},{"type":"Polygon","arcs":[[38,39,40,41,42,-19]],"properties":{"name":"教業姉大宮町東側"}},{"type":"Polygon","arcs":[[-11,43,-12,44,-2]],"properties":{"name":"教業三坊猪熊町北組"}},{"type":"Polygon","arcs":[[-3,-45,-16,45,46,-30]],"properties":{"name":"教業俵屋町"}},{"type":"Polygon","arcs":[[-10,47,-24,48,-13,-44]],"properties":{"name":"教業三坊猪熊町南組"}},{"type":"Polygon","arcs":[[49,50,51,52,53,54]],"properties":{"name":"教業瓦師町"}},{"type":"Polygon","arcs":[[-36,55,-55,56,57]],"properties":{"name":"教業神泉苑町"}},{"type":"Polygon","arcs":[[-23,-20,-43,58,-14,-49]],"properties":{"name":"教業倉本町"}},{"type":"Polygon","arcs":[[59,60,61,62,63,64,65,-5,-32,66,-38,67,68,69,70]],"properties":{"name":"教業二条城町"}},{"type":"Polygon","arcs":[[71,72,73,-7,-6,-66]],"properties":{"name":"教業池元町"}},{"type":"Polygon","arcs":[[74,75,-8,-74]],"properties":{"name":"教業西三坊堀川町"}},{"type":"Polygon","arcs":[[-41,76,77,78,79]],"properties":{"name":"教業姉大宮町西側"}},{"type":"Polygon","arcs":[[-46,-15,-59,-42,-80,80,-34,81]],"properties":{"name":"教業三坊大宮町"}},{"type":"Polygon","arcs":[[-25,-48,-9,82,-29]],"properties":{"name":"教業樽屋町"}},{"type":"Polygon","arcs":[[-81,-79,83,-50,-56,-35]],"properties":{"name":"教業姉西町"}},{"type":"Polygon","arcs":[[84,85,86,87,88]],"properties":{"name":"城巽姉東堀川町"}},{"type":"Polygon","arcs":[[89,90,-63,91,92,93]],"properties":{"name":"城巽矢幡町"}},{"type":"Polygon","arcs":[[94,95,96,97,98,99]],"properties":{"name":"龍池円福寺町"}},{"type":"Polygon","arcs":[[100,101,102,103,104,105]],"properties":{"name":"龍池虎屋町"}},{"type":"Polygon","arcs":[[106,-85,107,108,109]],"properties":{"name":"城巽鍛冶町"}},{"type":"Polygon","arcs":[[-99,110,111,112,113]],"properties":{"name":"龍池長浜町"}},{"type":"Polygon","arcs":[[-97,114,115,116,117]],"properties":{"name":"龍池役行者町"}},{"type":"Polygon","arcs":[[-109,118,119]],"properties":{"name":"城巽森ノ木町"}},{"type":"Polygon","arcs":[[120,121,122,-106,123,124,125]],"properties":{"name":"龍池二条殿町"}},{"type":"Polygon","arcs":[[126,127,128,129,130,131,132]],"properties":{"name":"城巽西大黒町"}},{"type":"Polygon","arcs":[[133,134,-100,135,136,137]],"properties":{"name":"龍池御池之町"}},{"type":"Polygon","arcs":[[-98,-118,138,139,-111]],"properties":{"name":"龍池突抜町"}},{"type":"Polygon","arcs":[[140,-125,141,-134,142,143]],"properties":{"name":"龍池金吹町"}},{"type":"Polygon","arcs":[[-31,-47,-82,-33,-67]],"properties":{"name":"教業市之町"}},{"type":"Polygon","arcs":[[-124,-105,144,-95,-135,-142]],"properties":{"name":"龍池龍池町"}},{"type":"Polygon","arcs":[[145,146,147,148]],"properties":{"name":"城巽西堂町"}},{"type":"Polygon","arcs":[[-96,-145,-104,149,150,-115]],"properties":{"name":"龍池柿本町"}},{"type":"Polygon","arcs":[[151,152,153,154,155,156,157]],"properties":{"name":"城巽押西洞院町"}},{"type":"Polygon","arcs":[[158,-157,159,160]],"properties":{"name":"城巽下松屋町"}},{"type":"Polygon","arcs":[[161,162,-126,-141,163,164,165]],"properties":{"name":"龍池秋野々町"}},{"type":"Polygon","arcs":[[166,167,168,169,170,-110,171]],"properties":{"name":"城巽式阿弥町"}},{"type":"Polygon","arcs":[[172,173,-168,174,-153]],"properties":{"name":"城巽石橋町"}},{"type":"Polygon","arcs":[[175,-149,176,-170,177,178]],"properties":{"name":"城巽宮木町"}},{"type":"Polygon","arcs":[[179,180,181,182,-128,183,184]],"properties":{"name":"城巽正行寺町"}},{"type":"Polygon","arcs":[[185,-119,186,-72,-65,187]],"properties":{"name":"城巽押堀町"}},{"type":"Polygon","arcs":[[-143,-138,188,189,190,191]],"properties":{"name":"龍池蛸薬師町"}},{"type":"Polygon","arcs":[[192,193,194,195,-158,-159]],"properties":{"name":"城巽橋之町"}},{"type":"Polygon","arcs":[[196,197,198,199,-150,-103]],"properties":{"name":"龍池場之町"}},{"type":"Polygon","arcs":[[200,201,202,-137]],"properties":{"name":"龍池下妙覚寺町"}},{"type":"Polygon","arcs":[[-189,-203,203,204,205]],"properties":{"name":"龍池上妙覚寺町"}},{"type":"Polygon","arcs":[[206,207,208,209,210,211,212]],"properties":{"name":"明倫七観音町"}},{"type":"Polygon","arcs":[[213,214,215,216,-190,-206]],"properties":{"name":"龍池大恩寺町"}},{"type":"Polygon","arcs":[[217,218,-146,-176,219,220]],"properties":{"name":"城巽姉西洞院町"}},{"type":"Polygon","arcs":[[-88,221,222,-27,-83,-76]],"properties":{"name":"教業姉西堀川町"}},{"type":"Polygon","arcs":[[-172,-120,-186,223,224,225]],"properties":{"name":"城巽押油小路町"}},{"type":"Polygon","arcs":[[226,-195,227,228,229]],"properties":{"name":"城巽津軽町"}},{"type":"Polygon","arcs":[[-108,-89,-75,-73,-187]],"properties":{"name":"城巽三坊堀川町"}},{"type":"Polygon","arcs":[[230,231,232,233,234]],"properties":{"name":"明倫笋町"}},{"type":"Polygon","arcs":[[235,236,237,238,239,240]],"properties":{"name":"明倫烏帽子屋町"}},{"type":"Polygon","arcs":[[-131,241,242,-225,243,-90,244]],"properties":{"name":"城巽二条油小路町"}},{"type":"Polygon","arcs":[[-244,-224,-188,-64,-91]],"properties":{"name":"城巽土橋町"}},{"type":"Polygon","arcs":[[245,-156,246,-129,-183]],"properties":{"name":"城巽二条西洞院町"}},{"type":"Polygon","arcs":[[247,-221,-230,248]],"properties":{"name":"城巽突抜町"}},{"type":"Polygon","arcs":[[-247,-155,249,-242,-130]],"properties":{"name":"城巽古城町"}},{"type":"Polygon","arcs":[[-243,-250,-154,-175,-167,-226]],"properties":{"name":"城巽下古城町"}},{"type":"Polygon","arcs":[[-177,-148,250,251,252,-86,-107,-171]],"properties":{"name":"城巽宗林町"}},{"type":"Polygon","arcs":[[253,254,255,256,257,258,259,260]],"properties":{"name":"本能六角油小路町"}},{"type":"Polygon","arcs":[[261,262,263,264,265,266,267]],"properties":{"name":"朱雀第五西ノ京東月光町"}},{"type":"Polygon","arcs":[[-254,268,269,270]],"properties":{"name":"本能越後突抜町"}},{"type":"Polygon","arcs":[[-169,-174,271,-178]],"properties":{"name":"城巽壺屋町"}},{"type":"Polygon","arcs":[[-219,272,273,274,275,-251,-147]],"properties":{"name":"本能塩屋町"}},{"type":"Polygon","arcs":[[276,277,278,279,280,281,282]],"properties":{"name":"本能四坊堀川町"}},{"type":"Polygon","arcs":[[283,284,285,286]],"properties":{"name":"本能藤西町"}},{"type":"Polygon","arcs":[[287,288,289,290,291,292]],"properties":{"name":"朱雀第五壬生淵田町"}},{"type":"Polygon","arcs":[[293,294,295,-52,296]],"properties":{"name":"乾今新在家東町"}},{"type":"Polygon","arcs":[[297,298,299,300,-237,301]],"properties":{"name":"明倫玉蔵町"}},{"type":"Polygon","arcs":[[302,303,-287,304,-278]],"properties":{"name":"本能三文字町"}},{"type":"Polygon","arcs":[[305,306,307,308,309,310]],"properties":{"name":"明倫西錦小路町"}},{"type":"Polygon","arcs":[[311,312,313,-308,314]],"properties":{"name":"明倫小結棚町"}},{"type":"Polygon","arcs":[[315,316,317,318,319,320]],"properties":{"name":"朱雀第三壬生賀陽御所町"}},{"type":"Polygon","arcs":[[321,322,323,324,325,326]],"properties":{"name":"乾鍛冶屋町"}},{"type":"Polygon","arcs":[[-281,327,328,329]],"properties":{"name":"乾宮本町"}},{"type":"Polygon","arcs":[[330,331,332,333]],"properties":{"name":"乾松浦町"}},{"type":"Polygon","arcs":[[334,335,-222,-87,-253,336,337]],"properties":{"name":"本能橋東詰町"}},{"type":"Polygon","arcs":[[338,339,340,341]],"properties":{"name":"朱雀第三壬生辻町"}},{"type":"Polygon","arcs":[[342,343,344,345,346,347,348]],"properties":{"name":"朱雀第七壬生下溝町"}},{"type":"Polygon","arcs":[[349,-273,-218,-248,350,351]],"properties":{"name":"明倫釜座町"}},{"type":"Polygon","arcs":[[-349,352,-339,353]],"properties":{"name":"朱雀第三壬生松原町"}},{"type":"Polygon","arcs":[[354,355,356,357,-335]],"properties":{"name":"本能橋浦町"}},{"type":"Polygon","arcs":[[358,-326,359,360]],"properties":{"name":"乾下一文字町"}},{"type":"Polygon","arcs":[[361,362,-303,-277,363,-260,364]],"properties":{"name":"本能山田町"}},{"type":"MultiPolygon","arcs":[[[609,610,611,612,369,370,371,507,-456,508,509,-466,505,506,365,366,367,613,614,615]]],"properties":{"name":"富有"}},{"type":"Polygon","arcs":[[373,374,375,376,377,-69]],"properties":{"name":"朱雀第一西ノ京北聖町"}},{"type":"Polygon","arcs":[[378,379,380,381,-268,382]],"properties":{"name":"朱雀第五壬生中川町"}},{"type":"Polygon","arcs":[[383,384,385,386]],"properties":{"name":"乾藤岡町"}},{"type":"Polygon","arcs":[[-341,-316,387]],"properties":{"name":"朱雀第三壬生相合町"}},{"type":"Polygon","arcs":[[388,-294,389,-77,-40,390,-360,-325,391]],"properties":{"name":"乾三条大宮町"}},{"type":"Polygon","arcs":[[392,393,-275,394]],"properties":{"name":"本能猩々町"}},{"type":"Polygon","arcs":[[395,-292,396,397,-380,398]],"properties":{"name":"朱雀第五壬生東大竹町"}},{"type":"Polygon","arcs":[[-314,399,400,-309]],"properties":{"name":"明倫炭之座町"}},{"type":"Polygon","arcs":[[-398,401,402,403,404,405,-381]],"properties":{"name":"朱雀第五壬生上大竹町"}},{"type":"Polygon","arcs":[[406,-233,407,408,409]],"properties":{"name":"明倫占出山町"}},{"type":"Polygon","arcs":[[410,411,412,413]],"properties":{"name":"朱雀第七壬生檜町"}},{"type":"Polygon","arcs":[[414,415,416,-323]],"properties":{"name":"乾上黒門町"}},{"type":"Polygon","arcs":[[417,418,-209,419]],"properties":{"name":"明倫橋弁慶町"}},{"type":"Polygon","arcs":[[420,-386,421,422,423,424]],"properties":{"name":"乾七軒町"}},{"type":"Polygon","arcs":[[-117,425,-239,426,427,428,-139]],"properties":{"name":"明倫衣棚町"}},{"type":"Polygon","arcs":[[429,-164,-144,-192,430,431]],"properties":{"name":"龍池東玉屋町"}},{"type":"Polygon","arcs":[[-347,432,433,434,435]],"properties":{"name":"朱雀第七壬生森前町"}},{"type":"Polygon","arcs":[[436,437,438,439,440,-298]],"properties":{"name":"明倫六角町"}},{"type":"Polygon","arcs":[[441,442,443,444,445]],"properties":{"name":"乾岩上町"}},{"type":"Polygon","arcs":[[-413,446,447,448,449]],"properties":{"name":"朱雀第七壬生土居ノ内町"}},{"type":"Polygon","arcs":[[450,451,-383,-267,452]],"properties":{"name":"朱雀第五壬生神明町"}},{"type":"Polygon","arcs":[[-78,-390,-297,-51,-84]],"properties":{"name":"乾上瓦町"}},{"type":"Polygon","arcs":[[453,-255,-271,454,-355,-338]],"properties":{"name":"本能越後町"}},{"type":"Polygon","arcs":[[455,456,457,458]],"properties":{"name":"富有橘町"}},{"type":"Polygon","arcs":[[-348,-436,459,460,461,462,463,-353]],"properties":{"name":"朱雀第三壬生高樋町"}},{"type":"Polygon","arcs":[[464,465,466]],"properties":{"name":"富有桑原町"}},{"type":"Polygon","arcs":[[467,-284,-304,-363,468]],"properties":{"name":"本能藤本町"}},{"type":"Polygon","arcs":[[-280,469,-334,470,471,-328]],"properties":{"name":"乾吉野町"}},{"type":"Polygon","arcs":[[472,473,474,475,476,-416]],"properties":{"name":"乾畳屋町"}},{"type":"Polygon","arcs":[[-358,477,478,479,-21,-28,-223,-336]],"properties":{"name":"乾橋西町"}},{"type":"Polygon","arcs":[[-453,-266,480,481,482,483,484,485]],"properties":{"name":"朱雀第五壬生天池町"}},{"type":"Polygon","arcs":[[486,487,-402,-397,-291]],"properties":{"name":"朱雀第五壬生西大竹町"}},{"type":"Polygon","arcs":[[488,-374,-68,-37,-58,489,490,491]],"properties":{"name":"朱雀第一西ノ京職司町"}},{"type":"Polygon","arcs":[[492,-482,493,494]],"properties":{"name":"朱雀第五西ノ京栂尾町"}},{"type":"Polygon","arcs":[[495,496,-258,497]],"properties":{"name":"本能元本能寺町"}},{"type":"Polygon","arcs":[[-471,-333,498,-387,-421,499]],"properties":{"name":"乾錦猪熊町"}},{"type":"Polygon","arcs":[[500,501,502,-310,-401]],"properties":{"name":"本能蟷螂山町"}},{"type":"Polygon","arcs":[[-364,-283,503,504,-269,-261]],"properties":{"name":"本能亀屋町"}},{"type":"Polygon","arcs":[[510,511,512,513,514,515]],"properties":{"name":"朱雀第四西ノ京笠殿町"}},{"type":"Polygon","arcs":[[516,517,518,519,520,-506,-465,521]],"properties":{"name":"富有桝屋町"}},{"type":"Polygon","arcs":[[522,-293,-396,523]],"properties":{"name":"朱雀第五壬生東淵田町"}},{"type":"Polygon","arcs":[[524,525,526,527,528]],"properties":{"name":"初音綿屋町"}},{"type":"Polygon","arcs":[[529,530,531,532,533,534]],"properties":{"name":"富有布袋屋町"}},{"type":"Polygon","arcs":[[-462,535,-485,536,537,538]],"properties":{"name":"朱雀第一壬生花井町"}},{"type":"Polygon","arcs":[[-200,539,540,-240,-426,-116,-151]],"properties":{"name":"明倫御倉町"}},{"type":"Polygon","arcs":[[-276,-394,541,-256,-454,-337,-252]],"properties":{"name":"本能三条油小路町"}},{"type":"Polygon","arcs":[[-403,-488,542,543,544]],"properties":{"name":"朱雀第四壬生上大竹町"}},{"type":"Polygon","arcs":[[545,546,547,548]],"properties":{"name":"朱雀第四西ノ京下合町"}},{"type":"Polygon","arcs":[[-549,549,550,551]],"properties":{"name":"朱雀第四西ノ京東中合町"}},{"type":"Polygon","arcs":[[552,553,554,-496,555,556,557]],"properties":{"name":"本能池須町"}},{"type":"Polygon","arcs":[[-418,558,-410,559,560,561,562,563]],"properties":{"name":"明倫山伏山町"}},{"type":"Polygon","arcs":[[564,565,566,567,568,569]],"properties":{"name":"梅屋指物屋町"}},{"type":"Polygon","arcs":[[570,571,572,-483,-493,573,-375,-489]],"properties":{"name":"朱雀第一西ノ京東栂尾町"}},{"type":"Polygon","arcs":[[-344,574,575,-411,576]],"properties":{"name":"朱雀第七壬生東高田町"}},{"type":"Polygon","arcs":[[577,578,579,580,581,582,583,584]],"properties":{"name":"朱雀第八西ノ京北円町"}},{"type":"Polygon","arcs":[[585,586,587,588,589,590]],"properties":{"name":"富有毘沙門町"}},{"type":"Polygon","arcs":[[-324,-417,-477,591,592,-392]],"properties":{"name":"乾六角大宮町"}},{"type":"Polygon","arcs":[[-545,593,594,595,-404]],"properties":{"name":"朱雀第四西ノ京北小路町"}},{"type":"Polygon","arcs":[[-481,-265,596,597,-494]],"properties":{"name":"朱雀第五西ノ京小倉町"}},{"type":"Polygon","arcs":[[598,-424,599,-475]],"properties":{"name":"乾下黒門町"}},{"type":"Polygon","arcs":[[600,-422,-385,601,-320,602]],"properties":{"name":"乾錦大宮町"}},{"type":"Polygon","arcs":[[603,-469,-362,604,605,-502]],"properties":{"name":"本能空也町"}},{"type":"Polygon","arcs":[[606,607,608,-588]],"properties":{"name":"富有甘露町"}},{"type":"Polygon","arcs":[[-576,616,617,-447,-412]],"properties":{"name":"朱雀第七壬生西檜町"}},{"type":"Polygon","arcs":[[-516,618,619,620]],"properties":{"name":"朱雀第四西ノ京冷泉町"}},{"type":"Polygon","arcs":[[621,622,623,624,625,626]],"properties":{"name":"朱雀第一壬生馬場町"}},{"type":"Polygon","arcs":[[627,628,-212,629,-540,-199]],"properties":{"name":"明倫饅頭屋町"}},{"type":"Polygon","arcs":[[630,631,632,633]],"properties":{"name":"初音扇屋町"}},{"type":"Polygon","arcs":[[634,635,636,637,638]],"properties":{"name":"朱雀第八西ノ京小堀池町"}},{"type":"Polygon","arcs":[[-318,639,-463,-539,640,-622,641]],"properties":{"name":"朱雀第一壬生御所ノ内町"}},{"type":"Polygon","arcs":[[642,643,-234,-407,-559,-420,-208,644]],"properties":{"name":"明倫手洗水町"}},{"type":"Polygon","arcs":[[-556,-498,-257,-542,-393,645]],"properties":{"name":"本能本能寺町"}},{"type":"Polygon","arcs":[[646,647,-311,-503,-606,648,-554]],"properties":{"name":"本能古西町"}},{"type":"Polygon","arcs":[[649,650,-557,-646,-395,-274,-350]],"properties":{"name":"本能柳水町"}},{"type":"Polygon","arcs":[[-319,-642,-627,651,652,-603]],"properties":{"name":"朱雀第一壬生坊城町"}},{"type":"Polygon","arcs":[[-382,-406,653,654,-262]],"properties":{"name":"朱雀第四西ノ京西月光町"}},{"type":"Polygon","arcs":[[655,656,657,658,659,660,-589,-609]],"properties":{"name":"富有松本町"}},{"type":"Polygon","arcs":[[661,662,-315,-307,663,-561]],"properties":{"name":"明倫天神山町"}},{"type":"Polygon","arcs":[[-650,-352,664,-428,665,-300,666]],"properties":{"name":"明倫三条町"}},{"type":"Polygon","arcs":[[667,668,-662,-560,-409]],"properties":{"name":"明倫菊水鉾町"}},{"type":"Polygon","arcs":[[669,-288,-523,670]],"properties":{"name":"朱雀第五壬生仙念町"}},{"type":"Polygon","arcs":[[-112,-140,-429,-665,-351,-249,-229,671]],"properties":{"name":"龍池町頭町"}},{"type":"Polygon","arcs":[[672,673,674,675,676,677]],"properties":{"name":"朱雀第八西ノ京伯楽町"}},{"type":"Polygon","arcs":[[678,679,-473,-415,-322,680,-445]],"properties":{"name":"乾六角猪熊町"}},{"type":"Polygon","arcs":[[681,-584,682,683,684]],"properties":{"name":"朱雀第二西ノ京西鹿垣町"}},{"type":"Polygon","arcs":[[685,686,687,688,689,690,691]],"properties":{"name":"朱雀第二西ノ京左馬寮町"}},{"type":"Polygon","arcs":[[692,693,694,695,696]],"properties":{"name":"朱雀第八西ノ京南上合町"}},{"type":"Polygon","arcs":[[-346,697,-450,698,-433]],"properties":{"name":"朱雀第七壬生東土居ノ内町"}},{"type":"Polygon","arcs":[[699,700,-525,701,702,703,704,-197,-102,705,706]],"properties":{"name":"初音曇華院前町"}},{"type":"Polygon","arcs":[[707,708,709,-370,-613,710]],"properties":{"name":"富有百足屋町"}},{"type":"Polygon","arcs":[[-537,-484,-573,711]],"properties":{"name":"朱雀第一壬生天池町"}},{"type":"Polygon","arcs":[[712,713,714,-367,715,-520,716,717]],"properties":{"name":"富有大炊町"}},{"type":"Polygon","arcs":[[718,719,720,721]],"properties":{"name":"竹間大津町"}},{"type":"Polygon","arcs":[[722,723,724,725,726]],"properties":{"name":"朱雀第八西ノ京南円町"}},{"type":"Polygon","arcs":[[727,728,729,730,731]],"properties":{"name":"柳池下白山町"}},{"type":"Polygon","arcs":[[732,-432,733,734]],"properties":{"name":"竹間北小路町"}},{"type":"Polygon","arcs":[[735,736,737,738,739]],"properties":{"name":"朱雀第六聚楽廻西町"}},{"type":"Polygon","arcs":[[740,-491,741]],"properties":{"name":"朱雀第一西ノ京勧学院町"}},{"type":"Polygon","arcs":[[742,743,744,745,746,747]],"properties":{"name":"柳池下本能寺前町"}},{"type":"Polygon","arcs":[[748,749,750,751,752,753]],"properties":{"name":"柳池亀屋町"}},{"type":"Polygon","arcs":[[754,-446,-681,-327,-359,755,-479]],"properties":{"name":"乾三条猪熊町"}},{"type":"Polygon","arcs":[[-161,756,-204,-202,757,758,-193]],"properties":{"name":"龍池中之町"}},{"type":"Polygon","arcs":[[759,760,-725,761,-585,-682]],"properties":{"name":"朱雀第八西ノ京円町"}},{"type":"Polygon","arcs":[[762,763,764]],"properties":{"name":"朱雀第八西ノ京島ノ内町"}},{"type":"Polygon","arcs":[[765,766,-697,-550]],"properties":{"name":"朱雀第八西ノ京東中合町"}},{"type":"Polygon","arcs":[[-620,-692,767,768,769]],"properties":{"name":"朱雀第二西ノ京右馬寮町"}},{"type":"Polygon","arcs":[[770,771,-162,772]],"properties":{"name":"初音仁王門突抜町"}},{"type":"Polygon","arcs":[[-505,773,-443,-356,-455,-270]],"properties":{"name":"本能壺屋町"}},{"type":"Polygon","arcs":[[774,-241,-541,-630,-211]],"properties":{"name":"明倫骨屋町"}},{"type":"Polygon","arcs":[[-205,-757,775,-181,776,-214]],"properties":{"name":"龍池頭町"}},{"type":"Polygon","arcs":[[777,778,779,780,781]],"properties":{"name":"竹間東九軒町"}},{"type":"Polygon","arcs":[[782,783,784,785,786,787,788,789]],"properties":{"name":"梅屋大文字町"}},{"type":"Polygon","arcs":[[-460,-435,790,-671,-524,-399,-379,-452,791]],"properties":{"name":"朱雀第五壬生森町"}},{"type":"Polygon","arcs":[[792,793,794,795,796,797,798]],"properties":{"name":"柳池松下町"}},{"type":"Polygon","arcs":[[-331,-470,-279,-305,-286,799]],"properties":{"name":"本能錦堀川町"}},{"type":"Polygon","arcs":[[800,801,802,803]],"properties":{"name":"銅駝橘柳町"}},{"type":"Polygon","arcs":[[-798,804,805,806,807]],"properties":{"name":"柳池中白山町"}},{"type":"Polygon","arcs":[[-312,-663,-669,808]],"properties":{"name":"明倫観音堂町"}},{"type":"Polygon","arcs":[[809,810,811,-639,812,813,814]],"properties":{"name":"朱雀第八西ノ京塚本町"}},{"type":"Polygon","arcs":[[815,816,-684,817]],"properties":{"name":"朱雀第二西ノ京鹿垣町"}},{"type":"Polygon","arcs":[[818,819,820,-213,-629]],"properties":{"name":"日彰堂之前町"}},{"type":"Polygon","arcs":[[821,822,823,824,825,826]],"properties":{"name":"銅駝藤木町"}},{"type":"Polygon","arcs":[[-618,827,-289,828,-448]],"properties":{"name":"朱雀第七壬生西土居ノ内町"}},{"type":"Polygon","arcs":[[-581,829,-676,830,831]],"properties":{"name":"朱雀第八西ノ京御輿岡町"}},{"type":"Polygon","arcs":[[-377,832,833,834,835]],"properties":{"name":"朱雀第六西ノ京小堀町"}},{"type":"Polygon","arcs":[[836,837,838,839,840,841,842]],"properties":{"name":"生祥式部町"}},{"type":"Polygon","arcs":[[-440,843,-647,-553,844]],"properties":{"name":"明倫不動町"}},{"type":"Polygon","arcs":[[845,846,847,848,849,850]],"properties":{"name":"梅屋花立町"}},{"type":"Polygon","arcs":[[851,852,853,854,855,856,857,-731]],"properties":{"name":"生祥中之町"}},{"type":"Polygon","arcs":[[-54,858,-624,859,-742,-490,-57]],"properties":{"name":"朱雀第一西ノ京池ノ内町"}},{"type":"Polygon","arcs":[[-860,860,-571,-492,-741]],"properties":{"name":"朱雀第一西ノ京南聖町"}},{"type":"Polygon","arcs":[[-508,-372,861,862,863,-457]],"properties":{"name":"富有和久屋町"}},{"type":"Polygon","arcs":[[-744,864,865,-728,866,-799,-808,867]],"properties":{"name":"柳池姉大東町"}},{"type":"Polygon","arcs":[[-136,-114,868,-758,-201]],"properties":{"name":"龍池西横町"}},{"type":"Polygon","arcs":[[-755,-478,-357,-442]],"properties":{"name":"乾下八文字町"}},{"type":"Polygon","arcs":[[-612,869,870,-711]],"properties":{"name":"富有亀屋町"}},{"type":"MultiPolygon","arcs":[[[871,872,873,874]],[[-1369,1461,-1021,-1450,-1337]]],"properties":{"name":"生祥大文字町"}},{"type":"Polygon","arcs":[[-434,-699,-449,-829,-670,-791]],"properties":{"name":"朱雀第七壬生仙念町"}},{"type":"Polygon","arcs":[[875,-517,876]],"properties":{"name":"富有昆布屋町"}},{"type":"Polygon","arcs":[[-299,-441,-845,-558,-651,-667]],"properties":{"name":"明倫西六角町"}},{"type":"Polygon","arcs":[[-555,-649,-605,-365,-259,-497]],"properties":{"name":"本能元本能寺南町"}},{"type":"Polygon","arcs":[[-437,-302,-236,-775,-210,-419,-564,877]],"properties":{"name":"明倫鯉山町"}},{"type":"Polygon","arcs":[[878,-781,879,880,881]],"properties":{"name":"竹間少将井御旅町"}},{"type":"Polygon","arcs":[[882,-562,-664,-306,-648,-844,-439]],"properties":{"name":"明倫百足屋町"}},{"type":"Polygon","arcs":[[-514,883,884,885]],"properties":{"name":"朱雀第四西ノ京平町"}},{"type":"Polygon","arcs":[[-832,886,-582]],"properties":{"name":"朱雀第八西ノ京中保町"}},{"type":"Polygon","arcs":[[-238,-301,-666,-427]],"properties":{"name":"明倫了頓図子町"}},{"type":"Polygon","arcs":[[887,-615,888,-714,889,-530]],"properties":{"name":"富有鍛冶屋町"}},{"type":"Polygon","arcs":[[890,891,892,893]],"properties":{"name":"銅駝末丸町"}},{"type":"Polygon","arcs":[[-600,-423,-601,-653,894,-592,-476]],"properties":{"name":"乾四坊大宮町"}},{"type":"Polygon","arcs":[[895,-551,-696,896,897,-512]],"properties":{"name":"朱雀第四西ノ京南上合町"}},{"type":"Polygon","arcs":[[898,899,900,901,902,903,-783,904]],"properties":{"name":"梅屋橋本町"}},{"type":"Polygon","arcs":[[-869,-113,-672,-228,-194,-759]],"properties":{"name":"龍池神明町"}},{"type":"Polygon","arcs":[[905,-805,-797,906,907,908]],"properties":{"name":"柳池守山町"}},{"type":"Polygon","arcs":[[909,910,-690,911]],"properties":{"name":"朱雀第二西ノ京車坂町"}},{"type":"Polygon","arcs":[[912,913,914,-532,915,-658]],"properties":{"name":"富有達磨町"}},{"type":"Polygon","arcs":[[916,917,918,-534,919,920]],"properties":{"name":"柳池尾張町"}},{"type":"Polygon","arcs":[[921,922,-729,-866]],"properties":{"name":"柳池丸屋町"}},{"type":"Polygon","arcs":[[-92,-62,923]],"properties":{"name":"梅屋九町目"}},{"type":"Polygon","arcs":[[924,925,926,927,928,929,930]],"properties":{"name":"日彰堀之上町"}},{"type":"Polygon","arcs":[[-563,-883,-438,-878]],"properties":{"name":"明倫姥柳町"}},{"type":"Polygon","arcs":[[931,932,933,934,-720]],"properties":{"name":"竹間塀之内町"}},{"type":"Polygon","arcs":[[935,936,937,938,939,940,941]],"properties":{"name":"生祥油屋町"}},{"type":"Polygon","arcs":[[942,943,944,-905,-790,945]],"properties":{"name":"梅屋東竹屋町"}},{"type":"Polygon","arcs":[[946,-854,947,948]],"properties":{"name":"生祥朝倉町"}},{"type":"Polygon","arcs":[[949,950,951,952,953]],"properties":{"name":"立誠石橋町"}},{"type":"Polygon","arcs":[[954,955,-735,956,957,958]],"properties":{"name":"竹間巴町"}},{"type":"Polygon","arcs":[[959,-565,960,961]],"properties":{"name":"梅屋桝屋町"}},{"type":"Polygon","arcs":[[962,963,-637]],"properties":{"name":"朱雀第八西ノ京藤ノ木町"}},{"type":"Polygon","arcs":[[-661,964,965,-518,-876,966,-590]],"properties":{"name":"富有舟屋町"}},{"type":"Polygon","arcs":[[967,-329,-472,-500,-425,-599,-474,-680]],"properties":{"name":"乾下瓦町"}},{"type":"Polygon","arcs":[[968,969,-913,-657]],"properties":{"name":"富有丸屋町"}},{"type":"Polygon","arcs":[[-263,-655,970,971]],"properties":{"name":"朱雀第四西ノ京船塚町"}},{"type":"Polygon","arcs":[[972,973,-771,974,975,976,977]],"properties":{"name":"初音瓦之町"}},{"type":"Polygon","arcs":[[-752,978,-921,979,980]],"properties":{"name":"柳池山本町"}},{"type":"Polygon","arcs":[[981,-721,-935,982,983,984,985,986,987]],"properties":{"name":"竹間三本木町"}},{"type":"Polygon","arcs":[[988,989,990]],"properties":{"name":"朱雀第二聚楽廻東町"}},{"type":"Polygon","arcs":[[991,992,993,994,995,996]],"properties":{"name":"竹間山中町"}},{"type":"Polygon","arcs":[[997,998,-958,999,1000,1001,-849,1002,1003]],"properties":{"name":"竹間鏡屋町"}},{"type":"Polygon","arcs":[[1004,1005,1006,1007,-870,-611,1008]],"properties":{"name":"初音観音町"}},{"type":"Polygon","arcs":[[-912,-689,1009,1010]],"properties":{"name":"朱雀第二聚楽廻松下町"}},{"type":"Polygon","arcs":[[1011,1012,1013,1014,1015,-704,1016]],"properties":{"name":"日彰菱屋町"}},{"type":"Polygon","arcs":[[1017,-788,1018,1019]],"properties":{"name":"梅屋横鍛冶町"}},{"type":"Polygon","arcs":[[1020,1021,1022,1023]],"properties":{"name":"生祥大日町"}},{"type":"Polygon","arcs":[[-53,-296,1024,-625,-859]],"properties":{"name":"乾今新在家西町"}},{"type":"Polygon","arcs":[[-577,-414,-698,-345]],"properties":{"name":"朱雀第七壬生東檜町"}},{"type":"Polygon","arcs":[[1025,1026,-980,-920,-533,-915]],"properties":{"name":"柳池丁子屋町"}},{"type":"Polygon","arcs":[[-548,1027,1028,1029,-766]],"properties":{"name":"朱雀第八西ノ京下合町"}},{"type":"Polygon","arcs":[[-776,-160,-246,-182]],"properties":{"name":"城巽上松屋町"}},{"type":"Polygon","arcs":[[1030,1031,1032,1033]],"properties":{"name":"初音丸木材木町"}},{"type":"Polygon","arcs":[[-536,-461,-792,-451,-486]],"properties":{"name":"朱雀第五壬生花井町"}},{"type":"Polygon","arcs":[[-908,1034,1035,1036,1037,-917,-979,-751,1038]],"properties":{"name":"柳池橘町"}},{"type":"Polygon","arcs":[[1039,1040,-939,1041,1042,1043]],"properties":{"name":"生祥坂井町"}},{"type":"Polygon","arcs":[[1044,1045,1046,-900,1047,1048]],"properties":{"name":"梅屋東夷川町"}},{"type":"Polygon","arcs":[[1049,1050,1051,1052]],"properties":{"name":"立誠下大阪町"}},{"type":"Polygon","arcs":[[1053,1054,1055,-1029]],"properties":{"name":"朱雀第八西ノ京三条坊町"}},{"type":"Polygon","arcs":[[1056,-552,-896,-511,1057]],"properties":{"name":"朱雀第四西ノ京原町"}},{"type":"Polygon","arcs":[[-716,-366,-507,-521]],"properties":{"name":"富有菊屋町"}},{"type":"Polygon","arcs":[[1058,-677,-830,-580]],"properties":{"name":"朱雀第八西ノ京大炊御門町"}},{"type":"Polygon","arcs":[[-740,-910,-1011,1059,1060]],"properties":{"name":"朱雀第二聚楽廻西町"}},{"type":"Polygon","arcs":[[-687,1061,1062,-816,1063]],"properties":{"name":"朱雀第二西ノ京両町"}},{"type":"Polygon","arcs":[[-638,1064,1065,1066]],"properties":{"name":"朱雀第八西ノ京壺ノ内町"}},{"type":"Polygon","arcs":[[-1066,1067,-675]],"properties":{"name":"朱雀第八西ノ京馬代町"}},{"type":"Polygon","arcs":[[1068,-953,1069,1070,-922,-865,-743]],"properties":{"name":"柳池天性寺前町"}},{"type":"Polygon","arcs":[[-880,-780,1071,1072,1073]],"properties":{"name":"竹間西九軒町"}},{"type":"Polygon","arcs":[[1074,1075,1076,1077,1078,-633]],"properties":{"name":"初音柊町"}},{"type":"Polygon","arcs":[[1079,1080,1081,1082,1083]],"properties":{"name":"銅駝上樵木町"}},{"type":"Polygon","arcs":[[1084,-185,1085,1086,1087,1088]],"properties":{"name":"梅屋大黒町"}},{"type":"Polygon","arcs":[[1089,-1054,-1028,-547,1090,-594,-544]],"properties":{"name":"朱雀第四西ノ京新建町"}},{"type":"Polygon","arcs":[[-785,1091,1092,1093]],"properties":{"name":"梅屋七町目"}},{"type":"Polygon","arcs":[[1094,1095,1096,1097,-1081]],"properties":{"name":"銅駝上大阪町"}},{"type":"Polygon","arcs":[[-597,-264,-972,1098,1099,1100]],"properties":{"name":"朱雀第六西ノ京永本町"}},{"type":"Polygon","arcs":[[-802,1101,1102,1103,1104,1105,1106]],"properties":{"name":"銅駝榎木町"}},{"type":"Polygon","arcs":[[-774,-504,-282,-330,-968,-679,-444]],"properties":{"name":"乾金屋町"}},{"type":"Polygon","arcs":[[-641,-538,-712,-572,-861,-623]],"properties":{"name":"朱雀第一壬生朱雀町"}},{"type":"Polygon","arcs":[[1107,1108,-1050,1109,1110]],"properties":{"name":"立誠紙屋町"}},{"type":"Polygon","arcs":[[-763,1111,1112,1113,-1030,-1056,1114]],"properties":{"name":"朱雀第八西ノ京桑原町"}},{"type":"Polygon","arcs":[[-659,-916,-531,-890,-713,1115]],"properties":{"name":"富有木屋町"}},{"type":"Polygon","arcs":[[-1067,-674,1116,-813]],"properties":{"name":"朱雀第八西ノ京春日町"}},{"type":"Polygon","arcs":[[1117,1118,-706,-101,-123,1119,1120]],"properties":{"name":"初音仲保利町"}},{"type":"Polygon","arcs":[[-724,1121,1122,-578,-762]],"properties":{"name":"朱雀第八西ノ京西円町"}},{"type":"Polygon","arcs":[[-1003,-848,1123,1124,1125,1126]],"properties":{"name":"梅屋相生町"}},{"type":"Polygon","arcs":[[-405,-596,1127,1128,-654]],"properties":{"name":"朱雀第四西ノ京樋ノ口町"}},{"type":"Polygon","arcs":[[1129,1130,1131,1132]],"properties":{"name":"立誠松本町"}},{"type":"Polygon","arcs":[[-152,-196,-227,-220,-179,-272,-173]],"properties":{"name":"城巽三坊西洞院町"}},{"type":"Polygon","arcs":[[-833,-376,-574,-495,-598,-1101,1133]],"properties":{"name":"朱雀第六西ノ京星池町"}},{"type":"Polygon","arcs":[[1134,1135,1136,-1083,1137,1138,-1104,1139]],"properties":{"name":"銅駝一之船入町"}},{"type":"Polygon","arcs":[[1140,1141,1142,1143,1144]],"properties":{"name":"立誠石屋町"}},{"type":"Polygon","arcs":[[-934,1145,-997,1146,-983]],"properties":{"name":"竹間楠町"}},{"type":"Polygon","arcs":[[1147,1148,-827,1149,1150]],"properties":{"name":"銅駝行願寺門前町"}},{"type":"Polygon","arcs":[[-749,1151,-746,1152,-806,-906,1153]],"properties":{"name":"柳池御池大東町"}},{"type":"Polygon","arcs":[[-1094,1154,-786]],"properties":{"name":"梅屋丸太町"}},{"type":"Polygon","arcs":[[1155,1156,1157,-1004,-1127,1158,1159]],"properties":{"name":"竹間道場町"}},{"type":"Polygon","arcs":[[1160,-1049,1161,-944,1162,-569,1163,1164]],"properties":{"name":"梅屋毘沙門町"}},{"type":"Polygon","arcs":[[-1073,1165,1166,-165,-430,-733,-956,1167]],"properties":{"name":"竹間蒔絵屋町"}},{"type":"Polygon","arcs":[[-371,-710,1168,-862]],"properties":{"name":"富有絹屋町"}},{"type":"Polygon","arcs":[[-464,-640,-317,-340]],"properties":{"name":"朱雀第三壬生梛ノ宮町"}},{"type":"Polygon","arcs":[[-1014,1169,-930,1170,1171,1172]],"properties":{"name":"日彰滕屋町"}},{"type":"Polygon","arcs":[[-954,-1069,1173,-1097,1174,1175]],"properties":{"name":"銅駝恵比須町"}},{"type":"Polygon","arcs":[[-361,-391,-39,-18,-22,-480,-756]],"properties":{"name":"乾御供町"}},{"type":"Polygon","arcs":[[1176,-803,-1107,1177,1178,-824]],"properties":{"name":"銅駝常盤木町"}},{"type":"Polygon","arcs":[[-535,-919,1179,1180,-616,-888]],"properties":{"name":"柳池晴明町"}},{"type":"Polygon","arcs":[[1181,-1043,1182,1183,1184,-949,1185]],"properties":{"name":"生祥大黒町"}},{"type":"Polygon","arcs":[[1186,1187,-727,1188]],"properties":{"name":"朱雀第八西ノ京中御門東町"}},{"type":"Polygon","arcs":[[-295,-389,-593,-895,-652,-626,-1025]],"properties":{"name":"乾因幡町"}},{"type":"Polygon","arcs":[[1189,1190,1191]],"properties":{"name":"立誠北車屋町"}},{"type":"Polygon","arcs":[[1192,1193,1194,1195,1196]],"properties":{"name":"立誠奈良屋町"}},{"type":"Polygon","arcs":[[1197,-903,1198,-60,1199]],"properties":{"name":"梅屋八町目"}},{"type":"Polygon","arcs":[[1200,1201,1202,-1006,1203,1204]],"properties":{"name":"初音瓦町"}},{"type":"Polygon","arcs":[[1205,1206,1207,-794]],"properties":{"name":"柳池菊屋町"}},{"type":"Polygon","arcs":[[1208,1209,1210,1211,-892,1212]],"properties":{"name":"銅駝指物町"}},{"type":"Polygon","arcs":[[1213,1214,-634,-1079,1215,-1205,1216]],"properties":{"name":"初音竹屋町"}},{"type":"Polygon","arcs":[[-898,1217,-1189,-726,-761,1218,-884,-513]],"properties":{"name":"朱雀第四西ノ京上合町"}},{"type":"Polygon","arcs":[[-814,-1117,-673,1219,-1122,-723,-1188,1220]],"properties":{"name":"朱雀第八西ノ京中御門西町"}},{"type":"Polygon","arcs":[[1221,-93,-924,-61,-1199,-902]],"properties":{"name":"梅屋西夷川町"}},{"type":"Polygon","arcs":[[1222,1223,1224,-941,1225,1226]],"properties":{"name":"生祥梅屋町"}},{"type":"Polygon","arcs":[[-1212,1227,1228,-893]],"properties":{"name":"銅駝大文字町"}},{"type":"Polygon","arcs":[[-974,1229,1230,-121,-163,-772]],"properties":{"name":"初音西押小路町"}},{"type":"Polygon","arcs":[[-695,1231,-815,-1221,-1187,-1218,-897]],"properties":{"name":"朱雀第八西ノ京北壺井町"}},{"type":"Polygon","arcs":[[-701,1232,1233,-1118,1234,-526]],"properties":{"name":"初音笹屋町"}},{"type":"Polygon","arcs":[[-632,1235,1236,-1032,1237,1238,-1075]],"properties":{"name":"初音御所八幡町"}},{"type":"Polygon","arcs":[[1239,-458,-864,1240,-932,-719,1241,1242]],"properties":{"name":"竹間坂本町"}},{"type":"Polygon","arcs":[[1243,1244,1245,1246,-1192,1247,1248,-1143]],"properties":{"name":"立誠材木町"}},{"type":"Polygon","arcs":[[-1220,-678,-1059,-579,-1123]],"properties":{"name":"朱雀第八西ノ京南大炊御門町"}},{"type":"Polygon","arcs":[[1249,1250,-1236,-631,-1215,1251,-1036]],"properties":{"name":"柳池虎石町"}},{"type":"Polygon","arcs":[[-1086,-184,-127,1252,-1045,-1161,1253]],"properties":{"name":"梅屋薬師町"}},{"type":"Polygon","arcs":[[-1114,1254,-811,1255,-693,-767]],"properties":{"name":"朱雀第八西ノ京西中合町"}},{"type":"Polygon","arcs":[[1256,-1133,1257,1258]],"properties":{"name":"立誠梅之木町"}},{"type":"Polygon","arcs":[[1259,-835,1260,-737,1261,-989,1262]],"properties":{"name":"朱雀第六聚楽廻南町"}},{"type":"Polygon","arcs":[[1263,1264,1265,-1213,-891]],"properties":{"name":"銅駝鉾田町"}},{"type":"Polygon","arcs":[[-739,1266,-768,-691,-911]],"properties":{"name":"朱雀第六西ノ京車坂町"}},{"type":"Polygon","arcs":[[-736,-1061,1267,-990,-1262]],"properties":{"name":"朱雀第二聚楽廻中町"}},{"type":"Polygon","arcs":[[-1224,1268,1269,-873,1270,1271,1272,1273]],"properties":{"name":"生祥東魚屋町"}},{"type":"Polygon","arcs":[[1274,1275,-837,1276,-1044,-1182,1277,1278]],"properties":{"name":"生祥八百屋町"}},{"type":"Polygon","arcs":[[-957,-734,-431,-191,-217,1279,-1000]],"properties":{"name":"竹間冷泉町"}},{"type":"Polygon","arcs":[[-812,-1255,-1113,1280,-635]],"properties":{"name":"朱雀第八西ノ京徳大寺町"}},{"type":"Polygon","arcs":[[1281,-1279,1282,1283]],"properties":{"name":"生祥海老屋町"}},{"type":"Polygon","arcs":[[-1256,-810,-1232,-694]],"properties":{"name":"朱雀第八西ノ京南壺井町"}},{"type":"Polygon","arcs":[[-628,-198,-705,-1016,1284]],"properties":{"name":"日彰梅忠町"}},{"type":"Polygon","arcs":[[-1184,1285,-937,1286,1287,1288,-927,1289]],"properties":{"name":"日彰井筒屋町"}},{"type":"Polygon","arcs":[[-855,-947,-1185,-1290,-926,1290,1291]],"properties":{"name":"日彰槌屋町"}},{"type":"Polygon","arcs":[[-621,-770,1292,-1099,-971,-1129,-1058]],"properties":{"name":"朱雀第四西ノ京銅駝町"}},{"type":"Polygon","arcs":[[1293,1294,1295,-1148,1296,1297]],"properties":{"name":"銅駝東椹木町"}},{"type":"Polygon","arcs":[[1298,1299,-235,-644]],"properties":{"name":"日彰元法然寺町"}},{"type":"Polygon","arcs":[[1300,1301,-1135,1302]],"properties":{"name":"銅駝樋之口町"}},{"type":"Polygon","arcs":[[-986,1303,1304,1305]],"properties":{"name":"竹間砂金町"}},{"type":"Polygon","arcs":[[1306,1307,1308,1309,1310]],"properties":{"name":"日彰貝屋町"}},{"type":"Polygon","arcs":[[1311,-215,-777,-180,-1085,1312,1313,1314]],"properties":{"name":"梅屋二条新町"}},{"type":"Polygon","arcs":[[-1203,1315,-976,1316,1317,1318,1319,-1007]],"properties":{"name":"初音松屋町"}},{"type":"Polygon","arcs":[[-1162,-1048,-899,-945]],"properties":{"name":"梅屋下丸屋町"}},{"type":"Polygon","arcs":[[-378,-836,-1260,1320,-70]],"properties":{"name":"朱雀第六西ノ京式部町"}},{"type":"Polygon","arcs":[[1321,-959,-999,1322]],"properties":{"name":"竹間松竹町"}},{"type":"Polygon","arcs":[[1323,1324,1325,1326]],"properties":{"name":"日彰帯屋町"}},{"type":"Polygon","arcs":[[-1120,-122,-1231,1327]],"properties":{"name":"初音塗師屋町"}},{"type":"Polygon","arcs":[[-1222,-901,-1047,1328,-132,-245,-94]],"properties":{"name":"梅屋薬屋町"}},{"type":"Polygon","arcs":[[1329,1330,1331,1332,-1171,-929]],"properties":{"name":"日彰和久屋町"}},{"type":"Polygon","arcs":[[-619,-515,-886,1333,-1062,-686]],"properties":{"name":"朱雀第二西ノ京南両町"}},{"type":"Polygon","arcs":[[1334,1335,1336,1337,1338,1339,-841]],"properties":{"name":"生祥円福寺前町"}},{"type":"Polygon","arcs":[[-1147,-996,1340,-782,-879,1341,-984]],"properties":{"name":"竹間三本木"}},{"type":"Polygon","arcs":[[1342,-1323,-998,-1158,1343,1344]],"properties":{"name":"竹間亀屋町"}},{"type":"Polygon","arcs":[[1345,1346,-1335,-840,1347]],"properties":{"name":"立誠東側町"}},{"type":"Polygon","arcs":[[-1296,-822,-1149]],"properties":{"name":"銅駝梅之木町"}},{"type":"Polygon","arcs":[[1348,-1178,-1106,1349,-753,-981,-1027]],"properties":{"name":"柳池妙満寺前町"}},{"type":"Polygon","arcs":[[-748,1350,-1138,-1082,-1098,-1174]],"properties":{"name":"銅駝下丸屋町"}},{"type":"Polygon","arcs":[[1351,-1111,1352,-1131,1353,1354]],"properties":{"name":"立誠鍋屋町"}},{"type":"Polygon","arcs":[[-1249,1355,1356,1357,-950,-1176,1358,-1144]],"properties":{"name":"立誠大黒町"}},{"type":"Polygon","arcs":[[1359,-1258,-1132,-1353,1360,1361,-1246]],"properties":{"name":"立誠下樵木町"}},{"type":"Polygon","arcs":[[-509,-459,-1240,1362]],"properties":{"name":"富有鍵屋町"}},{"type":"Polygon","arcs":[[-1314,1363,1364,-567,1365,-1124,-847,1366]],"properties":{"name":"梅屋弁財天町"}},{"type":"Polygon","arcs":[[1367,1368,-1336,-1347,1369,1370]],"properties":{"name":"立誠中之町"}},{"type":"Polygon","arcs":[[-1063,-1334,-885,-1219,-760,-685,-817]],"properties":{"name":"朱雀第二西ノ京上平町"}},{"type":"Polygon","arcs":[[-595,-1091,-546,-1057,-1128]],"properties":{"name":"朱雀第四西ノ京南原町"}},{"type":"Polygon","arcs":[[-1285,-1015,-1173,1371,-819]],"properties":{"name":"日彰三文字町"}},{"type":"Polygon","arcs":[[-1172,-1333,1372,1373,1374,-820,-1372]],"properties":{"name":"日彰御射山町"}},{"type":"Polygon","arcs":[[1375,1376,-1244,-1142]],"properties":{"name":"立誠橋下町"}},{"type":"Polygon","arcs":[[1377,-1217,-1204,-1005]],"properties":{"name":"初音杉屋町"}},{"type":"Polygon","arcs":[[1378,-1233,-700]],"properties":{"name":"初音車屋町"}},{"type":"Polygon","arcs":[[1379,1380,-1272,1381,1382,-1327,1383,-1310]],"properties":{"name":"日彰中魚屋町"}},{"type":"Polygon","arcs":[[-1328,-1230,-973,1384,1385,1386,-1235,-1121]],"properties":{"name":"初音船屋町"}},{"type":"Polygon","arcs":[[-909,-1039,-750,-1154]],"properties":{"name":"柳池上白山町"}},{"type":"Polygon","arcs":[[-966,1387,-717,-519]],"properties":{"name":"富有魚屋町"}},{"type":"Polygon","arcs":[[-842,-1340,1388,-1226,-940,-1041,1389]],"properties":{"name":"生祥蛸屋町"}},{"type":"Polygon","arcs":[[1390,1391,1392,-1357]],"properties":{"name":"立誠松ケ枝町"}},{"type":"Polygon","arcs":[[-825,-1179,-1349,-1026,-914,-970,1393]],"properties":{"name":"富有要法寺前町"}},{"type":"Polygon","arcs":[[1394,-856,-1292,1395,1396,-1012,1397,1398]],"properties":{"name":"日彰桝屋町"}},{"type":"Polygon","arcs":[[-843,-1390,-1040,-1277]],"properties":{"name":"生祥伊勢屋町"}},{"type":"Polygon","arcs":[[-660,-1116,-718,-1388,-965]],"properties":{"name":"富有笹屋町"}},{"type":"Polygon","arcs":[[1399,-946,-789,-1018]],"properties":{"name":"梅屋中之町"}},{"type":"Polygon","arcs":[[-709,1400,-992,-1146,-933,-1241,-863,-1169]],"properties":{"name":"竹間福屋町"}},{"type":"Polygon","arcs":[[-1076,-1239,1401,-527,-1387,1402]],"properties":{"name":"初音高宮町"}},{"type":"Polygon","arcs":[[1403,-1084,-1137,1404,-1301,1405,-1265]],"properties":{"name":"銅駝東生洲町"}},{"type":"Polygon","arcs":[[-1134,-1100,-1293,-769,-1267,-738,-1261,-834]],"properties":{"name":"朱雀第六西ノ京内畑町"}},{"type":"Polygon","arcs":[[1406,-1348,-839,1407]],"properties":{"name":"立誠中筋町"}},{"type":"Polygon","arcs":[[1408,1409,-1166,-1072,-779]],"properties":{"name":"竹間真如堂町"}},{"type":"Polygon","arcs":[[1410,-1355]],"properties":{"name":"立誠柏屋町"}},{"type":"Polygon","arcs":[[-645,-207,-821,-1375,1411]],"properties":{"name":"日彰一蓮社町"}},{"type":"Polygon","arcs":[[-1077,-1403,-1386,1412]],"properties":{"name":"初音高田町"}},{"type":"Polygon","arcs":[[-1150,-826,-1394,-969,-656,-608,1413]],"properties":{"name":"富有久遠院前町"}},{"type":"Polygon","arcs":[[-923,-1071,1414,-1284,1415,-852,-730]],"properties":{"name":"生祥弁慶石町"}},{"type":"Polygon","arcs":[[-1374,1416,1417,1418,-1299,-643,-1412]],"properties":{"name":"日彰元竹田町"}},{"type":"Polygon","arcs":[[-216,-1312,1419,-851,1420,-1001,-1280]],"properties":{"name":"梅屋竪大恩寺町"}},{"type":"Polygon","arcs":[[-1247,-1362,1421,-1195,1422,-1190]],"properties":{"name":"立誠南車屋町"}},{"type":"Polygon","arcs":[[-1361,-1110,-1053,1423,-1196,-1422]],"properties":{"name":"立誠備前島町"}},{"type":"Polygon","arcs":[[1424,-1380,-1309,1425]],"properties":{"name":"日彰菊屋町"}},{"type":"Polygon","arcs":[[-1088,1426,-1164,-568,-1365,1427]],"properties":{"name":"梅屋亀屋町"}},{"type":"Polygon","arcs":[[1428,1429,-1370,-1346,-1407,1430,-1392,1431,-1193]],"properties":{"name":"立誠裏寺町"}},{"type":"Polygon","arcs":[[-1291,-925,1432,-1396]],"properties":{"name":"日彰道祐町"}},{"type":"Polygon","arcs":[[-1297,-1151,-1414,-607,-587,1433,1434]],"properties":{"name":"富有下御霊前町"}},{"type":"Polygon","arcs":[[-985,-1342,-882,1435,1436,-1304]],"properties":{"name":"竹間清水町"}},{"type":"Polygon","arcs":[[-1225,-1274,1437,-942]],"properties":{"name":"生祥高宮町"}},{"type":"Polygon","arcs":[[-1405,-1136,-1302]],"properties":{"name":"銅駝西生洲町"}},{"type":"Polygon","arcs":[[1438,-1399,1439,1440]],"properties":{"name":"初音大阪材木町"}},{"type":"Polygon","arcs":[[-1042,-938,-1286,-1183]],"properties":{"name":"生祥骨屋之町"}},{"type":"Polygon","arcs":[[-1440,-1398,-1017,-703,1441]],"properties":{"name":"初音東片町"}},{"type":"Polygon","arcs":[[1442,-1145,-1359,-1175,-1096]],"properties":{"name":"立誠中島町"}},{"type":"Polygon","arcs":[[-1364,-1313,-1089,-1428]],"properties":{"name":"梅屋泉町"}},{"type":"Polygon","arcs":[[1443,-1319,1444,-994]],"properties":{"name":"竹間夷町"}},{"type":"Polygon","arcs":[[-1371,-1430,1445,-1051,-1109,1446]],"properties":{"name":"立誠米屋町"}},{"type":"Polygon","arcs":[[-765,1447,-963,-636,-1281,-1112]],"properties":{"name":"朱雀第八西ノ京月輪町"}},{"type":"Polygon","arcs":[[1448,-1338,1449,-1024,1450,-1269,-1223]],"properties":{"name":"生祥鍛冶屋町"}},{"type":"Polygon","arcs":[[-1434,-586,1451]],"properties":{"name":"富有石屋町"}},{"type":"Polygon","arcs":[[-1432,-1391,-1356,-1248,-1191,-1423,-1194]],"properties":{"name":"立誠山崎町"}},{"type":"Polygon","arcs":[[-1159,-1126,1452,1453]],"properties":{"name":"梅屋玉植町"}},{"type":"Polygon","arcs":[[-987,-1306,1454,1455]],"properties":{"name":"竹間光リ堂町"}},{"type":"Polygon","arcs":[[-1210,1456,-1102,-801,1457]],"properties":{"name":"銅駝角倉町"}},{"type":"Polygon","arcs":[[1458,1459,-1324,-1383]],"properties":{"name":"日彰八百屋町"}},{"type":"Polygon","arcs":[[-784,-904,-1198,1460,-1092]],"properties":{"name":"梅屋西竹屋町"}},{"type":"Polygon","arcs":[[-1125,-1366,-566,-960,1462,1463,-1453]],"properties":{"name":"梅屋大炊町"}},{"type":"Polygon","arcs":[[-1339,-1449,-1227,-1389]],"properties":{"name":"生祥船屋町"}},{"type":"Polygon","arcs":[[-1259,-1360,-1245,-1377,1464]],"properties":{"name":"立誠若松町"}},{"type":"Polygon","arcs":[[-1216,-1078,-1413,-1385,-978,1465,-1201]],"properties":{"name":"初音左京町"}},{"type":"Polygon","arcs":[[-1253,-133,-1329,-1046]],"properties":{"name":"梅屋槌屋町"}},{"type":"Polygon","arcs":[[1466,-1294,1467,-1228,-1211,-1458]],"properties":{"name":"銅駝西革堂町"}},{"type":"Polygon","arcs":[[-1023,1468,-874,-1270,-1451]],"properties":{"name":"生祥桝屋町"}},{"type":"Polygon","arcs":[[1469,-1307,1470,-1417,-1373,-1332]],"properties":{"name":"日彰泉正寺町"}},{"type":"Polygon","arcs":[[-952,1471,-1275,-1282,-1415,-1070]],"properties":{"name":"生祥永楽町"}},{"type":"Polygon","arcs":[[1472,-1344,-1157,1473]],"properties":{"name":"竹間西方寺町"}},{"type":"Polygon","arcs":[[-795,-1208,1474,1475,-1033,-1237,-1251,1476]],"properties":{"name":"柳池柳八幡町"}},{"type":"Polygon","arcs":[[-1455,-1305,-1437,1477,-1345,-1473,1478,1479]],"properties":{"name":"竹間大倉町"}},{"type":"Polygon","arcs":[[-995,-1445,-1318,1480,-1409,-778,-1341]],"properties":{"name":"竹間壺屋町"}},{"type":"Polygon","arcs":[[-754,-1350,-1105,-1139,-1351,-747,-1152]],"properties":{"name":"柳池上本能寺前町"}},{"type":"Polygon","arcs":[[-1202,-1466,-977,-1316]],"properties":{"name":"初音鍵屋町"}},{"type":"Polygon","arcs":[[-889,-614,-368,-715]],"properties":{"name":"富有俵屋町"}},{"type":"Polygon","arcs":[[-1238,-1031,1481,-528,-1402]],"properties":{"name":"初音亀甲屋町"}},{"type":"Polygon","arcs":[[-993,-1401,-708,-871,-1008,-1320,-1444]],"properties":{"name":"竹間天守町"}},{"type":"Polygon","arcs":[[-1288,1482,-1426,-1308,-1470,-1331,1483]],"properties":{"name":"日彰雁金町"}},{"type":"Polygon","arcs":[[-943,-1400,-1020,1484,1485,-961,-570,-1163]],"properties":{"name":"梅屋田中町"}},{"type":"Polygon","arcs":[[1486,-1475,-1207,1487,-857,-1395,-1439]],"properties":{"name":"柳池油屋町"}},{"type":"Polygon","arcs":[[-1479,-1474,-1156,1488]],"properties":{"name":"竹間常真横町"}},{"type":"Polygon","arcs":[[-1433,-931,-1170,-1013,-1397]],"properties":{"name":"日彰丸屋町"}},{"type":"Polygon","arcs":[[-1358,-1393,-1431,-1408,-838,-1276,-1472,-951]],"properties":{"name":"立誠桜之町"}},{"type":"Polygon","arcs":[[-1234,-1379,-707,-1119]],"properties":{"name":"初音梅屋町"}},{"type":"Polygon","arcs":[[-1436,-881,-1074,-1168,-955,-1322,-1343,-1478]],"properties":{"name":"竹間少将井町"}},{"type":"Polygon","arcs":[[-1482,-1034,-1476,-1487,-1441,-1442,-702,-529]],"properties":{"name":"初音木之下町"}},{"type":"Polygon","arcs":[[-1242,-722,-982,1489]],"properties":{"name":"竹間関東屋町"}},{"type":"Polygon","arcs":[[-1424,-1052,-1446,-1429,-1197]],"properties":{"name":"立誠塩屋町"}},{"type":"Polygon","arcs":[[-807,-1153,-745,-868]],"properties":{"name":"柳池大文字町"}},{"type":"Polygon","arcs":[[-1406,-1303,-1140,-1103,-1457,-1209,-1266]],"properties":{"name":"銅駝清水町"}},{"type":"Polygon","arcs":[[1490,1491,-231,-1300,-1419]],"properties":{"name":"日彰阪東屋町"}},{"type":"Polygon","arcs":[[-918,-1038,1492,-1180]],"properties":{"name":"柳池俵屋町"}},{"type":"Polygon","arcs":[[-1289,-1484,-1330,-928]],"properties":{"name":"日彰甲屋町"}},{"type":"Polygon","arcs":[[-962,-1486,1493,-1463]],"properties":{"name":"梅屋梅屋町"}},{"type":"Polygon","arcs":[[-1252,-1214,-1378,-1009,-610,-1181,-1493,-1037]],"properties":{"name":"柳池等持寺町"}},{"type":"Polygon","arcs":[[-1471,-1311,-1384,-1326,1494,-1491,-1418]],"properties":{"name":"日彰西魚屋町"}},{"type":"Polygon","arcs":[[-1273,-1381,-1425,-1483,-1287,-936,-1438]],"properties":{"name":"日彰十文字町"}},{"type":"Polygon","arcs":[[-872,1495,-1459,-1382,-1271]],"properties":{"name":"日彰瀬戸屋町"}},{"type":"Polygon","arcs":[[-1488,-1206,-793,-867,-732,-858]],"properties":{"name":"柳池福長町"}},{"type":"Polygon","arcs":[[-1317,-975,-773,-166,-1167,-1410,-1481]],"properties":{"name":"初音仁王門町"}},{"type":"Polygon","arcs":[[-948,-853,-1416,-1283,-1278,-1186]],"properties":{"name":"生祥白壁町"}},{"type":"Polygon","arcs":[[-907,-796,-1477,-1250,-1035]],"properties":{"name":"柳池東八幡町"}}]}},"arcs":[[[135.75084414676516,35.01091354845564],[135.75077731232298,35.01091617762033]],[[135.75077731232298,35.01091617762033],[135.75033811456026,35.010918806785014]],[[135.75033811456026,35.010918806785014],[135.75009464623525,35.01128688984119]],[[135.75009464623525,35.01128688984119],[135.750099420124,35.01166023122673]],[[135.750099420124,35.01166023122673],[135.75048133122203,35.011644456238606]],[[135.75048133122203,35.011644456238606],[135.75084414676516,35.01091354845564]],[[135.75084414676516,35.01091354845564],[135.7513645006362,35.01090829012627]],[[135.7513645006362,35.01090829012627],[135.75161274284994,35.009772490981526]],[[135.75161274284994,35.009772490981526],[135.7508155034328,35.01000911580334]],[[135.7508155034328,35.01000911580334],[135.75079163398917,35.01053231957604]],[[135.75079163398917,35.01053231957604],[135.75077731232298,35.01091617762033]],[[135.75007077679163,35.010763686068486],[135.75007077679163,35.010416636329815]],[[135.75007077679163,35.010416636329815],[135.7500803245691,35.01003540745021]],[[135.7500803245691,35.01003540745021],[135.74931172848432,35.010001228309285]],[[135.74931172848432,35.010001228309285],[135.74931172848432,35.010734765256935]],[[135.74931172848432,35.010734765256935],[135.75007077679163,35.010763686068486]],[[135.7500612290142,35.009409666254726],[135.7500612290142,35.0088522833411]],[[135.7500612290142,35.0088522833411],[135.74927831126323,35.00882862085892]],[[135.74927831126323,35.00882862085892],[135.74935946737156,35.00955164114782]],[[135.74935946737156,35.00955164114782],[135.7500612290142,35.009409666254726]],[[135.75078686010045,35.008847025011725],[135.75044791400094,35.008849654176416]],[[135.75044791400094,35.008849654176416],[135.7500612290142,35.0088522833411]],[[135.7500612290142,35.009409666254726],[135.75030469733917,35.00974357016997]],[[135.75030469733917,35.00974357016997],[135.75059590455143,35.009740941005276]],[[135.75059590455143,35.009740941005276],[135.75078686010045,35.00949379952471]],[[135.75078686010045,35.00949379952471],[135.75078686010045,35.008847025011725]],[[135.7516079689612,35.009499057854086],[135.75157932562885,35.0088128458708]],[[135.75157932562885,35.0088128458708],[135.75078686010045,35.008847025011725]],[[135.75078686010045,35.00949379952471],[135.7516079689612,35.009499057854086]],[[135.75009464623525,35.01128688984119],[135.749421527925,35.011226419053386]],[[135.749421527925,35.011226419053386],[135.74935469348284,35.011686522873596]],[[135.74935469348284,35.011686522873596],[135.750099420124,35.01166023122673]],[[135.74843333295885,35.01198098931853],[135.74841901129267,35.01097401924344]],[[135.74841901129267,35.01097401924344],[135.74832353351815,35.01097139007876]],[[135.74832353351815,35.01097139007876],[135.74788433575543,35.010981906737506]],[[135.74788433575543,35.010981906737506],[135.7473162429971,35.01097664840813]],[[135.7473162429971,35.01097664840813],[135.74736398188435,35.01201516845946]],[[135.74736398188435,35.01201516845946],[135.74843333295885,35.01198098931853]],[[135.74927831126323,35.00882862085892],[135.7491398684902,35.008499975273054]],[[135.7491398684902,35.008499975273054],[135.7488773046103,35.008492087779]],[[135.7488773046103,35.008492087779],[135.7488582090554,35.00978300764027]],[[135.7488582090554,35.00978300764027],[135.74935946737156,35.009772490981526]],[[135.74935946737156,35.009772490981526],[135.74935946737156,35.00955164114782]],[[135.75079163398917,35.01053231957604],[135.75007077679163,35.010416636329815]],[[135.75007077679163,35.010763686068486],[135.75033811456026,35.010918806785014]],[[135.74931172848432,35.010734765256935],[135.74901574738334,35.010963502584694]],[[135.74901574738334,35.010963502584694],[135.749421527925,35.011226419053386]],[[135.7508155034328,35.01000911580334],[135.75059590455143,35.009740941005276]],[[135.75030469733917,35.00974357016997],[135.7500803245691,35.01003540745021]],[[135.7475358418785,35.00980141179308],[135.74799890908483,35.00901792071638]],[[135.74799890908483,35.00901792071638],[135.74750719854612,35.008476312790876]],[[135.74750719854612,35.008476312790876],[135.74737352966181,35.008476312790876]],[[135.74737352966181,35.008476312790876],[135.74699161856378,35.008476312790876]],[[135.74699161856378,35.008476312790876],[135.74702026189613,35.00980141179308]],[[135.74702026189613,35.00980141179308],[135.7475358418785,35.00980141179308]],[[135.74788433575543,35.010981906737506],[135.7475358418785,35.00980141179308]],[[135.74702026189613,35.00980141179308],[135.7470298096736,35.01098453590219]],[[135.7470298096736,35.01098453590219],[135.7473162429971,35.01097664840813]],[[135.74935946737156,35.009772490981526],[135.74931172848432,35.010001228309285]],[[135.7519803322818,35.015764357303],[135.75196123672688,35.01504396617879]],[[135.75196123672688,35.01504396617879],[135.75195646283817,35.014723208086984]],[[135.75195646283817,35.014723208086984],[135.75194214117198,35.01389502121061]],[[135.75194214117198,35.01389502121061],[135.75193736728326,35.0134533215432]],[[135.75193736728326,35.0134533215432],[135.75191827172836,35.012246534951906]],[[135.75191827172836,35.012246534951906],[135.75190872395092,35.011728589508586]],[[135.75190872395092,35.011728589508586],[135.75048133122203,35.011644456238606]],[[135.74935469348284,35.011686522873596],[135.74843333295885,35.01198098931853]],[[135.74736398188435,35.01201516845946],[135.74523482751286,35.0122491641166]],[[135.74523482751286,35.0122491641166],[135.74527301862264,35.012940634429256]],[[135.74527301862264,35.012940634429256],[135.74537327028588,35.01467588312262]],[[135.74537327028588,35.01467588312262],[135.74546397417166,35.01604304875981],[135.7519803322818,35.015764357303]],[[135.75190872395092,35.011728589508586],[135.75189917617345,35.0111028483131]],[[135.75189917617345,35.0111028483131],[135.75189917617345,35.01090303179689]],[[135.75189917617345,35.01090303179689],[135.7513645006362,35.01090829012627]],[[135.75189917617345,35.01090303179689],[135.7518705328411,35.009772490981526]],[[135.7518705328411,35.009772490981526],[135.75161274284994,35.009772490981526]],[[135.7488773046103,35.008492087779],[135.74837604629414,35.00848157112025]],[[135.74837604629414,35.00848157112025],[135.74835217685052,35.00887068749391]],[[135.74835217685052,35.00887068749391],[135.74837127240542,35.00978037847558]],[[135.74837127240542,35.00978037847558],[135.7488582090554,35.00978300764027]],[[135.74837127240542,35.00978037847558],[135.74832353351815,35.01097139007876]],[[135.74841901129267,35.01097401924344],[135.74901574738334,35.010963502584694]],[[135.75161274284994,35.009772490981526],[135.7516079689612,35.009499057854086]],[[135.74835217685052,35.00887068749391],[135.74799890908483,35.00901792071638]],[[135.7522094789406,35.0097777493109],[135.75282053669744,35.0089732249167]],[[135.75282053669744,35.0089732249167],[135.75293511002687,35.00884439584704]],[[135.75293511002687,35.00884439584704],[135.75185621117492,35.0088733166586]],[[135.75185621117492,35.0088733166586],[135.7518705328411,35.009772490981526]],[[135.7518705328411,35.009772490981526],[135.7522094789406,35.0097777493109]],[[135.75327405612637,35.01364787973004],[135.7521140011661,35.01344806321383]],[[135.7521140011661,35.01344806321383],[135.75193736728326,35.0134533215432]],[[135.75194214117198,35.01389502121061],[135.75247681670922,35.01420263347897]],[[135.75247681670922,35.01420263347897],[135.75280621503128,35.01420000431429]],[[135.75280621503128,35.01420000431429],[135.75327405612637,35.01364787973004]],[[135.75831050873163,35.01089777346752],[135.75839643872868,35.01012479904957]],[[135.75839643872868,35.01012479904957],[135.75837734317378,35.009811928451825]],[[135.75837734317378,35.009811928451825],[135.75773286819586,35.00981981594589]],[[135.75773286819586,35.00981981594589],[135.75759919931153,35.00982244511057]],[[135.75759919931153,35.00982244511057],[135.75758487764537,35.01090040263221]],[[135.75758487764537,35.01090040263221],[135.75831050873163,35.01089777346752]],[[135.75962332813108,35.010966131749385],[135.75962332813108,35.010774202727234]],[[135.75962332813108,35.010774202727234],[135.75961378035365,35.00988554506306]],[[135.75961378035365,35.00988554506306],[135.75927483425414,35.00983822009869]],[[135.75927483425414,35.00983822009869],[135.75879744538162,35.010127428214254]],[[135.75879744538162,35.010127428214254],[135.75878789760415,35.01095561509064]],[[135.75878789760415,35.01095561509064],[135.75962332813108,35.010966131749385]],[[135.7533934033445,35.0097777493109],[135.75282053669744,35.0089732249167]],[[135.7522094789406,35.0097777493109],[135.75238133893473,35.01104763585467]],[[135.75238133893473,35.01104763585467],[135.7530783266886,35.011023973372495]],[[135.7530783266886,35.011023973372495],[135.7533934033445,35.0097777493109]],[[135.75759919931153,35.00982244511057],[135.75701201099832,35.009830332604636]],[[135.75701201099832,35.009830332604636],[135.75683060322675,35.00983559093401]],[[135.75683060322675,35.00983559093401],[135.75692130711255,35.01090566096158]],[[135.75692130711255,35.01090566096158],[135.75758487764537,35.01090040263221]],[[135.75837734317378,35.009811928451825],[135.75840598650612,35.008891720811405]],[[135.75840598650612,35.008891720811405],[135.758043170963,35.00862354601334]],[[135.758043170963,35.00862354601334],[135.7575753298679,35.009020549881065]],[[135.7575753298679,35.009020549881065],[135.75773286819586,35.00981981594589]],[[135.75238133893473,35.01104763585467],[135.7525102339303,35.01130003566462]],[[135.7525102339303,35.01130003566462],[135.7530783266886,35.011023973372495]],[[135.7597379014605,35.01228597242221],[135.75989543978844,35.01202042678884]],[[135.75989543978844,35.01202042678884],[135.75989066589972,35.01141046058147]],[[135.75989066589972,35.01141046058147],[135.75962332813108,35.010966131749385]],[[135.75878789760415,35.01095561509064],[135.75879744538162,35.0113236981468]],[[135.75879744538162,35.0113236981468],[135.75901704426298,35.012278084928155]],[[135.75901704426298,35.012278084928155],[135.7597379014605,35.01228597242221]],[[135.7546966749665,35.01380562961125],[135.75512155106307,35.01359266727161]],[[135.75512155106307,35.01359266727161],[135.75512155106307,35.0134138840729]],[[135.75512155106307,35.0134138840729],[135.75472054441013,35.0131930342392]],[[135.75472054441013,35.0131930342392],[135.75377531444252,35.013256134191685]],[[135.75377531444252,35.013256134191685],[135.75344114223174,35.01364525056535]],[[135.75344114223174,35.01364525056535],[135.7538087316636,35.01389765037529]],[[135.7538087316636,35.01389765037529],[135.7546966749665,35.01380562961125]],[[135.7584203081723,35.012130851705685],[135.75829141317672,35.0113236981468]],[[135.75829141317672,35.0113236981468],[135.75831050873163,35.01089777346752]],[[135.75758487764537,35.01090040263221],[135.75758487764537,35.01126585652369]],[[135.75758487764537,35.01126585652369],[135.75758010375662,35.01213611003506]],[[135.75758010375662,35.01213611003506],[135.7584203081723,35.012130851705685]],[[135.7575753298679,35.009020549881065],[135.7569356287787,35.00903106653981]],[[135.7569356287787,35.00903106653981],[135.75701201099832,35.009830332604636]],[[135.75904568759532,35.01338759242603],[135.75901704426298,35.012278084928155]],[[135.75879744538162,35.0113236981468],[135.75829141317672,35.0113236981468]],[[135.7584203081723,35.012130851705685],[135.75845372539337,35.0134743548607]],[[135.75845372539337,35.0134743548607],[135.75904568759532,35.01338759242603]],[[135.75879744538162,35.010127428214254],[135.75839643872868,35.01012479904957]],[[135.75482079607337,35.00949379952471],[135.75481124829594,35.00892852911702]],[[135.75481124829594,35.00892852911702],[135.7540187827675,35.00894430410514]],[[135.7540187827675,35.00894430410514],[135.75402833054497,35.009625257759055]],[[135.75402833054497,35.009625257759055],[135.75482079607337,35.00949379952471]],[[135.75927483425414,35.00983822009869],[135.75901704426298,35.009123087303855]],[[135.75901704426298,35.009123087303855],[135.75840598650612,35.008891720811405]],[[135.7553554716106,35.01089777346752],[135.75494491718024,35.01095824425532]],[[135.75494491718024,35.01095824425532],[135.75464416219054,35.011457785545836]],[[135.75464416219054,35.011457785545836],[135.7548255699621,35.01203883094164]],[[135.7548255699621,35.01203883094164],[135.7548255699621,35.01218343499942]],[[135.7548255699621,35.01218343499942],[135.75551300993857,35.012191322493486]],[[135.75551300993857,35.012191322493486],[135.755522557716,35.01135787728773]],[[135.755522557716,35.01135787728773],[135.7553554716106,35.01089777346752]],[[135.756200449915,35.01128688984119],[135.755522557716,35.01135787728773]],[[135.75551300993857,35.012191322493486],[135.7561956760263,35.01209930172944]],[[135.7561956760263,35.01209930172944],[135.756200449915,35.01128688984119]],[[135.76004820422764,35.013427029896334],[135.75991453534334,35.01246738478561]],[[135.75991453534334,35.01246738478561],[135.7597379014605,35.01228597242221]],[[135.75904568759532,35.01338759242603],[135.75946101591444,35.01364262140066]],[[135.75946101591444,35.01364262140066],[135.7596471975747,35.01364262140066]],[[135.7596471975747,35.01364262140066],[135.76004820422764,35.013427029896334]],[[135.75367028889056,35.01101871504312],[135.75383737499595,35.01101082754906]],[[135.75383737499595,35.01101082754906],[135.75383737499595,35.01059279036384]],[[135.75383737499595,35.01059279036384],[135.75383260110723,35.010040665779584]],[[135.75383260110723,35.010040665779584],[135.75382782721852,35.00978037847558]],[[135.75382782721852,35.00978037847558],[135.7533934033445,35.0097777493109]],[[135.7530783266886,35.011023973372495],[135.75367028889056,35.01101871504312]],[[135.75494491718024,35.01095824425532],[135.75481124829594,35.01051391542323]],[[135.75481124829594,35.01051391542323],[135.75383737499595,35.01059279036384]],[[135.75383737499595,35.01101082754906],[135.75464416219054,35.011457785545836]],[[135.75482079607337,35.009785636804956],[135.75482079607337,35.00949379952471]],[[135.75402833054497,35.009625257759055],[135.75382782721852,35.00978037847558]],[[135.75383260110723,35.010040665779584],[135.75481124829594,35.010101136567386]],[[135.75481124829594,35.010101136567386],[135.75482079607337,35.009785636804956]],[[135.75609542436305,35.01377933796438],[135.75645823990618,35.01355848813068]],[[135.75645823990618,35.01355848813068],[135.7562768321346,35.013358671614476]],[[135.7562768321346,35.013358671614476],[135.75550823604982,35.013253505026995]],[[135.75550823604982,35.013253505026995],[135.75512155106307,35.0134138840729]],[[135.75512155106307,35.01359266727161],[135.75539366272042,35.01393971701028]],[[135.75539366272042,35.01393971701028],[135.75609542436305,35.01377933796438]],[[135.75237179115726,35.012246534951906],[135.7525102339303,35.01130003566462]],[[135.75238133893473,35.01104763585467],[135.75189917617345,35.0111028483131]],[[135.75191827172836,35.012246534951906],[135.75237179115726,35.012246534951906]],[[135.75758010375662,35.01213611003506],[135.7575896515341,35.01336130077916]],[[135.7575896515341,35.01336130077916],[135.75791904985613,35.013629475577225]],[[135.75791904985613,35.013629475577225],[135.7582293526233,35.01363736307129]],[[135.7582293526233,35.01363736307129],[135.75845372539337,35.0134743548607]],[[135.756200449915,35.01128688984119],[135.75644391824,35.010995052560936]],[[135.75644391824,35.010995052560936],[135.7561431632503,35.010837302679725]],[[135.7561431632503,35.010837302679725],[135.75553210549344,35.01083993184441]],[[135.75553210549344,35.01083993184441],[135.7553554716106,35.01089777346752]],[[135.75961378035365,35.00988554506306],[135.7596281020198,35.00891538329359]],[[135.7596281020198,35.00891538329359],[135.75926051258796,35.008589366872414]],[[135.75926051258796,35.008589366872414],[135.75912206981494,35.008589366872414]],[[135.75912206981494,35.008589366872414],[135.75901704426298,35.009123087303855]],[[135.75758487764537,35.01126585652369],[135.75705020210813,35.01121327322995]],[[135.75705020210813,35.01121327322995],[135.7569165332238,35.01215188502318]],[[135.7569165332238,35.01215188502318],[135.75758010375662,35.01213611003506]],[[135.7569165332238,35.01215188502318],[135.7569165332238,35.01218606416411]],[[135.7569165332238,35.01218606416411],[135.75691175933508,35.01332186330886]],[[135.75691175933508,35.01332186330886],[135.7575896515341,35.01336130077916]],[[135.76034895921734,35.00677787240313],[135.75991930923206,35.00614687287827]],[[135.75991930923206,35.00614687287827],[135.7595278503566,35.006141614548895]],[[135.7595278503566,35.006141614548895],[135.75859216816642,35.00650706844037]],[[135.75859216816642,35.00650706844037],[135.75873538482819,35.006875151496544]],[[135.75873538482819,35.006875151496544],[135.75926528647668,35.00732736782269]],[[135.75926528647668,35.00732736782269],[135.75974267534923,35.00746934271579]],[[135.75974267534923,35.00746934271579],[135.76034895921734,35.00677787240313]],[[135.75691175933508,35.01332186330886],[135.7566157782341,35.01357689228349]],[[135.7566157782341,35.01357689228349],[135.75689266378018,35.01386347123436]],[[135.75689266378018,35.01386347123436],[135.75777105930564,35.01376619214095]],[[135.75777105930564,35.01376619214095],[135.75791904985613,35.013629475577225]],[[135.75551300993857,35.00890749579953],[135.75519315939397,35.00879970004736]],[[135.75519315939397,35.00879970004736],[135.75481124829594,35.00892852911702]],[[135.75482079607337,35.009785636804956],[135.75547004494004,35.00983296176932]],[[135.75547004494004,35.00983296176932],[135.75551300993857,35.00890749579953]],[[135.75185621117492,35.0088733166586],[135.75185621117492,35.0088128458708]],[[135.75185621117492,35.0088128458708],[135.75157932562885,35.0088128458708]],[[135.75237179115726,35.012246534951906],[135.752620033371,35.0122491641166]],[[135.752620033371,35.0122491641166],[135.75376099277634,35.012104560058816]],[[135.75376099277634,35.012104560058816],[135.75367028889056,35.01101871504312]],[[135.75547004494004,35.00983296176932],[135.75553210549344,35.01083993184441]],[[135.7561431632503,35.010837302679725],[135.75643437046256,35.00984873675744]],[[135.75643437046256,35.00984873675744],[135.75623386713607,35.009840849263384]],[[135.75623386713607,35.009840849263384],[135.75547004494004,35.00983296176932]],[[135.760320315885,35.0045930365483],[135.76035373310606,35.00438007420866]],[[135.76035373310606,35.00438007420866],[135.75893111426592,35.004472094972705]],[[135.75893111426592,35.004472094972705],[135.75933689480757,35.00498215292196]],[[135.75933689480757,35.00498215292196],[135.75977131868157,35.00498478208665]],[[135.75977131868157,35.00498478208665],[135.760320315885,35.0045930365483]],[[135.7582150309571,35.00734051364613],[135.75790472818997,35.00734051364613]],[[135.75790472818997,35.00734051364613],[135.75763261653262,35.007911042383185]],[[135.75763261653262,35.007911042383185],[135.75763739042134,35.00808719641721]],[[135.75763739042134,35.00808719641721],[135.758043170963,35.00848945861431]],[[135.758043170963,35.00848945861431],[135.75865900260857,35.007939963194744]],[[135.75865900260857,35.007939963194744],[135.7582150309571,35.00734051364613]],[[135.75377531444252,35.013256134191685],[135.75381827944105,35.01216240168193]],[[135.75381827944105,35.01216240168193],[135.75376099277634,35.012104560058816]],[[135.752620033371,35.0122491641166],[135.7521140011661,35.01344806321383]],[[135.75327405612637,35.01364787973004],[135.75344114223174,35.01364525056535]],[[135.75550823604982,35.013253505026995],[135.75551300993857,35.012191322493486]],[[135.7548255699621,35.01218343499942],[135.75472054441013,35.0131930342392]],[[135.75619090213755,35.00891012496422],[135.75551300993857,35.00890749579953]],[[135.75623386713607,35.009840849263384],[135.75619090213755,35.00891012496422]],[[135.7548255699621,35.01203883094164],[135.75381827944105,35.01216240168193]],[[135.7540187827675,35.00894430410514],[135.7537132538891,35.00856570439023]],[[135.7537132538891,35.00856570439023],[135.75337430778958,35.00872082510676]],[[135.75337430778958,35.00872082510676],[135.75293511002687,35.00884439584704]],[[135.75315470890823,35.006415047676334],[135.75321199557294,35.00705393469525]],[[135.75321199557294,35.00705393469525],[135.75344591612048,35.00735628863425]],[[135.75344591612048,35.00735628863425],[135.7539042094381,35.00735365946956]],[[135.7539042094381,35.00735365946956],[135.7540378783224,35.007032901377755]],[[135.7540378783224,35.007032901377755],[135.7540378783224,35.006457114311324]],[[135.7540378783224,35.006457114311324],[135.75383260110723,35.00614950204295]],[[135.75383260110723,35.00614950204295],[135.75340772501067,35.00614424371358]],[[135.75340772501067,35.00614424371358],[135.75315470890823,35.006415047676334]],[[135.7370953472361,35.00848157112025],[135.73761570110716,35.0108819984794]],[[135.73761570110716,35.0108819984794],[135.73761570110716,35.01097139007876]],[[135.73761570110716,35.01097139007876],[135.7392770143836,35.01081101103286]],[[135.7392770143836,35.01081101103286],[135.73959209103947,35.008492087779]],[[135.73959209103947,35.008492087779],[135.73942023104536,35.00848945861431]],[[135.73942023104536,35.00848945861431],[135.7376395705508,35.008476312790876]],[[135.7376395705508,35.008476312790876],[135.7370953472361,35.00848157112025]],[[135.75315470890823,35.006415047676334],[135.75233360004745,35.0064019018529]],[[135.75233360004745,35.0064019018529],[135.7523192783813,35.007059193024624]],[[135.7523192783813,35.007059193024624],[135.75321199557294,35.00705393469525]],[[135.75481124829594,35.01051391542323],[135.75481124829594,35.010101136567386]],[[135.75519315939397,35.00879970004736],[135.75516928995032,35.00851312109649]],[[135.75516928995032,35.00851312109649],[135.7546966749665,35.00836851703871]],[[135.7546966749665,35.00836851703871],[135.75404742609987,35.00819762133406]],[[135.75404742609987,35.00819762133406],[135.7537132538891,35.00856570439023]],[[135.75317380446313,35.00565521908182],[135.75317857835185,35.00496374876916]],[[135.75317857835185,35.00496374876916],[135.75202807116904,35.00496111960447]],[[135.75202807116904,35.00496111960447],[135.75180847228768,35.00495323211041]],[[135.75180847228768,35.00495323211041],[135.75180369839896,35.00516619445005]],[[135.75180369839896,35.00516619445005],[135.75178460284405,35.00582874395115]],[[135.75178460284405,35.00582874395115],[135.7517798289553,35.00593653970331]],[[135.7517798289553,35.00593653970331],[135.75317380446313,35.00565521908182]],[[135.75312606557588,35.0047534155942],[135.7532645083489,35.00413293272809]],[[135.7532645083489,35.00413293272809],[135.75246249504306,35.0043327492443]],[[135.75246249504306,35.0043327492443],[135.75246249504306,35.00450101578426]],[[135.75246249504306,35.00450101578426],[135.75312606557588,35.0047534155942]],[[135.73456518621165,35.00396203702344],[135.7336295040215,35.0035676623204]],[[135.7336295040215,35.0035676623204],[135.73288955126907,35.003562403991026]],[[135.73288955126907,35.003562403991026],[135.73284181238182,35.00542911091874]],[[135.73284181238182,35.00542911091874],[135.7345365428793,35.00594968552675]],[[135.7345365428793,35.00594968552675],[135.73468930731852,35.00577090232804]],[[135.73468930731852,35.00577090232804],[135.73456518621165,35.00396203702344]],[[135.747769762426,35.00775592166666],[135.7476169979868,35.00732736782269]],[[135.7476169979868,35.00732736782269],[135.74708232244956,35.007390467775174]],[[135.74708232244956,35.007390467775174],[135.74737352966181,35.008476312790876]],[[135.74750719854612,35.008476312790876],[135.747769762426,35.00775592166666]],[[135.75718864488115,35.006872522331854],[135.756634873789,35.00726163870552]],[[135.756634873789,35.00726163870552],[135.756634873789,35.007335255316754]],[[135.756634873789,35.007335255316754],[135.7572172882135,35.007653384243866]],[[135.7572172882135,35.007653384243866],[135.75763261653262,35.007911042383185]],[[135.75790472818997,35.00734051364613],[135.75718864488115,35.006872522331854]],[[135.75317857835185,35.00496374876916],[135.75333611667978,35.00495586127509]],[[135.75333611667978,35.00495586127509],[135.75312606557588,35.0047534155942]],[[135.75246249504306,35.00450101578426],[135.75202807116904,35.00496111960447]],[[135.7557278349312,35.00546066089498],[135.75663964767773,35.00495060294572]],[[135.75663964767773,35.00495060294572],[135.75663964767773,35.00488224466386]],[[135.75663964767773,35.00488224466386],[135.75610974602924,35.00464561984204]],[[135.75610974602924,35.00464561984204],[135.75559893993562,35.0046535073361]],[[135.75559893993562,35.0046535073361],[135.75528863716846,35.00495323211041]],[[135.75528863716846,35.00495323211041],[135.7557278349312,35.00546066089498]],[[135.7571600015488,35.00462721568923],[135.75705974988557,35.004151336880895]],[[135.75705974988557,35.004151336880895],[135.75610974602924,35.00408297859904]],[[135.75610974602924,35.00408297859904],[135.75610974602924,35.00464561984204]],[[135.75663964767773,35.00488224466386],[135.7571600015488,35.00462721568923]],[[135.74554035639127,35.00123296407842],[135.7444184925408,35.00122507658436]],[[135.7444184925408,35.00122507658436],[135.74438984920846,35.0035676623204]],[[135.74438984920846,35.0035676623204],[135.74439462309718,35.0035676623204]],[[135.74439462309718,35.0035676623204],[135.74751197243484,35.00359658313196]],[[135.74751197243484,35.00359658313196],[135.7478413707569,35.00359658313196]],[[135.7478413707569,35.00359658313196],[135.74554035639127,35.00123296407842]],[[135.75027605400683,35.007324738658006],[135.75003258568185,35.006990834742766]],[[135.75003258568185,35.006990834742766],[135.7492926329294,35.00709600133024]],[[135.7492926329294,35.00709600133024],[135.7490825818255,35.007322109493316]],[[135.7490825818255,35.007322109493316],[135.74927831126323,35.00753244266827]],[[135.74927831126323,35.00753244266827],[135.750046907348,35.007582396797325]],[[135.750046907348,35.007582396797325],[135.75027605400683,35.007324738658006]],[[135.75180369839896,35.00516619445005],[135.75071525176958,35.00510835282694]],[[135.75071525176958,35.00510835282694],[135.75074866899064,35.00585766476271]],[[135.75074866899064,35.00585766476271],[135.75178460284405,35.00582874395115]],[[135.75138837007984,35.00463773234798],[135.75136927452493,35.00404617029342]],[[135.75136927452493,35.00404617029342],[135.75078208621173,35.00401462031718]],[[135.75078208621173,35.00401462031718],[135.75071525176958,35.00473501144139]],[[135.75071525176958,35.00473501144139],[135.75138837007984,35.00463773234798]],[[135.75219515727443,35.008187104675315],[135.75186098506364,35.00843950448526]],[[135.75186098506364,35.00843950448526],[135.75185621117492,35.0088128458708]],[[135.75337430778958,35.00872082510676],[135.75312129168714,35.00817658801657]],[[135.75312129168714,35.00817658801657],[135.75219515727443,35.008187104675315]],[[135.74268079704478,34.9988062450724],[135.74268079704478,35.00123296407842]],[[135.74268079704478,35.00123296407842],[135.7444184925408,35.00122507658436]],[[135.7444184925408,35.00122507658436],[135.74442804031827,34.99878521175491]],[[135.74442804031827,34.99878521175491],[135.74268079704478,34.9988062450724]],[[135.73905741550223,34.998722111802415],[135.73633152504004,34.998708965978985]],[[135.73633152504004,34.998708965978985],[135.73632675115132,34.999211136434184]],[[135.73632675115132,34.999211136434184],[135.73617876060084,35.00074919777603]],[[135.73617876060084,35.00074919777603],[135.7364699678131,35.00161419295802]],[[135.7364699678131,35.00161419295802],[135.738957163839,35.001674663745824]],[[135.738957163839,35.001674663745824],[135.73905741550223,35.00124873906655]],[[135.73905741550223,35.00124873906655],[135.73905741550223,34.998722111802415]],[[135.7561049721405,35.00807930892315],[135.75516928995032,35.00851312109649]],[[135.75619090213755,35.00891012496422],[135.7564821093498,35.008576221048976]],[[135.7564821093498,35.008576221048976],[135.7561049721405,35.00807930892315]],[[135.73905741550223,35.00124873906655],[135.74268079704478,35.00123296407842]],[[135.74268079704478,34.9988062450724],[135.73905741550223,34.998722111802415]],[[135.75219515727443,35.008187104675315],[135.7520996794999,35.00733262615206]],[[135.7520996794999,35.00733262615206],[135.75173686395678,35.00732736782269]],[[135.75173686395678,35.00732736782269],[135.75176073340043,35.00821339632218]],[[135.75176073340043,35.00821339632218],[135.75186098506364,35.00843950448526]],[[135.750046907348,35.008126633887514],[135.750046907348,35.007582396797325]],[[135.74927831126323,35.00753244266827],[135.74928308515194,35.00818184634594]],[[135.74928308515194,35.00818184634594],[135.750046907348,35.008126633887514]],[[135.7540903910984,35.0052555860494],[135.75397104388026,35.00495849043978]],[[135.75397104388026,35.00495849043978],[135.75333611667978,35.00495586127509]],[[135.75317380446313,35.00565521908182],[135.75340772501067,35.00614424371358]],[[135.75383260110723,35.00614950204295],[135.7540903910984,35.0052555860494]],[[135.76411555742166,35.01621920279384],[135.76443063407754,35.01597994880733]],[[135.76443063407754,35.01597994880733],[135.76443540796626,35.01522537854218]],[[135.76443540796626,35.01522537854218],[135.76420626130744,35.01493091209725]],[[135.76420626130744,35.01493091209725],[135.7636333946604,35.014925653767875]],[[135.7636333946604,35.014925653767875],[135.763518821331,35.0150807744844]],[[135.763518821331,35.0150807744844],[135.76351404744227,35.01608774455949]],[[135.76351404744227,35.01608774455949],[135.76368113354764,35.016224461123215]],[[135.76368113354764,35.016224461123215],[135.76411555742166,35.01621920279384]],[[135.74523482751286,35.0122491641166],[135.74260441482517,35.011413089746156]],[[135.74260441482517,35.011413089746156],[135.74258531927026,35.01239902650375]],[[135.74258531927026,35.01239902650375],[135.74257577149282,35.01310627180453]],[[135.74257577149282,35.01310627180453],[135.74380743478397,35.0130326551933]],[[135.74380743478397,35.0130326551933],[135.74527301862264,35.012940634429256]],[[135.73767298777187,35.006099547913905],[135.73618830837827,35.00616527703107]],[[135.73618830837827,35.00616527703107],[135.73590664894348,35.00744305106892]],[[135.73590664894348,35.00744305106892],[135.73606896116016,35.008476312790876]],[[135.73606896116016,35.008476312790876],[135.7370953472361,35.00848157112025]],[[135.7376395705508,35.008476312790876],[135.73767298777187,35.006099547913905]],[[135.750046907348,35.0040303953053],[135.74935946737156,35.00407246194029]],[[135.74935946737156,35.00407246194029],[135.74938333681519,35.00470871979452]],[[135.74938333681519,35.00470871979452],[135.7500612290142,35.00471134895921]],[[135.7500612290142,35.00471134895921],[135.750046907348,35.0040303953053]],[[135.74554035639127,35.00123296407842],[135.74751197243484,35.00102000173878],[135.74823282963237,34.998793099248964],[135.74442804031827,34.99878521175491]],[[135.74837127240542,35.00669636829783],[135.7476169979868,35.00732736782269]],[[135.747769762426,35.00775592166666],[135.74837604629414,35.00848157112025]],[[135.7491398684902,35.008499975273054],[135.74928308515194,35.00818184634594]],[[135.7490825818255,35.007322109493316],[135.74837127240542,35.00669636829783]],[[135.75473963996504,35.007679675890735],[135.7540378783224,35.00775855083135]],[[135.7540378783224,35.00775855083135],[135.75404742609987,35.00819762133406]],[[135.7546966749665,35.00836851703871],[135.75473963996504,35.007679675890735]],[[135.73617876060084,35.00567625239931],[135.73468930731852,35.00577090232804]],[[135.7345365428793,35.00594968552675],[135.73446493454844,35.00741938858673]],[[135.73446493454844,35.00741938858673],[135.73590664894348,35.00744305106892]],[[135.73618830837827,35.00616527703107],[135.73617876060084,35.00567625239931]],[[135.75610974602924,35.00408297859904],[135.75557984438072,35.00407509110498]],[[135.75557984438072,35.00407509110498],[135.75559893993562,35.0046535073361]],[[135.73446493454844,35.00741938858673],[135.73312824570533,35.0074272760808]],[[135.73312824570533,35.0074272760808],[135.7335006090259,35.008457908638064]],[[135.7335006090259,35.008457908638064],[135.73446970843716,35.00846579613213]],[[135.73446970843716,35.00846579613213],[135.73586845783367,35.008476312790876]],[[135.73586845783367,35.008476312790876],[135.73606896116016,35.008476312790876]],[[135.75911252203747,35.00520037359098],[135.75933689480757,35.00498215292196]],[[135.75893111426592,35.004472094972705],[135.75874493260562,35.004472094972705]],[[135.75874493260562,35.004472094972705],[135.75825799595563,35.00492694046354]],[[135.75825799595563,35.00492694046354],[135.75911252203747,35.00520037359098]],[[135.73527649563175,34.9991480364817],[135.73392548512246,34.99892192831862]],[[135.73392548512246,34.99892192831862],[135.73416417955875,35.000854364363505]],[[135.73416417955875,35.000854364363505],[135.73527172174303,35.00080441023446]],[[135.73527172174303,35.00080441023446],[135.73527649563175,34.9991480364817]],[[135.75003258568185,35.006990834742766],[135.75001826401567,35.00644659765258]],[[135.75001826401567,35.00644659765258],[135.74930218070685,35.0064019018529]],[[135.74930218070685,35.0064019018529],[135.7492926329294,35.00709600133024]],[[135.75910774814875,35.00577090232804],[135.75817206595858,35.0061600187017]],[[135.75817206595858,35.0061600187017],[135.75859216816642,35.00650706844037]],[[135.7595278503566,35.006141614548895],[135.75910774814875,35.00577090232804]],[[135.7502665062294,35.00490853631073],[135.7500612290142,35.00471134895921]],[[135.74938333681519,35.00470871979452],[135.74907303404805,35.004947973781036]],[[135.74907303404805,35.004947973781036],[135.7494597190348,35.005118869485685]],[[135.7494597190348,35.005118869485685],[135.750046907348,35.00512149865037]],[[135.750046907348,35.00512149865037],[135.7502665062294,35.00490853631073]],[[135.758043170963,35.00862354601334],[135.758043170963,35.00848945861431]],[[135.75763739042134,35.00808719641721],[135.75721251432478,35.00810560057002]],[[135.75721251432478,35.00810560057002],[135.75675899489588,35.0085919960371]],[[135.75675899489588,35.0085919960371],[135.7569356287787,35.00903106653981]],[[135.7591363914811,35.01395023366903],[135.75946101591444,35.01364262140066]],[[135.7582293526233,35.01363736307129],[135.75846804705955,35.01405802942119]],[[135.75846804705955,35.01405802942119],[135.7591363914811,35.01395023366903]],[[135.7364699678131,35.00161419295802],[135.73734836333855,35.00317854594674]],[[135.73734836333855,35.00317854594674],[135.73760615332972,35.00357817897915]],[[135.73760615332972,35.00357817897915],[135.73913857161057,35.00359921229665]],[[135.73913857161057,35.00359921229665],[135.738957163839,35.001674663745824]],[[135.75718864488115,35.006872522331854],[135.7572698009895,35.00655439340474]],[[135.7572698009895,35.00655439340474],[135.75665396934392,35.00614950204295]],[[135.75665396934392,35.00614950204295],[135.7563150232444,35.00614950204295]],[[135.7563150232444,35.00614950204295],[135.75610974602924,35.0064807767935]],[[135.75610974602924,35.0064807767935],[135.756634873789,35.00726163870552]],[[135.75076299065682,35.00754033016233],[135.75173686395678,35.00732736782269]],[[135.75173686395678,35.00732736782269],[135.75176550728915,35.00643871015851]],[[135.75176550728915,35.00643871015851],[135.75075344287936,35.00630988108885]],[[135.75075344287936,35.00630988108885],[135.75062454788377,35.00732736782269]],[[135.75062454788377,35.00732736782269],[135.75076299065682,35.00754033016233]],[[135.73416417955875,35.000854364363505],[135.73397799789845,35.00090694765724]],[[135.73397799789845,35.00090694765724],[135.7338586506803,35.00339150828638]],[[135.7338586506803,35.00339150828638],[135.73459382954402,35.00316802928799]],[[135.73459382954402,35.00316802928799],[135.73527172174303,35.00080441023446]],[[135.73936294438064,35.00630462275948],[135.7393677182694,35.00610480624328]],[[135.7393677182694,35.00610480624328],[135.73767298777187,35.006099547913905]],[[135.73942023104536,35.00848945861431],[135.73936294438064,35.00630462275948]],[[135.75312129168714,35.00817658801657],[135.75344591612048,35.00735628863425]],[[135.7523192783813,35.007059193024624],[135.7520996794999,35.00733262615206]],[[135.763518821331,35.01723668952767],[135.7635379168859,35.01636117768693]],[[135.7635379168859,35.01636117768693],[135.76266429524915,35.016437423462854]],[[135.76266429524915,35.016437423462854],[135.7627502252462,35.017228802033614]],[[135.7627502252462,35.017228802033614],[135.763518821331,35.01723668952767]],[[135.73913857161057,35.00359921229665],[135.7393533966032,35.00360184146133]],[[135.7393533966032,35.00360184146133],[135.74152551597325,35.00359658313196]],[[135.74152551597325,35.00359658313196],[135.74220818206098,35.00358606647321]],[[135.74220818206098,35.00358606647321],[135.7426282842688,35.00357817897915]],[[135.7426282842688,35.00357817897915],[135.74268079704478,35.00123296407842]],[[135.76456430296184,35.01742073105576],[135.76456907685056,35.01727875616267]],[[135.76456907685056,35.01727875616267],[135.7643303824143,35.017418101891074]],[[135.7643303824143,35.017418101891074],[135.76456430296184,35.01742073105576]],[[135.75412380831946,35.004440544996456],[135.7532645083489,35.00413293272809]],[[135.75397104388026,35.00495849043978],[135.75412380831946,35.004440544996456]],[[135.75180847228768,35.00495323211041],[135.75138837007984,35.00463773234798]],[[135.75071525176958,35.00473501144139],[135.75064364343868,35.00490853631073]],[[135.75064364343868,35.00490853631073],[135.75071525176958,35.00510835282694]],[[135.75001826401567,35.00644659765258],[135.75024263678574,35.00610743540796]],[[135.75024263678574,35.00610743540796],[135.75011374179016,35.00591287722113]],[[135.75011374179016,35.00591287722113],[135.74922579848726,35.00584188977459]],[[135.74922579848726,35.00584188977459],[135.7490825818255,35.00610480624328]],[[135.7490825818255,35.00610480624328],[135.74930218070685,35.0064019018529]],[[135.75176073340043,35.00821339632218],[135.75076299065682,35.008242317133735]],[[135.75076299065682,35.008242317133735],[135.7504383662235,35.00831856290966]],[[135.7504383662235,35.00831856290966],[135.75044791400094,35.008849654176416]],[[135.73959209103947,35.008492087779],[135.740747372111,35.00850523360243]],[[135.740747372111,35.00850523360243],[135.7417260192997,35.008544671072734]],[[135.7417260192997,35.008544671072734],[135.741721245411,35.00848945861431]],[[135.741721245411,35.00848945861431],[135.74162576763646,35.00624678113637]],[[135.74162576763646,35.00624678113637],[135.74162099374774,35.006138985384204]],[[135.74162099374774,35.006138985384204],[135.73936294438064,35.00630462275948]],[[135.73284181238182,35.00542911091874],[135.73282271682692,35.0073852094458]],[[135.73282271682692,35.0073852094458],[135.73312824570533,35.0074272760808]],[[135.74263783204626,35.01026677394266],[135.74260441482517,35.011413089746156]],[[135.7470298096736,35.01098453590219],[135.74488155974717,35.01055072372885]],[[135.74488155974717,35.01055072372885],[135.74415592866092,35.01055072372885]],[[135.74415592866092,35.01055072372885],[135.74263783204626,35.01026677394266]],[[135.74197903540215,35.012128222541],[135.7417260192997,35.008544671072734]],[[135.740747372111,35.00850523360243],[135.74056119045073,35.01156032296863]],[[135.74056119045073,35.01156032296863],[135.74197903540215,35.012128222541]],[[135.75476350940866,35.007035530542446],[135.75472054441013,35.006428193499765]],[[135.75472054441013,35.006428193499765],[135.7540378783224,35.006457114311324]],[[135.7540378783224,35.007032901377755],[135.75476350940866,35.007035530542446]],[[135.75078208621173,35.00401462031718],[135.750046907348,35.0040303953053]],[[135.7502665062294,35.00490853631073],[135.75064364343868,35.00490853631073]],[[135.75557984438072,35.00407509110498],[135.75444365886406,35.00443791583177]],[[135.75444365886406,35.00443791583177],[135.75468712718907,35.00495060294572]],[[135.75468712718907,35.00495060294572],[135.75528863716846,35.00495323211041]],[[135.7517798289553,35.00593653970331],[135.7517750550666,35.006154760372326]],[[135.7517750550666,35.006154760372326],[135.75233360004745,35.0064019018529]],[[135.76456907685056,35.01727875616267],[135.76456430296184,35.016739777401845]],[[135.76456430296184,35.016739777401845],[135.76411555742166,35.01621920279384]],[[135.76368113354764,35.016224461123215],[135.7635379168859,35.01636117768693]],[[135.763518821331,35.01723668952767],[135.76364771632657,35.0174128435617]],[[135.76364771632657,35.0174128435617],[135.7643303824143,35.017418101891074]],[[135.73447448232588,35.0134138840729],[135.73260311794553,35.01377145047032]],[[135.73260311794553,35.01377145047032],[135.73260311794553,35.01558557410429]],[[135.73260311794553,35.01558557410429],[135.7331807584813,35.016093002888866]],[[135.7331807584813,35.016093002888866],[135.73446493454844,35.01611140704168]],[[135.73446493454844,35.01611140704168],[135.73448403010335,35.01611140704168]],[[135.73448403010335,35.01611140704168],[135.73447448232588,35.0134138840729]],[[135.76518013460742,35.01742861854982],[135.76542837682112,35.017084197975834]],[[135.76542837682112,35.017084197975834],[135.7654236029324,35.01642164847473]],[[135.7654236029324,35.01642164847473],[135.76524219516085,35.01621394446447]],[[135.76524219516085,35.01621394446447],[135.7646693285138,35.016221831958525]],[[135.7646693285138,35.016221831958525],[135.76456430296184,35.016739777401845]],[[135.76456430296184,35.01742073105576],[135.76518013460742,35.01742861854982]],[[135.7361167000474,35.004256503468376],[135.73456518621165,35.00396203702344]],[[135.73617876060084,35.00567625239931],[135.7361167000474,35.004256503468376]],[[135.76174293472516,35.009853995086814],[135.76142785806928,35.00986188258088]],[[135.76142785806928,35.00986188258088],[135.76142308418056,35.010763686068486]],[[135.76142308418056,35.010763686068486],[135.76205801138101,35.0107610569038]],[[135.76205801138101,35.0107610569038],[135.76205801138101,35.010316728071714]],[[135.76205801138101,35.010316728071714],[135.76174293472516,35.009853995086814]],[[135.76541882904368,35.01398441280996],[135.7654236029324,35.01469165811074]],[[135.7654236029324,35.01469165811074],[135.7661205906863,35.01479419553353]],[[135.7661205906863,35.01479419553353],[135.7661205906863,35.01389765037529]],[[135.7661205906863,35.01389765037529],[135.76578641847553,35.01363736307129]],[[135.76578641847553,35.01363736307129],[135.76563842792504,35.01363999223597]],[[135.76563842792504,35.01363999223597],[135.76541882904368,35.01398441280996]],[[135.74152551597325,35.00359658313196],[135.74162099374774,35.006138985384204]],[[135.74162576763646,35.00624678113637],[135.7420840609541,35.00623626447762]],[[135.7420840609541,35.00623626447762],[135.7420840609541,35.00612321039608]],[[135.7420840609541,35.00612321039608],[135.74220818206098,35.00358606647321]],[[135.75912206981494,35.008589366872414],[135.7588881492674,35.00793207570068]],[[135.7588881492674,35.00793207570068],[135.75865900260857,35.007939963194744]],[[135.7540378783224,35.00775855083135],[135.7539042094381,35.00735365946956]],[[135.73282271682692,35.0073852094458],[135.73263653516662,35.00843950448526]],[[135.73263653516662,35.00843950448526],[135.73304231570827,35.00844213364994]],[[135.73304231570827,35.00844213364994],[135.7335006090259,35.008457908638064]],[[135.73269859572005,35.01095561509064],[135.73263653516662,35.00983559093401]],[[135.73263653516662,35.00983559093401],[135.73191090408037,35.00982244511057]],[[135.73191090408037,35.00982244511057],[135.73191567796908,35.01095561509064]],[[135.73191567796908,35.01095561509064],[135.73269859572005,35.01095561509064]],[[135.73191567796908,35.01095561509064],[135.73189180852546,35.013511163166314]],[[135.73189180852546,35.013511163166314],[135.73260311794553,35.013513792331004]],[[135.73260311794553,35.013513792331004],[135.73269859572005,35.01095561509064]],[[135.7554843666062,35.00647551846413],[135.7551979332827,35.00614424371358]],[[135.7551979332827,35.00614424371358],[135.75493536940277,35.00613635621952]],[[135.75493536940277,35.00613635621952],[135.75472054441013,35.006428193499765]],[[135.75476350940866,35.007035530542446],[135.75495446495768,35.00732736782269]],[[135.75495446495768,35.00732736782269],[135.75525521994737,35.00734051364613]],[[135.75525521994737,35.00734051364613],[135.7554843666062,35.00647551846413]],[[135.75910774814875,35.00577090232804],[135.75911252203747,35.00520037359098]],[[135.75825799595563,35.00492694046354],[135.75778538097182,35.00492431129885]],[[135.75778538097182,35.00492431129885],[135.75736050487527,35.00535549430751]],[[135.75736050487527,35.00535549430751],[135.75736050487527,35.00566836490525]],[[135.75736050487527,35.00566836490525],[135.75800975374193,35.0061600187017]],[[135.75800975374193,35.0061600187017],[135.75817206595858,35.0061600187017]],[[135.75539366272042,35.01639009849849],[135.75616703269392,35.01641639014536]],[[135.75616703269392,35.01641639014536],[135.75641050101893,35.01621920279384]],[[135.75641050101893,35.01621920279384],[135.75615748491649,35.0159457696664]],[[135.75615748491649,35.0159457696664],[135.75539366272042,35.01596417381921]],[[135.75539366272042,35.01596417381921],[135.7552170288376,35.01621657362915]],[[135.7552170288376,35.01621657362915],[135.75539366272042,35.01639009849849]],[[135.74263783204626,35.01026677394266],[135.74266170148988,35.00853678357867]],[[135.74266170148988,35.00853678357867],[135.74207451317665,35.00850786276712]],[[135.74207451317665,35.00850786276712],[135.741721245411,35.00848945861431]],[[135.74197903540215,35.012128222541],[135.74258531927026,35.01239902650375]],[[135.73633152504004,34.998708965978985],[135.73627423837536,34.99624018033797],[135.73303754181956,34.99625858449078],[135.73304231570827,34.99885882836614]],[[135.73304231570827,34.99885882836614],[135.73392548512246,34.99892192831862]],[[135.73527649563175,34.9991480364817],[135.73632675115132,34.999211136434184]],[[135.73137622854313,35.01928217965409],[135.73008250469854,35.0195819044284]],[[135.73008250469854,35.0195819044284],[135.73007773080982,35.01993421249645]],[[135.73007773080982,35.01993421249645],[135.73002521803386,35.02108052829995]],[[135.73002521803386,35.02108052829995],[135.73002521803386,35.021091044958695]],[[135.73002521803386,35.021091044958695],[135.7329181946014,35.02027337474106]],[[135.7329181946014,35.02027337474106],[135.73303276793084,35.019647633545574]],[[135.73303276793084,35.019647633545574],[135.73307573292936,35.01925588800722]],[[135.73307573292936,35.01925588800722],[135.73137622854313,35.01928217965409]],[[135.76674597010933,35.01744965186732],[135.76688441288238,35.01711311878739]],[[135.76688441288238,35.01711311878739],[135.76689396065981,35.01639798599255]],[[135.76689396065981,35.01639798599255],[135.76671255288827,35.01619554031166]],[[135.76671255288827,35.01619554031166],[135.76619219901718,35.01619028198228]],[[135.76619219901718,35.01619028198228],[135.76612536457503,35.01744176437325]],[[135.76612536457503,35.01744176437325],[135.76674597010933,35.01744965186732]],[[135.7490825818255,35.00610480624328],[135.74838559407158,35.006096918749215]],[[135.74838559407158,35.006096918749215],[135.74837127240542,35.00669636829783]],[[135.73304231570827,35.00844213364994],[135.73306141126318,35.00980929928714]],[[135.73306141126318,35.00980929928714],[135.7344792562146,35.009725166017155]],[[135.7344792562146,35.009725166017155],[135.73446970843716,35.00846579613213]],[[135.7392770143836,35.01081101103286],[135.73928656216106,35.011005569219684]],[[135.73928656216106,35.011005569219684],[135.74056119045073,35.01156032296863]],[[135.75011374179016,35.00591287722113],[135.750046907348,35.00512149865037]],[[135.7494597190348,35.005118869485685],[135.74922579848726,35.00584188977459]],[[135.74826147296474,35.00494008628697],[135.74907303404805,35.004947973781036]],[[135.74935946737156,35.00407246194029],[135.7478413707569,35.00359658313196]],[[135.74751197243484,35.00359658313196],[135.74826147296474,35.00494008628697]],[[135.75444365886406,35.00443791583177],[135.75412380831946,35.004440544996456]],[[135.7540903910984,35.0052555860494],[135.75443888497534,35.0052371818966]],[[135.75443888497534,35.0052371818966],[135.75468712718907,35.00495060294572]],[[135.76689396065981,35.01639798599255],[135.7670228556554,35.01618765281759]],[[135.7670228556554,35.01618765281759],[135.76688441288238,35.01601149878357]],[[135.76688441288238,35.01601149878357],[135.76671255288827,35.01619554031166]],[[135.76391505409518,35.01366891304753],[135.76379093298834,35.01366891304753]],[[135.76379093298834,35.01366891304753],[135.7635044996648,35.01395023366903]],[[135.7635044996648,35.01395023366903],[135.76357133410696,35.014880957968195]],[[135.76357133410696,35.014880957968195],[135.7636333946604,35.014925653767875]],[[135.76420626130744,35.01493091209725],[135.76444018185498,35.01466799562856]],[[135.76444018185498,35.01466799562856],[135.76443540796626,35.01398178364527]],[[135.76443540796626,35.01398178364527],[135.76391505409518,35.01366891304753]],[[135.73304231570827,34.99885882836614],[135.73305663737446,35.00096478928036]],[[135.73305663737446,35.00096478928036],[135.73397799789845,35.00090694765724]],[[135.73448403010335,35.01611140704168],[135.73624082115427,35.01608511539481]],[[135.73624082115427,35.01608511539481],[135.73614056949103,35.0135348256485]],[[135.73614056949103,35.0135348256485],[135.73447448232588,35.0134138840729]],[[135.7443993969859,35.006112693737336],[135.74439462309718,35.006141614548895]],[[135.74439462309718,35.006141614548895],[135.74436120587612,35.00852889608461]],[[135.74436120587612,35.00852889608461],[135.74618005748047,35.00848945861431]],[[135.74618005748047,35.00848945861431],[135.74638533469567,35.00739572610455]],[[135.74638533469567,35.00739572610455],[135.7468818191231,35.006115322902026]],[[135.7468818191231,35.006115322902026],[135.7443993969859,35.006112693737336]],[[135.75926051258796,35.008589366872414],[135.76040624588205,35.00801883813535]],[[135.76040624588205,35.00801883813535],[135.75974267534923,35.00746934271579]],[[135.75926528647668,35.00732736782269],[135.7588881492674,35.00793207570068]],[[135.76354746466333,35.012002022636025],[135.76347585633246,35.01133158564086]],[[135.76347585633246,35.01133158564086],[135.76279319024474,35.011252710700255]],[[135.76279319024474,35.011252710700255],[135.76275499913493,35.012044089271015]],[[135.76275499913493,35.012044089271015],[135.76354746466333,35.012002022636025]],[[135.72693173813983,35.01398441280996],[135.72552344096582,35.01367942970628]],[[135.72552344096582,35.01367942970628],[135.7255186670771,35.01382929209343]],[[135.7255186670771,35.01382929209343],[135.72552821485456,35.01592210718422]],[[135.72552821485456,35.01592210718422],[135.7269699292496,35.01595365716046]],[[135.7269699292496,35.01595365716046],[135.72693173813983,35.01398441280996]],[[135.74438984920846,35.0035676623204],[135.7426282842688,35.00357817897915]],[[135.7420840609541,35.00612321039608],[135.74439462309718,35.006141614548895]],[[135.7443993969859,35.006112693737336],[135.74439462309718,35.0035676623204]],[[135.76023438588794,35.005823485621775],[135.76023915977666,35.005447515071545]],[[135.76023915977666,35.005447515071545],[135.75977131868157,35.00498478208665]],[[135.75991930923206,35.00614687287827],[135.76023438588794,35.005823485621775]],[[135.75473963996504,35.007679675890735],[135.75495446495768,35.00732736782269]],[[135.7551979332827,35.00614424371358],[135.75573738270865,35.00574461068117]],[[135.75573738270865,35.00574461068117],[135.7557278349312,35.00546066089498]],[[135.75443888497534,35.0052371818966],[135.75493536940277,35.00613635621952]],[[135.7561049721405,35.00807930892315],[135.75610019825177,35.007708596702294]],[[135.75610019825177,35.007708596702294],[135.75525521994737,35.00734051364613]],[[135.7468818191231,35.006115322902026],[135.74803710019464,35.00610217707859]],[[135.74803710019464,35.00610217707859],[135.74826147296474,35.00494008628697]],[[135.73586845783367,35.008476312790876],[135.7361167000474,35.01094772759657]],[[135.7361167000474,35.01094772759657],[135.73761570110716,35.0108819984794]],[[135.76688441288238,35.01601149878357],[135.76686531732747,35.0151622785897]],[[135.76686531732747,35.0151622785897],[135.76665526622355,35.014954574579434]],[[135.76665526622355,35.014954574579434],[135.76624471179318,35.014954574579434]],[[135.76624471179318,35.014954574579434],[135.7661158167976,35.01507551615503]],[[135.7661158167976,35.01507551615503],[135.76612536457503,35.01610877787699]],[[135.76612536457503,35.01610877787699],[135.76619219901718,35.01619028198228]],[[135.75778538097182,35.00492431129885],[135.75767558153115,35.00468242814765]],[[135.75767558153115,35.00468242814765],[135.7571600015488,35.00462721568923]],[[135.75663964767773,35.00495060294572],[135.75736050487527,35.00535549430751]],[[135.7564821093498,35.008576221048976],[135.75675899489588,35.0085919960371]],[[135.75721251432478,35.00810560057002],[135.7572172882135,35.007653384243866]],[[135.756634873789,35.007335255316754],[135.75610019825177,35.007708596702294]],[[135.75874493260562,35.004472094972705],[135.75768512930858,35.004067203610916]],[[135.75768512930858,35.004067203610916],[135.75767558153115,35.00468242814765]],[[135.73610715226997,35.0035886956379],[135.7336295040215,35.0035676623204]],[[135.7361167000474,35.004256503468376],[135.73610715226997,35.0035886956379]],[[135.75643437046256,35.00984873675744],[135.75683060322675,35.00983559093401]],[[135.72841164364468,35.01852235105957],[135.7284020958672,35.01839878031929]],[[135.7284020958672,35.01839878031929],[135.7269699292496,35.01850131774208]],[[135.7269699292496,35.01850131774208],[135.72691741647364,35.02109367412338]],[[135.72691741647364,35.02109367412338],[135.72847847808683,35.02106738247651]],[[135.72847847808683,35.02106738247651],[135.72847847808683,35.01984745006178]],[[135.72847847808683,35.01984745006178],[135.72841164364468,35.01852235105957]],[[135.75075344287936,35.00630988108885],[135.7506484173274,35.006083772925784]],[[135.7506484173274,35.006083772925784],[135.75024263678574,35.00610743540796]],[[135.75027605400683,35.007324738658006],[135.75062454788377,35.00732736782269]],[[135.7331998540362,35.018598596835496],[135.73307573292936,35.01925588800722]],[[135.73303276793084,35.019647633545574],[135.73439332621754,35.019563500275595]],[[135.73439332621754,35.019563500275595],[135.7347800112043,35.01861963015299]],[[135.7347800112043,35.01861963015299],[135.7331998540362,35.018598596835496]],[[135.73624082115427,35.01608511539481],[135.73619308226702,35.01739969773826]],[[135.73619308226702,35.01739969773826],[135.73610237838122,35.01860648432956]],[[135.73610237838122,35.01860648432956],[135.7376395705508,35.01974754180368]],[[135.7376395705508,35.01974754180368],[135.73752499722139,35.01815952633278]],[[135.73752499722139,35.01815952633278],[135.73752022333267,35.017241947857045]],[[135.73752022333267,35.017241947857045],[135.73755364055376,35.016161361170724]],[[135.73755364055376,35.016161361170724],[135.73624082115427,35.01608511539481]],[[135.73015411302944,35.01350853400163],[135.72945712527553,35.013513792331004]],[[135.72945712527553,35.013513792331004],[135.73011114803091,35.014636445652314]],[[135.73011114803091,35.014636445652314],[135.73185361741565,35.0154830366815]],[[135.73185361741565,35.0154830366815],[135.73189180852546,35.013511163166314]],[[135.73189180852546,35.013511163166314],[135.73015411302944,35.01350853400163]],[[135.73617876060084,35.00074919777603],[135.73527172174303,35.00080441023446]],[[135.73459382954402,35.00316802928799],[135.73734836333855,35.00317854594674]],[[135.75992885700953,35.01030621141297],[135.76101252975016,35.009830332604636]],[[135.76101252975016,35.009830332604636],[135.76142785806928,35.00986188258088]],[[135.76174293472516,35.009853995086814],[135.76213916748935,35.009840849263384]],[[135.76213916748935,35.009840849263384],[135.7620150463825,35.00922036639727]],[[135.7620150463825,35.00922036639727],[135.76103639919378,35.00910994148042]],[[135.76103639919378,35.00910994148042],[135.7596281020198,35.00891538329359]],[[135.75962332813108,35.010774202727234],[135.76023438588794,35.01077157356255]],[[135.76023438588794,35.01077157356255],[135.75992885700953,35.01030621141297]],[[135.7627693208011,35.01467062479325],[135.76263565191678,35.01490724961507]],[[135.76263565191678,35.01490724961507],[135.7627693208011,35.01509392030784]],[[135.7627693208011,35.01509392030784],[135.763518821331,35.0150807744844]],[[135.76357133410696,35.014880957968195],[135.7627693208011,35.01467062479325]],[[135.74207451317665,35.00850786276712],[135.7420840609541,35.00623626447762]],[[135.76548566348583,35.01508866197847],[135.76521355182848,35.01494405792069]],[[135.76521355182848,35.01494405792069],[135.76481254517557,35.01493617042662]],[[135.76481254517557,35.01493617042662],[135.76443540796626,35.01522537854218]],[[135.76443063407754,35.01597994880733],[135.7646693285138,35.016221831958525]],[[135.76524219516085,35.01621394446447],[135.76539973348878,35.01589318637266]],[[135.76539973348878,35.01589318637266],[135.76548566348583,35.01508866197847]],[[135.7619052469418,35.01721828537487],[135.76199117693886,35.01643479429816]],[[135.76199117693886,35.01643479429816],[135.76122258085408,35.01650315258002]],[[135.76122258085408,35.01650315258002],[135.76121303307664,35.017057906328965]],[[135.76121303307664,35.017057906328965],[135.7619052469418,35.01721828537487]],[[135.72998702692405,35.01713678126957],[135.73004431358873,35.01817004299153]],[[135.73004431358873,35.01817004299153],[135.73130462021226,35.01800966394563]],[[135.73130462021226,35.01800966394563],[135.73293729015631,35.01781247659411]],[[135.73293729015631,35.01781247659411],[135.73260311794553,35.017273497833294]],[[135.73260311794553,35.017273497833294],[135.72998702692405,35.01713678126957]],[[135.76534244682406,35.00967784105279],[135.76607762568779,35.00967521188811]],[[135.76607762568779,35.00967521188811],[135.76607762568779,35.00892327078765]],[[135.76607762568779,35.00892327078765],[135.7654236029324,35.008918012458274]],[[135.7654236029324,35.008918012458274],[135.76533289904663,35.00891538329359]],[[135.76533289904663,35.00891538329359],[135.76534244682406,35.00967784105279]],[[135.75910774814875,35.01472846641636],[135.7591363914811,35.01395023366903]],[[135.75846804705955,35.01405802942119],[135.75844417761593,35.01469165811074]],[[135.75844417761593,35.01469165811074],[135.75910774814875,35.01472846641636]],[[135.74053254711836,35.01657414002657],[135.74049435600855,35.0157249198327]],[[135.74049435600855,35.0157249198327],[135.739826011587,35.01573543649145]],[[135.739826011587,35.01573543649145],[135.7392770143836,35.01572754899738]],[[135.7392770143836,35.01572754899738],[135.73911947605566,35.017028985517406]],[[135.73911947605566,35.017028985517406],[135.74053254711836,35.01657414002657]],[[135.74438030143102,35.008702420953945],[135.74415592866092,35.01055072372885]],[[135.74488155974717,35.01055072372885],[135.74438030143102,35.008702420953945]],[[135.76856959560243,35.009598966112186],[135.7669846645456,35.009840849263384]],[[135.7669846645456,35.009840849263384],[135.76680325677404,35.010040665779584]],[[135.76680325677404,35.010040665779584],[135.76680803066276,35.01083993184441]],[[135.76680803066276,35.01083993184441],[135.76691305621472,35.01083993184441]],[[135.76691305621472,35.01083993184441],[135.76856482171368,35.010850448503156]],[[135.76856482171368,35.010850448503156],[135.76856959560243,35.009598966112186]],[[135.76684622177257,35.01115543160684],[135.76610626902013,35.01117383575965]],[[135.76610626902013,35.01117383575965],[135.76609194735397,35.01178380196701]],[[135.76609194735397,35.01178380196701],[135.7662876767917,35.01214136836443]],[[135.7662876767917,35.01214136836443],[135.76692260399216,35.012149255858496]],[[135.76692260399216,35.012149255858496],[135.76697034287943,35.012149255858496]],[[135.76697034287943,35.012149255858496],[135.76684622177257,35.01115543160684]],[[135.75076299065682,35.008242317133735],[135.75076299065682,35.00754033016233]],[[135.750046907348,35.008126633887514],[135.7504383662235,35.00831856290966]],[[135.7561956760263,35.01209930172944],[135.7569165332238,35.01218606416411]],[[135.75705020210813,35.01121327322995],[135.7568019598944,35.01090566096158]],[[135.7568019598944,35.01090566096158],[135.75644391824,35.010995052560936]],[[135.7331998540362,35.018598596835496],[135.73294206404503,35.01781510575879]],[[135.73294206404503,35.01781510575879],[135.73293729015631,35.01781247659411]],[[135.73130462021226,35.01800966394563],[135.73137622854313,35.01928217965409]],[[135.72486464432174,35.009683099382165],[135.7254613804124,35.00833959622715]],[[135.7254613804124,35.00833959622715],[135.72435861211684,35.00968047021748]],[[135.72435861211684,35.00968047021748],[135.72486464432174,35.009683099382165]],[[135.73191567796908,35.01095561509064],[135.72998702692405,35.01095298592595]],[[135.72998702692405,35.01095298592595],[135.73015411302944,35.01350853400163]],[[135.73755364055376,35.016161361170724],[135.73774459610274,35.01606145291262]],[[135.73774459610274,35.01606145291262],[135.73774459610274,35.01359266727161]],[[135.73774459610274,35.01359266727161],[135.73614056949103,35.0135348256485]],[[135.76057333198744,35.013313975814796],[135.76057810587616,35.01243846397406]],[[135.76057810587616,35.01243846397406],[135.75991453534334,35.01246738478561]],[[135.76004820422764,35.013427029896334],[135.76057333198744,35.013313975814796]],[[135.7517750550666,35.006154760372326],[135.75176550728915,35.00643871015851]],[[135.75873538482819,35.006875151496544],[135.7582150309571,35.00734051364613]],[[135.7561956760263,35.01209930172944],[135.7562768321346,35.013358671614476]],[[135.75645823990618,35.01355848813068],[135.7566157782341,35.01357689228349]],[[135.7606783575394,35.014880957968195],[135.760511271434,35.01468902894605]],[[135.760511271434,35.01468902894605],[135.7602057425556,35.014736353910415]],[[135.7602057425556,35.014736353910415],[135.76021051644432,35.01487832880351]],[[135.76021051644432,35.01487832880351],[135.7605064975453,35.015025562025976]],[[135.7605064975453,35.015025562025976],[135.7606783575394,35.014880957968195]],[[135.75365119333566,35.01617187782947],[135.7533981772332,35.01617187782947]],[[135.7533981772332,35.01617187782947],[135.75304013557883,35.016369065180996]],[[135.75304013557883,35.016369065180996],[135.7529780750254,35.01702109802335]],[[135.7529780750254,35.01702109802335],[135.7530974222435,35.01736551859733]],[[135.7530974222435,35.01736551859733],[135.75340295112196,35.01736814776202]],[[135.75340295112196,35.01736814776202],[135.7538851138832,35.01714729792832]],[[135.7538851138832,35.01714729792832],[135.7538851138832,35.016468973439096]],[[135.7538851138832,35.016468973439096],[135.75365119333566,35.01617187782947]],[[135.73760615332972,35.00357817897915],[135.73610715226997,35.0035886956379]],[[135.7393677182694,35.00610480624328],[135.7393533966032,35.00360184146133]],[[135.76511330016527,35.00982244511057],[135.76473138906724,35.00981981594589]],[[135.76473138906724,35.00981981594589],[135.7647839018432,35.01008273241458]],[[135.7647839018432,35.01008273241458],[135.7644783729648,35.010818898526914]],[[135.7644783729648,35.010818898526914],[135.7648029973981,35.01082415685629]],[[135.7648029973981,35.01082415685629],[135.76537109015644,35.01083204435035]],[[135.76537109015644,35.01083204435035],[135.76537109015644,35.0100380366149]],[[135.76537109015644,35.0100380366149],[135.76511330016527,35.00982244511057]],[[135.75246249504306,35.0043327492443],[135.75136927452493,35.00404617029342]],[[135.7682067800593,35.01451550407672],[135.76818291061568,35.01354008397787]],[[135.76818291061568,35.01354008397787],[135.76760049619116,35.013542713142556]],[[135.76760049619116,35.013542713142556],[135.76795376395685,35.01452602073547]],[[135.76795376395685,35.01452602073547],[135.7682067800593,35.01451550407672]],[[135.76537109015644,35.01083204435035],[135.7654045073775,35.010834673515035]],[[135.7654045073775,35.010834673515035],[135.76609194735397,35.010837302679725]],[[135.76609194735397,35.010837302679725],[135.7660823995765,35.01004855327365]],[[135.7660823995765,35.01004855327365],[135.76537109015644,35.0100380366149]],[[135.75768512930858,35.004067203610916],[135.75705974988557,35.004151336880895]],[[135.7283782264236,35.014278879254896],[135.72838777420105,35.01349801734288]],[[135.72838777420105,35.01349801734288],[135.72843073919958,35.01332975080292]],[[135.72843073919958,35.01332975080292],[135.72693173813983,35.01398441280996]],[[135.7269699292496,35.01595365716046],[135.72825410531675,35.015990465466075]],[[135.72825410531675,35.015990465466075],[135.7283782264236,35.015951027995776]],[[135.7283782264236,35.015951027995776],[135.7283782264236,35.014278879254896]],[[135.73555815506654,35.01862225931768],[135.73501870564058,35.01861963015299]],[[135.73501870564058,35.01861963015299],[135.7347800112043,35.01861963015299]],[[135.73439332621754,35.019563500275595],[135.73555815506654,35.01862225931768]],[[135.76040624588205,35.00801883813535],[135.76096956475163,35.00732999698738]],[[135.76096956475163,35.00732999698738],[135.76047785421292,35.00710125965961]],[[135.76047785421292,35.00710125965961],[135.76034895921734,35.00677787240313]],[[135.76761004396863,35.01601412794826],[135.76797285951176,35.015559282457424]],[[135.76797285951176,35.015559282457424],[135.76795853784557,35.0145996373467]],[[135.76795853784557,35.0145996373467],[135.76725677620294,35.014880957968195]],[[135.76725677620294,35.014880957968195],[135.76725677620294,35.014951945414744]],[[135.76725677620294,35.014951945414744],[135.76728541953528,35.01602201544232]],[[135.76728541953528,35.01602201544232],[135.76761004396863,35.01601412794826]],[[135.73305663737446,35.00096478928036],[135.73288955126907,35.003562403991026]],[[135.7336295040215,35.0035676623204],[135.7338586506803,35.00339150828638]],[[135.73002521803386,35.02108052829995],[135.72847847808683,35.02106738247651]],[[135.72691741647364,35.02109367412338],[135.72694605980598,35.02230308987936],[135.72986290581719,35.02242140229027]],[[135.72986290581719,35.02242140229027],[135.73002521803386,35.021091044958695]],[[135.74257577149282,35.01310627180453],[135.7418787837389,35.01361895891848]],[[135.7418787837389,35.01361895891848],[135.7418787837389,35.01437352918362]],[[135.7418787837389,35.01437352918362],[135.74348281035063,35.014236812619906]],[[135.74348281035063,35.014236812619906],[135.74380743478397,35.0130326551933]],[[135.76657411011522,35.00715647211804],[135.7669464734358,35.00729844701114]],[[135.7669464734358,35.00729844701114],[135.76693215176962,35.006993463907456]],[[135.76693215176962,35.006993463907456],[135.766908282326,35.00636246438259]],[[135.766908282326,35.00636246438259],[135.76690350843728,35.00618631034857]],[[135.76690350843728,35.00618631034857],[135.76670777899952,35.00618893951326]],[[135.76670777899952,35.00618893951326],[135.7665168234505,35.00635457688853]],[[135.7665168234505,35.00635457688853],[135.76657411011522,35.00715647211804]],[[135.7563150232444,35.00614950204295],[135.75573738270865,35.00574461068117]],[[135.7554843666062,35.00647551846413],[135.75610974602924,35.0064807767935]],[[135.75711703655028,35.01487832880351],[135.7569547243336,35.01503344952004]],[[135.7569547243336,35.01503344952004],[135.7569881415547,35.01607196957137]],[[135.7569881415547,35.01607196957137],[135.75758487764537,35.016079857065435]],[[135.75758487764537,35.016079857065435],[135.7575944254228,35.01501767453192]],[[135.7575944254228,35.01501767453192],[135.7574798520934,35.01488884546226]],[[135.7574798520934,35.01488884546226],[135.75711703655028,35.01487832880351]],[[135.7654236029324,35.008918012458274],[135.76545224626477,35.00836325870934]],[[135.76545224626477,35.00836325870934],[135.76530425571428,35.00836588787402]],[[135.76530425571428,35.00836588787402],[135.76441631241136,35.008268608780604]],[[135.76441631241136,35.008268608780604],[135.76399621020352,35.00844213364994]],[[135.76399621020352,35.00844213364994],[135.7639914363148,35.008849654176416]],[[135.7639914363148,35.008849654176416],[135.76449269463097,35.0090731331748]],[[135.76449269463097,35.0090731331748],[135.76533289904663,35.00891538329359]],[[135.74699161856378,35.008476312790876],[135.74618005748047,35.00848945861431]],[[135.74436120587612,35.00852889608461],[135.74438030143102,35.008702420953945]],[[135.74436120587612,35.00852889608461],[135.74266170148988,35.00853678357867]],[[135.76351404744227,35.01608774455949],[135.76275499913493,35.01603779043044]],[[135.76275499913493,35.01603779043044],[135.76257359136338,35.0162270902879]],[[135.76257359136338,35.0162270902879],[135.76266429524915,35.016437423462854]],[[135.7669846645456,35.009840849263384],[135.76680325677404,35.00957267446532]],[[135.76680325677404,35.00957267446532],[135.76607762568779,35.00967521188811]],[[135.76534244682406,35.00967784105279],[135.76511330016527,35.00982244511057]],[[135.7660823995765,35.01004855327365],[135.76680325677404,35.010040665779584]],[[135.75692130711255,35.01090566096158],[135.7568019598944,35.01090566096158]],[[135.7635044996648,35.01395023366903],[135.7627693208011,35.0139554919984]],[[135.7627693208011,35.0139554919984],[135.7627693208011,35.01467062479325]],[[135.76444018185498,35.00417499936308],[135.76443540796626,35.00470609062984]],[[135.76443540796626,35.00470609062984],[135.76524696904957,35.00473238227671]],[[135.76524696904957,35.00473238227671],[135.76524696904957,35.004180257692454]],[[135.76524696904957,35.004180257692454],[135.76444018185498,35.00417499936308]],[[135.7657243579221,35.01743650604388],[135.76542837682112,35.017084197975834]],[[135.76518013460742,35.01742861854982],[135.7657243579221,35.01743650604388]],[[135.75800975374193,35.0061600187017],[135.7572698009895,35.00655439340474]],[[135.7604730803242,35.01606145291262],[135.7605064975453,35.015025562025976]],[[135.76021051644432,35.01487832880351],[135.76013890811342,35.01489147462694]],[[135.76013890811342,35.01489147462694],[135.76009116922617,35.01608511539481]],[[135.76009116922617,35.01608511539481],[135.7604730803242,35.01606145291262]],[[135.75665396934392,35.00614950204295],[135.75736050487527,35.00566836490525]],[[135.7331807584813,35.016093002888866],[135.73326668847838,35.0177730391238]],[[135.73326668847838,35.0177730391238],[135.73447448232588,35.017620547571966]],[[135.73447448232588,35.017620547571966],[135.73446493454844,35.01611140704168]],[[135.72986290581719,35.02242140229027],[135.73294683793378,35.022339898184974],[135.7329181946014,35.02027337474106]],[[135.76541882904368,35.01398441280996],[135.76443540796626,35.01398178364527]],[[135.76444018185498,35.01466799562856],[135.76481254517557,35.01493617042662]],[[135.76521355182848,35.01494405792069],[135.7654236029324,35.01469165811074]],[[135.77163920605284,35.01502293286129],[135.76932387002103,35.01551195749306]],[[135.76932387002103,35.01551195749306],[135.76908994947348,35.01552510331649]],[[135.76908994947348,35.01552510331649],[135.7689467328117,35.016537331720954]],[[135.7689467328117,35.016537331720954],[135.77158669327684,35.01664512747312],[135.77163920605284,35.01502293286129]],[[135.74803710019464,35.00610217707859],[135.74838559407158,35.006096918749215]],[[135.73260311794553,35.01377145047032],[135.73260311794553,35.013513792331004]],[[135.73185361741565,35.0154830366815],[135.73184884352693,35.015559282457424]],[[135.73184884352693,35.015559282457424],[135.73260311794553,35.01558557410429]],[[135.75389466166067,35.015919478019526],[135.75389466166067,35.01510706613127]],[[135.75389466166067,35.01510706613127],[135.75363209778075,35.01487569963882]],[[135.75363209778075,35.01487569963882],[135.7532645083489,35.01487044130945]],[[135.7532645083489,35.01487044130945],[135.7529589794705,35.0151622785897]],[[135.7529589794705,35.0151622785897],[135.75253410337393,35.01550932832837]],[[135.75253410337393,35.01550932832837],[135.7533981772332,35.01617187782947]],[[135.75365119333566,35.01617187782947],[135.75389466166067,35.015919478019526]],[[135.76539495960006,35.01100031089031],[135.7654045073775,35.010834673515035]],[[135.7648029973981,35.01082415685629],[135.76450701629713,35.01190474354261]],[[135.76450701629713,35.01190474354261],[135.7653854118226,35.01182323943732]],[[135.7653854118226,35.01182323943732],[135.76539495960006,35.01100031089031]],[[135.73928178827234,35.01772834332413],[135.73911947605566,35.017028985517406]],[[135.73911947605566,35.017028985517406],[135.73752022333267,35.017241947857045]],[[135.73752499722139,35.01815952633278],[135.73928178827234,35.01772834332413]],[[135.76665526622355,35.014954574579434],[135.76686531732747,35.01474161223979]],[[135.76686531732747,35.01474161223979],[135.7668509956613,35.01390027953998]],[[135.7668509956613,35.01390027953998],[135.7661205906863,35.01389765037529]],[[135.7661205906863,35.01479419553353],[135.76624471179318,35.014954574579434]],[[135.76611104290885,35.01241743065656],[135.76538063793387,35.01246738478561]],[[135.76538063793387,35.01246738478561],[135.76539973348878,35.01333500913229]],[[135.76539973348878,35.01333500913229],[135.76563842792504,35.01363999223597]],[[135.76578641847553,35.01363736307129],[135.76612536457503,35.01334815495573]],[[135.76612536457503,35.01334815495573],[135.76611104290885,35.01241743065656]],[[135.76680325677404,35.00957267446532],[135.76679370899657,35.008994258234196]],[[135.76679370899657,35.008994258234196],[135.76607762568779,35.00892327078765]],[[135.75195646283817,35.014723208086984],[135.75247681670922,35.01420263347897]],[[135.76288866801923,35.00764812591449],[135.76364771632657,35.007640238420436]],[[135.76364771632657,35.007640238420436],[135.76373364632363,35.00736154696362]],[[135.76373364632363,35.00736154696362],[135.76358565577314,35.00710914715368]],[[135.76358565577314,35.00710914715368],[135.76290298968541,35.00710914715368]],[[135.76290298968541,35.00710914715368],[135.76260223469572,35.00715121378867]],[[135.76260223469572,35.00715121378867],[135.76250198303248,35.0076060592795]],[[135.76250198303248,35.0076060592795],[135.76288866801923,35.00764812591449]],[[135.76199117693886,35.01643479429816],[135.76216781082172,35.0162270902879]],[[135.76216781082172,35.0162270902879],[135.76198162916143,35.01596943214858]],[[135.76198162916143,35.01596943214858],[135.76107936419234,35.016250752770084]],[[135.76107936419234,35.016250752770084],[135.76122258085408,35.01650315258002]],[[135.76445450352116,35.00579456481022],[135.7641585224202,35.00618631034857]],[[135.7641585224202,35.00618631034857],[135.76444018185498,35.00643871015851]],[[135.76444018185498,35.00643871015851],[135.7649127968388,35.00643608099383]],[[135.7649127968388,35.00643608099383],[135.76564320181376,35.006212601995436]],[[135.76564320181376,35.006212601995436],[135.76563365403632,35.006012785479236]],[[135.76563365403632,35.006012785479236],[135.76526606460448,35.00590498972707]],[[135.76526606460448,35.00590498972707],[135.76445450352116,35.00579456481022]],[[135.75451526719496,35.01661620666156],[135.75475396163122,35.01618765281759]],[[135.75475396163122,35.01618765281759],[135.75452004108368,35.01592210718422]],[[135.75452004108368,35.01592210718422],[135.75389466166067,35.015919478019526]],[[135.7538851138832,35.016468973439096],[135.75451526719496,35.01661620666156]],[[135.76441153852264,35.007766438325405],[135.76441631241136,35.008268608780604]],[[135.76530425571428,35.00836588787402],[135.76531857738044,35.00767704672605]],[[135.76531857738044,35.00767704672605],[135.76441153852264,35.007766438325405]],[[135.76872713393035,35.008791812553305],[135.7685839172686,35.00853678357867]],[[135.7685839172686,35.00853678357867],[135.76698943843434,35.00853415441399]],[[135.76698943843434,35.00853415441399],[135.76703717732158,35.008647208495525]],[[135.76703717732158,35.008647208495525],[135.76851230893772,35.00934393713756]],[[135.76851230893772,35.00934393713756],[135.76872713393035,35.008791812553305]],[[135.75910297426003,35.015138616107514],[135.759207999812,35.01490462045038]],[[135.759207999812,35.01490462045038],[135.75910774814875,35.01472846641636]],[[135.75844417761593,35.01469165811074],[135.75828186539925,35.01489147462694]],[[135.75828186539925,35.01489147462694],[135.7584346298385,35.015141245272204]],[[135.7584346298385,35.015141245272204],[135.75910297426003,35.015138616107514]],[[135.7561622588052,35.01706579382302],[135.75616703269392,35.01641639014536]],[[135.75539366272042,35.01639009849849],[135.75537456716552,35.01708682714052]],[[135.75537456716552,35.01708682714052],[135.7561622588052,35.01706579382302]],[[135.7255186670771,35.01382929209343],[135.72420584767764,35.0135348256485]],[[135.72420584767764,35.0135348256485],[135.72418675212273,35.015906332196096],[135.72552821485456,35.01592210718422]],[[135.76612536457503,35.01610877787699],[135.7656288801476,35.01617450699416]],[[135.7656288801476,35.01617450699416],[135.7654236029324,35.01642164847473]],[[135.7657243579221,35.01743650604388],[135.76612536457503,35.01744176437325]],[[135.7506484173274,35.006083772925784],[135.75074866899064,35.00585766476271]],[[135.76686531732747,35.0151622785897],[135.7669846645456,35.014951945414744]],[[135.7669846645456,35.014951945414744],[135.76686531732747,35.01474161223979]],[[135.7361167000474,35.01094772759657],[135.73760615332972,35.01215451418787]],[[135.73760615332972,35.01215451418787],[135.73761570110716,35.01097139007876]],[[135.76098866030654,35.012233389128475],[135.7606783575394,35.012233389128475]],[[135.7606783575394,35.012233389128475],[135.76057810587616,35.01243846397406]],[[135.76057333198744,35.013313975814796],[135.760945695308,35.01347698402539]],[[135.760945695308,35.01347698402539],[135.76123212863155,35.01343228822571]],[[135.76123212863155,35.01343228822571],[135.76135624973838,35.01243846397406]],[[135.76135624973838,35.01243846397406],[135.76098866030654,35.012233389128475]],[[135.7662876767917,35.01214136836443],[135.76611104290885,35.01241743065656]],[[135.76612536457503,35.01334815495573],[135.76684144788385,35.01360844225973]],[[135.76684144788385,35.01360844225973],[135.76692260399216,35.012149255858496]],[[135.7610745903036,35.01739443940889],[135.76121303307664,35.017057906328965]],[[135.76107936419234,35.016250752770084],[135.7608311219786,35.016250752770084]],[[135.7608311219786,35.016250752770084],[135.7606974530943,35.016250752770084]],[[135.7606974530943,35.016250752770084],[135.76046353254677,35.01649789425065]],[[135.76046353254677,35.01649789425065],[135.7604730803242,35.01720776871612]],[[135.7604730803242,35.01720776871612],[135.76059242754235,35.017391810244206]],[[135.76059242754235,35.017391810244206],[135.7610745903036,35.01739443940889]],[[135.74231320761294,35.01569336985646],[135.74141571653257,35.01571440317395]],[[135.74141571653257,35.01571440317395],[135.74167828041246,35.019232225525045]],[[135.74167828041246,35.019232225525045],[135.7426282842688,35.018453992777715],[135.74231320761294,35.01569336985646]],[[135.76199595082758,35.0151018078019],[135.76217258471044,35.01490462045038]],[[135.76217258471044,35.01490462045038],[135.76198640305014,35.01464433314638]],[[135.76198640305014,35.01464433314638],[135.76124167640899,35.01475212889854]],[[135.76124167640899,35.01475212889854],[135.76108413808106,35.014880957968195]],[[135.76108413808106,35.014880957968195],[135.76117006807812,35.01508866197847]],[[135.76117006807812,35.01508866197847],[135.76199595082758,35.0151018078019]],[[135.75830573484288,35.01624549444071],[135.75841553428359,35.01604304875981]],[[135.75841553428359,35.01604304875981],[135.7584346298385,35.015141245272204]],[[135.75828186539925,35.01489147462694],[135.7577089987522,35.01489936212101]],[[135.7577089987522,35.01489936212101],[135.75760397320028,35.01489673295632]],[[135.75760397320028,35.01489673295632],[135.7575944254228,35.01501767453192]],[[135.75758487764537,35.016079857065435],[135.75768990319733,35.01623234861727]],[[135.75768990319733,35.01623234861727],[135.75830573484288,35.01624549444071]],[[135.76354746466333,35.01336130077916],[135.76264519969425,35.01337707576728]],[[135.76264519969425,35.01337707576728],[135.7623921835918,35.01345595070789]],[[135.7623921835918,35.01345595070789],[135.76238740970308,35.013858212904985]],[[135.76238740970308,35.013858212904985],[135.7627693208011,35.0139554919984]],[[135.76379093298834,35.01366891304753],[135.76354746466333,35.01336130077916]],[[135.7376395705508,35.01974754180368],[135.7393486227145,35.01975805846243]],[[135.7393486227145,35.01975805846243],[135.73928178827234,35.01772834332413]],[[135.76251153080995,35.008975854081385],[135.7625258524761,35.00834748372122]],[[135.7625258524761,35.00834748372122],[135.76179544750113,35.00794522152412]],[[135.76179544750113,35.00794522152412],[135.76166655250555,35.00794259235943]],[[135.76166655250555,35.00794259235943],[135.76105072085997,35.008518379425865]],[[135.76105072085997,35.008518379425865],[135.76103639919378,35.00910994148042]],[[135.7620150463825,35.00922036639727],[135.76251153080995,35.008975854081385]],[[135.75451526719496,35.0171315229402],[135.7538851138832,35.01714729792832]],[[135.75340295112196,35.01736814776202],[135.75483989162828,35.01736288943265]],[[135.75483989162828,35.01736288943265],[135.75451526719496,35.0171315229402]],[[135.76654069289415,35.00494271545166],[135.76634973734514,35.00404879945811]],[[135.76634973734514,35.00404879945811],[135.76595827846964,35.004180257692454]],[[135.76595827846964,35.004180257692454],[135.76596305235836,35.00479285306451]],[[135.76596305235836,35.00479285306451],[135.76654069289415,35.00494271545166]],[[135.74708232244956,35.007390467775174],[135.74638533469567,35.00739572610455]],[[135.7668509956613,35.01390027953998],[135.76696079510197,35.01363999223597]],[[135.76696079510197,35.01363999223597],[135.76684144788385,35.01360844225973]],[[135.73191090408037,35.00982244511057],[135.73191090408037,35.009683099382165]],[[135.73191090408037,35.009683099382165],[135.73001089636767,35.00965154940592]],[[135.73001089636767,35.00965154940592],[135.72998702692405,35.01095298592595]],[[135.76283138135454,35.01007484492052],[135.76283138135454,35.01075579857443]],[[135.76283138135454,35.01075579857443],[135.76374796798981,35.01075316940974]],[[135.76374796798981,35.01075316940974],[135.76359997743933,35.00999334081522]],[[135.76359997743933,35.00999334081522],[135.76283138135454,35.01007484492052]],[[135.76450701629713,35.01190474354261],[135.76424922630596,35.011902114377925]],[[135.76424922630596,35.011902114377925],[135.7641823918638,35.01222550163441]],[[135.7641823918638,35.01222550163441],[135.7644640512986,35.01261461800808]],[[135.7644640512986,35.01261461800808],[135.76538063793387,35.01246738478561]],[[135.76609194735397,35.01178380196701],[135.7653854118226,35.01182323943732]],[[135.7660251129118,35.00708548467149],[135.7660251129118,35.00638349770009]],[[135.7660251129118,35.00638349770009],[135.76564320181376,35.006212601995436]],[[135.7649127968388,35.00643608099383],[135.76520400405104,35.006906701472786]],[[135.76520400405104,35.006906701472786],[135.7656670712574,35.00716698877679]],[[135.7656670712574,35.00716698877679],[135.7660251129118,35.00708548467149]],[[135.75484943940572,35.01487307047414],[135.75464416219054,35.01467325395793]],[[135.75464416219054,35.01467325395793],[135.75384214888467,35.014681141451995]],[[135.75384214888467,35.014681141451995],[135.75363209778075,35.01487569963882]],[[135.75389466166067,35.01510706613127],[135.75453436274987,35.01514650360158]],[[135.75453436274987,35.01514650360158],[135.75484943940572,35.01487307047414]],[[135.76996834499894,35.005289765190334],[135.76999698833131,35.004829661370124]],[[135.76999698833131,35.004829661370124],[135.76927135724506,35.0048349196995]],[[135.76927135724506,35.0048349196995],[135.76970578111906,35.00556056915308]],[[135.76970578111906,35.00556056915308],[135.76996834499894,35.005289765190334]],[[135.73191090408037,35.009683099382165],[135.73190135630293,35.00842372949713]],[[135.73190135630293,35.00842372949713],[135.73002521803386,35.00840269617964]],[[135.73002521803386,35.00840269617964],[135.73001089636767,35.00965154940592]],[[135.73445061288226,35.01095298592595],[135.73269859572005,35.01095561509064]],[[135.73447448232588,35.0134138840729],[135.73445061288226,35.01095298592595]],[[135.73007773080982,35.01993421249645],[135.72847847808683,35.01984745006178]],[[135.7393486227145,35.01975805846243],[135.74114360487522,35.01925851717191]],[[135.74114360487522,35.01925851717191],[135.74053254711836,35.01657414002657]],[[135.73619308226702,35.01739969773826],[135.73494232342097,35.017560076784164]],[[135.73494232342097,35.017560076784164],[135.73501870564058,35.01861963015299]],[[135.73555815506654,35.01862225931768],[135.73610237838122,35.01860648432956]],[[135.72552821485456,35.01592210718422],[135.72558550151925,35.01850657607145]],[[135.72558550151925,35.01850657607145],[135.7269699292496,35.01850131774208]],[[135.7269699292496,35.01850131774208],[135.7269699292496,35.01595365716046]],[[135.72558550151925,35.01850657607145],[135.7255759537418,35.021075269970574],[135.72691741647364,35.02109367412338]],[[135.76856959560243,35.009598966112186],[135.76851230893772,35.00934393713756]],[[135.76703717732158,35.008647208495525],[135.766908282326,35.00864983766021]],[[135.766908282326,35.00864983766021],[135.76679370899657,35.008994258234196]],[[135.7602057425556,35.014736353910415],[135.75983815312372,35.01468902894605]],[[135.75983815312372,35.01468902894605],[135.75969493646198,35.01487832880351]],[[135.75969493646198,35.01487832880351],[135.76013890811342,35.01489147462694]],[[135.76279319024474,35.011252710700255],[135.76241605303542,35.01118961074777]],[[135.76241605303542,35.01118961074777],[135.76204368971486,35.011255339864945]],[[135.76204368971486,35.011255339864945],[135.7620914286021,35.01202568511821]],[[135.7620914286021,35.01202568511821],[135.76240650525799,35.01214136836443]],[[135.76240650525799,35.01214136836443],[135.76275499913493,35.012044089271015]],[[135.77173468382733,35.01228071409284],[135.77175855327096,35.010921435949705]],[[135.77175855327096,35.010921435949705],[135.77043618609403,35.01093195260845]],[[135.77043618609403,35.01093195260845],[135.77043618609403,35.011050265019364]],[[135.77043618609403,35.011050265019364],[135.77040276887297,35.01228071409284]],[[135.77040276887297,35.01228071409284],[135.77173468382733,35.01228071409284]],[[135.75616703269392,35.01471532059292],[135.75609542436305,35.01377933796438]],[[135.75539366272042,35.01393971701028],[135.75534114994443,35.014623299828884]],[[135.75534114994443,35.014623299828884],[135.75560848771306,35.014841520497896]],[[135.75560848771306,35.014841520497896],[135.75605245936453,35.014841520497896]],[[135.75605245936453,35.014841520497896],[135.75616703269392,35.01471532059292]],[[135.73263653516662,35.00843950448526],[135.73190135630293,35.00842372949713]],[[135.73263653516662,35.00983559093401],[135.73306141126318,35.00980929928714]],[[135.75304013557883,35.016369065180996],[135.75198988005923,35.01637169434568]],[[135.75198988005923,35.01637169434568],[135.7520042017254,35.01712100628145]],[[135.7520042017254,35.01712100628145],[135.7529780750254,35.01702109802335]],[[135.77175855327096,35.010921435949705],[135.77176810104842,35.00934130797287]],[[135.77176810104842,35.00934130797287],[135.770297743321,35.00935971212568]],[[135.770297743321,35.00935971212568],[135.77042186442787,35.01005644076771]],[[135.77042186442787,35.01005644076771],[135.77043618609403,35.01093195260845]],[[135.73760615332972,35.01215451418787],[135.7377493699915,35.01359266727161]],[[135.7377493699915,35.01359266727161],[135.73927224049487,35.01363736307129]],[[135.73927224049487,35.01363736307129],[135.73928656216106,35.011005569219684]],[[135.76818291061568,35.01354008397787],[135.76866507337692,35.013487500684136]],[[135.76866507337692,35.013487500684136],[135.76865075171074,35.01321932588607]],[[135.76865075171074,35.01321932588607],[135.76851230893772,35.01208089757663]],[[135.76851230893772,35.01208089757663],[135.76723290675932,35.012146626693806]],[[135.76723290675932,35.012146626693806],[135.7672138112044,35.013545342307246]],[[135.7672138112044,35.013545342307246],[135.76760049619116,35.013542713142556]],[[135.77047915109256,35.004295940938675],[135.77002563166366,35.00439584919678]],[[135.77002563166366,35.00439584919678],[135.76999698833131,35.004829661370124]],[[135.76996834499894,35.005289765190334],[135.7704648294264,35.00529502351971]],[[135.7704648294264,35.00529502351971],[135.77047915109256,35.004295940938675]],[[135.72486464432174,35.009683099382165],[135.7254804759673,35.01096087342001]],[[135.7254804759673,35.01096087342001],[135.72827320087163,35.01095561509064]],[[135.72827320087163,35.01095561509064],[135.72998702692405,35.01095298592595]],[[135.73002521803386,35.00840269617964],[135.7254613804124,35.00833959622715]],[[135.76548566348583,35.01508866197847],[135.7661158167976,35.01507551615503]],[[135.7284020958672,35.01839878031929],[135.72825410531675,35.015990465466075]],[[135.760998208084,35.01076631523318],[135.76046353254677,35.01076894439786]],[[135.76046353254677,35.01076894439786],[135.76023438588794,35.01077157356255]],[[135.75989066589972,35.01141046058147],[135.76058287976488,35.01134998979367]],[[135.76058287976488,35.01134998979367],[135.760998208084,35.01076631523318]],[[135.73004431358873,35.01817004299153],[135.73004908747748,35.01831990537868]],[[135.73004908747748,35.01831990537868],[135.73008250469854,35.0195819044284]],[[135.7569881415547,35.01607196957137],[135.75682582933803,35.016221831958525]],[[135.75682582933803,35.016221831958525],[135.75686879433655,35.01641376098067]],[[135.75686879433655,35.01641376098067],[135.75758010375662,35.016450569286285]],[[135.75758010375662,35.016450569286285],[135.75768990319733,35.01623234861727]],[[135.7344792562146,35.009725166017155],[135.73445061288226,35.01095298592595]],[[135.73445061288226,35.01095298592595],[135.7361167000474,35.01094772759657]],[[135.77176810104842,35.00583137311584],[135.77171558827243,35.005205631920354]],[[135.77171558827243,35.005205631920354],[135.7710854349607,35.00533446099001]],[[135.7710854349607,35.00533446099001],[135.77107588718323,35.00583663144521]],[[135.77107588718323,35.00583663144521],[135.77176810104842,35.00583137311584]],[[135.73927224049487,35.01363736307129],[135.7418787837389,35.01361895891848]],[[135.76930477446612,35.01318514674514],[135.77013065721562,35.013024767699235]],[[135.77013065721562,35.013024767699235],[135.77038844720678,35.01254625972622]],[[135.77038844720678,35.01254625972622],[135.77040276887297,35.01228071409284]],[[135.77043618609403,35.011050265019364],[135.76893241114556,35.011039748360616]],[[135.76893241114556,35.011039748360616],[135.76851230893772,35.01208089757663]],[[135.76865075171074,35.01321932588607],[135.76930477446612,35.01318514674514]],[[135.77178242271458,35.00877866672987],[135.77180151826948,35.0081687005225]],[[135.77180151826948,35.0081687005225],[135.7710329221847,35.00816607135782]],[[135.7710329221847,35.00816607135782],[135.7703741255406,35.00836851703871]],[[135.7703741255406,35.00836851703871],[135.77035980387444,35.00869453345989]],[[135.77035980387444,35.00869453345989],[135.77178242271458,35.00877866672987]],[[135.76198162916143,35.01596943214858],[135.76199595082758,35.0151018078019]],[[135.76117006807812,35.01508866197847],[135.7608311219786,35.016250752770084]],[[135.7680158245103,35.01664249830843],[135.76798718117792,35.015935253007655]],[[135.76798718117792,35.015935253007655],[135.76761004396863,35.01601412794826]],[[135.76728541953528,35.01602201544232],[135.76728541953528,35.01618765281759]],[[135.76728541953528,35.01618765281759],[135.7680158245103,35.01664249830843]],[[135.76684622177257,35.01115543160684],[135.76691305621472,35.01083993184441]],[[135.76680803066276,35.01083993184441],[135.76609194735397,35.010837302679725]],[[135.76539495960006,35.01100031089031],[135.76610626902013,35.01117383575965]],[[135.7520042017254,35.01712100628145],[135.7530974222435,35.01736551859733]],[[135.75832960428653,35.017370776926704],[135.75853010761298,35.01717621873988]],[[135.75853010761298,35.01717621873988],[135.75846804705955,35.01633751520475]],[[135.75846804705955,35.01633751520475],[135.75830573484288,35.01624549444071]],[[135.75758010375662,35.016450569286285],[135.75758487764537,35.017389181079515]],[[135.75758487764537,35.017389181079515],[135.75832960428653,35.017370776926704]],[[135.75522657661503,35.01487044130945],[135.75484943940572,35.01487307047414]],[[135.75453436274987,35.01514650360158],[135.75452004108368,35.01592210718422]],[[135.75475396163122,35.01618765281759],[135.7552170288376,35.01621657362915]],[[135.75539366272042,35.01596417381921],[135.75539843660914,35.01513072861346]],[[135.75539843660914,35.01513072861346],[135.75522657661503,35.01487044130945]],[[135.75983815312372,35.01468902894605],[135.75985724867863,35.013889762881234]],[[135.75985724867863,35.013889762881234],[135.7596471975747,35.01364262140066]],[[135.759207999812,35.01490462045038],[135.75969493646198,35.01487832880351]],[[135.7627693208011,35.01509392030784],[135.76275499913493,35.01603779043044]],[[135.76179544750113,35.00794522152412],[135.76250198303248,35.0076060592795]],[[135.76260223469572,35.00715121378867],[135.76169996972664,35.00709863049493]],[[135.76169996972664,35.00709863049493],[135.76153765750996,35.007348401140185]],[[135.76153765750996,35.007348401140185],[135.76166655250555,35.00794259235943]],[[135.76856959560243,35.009598966112186],[135.77042186442787,35.01005644076771]],[[135.770297743321,35.00935971212568],[135.76932387002103,35.00881021670611]],[[135.76932387002103,35.00881021670611],[135.76872713393035,35.008791812553305]],[[135.76795853784557,35.0145996373467],[135.76795376395685,35.01452602073547]],[[135.7672138112044,35.013545342307246],[135.76721858509313,35.01364262140066]],[[135.76721858509313,35.01364262140066],[135.76725677620294,35.014880957968195]],[[135.76539973348878,35.01333500913229],[135.7644449557437,35.01334552579104]],[[135.7644449557437,35.01334552579104],[135.76391505409518,35.01366891304753]],[[135.76567661903485,35.007553475985766],[135.7656670712574,35.00716698877679]],[[135.76520400405104,35.006906701472786],[135.76446882518732,35.00705393469525]],[[135.76446882518732,35.00705393469525],[135.76417284408637,35.007364176128306]],[[135.76417284408637,35.007364176128306],[135.76441153852264,35.007766438325405]],[[135.76531857738044,35.00767704672605],[135.76567661903485,35.007553475985766]],[[135.73184884352693,35.01588004054923],[135.73004908747748,35.01590896136078]],[[135.73004908747748,35.01590896136078],[135.72998702692405,35.01713678126957]],[[135.73260311794553,35.017273497833294],[135.73184884352693,35.01588004054923]],[[135.7704314122053,35.006875151496544],[135.76971055500778,35.0068646348378]],[[135.76971055500778,35.0068646348378],[135.7704123166504,35.007366805292996]],[[135.7704123166504,35.007366805292996],[135.7704314122053,35.006875151496544]],[[135.7688082900387,35.00585503559802],[135.7687748728176,35.00671214328595]],[[135.7687748728176,35.00671214328595],[135.76959598167838,35.00674895159157]],[[135.76959598167838,35.00674895159157],[135.7699587972215,35.00634931855916]],[[135.7699587972215,35.00634931855916],[135.76966281612053,35.00584714810396]],[[135.76966281612053,35.00584714810396],[135.7688082900387,35.00585503559802]],[[135.7519851061705,35.016032532101065],[135.75253410337393,35.01550932832837]],[[135.7529589794705,35.0151622785897],[135.75196123672688,35.01504396617879]],[[135.7519803322818,35.015764357303],[135.7519851061705,35.016032532101065]],[[135.76240173136927,35.01227019743409],[135.7620723330472,35.012635651325574]],[[135.7620723330472,35.012635651325574],[135.76204846360358,35.01333763829698]],[[135.76204846360358,35.01333763829698],[135.7623921835918,35.01345595070789]],[[135.76264519969425,35.01337707576728],[135.7627311296913,35.012533113902784]],[[135.7627311296913,35.012533113902784],[135.76240173136927,35.01227019743409]],[[135.76473138906724,35.00981981594589],[135.76449269463097,35.00961474110031]],[[135.76449269463097,35.00961474110031],[135.76412987908785,35.00983559093401]],[[135.76412987908785,35.00983559093401],[135.7647839018432,35.01008273241458]],[[135.7693381916872,35.014507616582655],[135.76868416893183,35.014391933336434]],[[135.76868416893183,35.014391933336434],[135.76868416893183,35.014507616582655]],[[135.76868416893183,35.014507616582655],[135.7686793950431,35.01554876579868]],[[135.7686793950431,35.01554876579868],[135.76908994947348,35.01552510331649]],[[135.76932387002103,35.01551195749306],[135.7693381916872,35.014507616582655]],[[135.76356178632952,35.0124884181031],[135.76366681188148,35.01222550163441]],[[135.76366681188148,35.01222550163441],[135.76354746466333,35.012002022636025]],[[135.76240650525799,35.01214136836443],[135.76240173136927,35.01227019743409]],[[135.7627311296913,35.012533113902784],[135.76356178632952,35.0124884181031]],[[135.73184884352693,35.015559282457424],[135.73184884352693,35.01588004054923]],[[135.73294206404503,35.01781510575879],[135.73326668847838,35.0177730391238]],[[135.72841164364468,35.01852235105957],[135.73004908747748,35.01831990537868]],[[135.73004908747748,35.01590896136078],[135.7283782264236,35.015951027995776]],[[135.7532645083489,35.01487044130945],[135.75280621503128,35.01420000431429]],[[135.76597260013583,35.005302911013764],[135.76561455848142,35.00516619445005]],[[135.76561455848142,35.00516619445005],[135.76524219516085,35.005305540178455]],[[135.76524219516085,35.005305540178455],[135.76526606460448,35.00590498972707]],[[135.76563365403632,35.006012785479236],[135.765986921802,35.005954943856125]],[[135.765986921802,35.005954943856125],[135.76597260013583,35.005302911013764]],[[135.7686793950431,35.01554876579868],[135.76871281226417,35.01656099420314]],[[135.76871281226417,35.01656099420314],[135.7689467328117,35.016537331720954]],[[135.7606783575394,35.012233389128475],[135.76049694976783,35.01204934760039]],[[135.76049694976783,35.01204934760039],[135.75989543978844,35.01202042678884]],[[135.73011114803091,35.014636445652314],[135.7283782264236,35.014278879254896]],[[135.76101252975016,35.009830332604636],[135.76057333198744,35.0102983239189]],[[135.76057333198744,35.0102983239189],[135.76046353254677,35.01076894439786]],[[135.760998208084,35.01076631523318],[135.76142308418056,35.010763686068486]],[[135.76347585633246,35.01133158564086],[135.76374796798981,35.01080575270348]],[[135.76374796798981,35.01080575270348],[135.76374796798981,35.01075316940974]],[[135.76283138135454,35.01075579857443],[135.76242082692414,35.01075842773911]],[[135.76242082692414,35.01075842773911],[135.76241605303542,35.01118961074777]],[[135.76264997358297,35.01740758523233],[135.7627502252462,35.017228802033614]],[[135.76257359136338,35.0162270902879],[135.76216781082172,35.0162270902879]],[[135.7619052469418,35.01721828537487],[135.76211529804573,35.01740232690295]],[[135.76211529804573,35.01740232690295],[135.76264997358297,35.01740758523233]],[[135.7710329221847,35.00816607135782],[135.7710472438509,35.00751666768015]],[[135.7710472438509,35.00751666768015],[135.77105679162833,35.00682519736749]],[[135.77105679162833,35.00682519736749],[135.7704314122053,35.00682256820281]],[[135.7704314122053,35.00682256820281],[135.7704314122053,35.006875151496544]],[[135.7704123166504,35.007366805292996],[135.77039799498422,35.00776380916072]],[[135.77039799498422,35.00776380916072],[135.7703741255406,35.00836851703871]],[[135.76424922630596,35.011902114377925],[135.76396756687117,35.01081101103286]],[[135.76396756687117,35.01081101103286],[135.76374796798981,35.01080575270348]],[[135.76366681188148,35.01222550163441],[135.7641823918638,35.01222550163441]],[[135.7546966749665,35.01380562961125],[135.75464416219054,35.01467325395793]],[[135.75522657661503,35.01487044130945],[135.75534114994443,35.014623299828884]],[[135.72827320087163,35.01095561509064],[135.72843073919958,35.01332975080292]],[[135.72838777420105,35.01349801734288],[135.72945712527553,35.013513792331004]],[[135.7718206138244,35.00668059330971],[135.77176810104842,35.00583137311584]],[[135.77107588718323,35.00583663144521],[135.77105679162833,35.00673317660345]],[[135.77105679162833,35.00673317660345],[135.7718206138244,35.00668059330971]],[[135.74350667979428,35.01480734135696],[135.74348281035063,35.014236812619906]],[[135.7418787837389,35.01437352918362],[135.73976395103358,35.01478630803947],[135.739826011587,35.01573543649145]],[[135.74049435600855,35.0157249198327],[135.74141571653257,35.01571440317395]],[[135.74231320761294,35.01569336985646],[135.74350667979428,35.01480734135696]],[[135.77163920605284,35.01502293286129],[135.7717251360499,35.01320618006263]],[[135.7717251360499,35.01320618006263],[135.77055075942346,35.013987041974644]],[[135.77055075942346,35.013987041974644],[135.7693381916872,35.014507616582655]],[[135.7392770143836,35.01572754899738],[135.73774459610274,35.01606145291262]],[[135.74114360487522,35.01925851717191],[135.74167828041246,35.019232225525045]],[[135.76561455848142,35.00516619445005],[135.7656097845927,35.00502159039227]],[[135.7656097845927,35.00502159039227],[135.76524696904957,35.00473238227671]],[[135.76443540796626,35.00470609062984],[135.76396279298245,35.004787594735134]],[[135.76396279298245,35.004787594735134],[135.76396279298245,35.00500055707477]],[[135.76396279298245,35.00500055707477],[135.7644640512986,35.00531079850783]],[[135.7644640512986,35.00531079850783],[135.76524219516085,35.005305540178455]],[[135.7665884317814,35.00751666768015],[135.7669464734358,35.007364176128306]],[[135.7669464734358,35.007364176128306],[135.7669464734358,35.00729844701114]],[[135.76657411011522,35.00715647211804],[135.7660251129118,35.00708548467149]],[[135.76567661903485,35.007553475985766],[135.76603466068926,35.00759028429138]],[[135.76603466068926,35.00759028429138],[135.7665884317814,35.00751666768015]],[[135.75777105930564,35.01376619214095],[135.7577089987522,35.01489936212101]],[[135.7254804759673,35.01096087342001],[135.72552344096582,35.01367942970628]],[[135.76667436177846,35.00835274205059],[135.7665884317814,35.00751666768015]],[[135.76603466068926,35.00759028429138],[135.76606807791032,35.00827912543935]],[[135.76606807791032,35.00827912543935],[135.76667436177846,35.00835274205059]],[[135.76105072085997,35.008518379425865],[135.76040624588205,35.00801883813535]],[[135.76446882518732,35.00705393469525],[135.76444018185498,35.00643871015851]],[[135.7641585224202,35.00618631034857],[135.76364771632657,35.00617316452514]],[[135.76364771632657,35.00617316452514],[135.7635761079957,35.00644922681726]],[[135.7635761079957,35.00644922681726],[135.76358565577314,35.00710914715368]],[[135.76373364632363,35.00736154696362],[135.76417284408637,35.007364176128306]],[[135.76364771632657,35.007640238420436],[135.76364294243785,35.00834222539184]],[[135.76364294243785,35.00834222539184],[135.76399621020352,35.00844213364994]],[[135.73774459610274,35.01359266727161],[135.7377493699915,35.01359266727161]],[[135.76825929283527,35.01661883582625],[135.76824019728036,35.01555139496336]],[[135.76824019728036,35.01555139496336],[135.76797285951176,35.015559282457424]],[[135.76797285951176,35.015559282457424],[135.76798718117792,35.015935253007655]],[[135.7680158245103,35.01664249830843],[135.76804446784263,35.01698691888242]],[[135.76804446784263,35.01698691888242],[135.76825929283527,35.01661883582625]],[[135.76023915977666,35.005447515071545],[135.7606974530943,35.004987411251335]],[[135.7606974530943,35.004987411251335],[135.760320315885,35.0045930365483]],[[135.76991105833426,35.01346383820195],[135.7703932210955,35.01302213853455]],[[135.7703932210955,35.01302213853455],[135.77013065721562,35.013024767699235]],[[135.76930477446612,35.01318514674514],[135.76991105833426,35.01346383820195]],[[135.76046353254677,35.01649789425065],[135.7601150386698,35.01645582761566]],[[135.7601150386698,35.01645582761566],[135.75973312757176,35.01727875616267]],[[135.75973312757176,35.01727875616267],[135.7604730803242,35.01720776871612]],[[135.76187660360947,35.00548169421248],[135.762597460807,35.005997010491114]],[[135.762597460807,35.005997010491114],[135.7628982157967,35.005849777268644]],[[135.7628982157967,35.005849777268644],[135.76290776357413,35.00529502351971]],[[135.76290776357413,35.00529502351971],[135.76257359136338,35.00530028184908]],[[135.76257359136338,35.00530028184908],[135.76187660360947,35.00548169421248]],[[135.75687834211402,35.014610154005446],[135.75689266378018,35.01386347123436]],[[135.75616703269392,35.01471532059292],[135.7562911538008,35.014865182980074]],[[135.7562911538008,35.014865182980074],[135.75677331656206,35.01487044130945]],[[135.75677331656206,35.01487044130945],[135.75687834211402,35.014610154005446]],[[135.76204846360358,35.01333763829698],[135.76123212863155,35.01343228822571]],[[135.760945695308,35.01347698402539],[135.76093137364185,35.0138766170578]],[[135.76093137364185,35.0138766170578],[135.7612655458526,35.01402385028027]],[[135.7612655458526,35.01402385028027],[135.76196730749524,35.013989671139335]],[[135.76196730749524,35.013989671139335],[135.76238740970308,35.013858212904985]],[[135.74350667979428,35.01480734135696],[135.74537327028588,35.01467588312262]],[[135.75909342648256,35.01604041959513],[135.75910297426003,35.015138616107514]],[[135.75841553428359,35.01604304875981],[135.75909342648256,35.01604041959513]],[[135.76294118079522,35.00471134895921],[135.76293163301776,35.00426702012712]],[[135.76293163301776,35.00426702012712],[135.76257359136338,35.004211807668696]],[[135.76257359136338,35.004211807668696],[135.76257359136338,35.00472186561796]],[[135.76257359136338,35.00472186561796],[135.76294118079522,35.00471134895921]],[[135.76049694976783,35.01204934760039],[135.76058287976488,35.01134998979367]],[[135.75384214888467,35.014681141451995],[135.7538087316636,35.01389765037529]],[[135.76290298968541,35.00710914715368],[135.76292208524032,35.00639138519415]],[[135.76292208524032,35.00639138519415],[135.7625783652521,35.00634668939447]],[[135.7625783652521,35.00634668939447],[135.7617142913928,35.0064413393232]],[[135.7617142913928,35.0064413393232],[135.76169996972664,35.00709863049493]],[[135.73447448232588,35.017620547571966],[135.73494232342097,35.017560076784164]],[[135.76690350843728,35.00618631034857],[135.7668748651049,35.00509783616819]],[[135.7668748651049,35.00509783616819],[135.7668748651049,35.005016332062894]],[[135.7668748651049,35.005016332062894],[135.76663139677993,35.00502421955695]],[[135.76663139677993,35.00502421955695],[135.76652159733925,35.005174081944105]],[[135.76652159733925,35.005174081944105],[135.76650250178434,35.005954943856125]],[[135.76650250178434,35.005954943856125],[135.76670777899952,35.00618893951326]],[[135.76108413808106,35.014880957968195],[135.7606783575394,35.014880957968195]],[[135.7604730803242,35.01606145291262],[135.7606974530943,35.016250752770084]],[[135.7591889042571,35.01625338193477],[135.75909342648256,35.01604041959513]],[[135.75846804705955,35.01633751520475],[135.7590600092615,35.01644005262754]],[[135.7590600092615,35.01644005262754],[135.7591889042571,35.01625338193477]],[[135.76777235618528,35.00629673526542],[135.76777235618528,35.005132015309115]],[[135.76777235618528,35.005132015309115],[135.7668748651049,35.00509783616819]],[[135.766908282326,35.00636246438259],[135.76777235618528,35.00629673526542]],[[135.76696079510197,35.01363999223597],[135.76721858509313,35.01364262140066]],[[135.76723290675932,35.012146626693806],[135.76697034287943,35.012149255858496]],[[135.76856482171368,35.010850448503156],[135.76893241114556,35.011039748360616]],[[135.77082287108078,35.00407509110498],[135.77047915109256,35.004295940938675]],[[135.7704648294264,35.00529502351971],[135.7710854349607,35.00533446099001]],[[135.77171558827243,35.005205631920354],[135.77162965827537,35.0042722784565]],[[135.77162965827537,35.0042722784565],[135.77082287108078,35.00407509110498]],[[135.77039799498422,35.00776380916072],[135.76861256060096,35.007627092597]],[[135.76861256060096,35.007627092597],[135.7684932133828,35.00804512978222]],[[135.7684932133828,35.00804512978222],[135.7685839172686,35.00853678357867]],[[135.76932387002103,35.00881021670611],[135.77035980387444,35.00869453345989]],[[135.77105679162833,35.00682519736749],[135.77105679162833,35.00673317660345]],[[135.7704648294264,35.00529502351971],[135.7704457338715,35.00634931855916]],[[135.7704457338715,35.00634931855916],[135.7704314122053,35.00682256820281]],[[135.76264997358297,35.01740758523233],[135.76364771632657,35.0174128435617]],[[135.7562911538008,35.014865182980074],[135.75616703269392,35.01507551615503]],[[135.75616703269392,35.01507551615503],[135.75615748491649,35.0159457696664]],[[135.75641050101893,35.01621920279384],[135.75682582933803,35.016221831958525]],[[135.7569547243336,35.01503344952004],[135.75677331656206,35.01487044130945]],[[135.768941958923,35.004138191057464],[135.76686531732747,35.003780624660045]],[[135.76686531732747,35.003780624660045],[135.7668748651049,35.005016332062894]],[[135.76777235618528,35.005132015309115],[135.76841683116322,35.00468242814765]],[[135.76841683116322,35.00468242814765],[135.768941958923,35.004138191057464]],[[135.76153765750996,35.007348401140185],[135.76096956475163,35.00732999698738]],[[135.7617142913928,35.0064413393232],[135.7614708230678,35.00614950204295]],[[135.7614708230678,35.00614950204295],[135.76088840864332,35.006154760372326]],[[135.76088840864332,35.006154760372326],[135.76047785421292,35.00710125965961]],[[135.77180151826948,35.0081687005225],[135.7718397093793,35.00752455517421]],[[135.7718397093793,35.00752455517421],[135.7710472438509,35.00751666768015]],[[135.76354746466333,35.01336130077916],[135.76356178632952,35.0124884181031]],[[135.75992885700953,35.01030621141297],[135.76057333198744,35.0102983239189]],[[135.76290776357413,35.00529502351971],[135.76362384688295,35.00529502351971]],[[135.76362384688295,35.00529502351971],[135.76396279298245,35.00500055707477]],[[135.76396279298245,35.004787594735134],[135.76361907299423,35.004742898935454]],[[135.76361907299423,35.004742898935454],[135.76294118079522,35.00471134895921]],[[135.76257359136338,35.00472186561796],[135.76257359136338,35.00530028184908]],[[135.76098866030654,35.012233389128475],[135.76138966695947,35.012117705882254]],[[135.76138966695947,35.012117705882254],[135.76145650140163,35.01137365227586]],[[135.76145650140163,35.01137365227586],[135.76142308418056,35.010763686068486]],[[135.7656288801476,35.01617450699416],[135.76539973348878,35.01589318637266]],[[135.76650250178434,35.005954943856125],[135.765986921802,35.005954943856125]],[[135.7660251129118,35.00638349770009],[135.7665168234505,35.00635457688853]],[[135.76861256060096,35.007627092597],[135.76875100337398,35.00698031808402]],[[135.76875100337398,35.00698031808402],[135.7679060250696,35.0070039805662]],[[135.7679060250696,35.0070039805662],[135.7684932133828,35.00804512978222]],[[135.7669846645456,35.014951945414744],[135.76725677620294,35.014951945414744]],[[135.76359997743933,35.00899951656357],[135.7639914363148,35.008849654176416]],[[135.76364294243785,35.00834222539184],[135.76287434635307,35.008244946298426]],[[135.76287434635307,35.008244946298426],[135.7625258524761,35.00834748372122]],[[135.76251153080995,35.008975854081385],[135.76290298968541,35.00897059575201]],[[135.76290298968541,35.00897059575201],[135.76359997743933,35.00899951656357]],[[135.75451526719496,35.0171315229402],[135.75451526719496,35.01661620666156]],[[135.76263565191678,35.01490724961507],[135.76217258471044,35.01490462045038]],[[135.76242082692414,35.01075842773911],[135.76205801138101,35.0107610569038]],[[135.76145650140163,35.01137365227586],[135.76204368971486,35.011255339864945]],[[135.7717251360499,35.01320618006263],[135.77173468382733,35.01228071409284]],[[135.77038844720678,35.01254625972622],[135.7703932210955,35.01302213853455]],[[135.76991105833426,35.01346383820195],[135.77055075942346,35.013987041974644]],[[135.76778190396274,35.00700660973089],[135.76777235618528,35.00629673526542]],[[135.76693215176962,35.006993463907456],[135.76778190396274,35.00700660973089]],[[135.760511271434,35.01468902894605],[135.76054946254382,35.01402385028027]],[[135.76054946254382,35.01402385028027],[135.75985724867863,35.013889762881234]],[[135.77162965827537,35.0042722784565],[135.77082287108078,35.00407509110498]],[[135.76088840864332,35.006154760372326],[135.76023438588794,35.005823485621775]],[[135.76138966695947,35.012117705882254],[135.7620914286021,35.01202568511821]],[[135.7670228556554,35.01618765281759],[135.76728541953528,35.01618765281759]],[[135.766908282326,35.00864983766021],[135.76667436177846,35.00835274205059]],[[135.76606807791032,35.00827912543935],[135.76545224626477,35.00836325870934]],[[135.7614708230678,35.00614950204295],[135.76169042194917,35.00548169421248]],[[135.76169042194917,35.00548169421248],[135.76137057140457,35.00498478208665]],[[135.76137057140457,35.00498478208665],[135.7606974530943,35.004987411251335]],[[135.75687834211402,35.014610154005446],[135.75711703655028,35.01487832880351]],[[135.7574798520934,35.01488884546226],[135.75760397320028,35.01489673295632]],[[135.7704457338715,35.00634931855916],[135.7699587972215,35.00634931855916]],[[135.76959598167838,35.00674895159157],[135.76971055500778,35.0068646348378]],[[135.76970578111906,35.00556056915308],[135.76966281612053,35.00584714810396]],[[135.76361429910548,35.00587343975083],[135.76362384688295,35.00529502351971]],[[135.7628982157967,35.005849777268644],[135.76361429910548,35.00587343975083]],[[135.75560848771306,35.014841520497896],[135.75539843660914,35.01513072861346]],[[135.75616703269392,35.01507551615503],[135.75605245936453,35.014841520497896]],[[135.7688082900387,35.00585503559802],[135.76889422003575,35.00474815726483]],[[135.76889422003575,35.00474815726483],[135.76841683116322,35.00468242814765]],[[135.76778190396274,35.00700660973089],[135.7679060250696,35.0070039805662]],[[135.76875100337398,35.00698031808402],[135.7687748728176,35.00671214328595]],[[135.76288866801923,35.00764812591449],[135.76287434635307,35.008244946298426]],[[135.76688441288238,35.01711311878739],[135.7670037601005,35.01745491019669]],[[135.7670037601005,35.01745491019669],[135.76804446784263,35.01698691888242]],[[135.76009116922617,35.01608511539481],[135.75979041423648,35.016250752770084]],[[135.75979041423648,35.016250752770084],[135.7601150386698,35.01645582761566]],[[135.7644640512986,35.00531079850783],[135.76445450352116,35.00579456481022]],[[135.76360475132805,35.009667324394044],[135.76359997743933,35.00899951656357]],[[135.76290298968541,35.00897059575201],[135.7627645469124,35.00960159527687]],[[135.7627645469124,35.00960159527687],[135.76360475132805,35.009667324394044]],[[135.76213916748935,35.009840849263384],[135.7627645469124,35.00960159527687]],[[135.77176810104842,35.00934130797287],[135.77178242271458,35.00877866672987]],[[135.76198640305014,35.01464433314638],[135.76196730749524,35.013989671139335]],[[135.7612655458526,35.01402385028027],[135.76124167640899,35.01475212889854]],[[135.76889422003575,35.00474815726483],[135.76927135724506,35.0048349196995]],[[135.77002563166366,35.00439584919678],[135.768941958923,35.004138191057464]],[[135.72435861211684,35.00968047021748],[135.72420584767764,35.0135348256485]],[[135.76597260013583,35.005302911013764],[135.76652159733925,35.005174081944105]],[[135.76663139677993,35.00502421955695],[135.76654069289415,35.00494271545166]],[[135.76596305235836,35.00479285306451],[135.7656097845927,35.00502159039227]],[[135.76674597010933,35.01744965186732],[135.7670037601005,35.01745491019669]],[[135.75686879433655,35.01641376098067],[135.7567685426733,35.017386551914825]],[[135.7567685426733,35.017386551914825],[135.75758487764537,35.017389181079515]],[[135.75973312757176,35.01727875616267],[135.75963287590855,35.01738392275014]],[[135.75963287590855,35.01738392275014],[135.76059242754235,35.017391810244206]],[[135.76868416893183,35.014391933336434],[135.76866507337692,35.013487500684136]],[[135.7682067800593,35.01451550407672],[135.76868416893183,35.014507616582655]],[[135.76361907299423,35.004742898935454],[135.76362862077167,35.00417762852777]],[[135.76362862077167,35.00417762852777],[135.76293163301776,35.00426702012712]],[[135.7519851061705,35.016032532101065],[135.75198988005923,35.01637169434568]],[[135.76686531732747,35.003780624660045],[135.76634973734514,35.00404879945811]],[[135.7561622588052,35.01706579382302],[135.7565203004596,35.01738129358545]],[[135.7565203004596,35.01738129358545],[135.7567685426733,35.017386551914825]],[[135.7718397093793,35.00752455517421],[135.7718206138244,35.00668059330971]],[[135.76135624973838,35.01243846397406],[135.7620723330472,35.012635651325574]],[[135.7682067800593,35.01451550407672],[135.76824019728036,35.01555139496336]],[[135.76825929283527,35.01661883582625],[135.76871281226417,35.01656099420314]],[[135.76595827846964,35.004180257692454],[135.76524696904957,35.004180257692454]],[[135.7625783652521,35.00634668939447],[135.762597460807,35.005997010491114]],[[135.76187660360947,35.00548169421248],[135.76169042194917,35.00548169421248]],[[135.76698943843434,35.00853415441399],[135.7669464734358,35.007364176128306]],[[135.7590409137066,35.017144668763635],[135.7590600092615,35.01644005262754]],[[135.75853010761298,35.01717621873988],[135.7590409137066,35.017144668763635]],[[135.76412987908785,35.00983559093401],[135.76368113354764,35.009827703439946]],[[135.76368113354764,35.009827703439946],[135.76359997743933,35.00999334081522]],[[135.76396756687117,35.01081101103286],[135.7644783729648,35.010818898526914]],[[135.75979041423648,35.016250752770084],[135.7591889042571,35.01625338193477]],[[135.7590409137066,35.017144668763635],[135.75906955703894,35.01735500193858]],[[135.75906955703894,35.01735500193858],[135.75963287590855,35.01738392275014]],[[135.76093137364185,35.0138766170578],[135.76054946254382,35.01402385028027]],[[135.76283138135454,35.01007484492052],[135.76205801138101,35.010316728071714]],[[135.76364771632657,35.00617316452514],[135.76361429910548,35.00587343975083]],[[135.76292208524032,35.00639138519415],[135.7635761079957,35.00644922681726]],[[135.75483989162828,35.01736288943265],[135.7550117516224,35.01736551859733]],[[135.7550117516224,35.01736551859733],[135.75537456716552,35.01708682714052]],[[135.76360475132805,35.009667324394044],[135.76368113354764,35.009827703439946]],[[135.76449269463097,35.00961474110031],[135.76449269463097,35.0090731331748]],[[135.75832960428653,35.017370776926704],[135.75906955703894,35.01735500193858]],[[135.7610745903036,35.01739443940889],[135.76211529804573,35.01740232690295]],[[135.76137057140457,35.00498478208665],[135.7614660491791,35.004211807668696]],[[135.7614660491791,35.004211807668696],[135.76035373310606,35.00438007420866]],[[135.7644640512986,35.01261461800808],[135.7644449557437,35.01334552579104]],[[135.7550117516224,35.01736551859733],[135.7565203004596,35.01738129358545]],[[135.76257359136338,35.004211807668696],[135.7614660491791,35.004211807668696]],[[135.76444018185498,35.00417499936308],[135.76362862077167,35.00417762852777]]]}