{"type":"Topology","bbox":[135.70290676448803,34.87519614621377,135.87867847375648,34.97667819833023],"objects":{"town":{"type":"GeometryCollection","geometries":[{"type":"Polygon","arcs":[[0,1,2,3]],"properties":{"name":"竹田竹田向代町"}},{"type":"Polygon","arcs":[[4,5,-1]],"properties":{"name":"竹田竹田向代町川町"}},{"type":"Polygon","arcs":[[6,-5,-4,7,8,9,10,11,12,13]],"properties":{"name":"竹田竹田流池町"}},{"type":"Polygon","arcs":[[14,15,16,17,18]],"properties":{"name":"竹田竹田内畑町"}},{"type":"Polygon","arcs":[[19,20,21,22,23]],"properties":{"name":"竹田竹田醍醐田町"}},{"type":"Polygon","arcs":[[24,25,26,27,28,-21,-19,29,30,31,32]],"properties":{"name":"竹田竹田七瀬川町"}},{"type":"Polygon","arcs":[[33,34,35,36,-17]],"properties":{"name":"竹田竹田桶ノ井町"}},{"type":"Polygon","arcs":[[37,38,39,-10,40,41,42,43,44]],"properties":{"name":"竹田竹田久保町"}},{"type":"Polygon","arcs":[[45,-36,46,47,48]],"properties":{"name":"竹田竹田段川原町"}},{"type":"Polygon","arcs":[[-12,49,-39,50,51,-48,52]],"properties":{"name":"竹田竹田中島町"}},{"type":"Polygon","arcs":[[-18,-37,-46,53,54,-30]],"properties":{"name":"竹田竹田三ツ杭町"}},{"type":"Polygon","arcs":[[55,56,57,58]],"properties":{"name":"竹田竹田泓ノ川町"}},{"type":"Polygon","arcs":[[-54,-49,-52,59]],"properties":{"name":"竹田竹田北三ツ杭町"}},{"type":"Polygon","arcs":[[60,61,-14,62,63,64]],"properties":{"name":"竹田竹田青池町"}},{"type":"Polygon","arcs":[[65,66,67,68]],"properties":{"name":"竹田下鳥羽芹川町"}},{"type":"Polygon","arcs":[[69,70,71,72]],"properties":{"name":"住吉京町八丁目横町"}},{"type":"Polygon","arcs":[[73,74,75,-61,76]],"properties":{"name":"竹田竹田田中殿町"}},{"type":"Polygon","arcs":[[77,78,79,80,81]],"properties":{"name":"住吉桃山町真斉"}},{"type":"Polygon","arcs":[[82,83,84,85,-16]],"properties":{"name":"竹田中内畑町"}},{"type":"Polygon","arcs":[[86,87,-77,-65,88,-84]],"properties":{"name":"竹田西内畑町"}},{"type":"Polygon","arcs":[[89,90,-63,-13,-53,-47,-35]],"properties":{"name":"竹田竹田西段川原町"}},{"type":"Polygon","arcs":[[91,92,93,94,-24]],"properties":{"name":"竹田竹田田中宮町"}},{"type":"Polygon","arcs":[[95,-90,-34,-86]],"properties":{"name":"竹田西桶ノ井町"}},{"type":"Polygon","arcs":[[-55,-60,-51,-38,96,97,98,-31]],"properties":{"name":"竹田竹田中川原町"}},{"type":"Polygon","arcs":[[99,100,101,102,103,104,105]],"properties":{"name":"住吉墨染町"}},{"type":"Polygon","arcs":[[106,107,-92,-23,108,109,-68]],"properties":{"name":"竹田竹田狩賀町"}},{"type":"Polygon","arcs":[[110,111,-56,112]],"properties":{"name":"竹田竹田松林町"}},{"type":"Polygon","arcs":[[113,-113,114,115]],"properties":{"name":"竹田鳥羽殿町"}},{"type":"Polygon","arcs":[[116,117,118,-75]],"properties":{"name":"竹田西小屋ノ内町"}},{"type":"Polygon","arcs":[[-103,119,120,121,122,123]],"properties":{"name":"住吉西桝屋町"}},{"type":"Polygon","arcs":[[-93,-108,124,125,-114]],"properties":{"name":"竹田竹田藁屋町"}},{"type":"Polygon","arcs":[[-85,-89,-64,-91,-96]],"properties":{"name":"竹田竹田真幡木町"}},{"type":"Polygon","arcs":[[-20,-95,126,127,-87,-83,-15]],"properties":{"name":"竹田竹田浄菩提院町"}},{"type":"Polygon","arcs":[[128,129,-117,-74,-88,-128,130]],"properties":{"name":"竹田東小屋ノ内町"}},{"type":"Polygon","arcs":[[131,132,133,134,135,136]],"properties":{"name":"板橋東町"}},{"type":"Polygon","arcs":[[137,138,139,140]],"properties":{"name":"板橋南尼崎町"}},{"type":"Polygon","arcs":[[141,142,143,144,145,146,-132]],"properties":{"name":"板橋風呂屋町"}},{"type":"Polygon","arcs":[[147,148,149,150,151,152,153,154,155]],"properties":{"name":"住吉治部町"}},{"type":"Polygon","arcs":[[156,157,158,159,160,161]],"properties":{"name":"淀淀大下津町"}},{"type":"Polygon","arcs":[[162,163,164,165,166,167,168,-148,169]],"properties":{"name":"住吉舞台町"}},{"type":"Polygon","arcs":[[170,171,172,173,174,175]],"properties":{"name":"横大路横大路畔ノ内"}},{"type":"Polygon","arcs":[[176,177,178,-146,179,180]],"properties":{"name":"板橋西大手町"}},{"type":"Polygon","arcs":[[181,182,183,184,185]],"properties":{"name":"住吉等安町"}},{"type":"Polygon","arcs":[[186,187,188,-143,189]],"properties":{"name":"板橋南部町"}},{"type":"Polygon","arcs":[[190,191,-165,192,193,194]],"properties":{"name":"住吉樽屋町"}},{"type":"Polygon","arcs":[[195,196,197,198]],"properties":{"name":"板橋鍛冶屋町"}},{"type":"Polygon","arcs":[[199,200,201,202,203,204]],"properties":{"name":"板橋鷹匠町"}},{"type":"Polygon","arcs":[[205,206]],"properties":{"name":"下鳥羽横大路三栖山城屋敷町"}},{"type":"Polygon","arcs":[[207,208,-198,209,210,-182]],"properties":{"name":"住吉東朱雀町"}},{"type":"Polygon","arcs":[[211,212,213,214,215,216]],"properties":{"name":"住吉大和町"}},{"type":"Polygon","arcs":[[217,218,219,220,221,222,223,224,225,226]],"properties":{"name":"下鳥羽下鳥羽南町前町"}},{"type":"Polygon","arcs":[[-142,-137,227,-201,228,229,-190]],"properties":{"name":"板橋東組町"}},{"type":"Polygon","arcs":[[230,-224,231,232,233]],"properties":{"name":"下鳥羽下鳥羽上向島町"}},{"type":"MultiPolygon","arcs":[[[234,235,236,237]],[[1190,1191,-640,-574]]],"properties":{"name":"板橋京町南"}},{"type":"Polygon","arcs":[[238,239,-217,240,241]],"properties":{"name":"住吉中之町"}},{"type":"Polygon","arcs":[[242,243,244,245,246,247]],"properties":{"name":"横大路横大路下三栖梶原町"}},{"type":"Polygon","arcs":[[-202,-228,-136,248,249]],"properties":{"name":"板橋紺屋町"}},{"type":"Polygon","arcs":[[-197,250,251,252,253]],"properties":{"name":"板橋東大文字町"}},{"type":"Polygon","arcs":[[254,255,256,257,258,259]],"properties":{"name":"下鳥羽中島中道町"}},{"type":"Polygon","arcs":[[260,261,262,263,-222]],"properties":{"name":"下鳥羽下鳥羽下向島町"}},{"type":"Polygon","arcs":[[264,-242,265,266,267]],"properties":{"name":"住吉住吉町"}},{"type":"Polygon","arcs":[[-215,268,269,-186,270,271]],"properties":{"name":"住吉桝屋町"}},{"type":"Polygon","arcs":[[272]],"properties":{"name":"納所納所町"}},{"type":"Polygon","arcs":[[273,-271,-185,274,275]],"properties":{"name":"住吉黒茶屋町"}},{"type":"Polygon","arcs":[[276,277,278,279,280,281]],"properties":{"name":"久我久我西出町"}},{"type":"Polygon","arcs":[[282,283,284,285,286,287,-140]],"properties":{"name":"板橋大宮町"}},{"type":"Polygon","arcs":[[288,289,290,291]],"properties":{"name":"住吉下神泉苑町"}},{"type":"Polygon","arcs":[[292,293,294,295,296]],"properties":{"name":"納所納所薬師堂"}},{"type":"MultiPolygon","arcs":[[[-348,-1156,1157,-1184,-319,-899,-633,299,-167,300,297,-1125]]],"properties":{"name":"板橋聚楽町"}},{"type":"Polygon","arcs":[[301,302,303,304,305]],"properties":{"name":"板橋過書町"}},{"type":"Polygon","arcs":[[-57,306,307,308,309]],"properties":{"name":"下鳥羽下鳥羽西芹川町"}},{"type":"Polygon","arcs":[[310,-141,-288,311,-252]],"properties":{"name":"板橋北尼崎町"}},{"type":"Polygon","arcs":[[312,313,314,315,316]],"properties":{"name":"向島南向島西堤町"}},{"type":"Polygon","arcs":[[-194,317,-210,-254]],"properties":{"name":"住吉白銀町"}},{"type":"Polygon","arcs":[[318,319,320,321,322,323,324]],"properties":{"name":"板橋西堺町"}},{"type":"Polygon","arcs":[[325,326,-199,-209,327,328]],"properties":{"name":"板橋丹波橋町"}},{"type":"Polygon","arcs":[[-130,329,-260,330,331,-118]],"properties":{"name":"下鳥羽中島鳥羽離宮町"}},{"type":"Polygon","arcs":[[332,-174,333,334,335]],"properties":{"name":"横大路横大路向ヒ"}},{"type":"MultiPolygon","arcs":[[[1192,891,-387,-706,338,339,340,336,889,-888,-971,-970,1077,1078,-568,1079]]],"properties":{"name":"板橋銀座町"}},{"type":"Polygon","arcs":[[341,342,343,344]],"properties":{"name":"向島南向島下五反田"}},{"type":"Polygon","arcs":[[-284,345,346,347,348]],"properties":{"name":"板橋城通町"}},{"type":"Polygon","arcs":[[-329,349,350,351,352,353,354]],"properties":{"name":"板橋紙子屋町"}},{"type":"Polygon","arcs":[[355,356,357,358]],"properties":{"name":"藤ノ森深草大亀谷金森出雲町"}},{"type":"Polygon","arcs":[[359,360,361,362]],"properties":{"name":"横大路横大路中ノ島町"}},{"type":"Polygon","arcs":[[363,364,365,366]],"properties":{"name":"下鳥羽下鳥羽東柳長町"}},{"type":"Polygon","arcs":[[367,368,-193,-164,369,-290]],"properties":{"name":"住吉菊屋町"}},{"type":"Polygon","arcs":[[-71,370,-238,371,372]],"properties":{"name":"住吉京町北"}},{"type":"Polygon","arcs":[[373,374,375,376]],"properties":{"name":"藤ノ森深草北鍵屋町"}},{"type":"Polygon","arcs":[[377,-292,378,379,380]],"properties":{"name":"住吉上神泉苑町"}},{"type":"Polygon","arcs":[[381,-100,382,383,384]],"properties":{"name":"藤ノ森深草北新町"}},{"type":"MultiPolygon","arcs":[[[-353,1120,-761,-1116,-532,-641,-340,-339,705,386,-892,-1193,-1080,567,568,569,570,1203,-826,388,389,-703,949,950,951,872,1121]]],"properties":{"name":"板橋新町"}},{"type":"Polygon","arcs":[[390,391,392]],"properties":{"name":"住吉雁金町"}},{"type":"Polygon","arcs":[[-203,-250,393,394,395,396]],"properties":{"name":"板橋御駕篭町"}},{"type":"Polygon","arcs":[[-316,397,398,399,400,401]],"properties":{"name":"向島向島橋詰町"}},{"type":"Polygon","arcs":[[402,403,404]],"properties":{"name":"向島南向島庚申町"}},{"type":"MultiPolygon","arcs":[[[758,-726,407,-239,-265,-268,-598,-80,-591,-469,405,759,760]]],"properties":{"name":"住吉新町"}},{"type":"Polygon","arcs":[[409,410,411,-276,412,-381,413,-391]],"properties":{"name":"住吉菱屋町"}},{"type":"Polygon","arcs":[[414,415,416,417,418,419,420]],"properties":{"name":"横大路横大路富ノ森町"}},{"type":"Polygon","arcs":[[421,422,-234,423,424,425,426]],"properties":{"name":"下鳥羽中島河原田町"}},{"type":"Polygon","arcs":[[427,428,429,430]],"properties":{"name":"淀淀池上町"}},{"type":"Polygon","arcs":[[431,432,433,434]],"properties":{"name":"下鳥羽横大路三栖泥町跡町"}},{"type":"Polygon","arcs":[[435,-170,-156,436,437]],"properties":{"name":"住吉毛利町"}},{"type":"Polygon","arcs":[[438,-385,439,440,441,442]],"properties":{"name":"藤ノ森深草石橋町"}},{"type":"Polygon","arcs":[[443,444,445]],"properties":{"name":"久我久我森の宮町"}},{"type":"Polygon","arcs":[[-375,446,447,448,449]],"properties":{"name":"藤ノ森深草南蓮池町"}},{"type":"Polygon","arcs":[[450,451,-255,-330,-129]],"properties":{"name":"下鳥羽中島宮ノ前町"}},{"type":"Polygon","arcs":[[452,453,454,455,-220,456,457,458]],"properties":{"name":"横大路横大路貴船"}},{"type":"Polygon","arcs":[[459,460,461,462,463,464,465]],"properties":{"name":"向島向島吹田河原町"}},{"type":"MultiPolygon","arcs":[[[-406,468,590,-79,591,-584,470,466,-597,-372,-1117,-760]]],"properties":{"name":"住吉両替町"}},{"type":"Polygon","arcs":[[471,-150,472,473,474,475,476,477]],"properties":{"name":"板橋島津町"}},{"type":"Polygon","arcs":[[478,479,480,481,482,483,484,485,486]],"properties":{"name":"深草深草池ノ内町"}},{"type":"Polygon","arcs":[[487,488,489,490,491,492,493]],"properties":{"name":"南浜表町"}},{"type":"Polygon","arcs":[[494,495,496,497,-361,498,499]],"properties":{"name":"羽束師羽束師古川町"}},{"type":"Polygon","arcs":[[-296,500,501,502,503,504]],"properties":{"name":"納所納所下野"}},{"type":"Polygon","arcs":[[505,506,507,508,509,510,511]],"properties":{"name":"南浜西奉行町"}},{"type":"Polygon","arcs":[[512,513,514,515,-263]],"properties":{"name":"久我羽束師鴨川町"}},{"type":"MultiPolygon","arcs":[[[-484,-483,-482,-1154,516,517,-98,518,1288,1289,-1415,-617,1395,1396,-1268,1397]]],"properties":{"name":"深草深草西浦町"}},{"type":"Polygon","arcs":[[520,521,522]],"properties":{"name":"住吉桃山最上町"}},{"type":"Polygon","arcs":[[-501,-295,523,524]],"properties":{"name":"納所納所星柳"}},{"type":"Polygon","arcs":[[525,-427,526,-258]],"properties":{"name":"下鳥羽中島前山町"}},{"type":"Polygon","arcs":[[527,528,-281]],"properties":{"name":"羽束師久我西出町"}},{"type":"MultiPolygon","arcs":[[[531,1115,1116,-237,529,639,-341,640]]],"properties":{"name":"板橋両替町"}},{"type":"Polygon","arcs":[[533,-226,534,535,536,537,538,-365,539]],"properties":{"name":"下鳥羽下鳥羽長田町"}},{"type":"Polygon","arcs":[[540,541,542,543,544,545,546]],"properties":{"name":"藤ノ森深草柴田屋敷町"}},{"type":"Polygon","arcs":[[547,548,549]],"properties":{"name":"板橋桃山町金森出雲"}},{"type":"Polygon","arcs":[[550,-286,551,552,-191]],"properties":{"name":"板橋東大黒町"}},{"type":"Polygon","arcs":[[-536,553,554,-309,555]],"properties":{"name":"下鳥羽下鳥羽城ノ越町"}},{"type":"Polygon","arcs":[[556,557,558,559]],"properties":{"name":"藤ノ森深草大亀谷大山町"}},{"type":"Polygon","arcs":[[560,561,562,563,564,565]],"properties":{"name":"藤ノ森深草大亀谷東久宝寺町"}},{"type":"Polygon","arcs":[[-184,566,-368,-289,-378,-413,-275]],"properties":{"name":"住吉榎町"}},{"type":"Polygon","arcs":[[572,573,-530,-236]],"properties":{"name":"板橋京町北"}},{"type":"Polygon","arcs":[[574,-157,575,576,577]],"properties":{"name":"淀淀水垂町"}},{"type":"Polygon","arcs":[[578,-336,579,580,581]],"properties":{"name":"横大路横大路畑中町"}},{"type":"Polygon","arcs":[[-478,582,-152]],"properties":{"name":"住吉島津町"}},{"type":"MultiPolygon","arcs":[[[-471,583,584,585,586,-522,587,588,595,-72,-373,596,-467]]],"properties":{"name":"住吉京町"}},{"type":"Polygon","arcs":[[592,-392,-414,-380,593,594]],"properties":{"name":"住吉加賀屋町"}},{"type":"Polygon","arcs":[[597,-267,598,599,-411,600,-541,601,602,603]],"properties":{"name":"住吉津知橋町"}},{"type":"Polygon","arcs":[[604,605,606,607,608]],"properties":{"name":"深草深草扇ケ原町"}},{"type":"Polygon","arcs":[[-425,609,610,611,-119,-332,612]],"properties":{"name":"下鳥羽中島秋ノ山町"}},{"type":"Polygon","arcs":[[-344,613,614]],"properties":{"name":"納所葭島渡場島町"}},{"type":"MultiPolygon","arcs":[[[-97,-45,723,-1631,-1518,1413,618,619,620,615,616,1414,-1290,-1289,-519]]],"properties":{"name":"砂川深草西浦町"}},{"type":"Polygon","arcs":[[621,622,-363,623,-580,-335]],"properties":{"name":"横大路横大路長畑町"}},{"type":"Polygon","arcs":[[-253,-312,-287,-551,-195]],"properties":{"name":"板橋海老屋町"}},{"type":"Polygon","arcs":[[624,625,626,627,628]],"properties":{"name":"南浜道阿弥町"}},{"type":"Polygon","arcs":[[629,-585,-592,-78,630,631]],"properties":{"name":"住吉撞木町"}},{"type":"Polygon","arcs":[[632,633,634,-168,-300]],"properties":{"name":"板橋成町"}},{"type":"Polygon","arcs":[[-621,635,636,637,638]],"properties":{"name":"砂川深草町通町"}},{"type":"Polygon","arcs":[[-632,641,642,-122,643]],"properties":{"name":"藤ノ森深草佐野屋敷町"}},{"type":"Polygon","arcs":[[644,645,646,647]],"properties":{"name":"久我久我本町"}},{"type":"Polygon","arcs":[[-437,-155,648,649,650,-307,-112]],"properties":{"name":"下鳥羽下鳥羽東芹川町"}},{"type":"Polygon","arcs":[[651,652,653]],"properties":{"name":"板橋下鳥羽葭田町"}},{"type":"Polygon","arcs":[[654,655,656,657,658,659,660,661,662]],"properties":{"name":"深草深草向ケ原町"}},{"type":"Polygon","arcs":[[-614,-343,663,-429,664,-504,665,666]],"properties":{"name":"納所向島又兵衛"}},{"type":"Polygon","arcs":[[-359,667,668,-101,-382,-439,669]],"properties":{"name":"藤ノ森深草中ノ島町"}},{"type":"MultiPolygon","arcs":[[[1791,1357,1358,1359,-1483,673,670,671,1498,1353,1354,1355,1792,-1509,-815,-569,-1079,-1650]]],"properties":{"name":"南浜新町"}},{"type":"Polygon","arcs":[[674,-176,675,-454,676]],"properties":{"name":"横大路横大路鍬ノ本"}},{"type":"Polygon","arcs":[[-472,-151]],"properties":{"name":"板橋治部町"}},{"type":"Polygon","arcs":[[677,-272,-274,-412,-600]],"properties":{"name":"住吉越前町"}},{"type":"Polygon","arcs":[[678,-366,-539,679,680]],"properties":{"name":"下鳥羽下鳥羽平塚町"}},{"type":"Polygon","arcs":[[681,682,-443,683,684,-558]],"properties":{"name":"藤ノ森深草大亀谷八島町"}},{"type":"Polygon","arcs":[[-124,685,-377,686,687,-104]],"properties":{"name":"藤ノ森深草山村町"}},{"type":"Polygon","arcs":[[688]],"properties":{"name":"南浜葭島金井戸町"}},{"type":"Polygon","arcs":[[-158,-575,689,-428,690]],"properties":{"name":"淀淀本町"}},{"type":"Polygon","arcs":[[691,692,-180,-145,693,694]],"properties":{"name":"南浜納屋町"}},{"type":"Polygon","arcs":[[695,696,697,698,699]],"properties":{"name":"向島南向島上林町"}},{"type":"Polygon","arcs":[[-82,700,-546,701,-642,-631]],"properties":{"name":"藤ノ森深草出羽屋敷町"}},{"type":"Polygon","arcs":[[702,-390,703,-205,704]],"properties":{"name":"板橋竹中町"}},{"type":"Polygon","arcs":[[707,-699,708,709,710,711,712,713,714]],"properties":{"name":"南浜葭島矢倉町"}},{"type":"Polygon","arcs":[[715,716,717,718,719]],"properties":{"name":"砂川深草中川原町"}},{"type":"Polygon","arcs":[[-603,720]],"properties":{"name":"住吉奈良屋町"}},{"type":"Polygon","arcs":[[-214,721,-351,722,-269]],"properties":{"name":"住吉小豆屋町"}},{"type":"Polygon","arcs":[[725,726,-212,-240,-408]],"properties":{"name":"住吉上板橋町"}},{"type":"Polygon","arcs":[[727,728,729,-510]],"properties":{"name":"南浜東奉行町"}},{"type":"Polygon","arcs":[[730,731,732,733,734]],"properties":{"name":"砂川深草上横縄町"}},{"type":"Polygon","arcs":[[-436,735,-125,-107,-67,736,-594,-379,-291,-370,-163]],"properties":{"name":"住吉景勝町"}},{"type":"Polygon","arcs":[[737,738,739,-718,740,-731,741,742,743]],"properties":{"name":"砂川深草鈴塚町"}},{"type":"Polygon","arcs":[[744,745,746,747,748,749,750]],"properties":{"name":"稲荷深草僧坊山町"}},{"type":"Polygon","arcs":[[751,752,753,754,755,-432,756,757]],"properties":{"name":"南浜横大路三栖泥町跡町"}},{"type":"Polygon","arcs":[[761,762,-586,-630,-644,-121]],"properties":{"name":"住吉鑓屋町"}},{"type":"Polygon","arcs":[[763,764,765,-513,-262,766]],"properties":{"name":"久我の杜羽束師鴨川町"}},{"type":"Polygon","arcs":[[767,-474,768,-323,769,770]],"properties":{"name":"板橋西大文字町"}},{"type":"Polygon","arcs":[[771,-681,772,773,774,-653,775,776,777,778]],"properties":{"name":"下鳥羽下鳥羽葭田町"}},{"type":"Polygon","arcs":[[-723,-350,-328,-208,-270]],"properties":{"name":"住吉清水町"}},{"type":"Polygon","arcs":[[779,780,781,782,783]],"properties":{"name":"向島向島鷹場町"}},{"type":"Polygon","arcs":[[784,785,786,787]],"properties":{"name":"横大路横大路橋本"}},{"type":"Polygon","arcs":[[788,789,790,791,-458]],"properties":{"name":"下鳥羽下鳥羽南円面田町"}},{"type":"Polygon","arcs":[[792,793,794,795,796,797,798,-629]],"properties":{"name":"板橋御香宮門前町"}},{"type":"Polygon","arcs":[[-757,-435,799,-768,800,801,802,803]],"properties":{"name":"南浜横大路三栖大黒町"}},{"type":"Polygon","arcs":[[-394,-249,-135,804,805,806,807,808]],"properties":{"name":"板橋肥後町"}},{"type":"Polygon","arcs":[[809,810,811,812,813]],"properties":{"name":"横大路横大路下ノ坪"}},{"type":"Polygon","arcs":[[-570,814,815,816,817,-188,818]],"properties":{"name":"板橋東大手町"}},{"type":"Polygon","arcs":[[819,-489,820,821,822,823,824]],"properties":{"name":"南浜東浜南町"}},{"type":"Polygon","arcs":[[-389,825,826,-229,-200,-704]],"properties":{"name":"板橋今町"}},{"type":"Polygon","arcs":[[827,828,829,830]],"properties":{"name":"稲荷深草大門町"}},{"type":"Polygon","arcs":[[831,-582,832,833,834]],"properties":{"name":"横大路横大路中ノ庄町"}},{"type":"Polygon","arcs":[[-496,835,-528,-280,836,837,838]],"properties":{"name":"羽束師羽束師菱川町"}},{"type":"Polygon","arcs":[[-670,-683,839,840,-356]],"properties":{"name":"藤ノ森深草大亀谷内膳町"}},{"type":"Polygon","arcs":[[-611,841]],"properties":{"name":"下鳥羽中島流作町"}},{"type":"Polygon","arcs":[[-183,-211,-318,-369,-567]],"properties":{"name":"住吉西朱雀町"}},{"type":"Polygon","arcs":[[842,843,844,845,846]],"properties":{"name":"納所納所中河原"}},{"type":"Polygon","arcs":[[847,848,849,850]],"properties":{"name":"美豆淀際目町"}},{"type":"Polygon","arcs":[[851,-441,852,853]],"properties":{"name":"藤ノ森深草鳥居崎町"}},{"type":"Polygon","arcs":[[854,-497,-839,855,-765]],"properties":{"name":"羽束師羽束師志水町"}},{"type":"Polygon","arcs":[[-139,856,857,-396,858,-346,-283]],"properties":{"name":"板橋東堺町"}},{"type":"Polygon","arcs":[[-788,859,860,861]],"properties":{"name":"横大路横大路朱雀"}},{"type":"Polygon","arcs":[[862,-433,-756,863,864,865,-206]],"properties":{"name":"下鳥羽下鳥羽南六反長町"}},{"type":"Polygon","arcs":[[-445,866,-277,867,-645,868,869,-515,870]],"properties":{"name":"久我久我御旅町"}},{"type":"Polygon","arcs":[[-178,874,875,876,877,878,-303,879]],"properties":{"name":"南浜村上町"}},{"type":"Polygon","arcs":[[-800,-434,-863,-207,-866,880,881,-475]],"properties":{"name":"下鳥羽下鳥羽六反長町"}},{"type":"Polygon","arcs":[[-456,882,-834,883,-767,-261,-221]],"properties":{"name":"横大路横大路草津町"}},{"type":"Polygon","arcs":[[884,885,-550,886,887,888]],"properties":{"name":"板橋京町大黒町"}},{"type":"Polygon","arcs":[[-511,-730,892,893,894,895,896]],"properties":{"name":"桃山桃山町泰長老（観月橋団地"}},{"type":"Polygon","arcs":[[-325,897,-634,898]],"properties":{"name":"板橋松屋町"}},{"type":"Polygon","arcs":[[899,-835,-883,-455]],"properties":{"name":"横大路横大路東裏町"}},{"type":"Polygon","arcs":[[-133,-147,-179,-880,-302,900,901,902]],"properties":{"name":"板橋片原町"}},{"type":"Polygon","arcs":[[903,904,905,906,-563,907]],"properties":{"name":"藤ノ森深草大亀谷西久宝寺町"}},{"type":"Polygon","arcs":[[-94,-116,-451,-131,-127]],"properties":{"name":"下鳥羽中島北ノ口町"}},{"type":"Polygon","arcs":[[908,-577,909,-500,910]],"properties":{"name":"淀淀樋爪町"}},{"type":"Polygon","arcs":[[-154,911,912,-649]],"properties":{"name":"板橋北寝小屋町"}},{"type":"Polygon","arcs":[[913,914,915,916]],"properties":{"name":"桃山桃山筑前台町"}},{"type":"Polygon","arcs":[[917,-491,918,919,920,-877]],"properties":{"name":"南浜北浜町"}},{"type":"Polygon","arcs":[[921,922,-784,923,924,925,926]],"properties":{"name":"桃山南桃山町大島"}},{"type":"Polygon","arcs":[[927,928,-864,-755,929,-247,930]],"properties":{"name":"下鳥羽下鳥羽但馬町"}},{"type":"Polygon","arcs":[[-848,931]],"properties":{"name":"美豆淀生津町"}},{"type":"Polygon","arcs":[[932,933,934,935,936,937,938,939]],"properties":{"name":"桃山東桃山町丹後"}},{"type":"Polygon","arcs":[[940,941,-938,942,943,944,945]],"properties":{"name":"桃山東桃山町和泉"}},{"type":"Polygon","arcs":[[946,947,-540,-364,948]],"properties":{"name":"下鳥羽下鳥羽西柳長町"}},{"type":"Polygon","arcs":[[952,-814,953,954]],"properties":{"name":"横大路横大路八反田"}},{"type":"MultiPolygon","arcs":[[[958,955,956,-1013,1347]],[[-1795,1797,-1445,-1171,-1069,1798]],[[-1535,-1011,-1010,-1797,-1830,1882,-1731]]],"properties":{"name":"南浜三栖町"}},{"type":"Polygon","arcs":[[959,960,961,-622,-334,-173,962]],"properties":{"name":"横大路横大路竜ケ池"}},{"type":"Polygon","arcs":[[-466,963,964,965]],"properties":{"name":"向島向島東泉寺町"}},{"type":"MultiPolygon","arcs":[[[966,967,968,969,970,-887,-549]],[[1243,1049,-889,-890,-337,-1192]]],"properties":{"name":"板橋京町"}},{"type":"Polygon","arcs":[[971,972,-951]],"properties":{"name":"板橋指物町"}},{"type":"Polygon","arcs":[[-772,973,974,975,976,-679]],"properties":{"name":"下鳥羽下鳥羽澱女町"}},{"type":"Polygon","arcs":[[-476,-882,977,-777,978]],"properties":{"name":"下鳥羽下鳥羽南寝小屋町"}},{"type":"Polygon","arcs":[[-962,979,980,-499,-360,-623]],"properties":{"name":"横大路横大路下島"}},{"type":"Polygon","arcs":[[981,982,983,984,985]],"properties":{"name":"淀淀新町"}},{"type":"MultiPolygon","arcs":[[[-1430,1481,989,986,987,-674,1482,-1360,-1359,1669,-1431]],[[-1540,1648,1649,-1078]]],"properties":{"name":"南浜両替町"}},{"type":"Polygon","arcs":[[-986,990,-159,-691,-431,991]],"properties":{"name":"淀淀下津町"}},{"type":"Polygon","arcs":[[992,993,994]],"properties":{"name":"向島南向島四ツ谷池"}},{"type":"Polygon","arcs":[[-310,995,-257,996,-58]],"properties":{"name":"下鳥羽中島外山町"}},{"type":"Polygon","arcs":[[-793,-628,997,-968,998,999,1000]],"properties":{"name":"板橋観音寺町"}},{"type":"Polygon","arcs":[[1001,-69,-110,1002,1003,-542,-601,-410,-393,-593]],"properties":{"name":"藤ノ森深草善導寺町"}},{"type":"Polygon","arcs":[[-957,1004,1005,1006,1007,1008,1009,1010,1011,1012]],"properties":{"name":"南浜横大路下三栖東ノ口"}},{"type":"Polygon","arcs":[[1013,1014,1015,1016,1017,1018,1019]],"properties":{"name":"深草深草直違橋南"}},{"type":"Polygon","arcs":[[-244,1020]],"properties":{"name":"横大路横大路三栖池田屋敷町"}},{"type":"Polygon","arcs":[[-790,1021,1022,1023]],"properties":{"name":"下鳥羽下鳥羽中円面田町"}},{"type":"Polygon","arcs":[[1024,1025,1026,1027,-1007,1028]],"properties":{"name":"横大路横大路下三栖里ノ内"}},{"type":"Polygon","arcs":[[1029,-1023,1030,1031,1032]],"properties":{"name":"下鳥羽下鳥羽北円面田町"}},{"type":"Polygon","arcs":[[1033,-218,1034,-947,1035,-1032]],"properties":{"name":"下鳥羽下鳥羽中三町"}},{"type":"Polygon","arcs":[[-650,-913,1036,1037,-774,1038,1039]],"properties":{"name":"下鳥羽北寝小屋町"}},{"type":"Polygon","arcs":[[1040,-32,-99,-518]],"properties":{"name":"深草深草五反田町"}},{"type":"Polygon","arcs":[[1041,1042,1043,1044,1045]],"properties":{"name":"深草深草僧坊町"}},{"type":"Polygon","arcs":[[-856,1046,1047,-766]],"properties":{"name":"久我の杜久我東町"}},{"type":"Polygon","arcs":[[1050,-419,1051,1052,-846]],"properties":{"name":"納所納所岸ノ下"}},{"type":"Polygon","arcs":[[-833,-581,-624,-362,-498,-855,-764,-884]],"properties":{"name":"横大路横大路上ノ浜町"}},{"type":"Polygon","arcs":[[-492,-918,-876,1053,1054,1055]],"properties":{"name":"南浜山崎町"}},{"type":"Polygon","arcs":[[1056,-446,-871,-514,-1048]],"properties":{"name":"久我久我東町"}},{"type":"Polygon","arcs":[[-685,1057,1058,-904,1059,1060,1061,1062]],"properties":{"name":"藤ノ森深草大亀谷西寺町"}},{"type":"Polygon","arcs":[[1063,-647]],"properties":{"name":"久我久我石原町"}},{"type":"Polygon","arcs":[[1064,1065,1066,-171,-675]],"properties":{"name":"横大路横大路菅本"}},{"type":"Polygon","arcs":[[1067,1068,-920,1069,1070,1071]],"properties":{"name":"南浜下中町"}},{"type":"Polygon","arcs":[[1072,-812,1073,1074,1075,1076]],"properties":{"name":"横大路横大路神宮寺"}},{"type":"Polygon","arcs":[[1081,-902,1082,1083,-806]],"properties":{"name":"板橋東菱屋町"}},{"type":"Polygon","arcs":[[-160,-991,-985,1084,1085]],"properties":{"name":"淀淀木津町"}},{"type":"Polygon","arcs":[[1086,1087,-447,-374,-686,-123,-643]],"properties":{"name":"藤ノ森深草大島屋敷町"}},{"type":"Polygon","arcs":[[-449,1088,1089,1090]],"properties":{"name":"藤ノ森深草北蓮池町"}},{"type":"Polygon","arcs":[[-776,-652,1091,-1037,-912,-153,-583,-477,-979]],"properties":{"name":"板橋南寝小屋町"}},{"type":"Polygon","arcs":[[1092,1093,1094]],"properties":{"name":"納所納所妙徳寺"}},{"type":"Polygon","arcs":[[1095,-906,1096,1097,1098,1099,1100,1101,1102,1103,1104,1105]],"properties":{"name":"深草深草東伊達町"}},{"type":"Polygon","arcs":[[-861,1106,-791,-1024,-1030,1107,-976,1108,1109]],"properties":{"name":"下鳥羽下鳥羽広長町"}},{"type":"Polygon","arcs":[[-881,-865,-929,1110,-778,-978]],"properties":{"name":"下鳥羽下鳥羽浄春ケ前町"}},{"type":"Polygon","arcs":[[1111,-695,1112]],"properties":{"name":"南浜平野町"}},{"type":"Polygon","arcs":[[-850,1113,-161,-1086,1114]],"properties":{"name":"美豆淀美豆町"}},{"type":"Polygon","arcs":[[1117,-785,-862,-1110,1118,1119]],"properties":{"name":"横大路横大路芝生"}},{"type":"Polygon","arcs":[[-928,1123,-974,-779,-1111]],"properties":{"name":"下鳥羽下鳥羽小柳町"}},{"type":"Polygon","arcs":[[-349,1124,-298,1125,-552,-285]],"properties":{"name":"板橋久米町"}},{"type":"Polygon","arcs":[[1126,-416,1127]],"properties":{"name":"横大路横大路前川町"}},{"type":"Polygon","arcs":[[-1035,-227,-534,-948]],"properties":{"name":"下鳥羽下鳥羽北三町"}},{"type":"Polygon","arcs":[[1128,1129,1130,-383,-106]],"properties":{"name":"藤ノ森深草芳本町"}},{"type":"MultiPolygon","arcs":[[[-1335,1511,-1477,1147,1148,-1466,1133,1134,-1511,-638,-637,-1617,1220,1221,1222,-1246,-1596,-1595,-1287,1131,-1286,-1496,1150,1151,-1507,-1485]]],"properties":{"name":"深草深草直違橋"}},{"type":"Polygon","arcs":[[-1121,-352,-722,-213,-727,-759]],"properties":{"name":"住吉堀詰町"}},{"type":"Polygon","arcs":[[-304,-879,1136,1137,1138,1139]],"properties":{"name":"南浜阿波橋町"}},{"type":"Polygon","arcs":[[-857,-138,-311,-251,-196,-327,1140]],"properties":{"name":"板橋桝形町"}},{"type":"Polygon","arcs":[[1141,1142,1143,1144,1145]],"properties":{"name":"向島二ノ丸北"}},{"type":"Polygon","arcs":[[1152,-33,-1041,-517,1153,-481]],"properties":{"name":"深草深草フチ町"}},{"type":"Polygon","arcs":[[-859,-395,-809,1154,1155,-347]],"properties":{"name":"板橋土橋町"}},{"type":"Polygon","arcs":[[-1039,-773,-680,-538,1156]],"properties":{"name":"下鳥羽下鳥羽渡瀬町"}},{"type":"Polygon","arcs":[[-1075,-666,-503,1159,-1052,-418,1160]],"properties":{"name":"納所納所大野"}},{"type":"Polygon","arcs":[[1161,1162,-780,-923]],"properties":{"name":"向島向島清水町"}},{"type":"Polygon","arcs":[[1163,1164,1165,-1005,-956,1166,-697]],"properties":{"name":"向島南向島大河原"}},{"type":"Polygon","arcs":[[-843,1167,-524,-294,1168,-1094,1169],[-273]],"properties":{"name":"納所納所北城堀"}},{"type":"Polygon","arcs":[[-1137,-878,-921,1170,1171]],"properties":{"name":"南浜三栖半町"}},{"type":"Polygon","arcs":[[1172,-821,-488,1173,1174]],"properties":{"name":"南浜西柳町"}},{"type":"Polygon","arcs":[[1175,1176,1177,1178,-401,1179,1180,1181]],"properties":{"name":"向島向島善阿弥町"}},{"type":"Polygon","arcs":[[-1158,-1155,-808,1182,-320,1183]],"properties":{"name":"板橋大津町"}},{"type":"Polygon","arcs":[[-952,-973,1184,-354,-1122,-873]],"properties":{"name":"板橋石屋町"}},{"type":"Polygon","arcs":[[-983,1185]],"properties":{"name":"淀淀川顔町"}},{"type":"Polygon","arcs":[[-426,-613,-331,-259,-527]],"properties":{"name":"下鳥羽中島御所ノ内町"}},{"type":"Polygon","arcs":[[1186,-801,-771,1187,1188]],"properties":{"name":"板橋帯屋町"}},{"type":"Polygon","arcs":[[-838,1189,-278,-867,-444,-1057,-1047]],"properties":{"name":"久我の杜久我森の宮町"}},{"type":"Polygon","arcs":[[-900,-676,-175,-333,-579,-832]],"properties":{"name":"横大路横大路柿ノ本町"}},{"type":"Polygon","arcs":[[-901,-306,1193,-1189,1194,1195,-1083]],"properties":{"name":"板橋革屋町"}},{"type":"Polygon","arcs":[[-1082,-805,-134,-903]],"properties":{"name":"板橋西町"}},{"type":"Polygon","arcs":[[1196,-1058,-684,-442,-852,1197,-1018]],"properties":{"name":"藤ノ森深草藤森町"}},{"type":"Polygon","arcs":[[-660,1198,1199,-1104,1200,1201,1202]],"properties":{"name":"深草深草鞍ケ谷"}},{"type":"Polygon","arcs":[[1204,1205,1206,1207,1208]],"properties":{"name":"南浜車町"}},{"type":"Polygon","arcs":[[1209,1210,-1174,-494,1211,-1209,1212,1213]],"properties":{"name":"南浜南浜町"}},{"type":"Polygon","arcs":[[1214,1215,1216,-1207,1217,-692,-1112]],"properties":{"name":"南浜中油掛町"}},{"type":"Polygon","arcs":[[-1067,1218,-955,1219,-963,-172]],"properties":{"name":"横大路横大路一本木"}},{"type":"Polygon","arcs":[[1224,-657,1225,1226,1227,-1199,-659]],"properties":{"name":"深草深草東軸町"}},{"type":"Polygon","arcs":[[1228,1229,1230,1231]],"properties":{"name":"向島南向島二本柳"}},{"type":"Polygon","arcs":[[1232,1233,1234,1235,1236]],"properties":{"name":"桃山桃山町島津"}},{"type":"Polygon","arcs":[[1237,-564,-907,-1096]],"properties":{"name":"深草深草大亀谷西久宝寺町"}},{"type":"Polygon","arcs":[[1238,1239,-713,1240,-1210,1241]],"properties":{"name":"南浜本材木町"}},{"type":"Polygon","arcs":[[-1225,-658]],"properties":{"name":"深草深草霧ケ谷町"}},{"type":"Polygon","arcs":[[-1213,-1208,-1217,1242]],"properties":{"name":"南浜塩屋町"}},{"type":"Polygon","arcs":[[1244,1245,-1223,1246,1247,1248,1249,1250]],"properties":{"name":"深草深草極楽寺町"}},{"type":"Polygon","arcs":[[1251,1252,-1019,-1198,-854]],"properties":{"name":"藤ノ森深草直違橋片町"}},{"type":"Polygon","arcs":[[1253,1254,1255,1256]],"properties":{"name":"南浜平戸町"}},{"type":"Polygon","arcs":[[-1017,1257,1258,1259,-1197]],"properties":{"name":"深草深草向畑町"}},{"type":"Polygon","arcs":[[1260,1261,1262]],"properties":{"name":"藤ノ森深草大亀谷万帖敷町"}},{"type":"Polygon","arcs":[[1263,-1065,-677,-453,1264,-787]],"properties":{"name":"横大路横大路天王前"}},{"type":"Polygon","arcs":[[-457,-219,-1034,-1031,-1022,-789]],"properties":{"name":"下鳥羽下鳥羽南三町"}},{"type":"Polygon","arcs":[[1265,1266,1267,1268]],"properties":{"name":"深草深草堀田町"}},{"type":"Polygon","arcs":[[1269,1270,1271,1272,1273,1274,-1142]],"properties":{"name":"向島南向島二ノ丸町"}},{"type":"Polygon","arcs":[[-322,1275,-1195,-1188,-770]],"properties":{"name":"板橋西尼崎町"}},{"type":"Polygon","arcs":[[1276,1277,1278,-1165,1279]],"properties":{"name":"向島南向島新大河原"}},{"type":"Polygon","arcs":[[1280,1281,1282,1283]],"properties":{"name":"桃山桃山羽柴長吉中町"}},{"type":"Polygon","arcs":[[-1043,1284,1285,-1132,1286,1287]],"properties":{"name":"深草深草田谷町"}},{"type":"Polygon","arcs":[[1291,1292,-566,1293,-1105,-1200,-1228,1294]],"properties":{"name":"深草深草谷口町"}},{"type":"Polygon","arcs":[[-1091,-1020,-1253,1295]],"properties":{"name":"藤ノ森深草十九軒町"}},{"type":"Polygon","arcs":[[-473,-149,-169,-635,-898,-324,-769]],"properties":{"name":"板橋川東町"}},{"type":"Polygon","arcs":[[1296,-1215,-1113,-694,-144,-189,-818,1297]],"properties":{"name":"南浜伯耆町"}},{"type":"Polygon","arcs":[[-509,1298,-625,-799,1299,-728]],"properties":{"name":"南浜片桐町"}},{"type":"Polygon","arcs":[[1300,-933,1301]],"properties":{"name":"桃山南桃山町丹後"}},{"type":"Polygon","arcs":[[-1272,1302,1303,-1229,1304]],"properties":{"name":"向島南向島西定請"}},{"type":"Polygon","arcs":[[1305,1306,1307,1308]],"properties":{"name":"砂川深草相深町"}},{"type":"Polygon","arcs":[[1309,-840,-682,-557,1310,-1262,1311,1312]],"properties":{"name":"藤ノ森深草大亀谷六躰町"}},{"type":"Polygon","arcs":[[-115,-59,-997,-256,-452]],"properties":{"name":"下鳥羽中島堀端町"}},{"type":"Polygon","arcs":[[-1140,1313,-802,-1187,-1194,-305]],"properties":{"name":"板橋恵美酒町"}},{"type":"Polygon","arcs":[[-782,1314,1315,1316,1317,-965,1318]],"properties":{"name":"向島向島藤ノ木町"}},{"type":"Polygon","arcs":[[1319,1320,1321,1322]],"properties":{"name":"桃山桃山水野左近東町"}},{"type":"Polygon","arcs":[[-737,-66,-1002,-595]],"properties":{"name":"住吉鳥羽町"}},{"type":"Polygon","arcs":[[-266,-241,-216,-678,-599]],"properties":{"name":"住吉西鍵屋町"}},{"type":"Polygon","arcs":[[-1257,1323,1324,1325,-1180,-400,1326]],"properties":{"name":"南浜豊後橋町"}},{"type":"Polygon","arcs":[[1327,1328,1329,1330,1331,-357,-841,-1310,1332,1333]],"properties":{"name":"桃山桃山町正宗"}},{"type":"Polygon","arcs":[[1334,1335,-1015,1336,-486,1337,1338]],"properties":{"name":"深草深草寺内町"}},{"type":"Polygon","arcs":[[-232,-223,-264,-516,-870,1339]],"properties":{"name":"下鳥羽下鳥羽中向島町"}},{"type":"Polygon","arcs":[[-544,1340,-27,1341,1342,1343]],"properties":{"name":"藤ノ森深草新門丈町"}},{"type":"Polygon","arcs":[[-702,-545,-1344,1344,1345,1346,-1087]],"properties":{"name":"藤ノ森深草越後屋敷町"}},{"type":"Polygon","arcs":[[-1160,-502,-525,-1168,-847,-1053]],"properties":{"name":"納所納所和泉屋"}},{"type":"Polygon","arcs":[[-736,-438,-111,-126]],"properties":{"name":"住吉北端町"}},{"type":"Polygon","arcs":[[-837,-279,-1190]],"properties":{"name":"久我の杜久我西出町"}},{"type":"Polygon","arcs":[[-420,-1051,-845,1348,-909,1349]],"properties":{"name":"納所納所外島"}},{"type":"Polygon","arcs":[[-555,1350,-422,-526,-996]],"properties":{"name":"下鳥羽中島樋ノ上町"}},{"type":"Polygon","arcs":[[-783,-1319,-964,-465,1351,1352,-924]],"properties":{"name":"桃山南桃山南大島町"}},{"type":"Polygon","arcs":[[1361,1362]],"properties":{"name":"桃山東桃山町丸山"}},{"type":"Polygon","arcs":[[-762,-120,-102,-669,1363]],"properties":{"name":"藤ノ森深草墨染町"}},{"type":"Polygon","arcs":[[1364,1365,-313,1366,-1178]],"properties":{"name":"向島南向島善阿弥町"}},{"type":"Polygon","arcs":[[1367,1368,-1176]],"properties":{"name":"向島向島本丸町"}},{"type":"Polygon","arcs":[[-562,1369,1370,1371,-1060,-908]],"properties":{"name":"藤ノ森深草大亀谷大谷町"}},{"type":"Polygon","arcs":[[-1265,-459,-792,-1107,-860]],"properties":{"name":"横大路横大路天王後"}},{"type":"Polygon","arcs":[[1372,1373,-1328,1374]],"properties":{"name":"藤城深草大亀谷五郎太町"}},{"type":"Polygon","arcs":[[-1003,-109,-22,-29,1375]],"properties":{"name":"藤ノ森深草加賀屋敷町"}},{"type":"Polygon","arcs":[[-1126,-301,-166,-192,-553]],"properties":{"name":"板橋西大黒町"}},{"type":"Polygon","arcs":[[-187,-230,-827,-1204,-571,-819]],"properties":{"name":"板橋瀬戸物町"}},{"type":"Polygon","arcs":[[-1278,1376,1377,-345,1378,1379,1380]],"properties":{"name":"向島南向島上五反田"}},{"type":"Polygon","arcs":[[1381,-1055,1382,-181,-693,-1218,-1206]],"properties":{"name":"南浜下油掛町"}},{"type":"Polygon","arcs":[[1383,1384,-245,-1021,-243,1385,-1027]],"properties":{"name":"横大路横大路下三栖城ノ前町"}},{"type":"Polygon","arcs":[[-1077,1386,-1128,-415,-980,-961,1387]],"properties":{"name":"横大路横大路六反畑"}},{"type":"MultiPolygon","arcs":[[[1390,1391,1392,1393,1388,-1592,-1247,-1222,-1616,-1686]]],"properties":{"name":"砂川深草直違橋"}},{"type":"Polygon","arcs":[[-1376,-28,-1341,-543,-1004]],"properties":{"name":"藤ノ森深草泓ノ壷町"}},{"type":"Polygon","arcs":[[1398,1399,1400]],"properties":{"name":"稲荷深草相深町"}},{"type":"Polygon","arcs":[[-315,1401,1402,-398]],"properties":{"name":"向島南向島中之町"}},{"type":"Polygon","arcs":[[-977,-1108,-1033,-1036,-949,-367]],"properties":{"name":"下鳥羽下鳥羽南柳長町"}},{"type":"Polygon","arcs":[[-421,-1350,-911,-981]],"properties":{"name":"横大路横大路南島"}},{"type":"Polygon","arcs":[[-308,-651,-1040,-1157,-537,-556]],"properties":{"name":"下鳥羽下鳥羽北ノ口町"}},{"type":"Polygon","arcs":[[1403,1404,-1315,-781,1405]],"properties":{"name":"向島藤ノ木向島鷹場町"}},{"type":"Polygon","arcs":[[-1380,1406,1407,1408]],"properties":{"name":"向島南向島柳島"}},{"type":"Polygon","arcs":[[-748,1409,1410,1411,1412]],"properties":{"name":"深草深草西出山町"}},{"type":"Polygon","arcs":[[1416,-1338,-485,-1398]],"properties":{"name":"深草深草西飯食町"}},{"type":"Polygon","arcs":[[1417,1418,1419,1420]],"properties":{"name":"砂川深草川久保町"}},{"type":"Polygon","arcs":[[1421,1422,1423,-1045,1424,1425,-1410,-747]],"properties":{"name":"深草深草真宗院山町"}},{"type":"Polygon","arcs":[[-1076,-1161,-417,-1127,-1387]],"properties":{"name":"横大路横大路西海道"}},{"type":"MultiPolygon","arcs":[[[-1552,1585,-990,-1482,1429,1430,1431,1538,1539,-969,-998,-627,1537,1426,1427,-1577,1586]]],"properties":{"name":"南浜京町"}},{"type":"Polygon","arcs":[[1433,1434,1435,1436,1437,1438]],"properties":{"name":"砂川深草稲荷鳥居前町"}},{"type":"Polygon","arcs":[[-853,-440,-384,-1131,1439,-450,-1296,-1252]],"properties":{"name":"藤ノ森深草藤森玄蕃町"}},{"type":"Polygon","arcs":[[-661,-1203,1440,1441,1442]],"properties":{"name":"深草深草馬谷町"}},{"type":"Polygon","arcs":[[1443,-1138,-1172,1444,1445,-758,-804]],"properties":{"name":"南浜杉本町"}},{"type":"Polygon","arcs":[[-1301,1446,-1352,-464,1447,1448,1449]],"properties":{"name":"桃山南桃山与五郎町"}},{"type":"Polygon","arcs":[[1450,-1251,1451,-1425,-1044]],"properties":{"name":"深草深草坊町"}},{"type":"Polygon","arcs":[[-1318,1452,-460,-966]],"properties":{"name":"向島向島丸町"}},{"type":"Polygon","arcs":[[1453,-1442,1454,1455,-607]],"properties":{"name":"深草深草飯食山町"}},{"type":"Polygon","arcs":[[1456,-1095,-1169,-293]],"properties":{"name":"納所納所南城堀"}},{"type":"Polygon","arcs":[[1457,1458,-1304]],"properties":{"name":"向島南向島新田"}},{"type":"Polygon","arcs":[[-1305,-1232,1459,1460,-1273]],"properties":{"name":"向島南向島東定請"}},{"type":"Polygon","arcs":[[1461,1462,-1316,-1405]],"properties":{"name":"向島藤ノ木向島藤ノ木町"}},{"type":"Polygon","arcs":[[1463,-1439,1464]],"properties":{"name":"稲荷深草ス丶ハキ町"}},{"type":"Polygon","arcs":[[1465,-1149,1466,-1269,-1397,1467,-1134]],"properties":{"name":"深草深草キトロ町"}},{"type":"Polygon","arcs":[[1468,1469,1470,1471,1472]],"properties":{"name":"桃山桃山長岡越中東町"}},{"type":"Polygon","arcs":[[-493,-1056,-1382,-1205,-1212]],"properties":{"name":"南浜京橋町"}},{"type":"Polygon","arcs":[[-1385,1473,-1119,1474,-246]],"properties":{"name":"横大路横大路下三栖南郷"}},{"type":"Polygon","arcs":[[1475,-1266,-1467,-1148,1476]],"properties":{"name":"深草深草極楽町"}},{"type":"Polygon","arcs":[[1477,-559,-1063,1478]],"properties":{"name":"藤ノ森深草大亀谷東寺町"}},{"type":"Polygon","arcs":[[1479,1480,-1162,-922]],"properties":{"name":"向島向島渡シ場町"}},{"type":"Polygon","arcs":[[1484,-1258,-1016,-1336]],"properties":{"name":"深草深草直違橋北"}},{"type":"Polygon","arcs":[[1485,1486,1487,1488,1489]],"properties":{"name":"桃山東桃山町見附町"}},{"type":"Polygon","arcs":[[-894,1490,1491]],"properties":{"name":"南浜常盤町"}},{"type":"Polygon","arcs":[[-1014,-1090,1492,1493,-487,-1337]],"properties":{"name":"深草深草七瀬川町"}},{"type":"Polygon","arcs":[[1494,-1151,1495,-1285,-1042,1496,-1099]],"properties":{"name":"深草深草西伊達町"}},{"type":"Polygon","arcs":[[-1130,1497,-687,-376,-1440]],"properties":{"name":"藤ノ森深草芳永町"}},{"type":"Polygon","arcs":[[1499,-830,1500,1501,1502,1503,-1412,1504,1505]],"properties":{"name":"稲荷深草石峰寺山町"}},{"type":"Polygon","arcs":[[1506,-1152,-1495,-1098,1507,-1259]],"properties":{"name":"深草深草枯木町"}},{"type":"Polygon","arcs":[[1508,1509,-816]],"properties":{"name":"南浜御堂前町"}},{"type":"Polygon","arcs":[[-1396,-616,-639,1510,-1135,-1468]],"properties":{"name":"砂川深草野田町"}},{"type":"Polygon","arcs":[[-701,-81,-604,-721,-602,-547]],"properties":{"name":"藤ノ森深草紺屋町"}},{"type":"Polygon","arcs":[[-1479,-1062,1512,-1372,1513,1514]],"properties":{"name":"藤城深草大亀谷東寺町"}},{"type":"Polygon","arcs":[[1515,1516,-619,-1414,1517,1518,-1420,1519,1520,1521,-1435,1522,1523]],"properties":{"name":"砂川深草塚本町"}},{"type":"Polygon","arcs":[[1524,1525,1526,-1402]],"properties":{"name":"向島南向島下之町"}},{"type":"Polygon","arcs":[[1527,-732,-741,1528]],"properties":{"name":"砂川深草六反田町"}},{"type":"Polygon","arcs":[[-1460,-1231,-1280,-1164,-696,1529]],"properties":{"name":"向島南向島新上林"}},{"type":"Polygon","arcs":[[-1456,1530,-745,1531,-608]],"properties":{"name":"深草深草砥粉山町"}},{"type":"Polygon","arcs":[[-1307,1532,-1529,-717,1533]],"properties":{"name":"砂川深草藤田坪町"}},{"type":"Polygon","arcs":[[-709,-698,-1167,-959,-1348,-1012,1534,1535],[-689]],"properties":{"name":"南浜桃山町金井戸島"}},{"type":"Polygon","arcs":[[-1475,-1109,-975,-1124,-931]],"properties":{"name":"下鳥羽下鳥羽上三栖町"}},{"type":"Polygon","arcs":[[-1342,-26,1536]],"properties":{"name":"深草深草新門丈町"}},{"type":"Polygon","arcs":[[1540,1541,-734,1542]],"properties":{"name":"稲荷深草上横縄町"}},{"type":"Polygon","arcs":[[-41,-9,1543,1544,1545,-739,1546,-1418,1547,-43,1548]],"properties":{"name":"砂川深草下川原町"}},{"type":"Polygon","arcs":[[1549,-1233,1550]],"properties":{"name":"桃山桃山町下野"}},{"type":"Polygon","arcs":[[1551,1552,-1324,-1256,1553]],"properties":{"name":"南浜弾正町"}},{"type":"Polygon","arcs":[[-609,-1532,-751,1554,1555]],"properties":{"name":"稲荷深草極楽寺山町"}},{"type":"Polygon","arcs":[[-1346,1556,-479,-1494,1557]],"properties":{"name":"藤ノ森深草仙石屋敷町"}},{"type":"Polygon","arcs":[[-1183,-807,-1084,-1196,-1276,-321]],"properties":{"name":"板橋問屋町"}},{"type":"Polygon","arcs":[[-1449,1558,1559,1560,1561]],"properties":{"name":"桃山桃山町伊賀"}},{"type":"Polygon","arcs":[[-1299,-508,1562,-1427,-1538,-626]],"properties":{"name":"南浜讃岐町"}},{"type":"Polygon","arcs":[[-1339,-1417,-1267,-1476,-1512]],"properties":{"name":"深草深草飯食町"}},{"type":"Polygon","arcs":[[-1447,-1302,-940,1563,1564,-925,-1353]],"properties":{"name":"桃山南桃山町養斉"}},{"type":"Polygon","arcs":[[-448,-1088,-1347,-1558,-1493,-1089]],"properties":{"name":"藤ノ森深草関屋敷町"}},{"type":"Polygon","arcs":[[-1343,-1537,-25,-1153,-480,-1557,-1345]],"properties":{"name":"深草深草小久保町"}},{"type":"Polygon","arcs":[[1565,-885,-1050,-1244,1566,-1282]],"properties":{"name":"桃山桃山羽柴長吉西町"}},{"type":"Polygon","arcs":[[1567,1568,-1295,-1227]],"properties":{"name":"深草深草砂子谷町"}},{"type":"Polygon","arcs":[[1569,-1521,1570,-744,1571]],"properties":{"name":"砂川深草フケノ内町"}},{"type":"Polygon","arcs":[[1572,-235,-371,-70,1573,1574]],"properties":{"name":"桃山桃山井伊掃部西町"}},{"type":"Polygon","arcs":[[1575,1576,-1428,-1563,-507]],"properties":{"name":"南浜奉行前町"}},{"type":"Polygon","arcs":[[1577,1578,1579]],"properties":{"name":"稲荷深草稲荷榎木橋町"}},{"type":"Polygon","arcs":[[1580,1581,-943,1582,-1362,1583,1584]],"properties":{"name":"桃山東桃山町伊庭"}},{"type":"Polygon","arcs":[[1587,1588,-1572,-743,1589]],"properties":{"name":"砂川深草一ノ坪町"}},{"type":"Polygon","arcs":[[-662,-1443,-1454,-606,1590]],"properties":{"name":"深草深草神明講谷町"}},{"type":"Polygon","arcs":[[-225,-231,-423,-1351,-554,-535]],"properties":{"name":"下鳥羽下鳥羽前田町"}},{"type":"Polygon","arcs":[[1591,-1389,1592,1593,-1248]],"properties":{"name":"砂川深草野手町"}},{"type":"Polygon","arcs":[[-1383,-1054,-875,-177]],"properties":{"name":"南浜周防町"}},{"type":"Polygon","arcs":[[-1288,1594,1595,-1245,-1451]],"properties":{"name":"深草深草西出町"}},{"type":"Polygon","arcs":[[-672,1596,-1239,1597,-1354,-1499]],"properties":{"name":"南浜丹後町"}},{"type":"Polygon","arcs":[[-1448,-463,1598,1599,1600,1601,1602,1603,-1559]],"properties":{"name":"桃山桃山町本多上野"}},{"type":"Polygon","arcs":[[1604,1605,1606]],"properties":{"name":"桃山東桃山町日向"}},{"type":"Polygon","arcs":[[-1553,-1587,-1576,-506,1607,-1325]],"properties":{"name":"南浜桃陵町"}},{"type":"Polygon","arcs":[[-858,-1141,-326,-355,-1185,-972,-950,-705,-204,-397]],"properties":{"name":"板橋下板橋町"}},{"type":"Polygon","arcs":[[1608,-822,-1173,1609,-711]],"properties":{"name":"南浜南新地"}},{"type":"Polygon","arcs":[[1610,1611,1612,-1545]],"properties":{"name":"砂川深草勧進橋町"}},{"type":"Polygon","arcs":[[1613,-1590,-742,-735]],"properties":{"name":"砂川深草下横縄町"}},{"type":"Polygon","arcs":[[-1008,-1028,-1386,-248,-930,-754,1614]],"properties":{"name":"横大路横大路下三栖辻堂町"}},{"type":"Polygon","arcs":[[-1520,-1419,-1547,-738,-1571]],"properties":{"name":"砂川深草平田町"}},{"type":"Polygon","arcs":[[1615,-1221,1616,-636,-620,-1517,1617]],"properties":{"name":"砂川深草綿森町"}},{"type":"Polygon","arcs":[[1618,1619,1620,1621,1622]],"properties":{"name":"桃山桃山福島太夫西町"}},{"type":"Polygon","arcs":[[-1497,-1046,-1424,1623,-1100]],"properties":{"name":"深草深草瓦町"}},{"type":"Polygon","arcs":[[1624,1625,1626,-1575,-1323]],"properties":{"name":"桃山桃山井伊掃部東町"}},{"type":"Polygon","arcs":[[1627,-1564,-939,-942]],"properties":{"name":"桃山東桃山町養斉"}},{"type":"Polygon","arcs":[[1628,-1071,1629,-825]],"properties":{"name":"南浜新中町"}},{"type":"Polygon","arcs":[[1630,-724,-44,-1548,-1421,-1519]],"properties":{"name":"砂川深草ヲカヤ町"}},{"type":"Polygon","arcs":[[1631,-1422,-746,-1531,-1455,-1441,-1202]],"properties":{"name":"深草深草中ノ郷山町"}},{"type":"Polygon","arcs":[[1632,-1408,1633,-810,-953,-1219,-1066,-1264,-786,-1118,1634,-1025]],"properties":{"name":"横大路横大路千両松町"}},{"type":"Polygon","arcs":[[-1502,1635,1636,1637,1638,1639,-1555,-750,1640,1641]],"properties":{"name":"稲荷稲荷山官有地"}},{"type":"Polygon","arcs":[[1642,1643,-1602,1644]],"properties":{"name":"桃山桃山町松平武蔵"}},{"type":"Polygon","arcs":[[-935,1645,1646,1647]],"properties":{"name":"桃山東桃山町美濃"}},{"type":"Polygon","arcs":[[1650,1651,1652,1653]],"properties":{"name":"桃山桃山町古城山"}},{"type":"Polygon","arcs":[[1654,-1392,1655,1656,-1523,-1434,-1464]],"properties":{"name":"砂川深草ス丶ハキ町"}},{"type":"Polygon","arcs":[[1657,1658,1659,1660,1661,1662,-1605]],"properties":{"name":"桃山東桃山町安芸山"}},{"type":"Polygon","arcs":[[-1560,-1604,1663,1664]],"properties":{"name":"桃山桃山町板倉周防"}},{"type":"Polygon","arcs":[[1665,1666,1667,1668,-1637]],"properties":{"name":"稲荷深草開土口町"}},{"type":"Polygon","arcs":[[-1530,-700,-708,1670,1671,-1526,1672,-1274,-1461]],"properties":{"name":"向島南向島津田町"}},{"type":"Polygon","arcs":[[1673,1674,1675,1676]],"properties":{"name":"北醍醐醍醐連蔵"}},{"type":"Polygon","arcs":[[1677,-1249,-1594,-831,-1500,1678]],"properties":{"name":"稲荷深草野手町"}},{"type":"Polygon","arcs":[[-954,-813,-1073,-1388,-960,-1220]],"properties":{"name":"横大路横大路北ノ口町"}},{"type":"Polygon","arcs":[[1679,1680,1681,1682,-1437,1683,1684]],"properties":{"name":"稲荷深草稲荷御前町"}},{"type":"Polygon","arcs":[[-1656,-1391,1685,-1618,-1516,1686]],"properties":{"name":"砂川深草ケナサ町"}},{"type":"Polygon","arcs":[[1687,-733,-1528,-1533,-1306]],"properties":{"name":"砂川深草森吉町"}},{"type":"Polygon","arcs":[[-1175,-1211,-1241,-712,-1610]],"properties":{"name":"南浜東柳町"}},{"type":"Polygon","arcs":[[1688,-1584,-1363,-1583,-937,1689,-1647,1690,1691,-1651,1692]],"properties":{"name":"桃山東桃山町百軒長屋"}},{"type":"Polygon","arcs":[[1693,-1308,-1534,-716,1694]],"properties":{"name":"砂川深草下高松町"}},{"type":"Polygon","arcs":[[1695,1696,1697,1698]],"properties":{"name":"北醍醐醍醐切レ戸町"}},{"type":"Polygon","arcs":[[-1492,1699,1700,-895]],"properties":{"name":"桃山桃山町泰長老"}},{"type":"Polygon","arcs":[[1701,-405,1702,-1368,-1182,1703,-1600,1704]],"properties":{"name":"向島向島庚申町"}},{"type":"Polygon","arcs":[[1705,-1365,-1177,-1369,-1703,-404,1706]],"properties":{"name":"向島南向島本丸町"}},{"type":"Polygon","arcs":[[-317,-402,-1179,-1367]],"properties":{"name":"向島向島西堤町"}},{"type":"Polygon","arcs":[[-1639,1707,1708,1709,1710,1711]],"properties":{"name":"稲荷深草車阪町"}},{"type":"Polygon","arcs":[[1712,-945,1713,1714,1715]],"properties":{"name":"桃山東桃山町大津町"}},{"type":"Polygon","arcs":[[1716,1717,1718,1719]],"properties":{"name":"北醍醐醍醐大畑町"}},{"type":"Polygon","arcs":[[-941,1720,-926,-1565,-1628]],"properties":{"name":"桃山東桃山町大島"}},{"type":"Polygon","arcs":[[-1574,-73,-596,-589,1721,-1320]],"properties":{"name":"桃山桃山水野左近西町"}},{"type":"Polygon","arcs":[[-1444,-803,-1314,-1139]],"properties":{"name":"南浜八幡町"}},{"type":"Polygon","arcs":[[-1673,-1525,-314,-1366,-1706,1722,-1143,-1275]],"properties":{"name":"向島南向島中島町"}},{"type":"Polygon","arcs":[[-917,1723,-1234,-1550,1724,1725,-1664,-1603,-1644,1726]],"properties":{"name":"桃山桃山町三河"}},{"type":"Polygon","arcs":[[-1411,-1426,-1452,-1250,-1678,1727,-1505]],"properties":{"name":"深草深草宝塔寺山町"}},{"type":"Polygon","arcs":[[-1486,1728,1729]],"properties":{"name":"桃山東桃山町町並"}},{"type":"Polygon","arcs":[[-710,-1536,1730,1731,-823,-1609]],"properties":{"name":"南浜三栖向町"}},{"type":"Polygon","arcs":[[-1400,1732,-1309,-1694,1733]],"properties":{"name":"稲荷深草下高松町"}},{"type":"Polygon","arcs":[[-1332,1734,-523,-587,-763,-1364,-668,-358]],"properties":{"name":"桃山桃山町丹下"}},{"type":"Polygon","arcs":[[1735,-1699,1736,1737,1738,1739]],"properties":{"name":"北醍醐醍醐烏橋町"}},{"type":"Polygon","arcs":[[-1026,-1635,-1120,-1474,-1384]],"properties":{"name":"横大路横大路下三栖宮ノ後"}},{"type":"Polygon","arcs":[[1740,-1715,1741,-1581,1742,-1660,1743]],"properties":{"name":"桃山東桃山町遠山"}},{"type":"Polygon","arcs":[[1744,-1711]],"properties":{"name":"稲荷深草本寺山町"}},{"type":"Polygon","arcs":[[1745,-1680,1746,-1578]],"properties":{"name":"稲荷深草稲荷中之町"}},{"type":"Polygon","arcs":[[1747,-1321,-1722,-588,-521,-1735,-1331]],"properties":{"name":"桃山桃山最上町"}},{"type":"Polygon","arcs":[[1748,1749,1750,1751,1752,1753,1754]],"properties":{"name":"醍醐西醍醐折戸町"}},{"type":"Polygon","arcs":[[-1714,-944,-1582,-1742]],"properties":{"name":"桃山東桃山町新町"}},{"type":"Polygon","arcs":[[-1471,-1620,-1626,1755]],"properties":{"name":"桃山桃山長岡越中南町"}},{"type":"Polygon","arcs":[[-1657,-1687,-1524]],"properties":{"name":"砂川深草今在家町"}},{"type":"Polygon","arcs":[[1756,-1543,-1688,-1733,-1399]],"properties":{"name":"稲荷深草森吉町"}},{"type":"Polygon","arcs":[[-828,-1593,-1394,1757]],"properties":{"name":"砂川深草大門町"}},{"type":"Polygon","arcs":[[1758,1759,1760,1761]],"properties":{"name":"醍醐醍醐一ノ切町"}},{"type":"Polygon","arcs":[[-1754,1762,1763,1764,1765,1766,1767]],"properties":{"name":"醍醐西醍醐川久保町"}},{"type":"Polygon","arcs":[[-1619,1768,1769,-1283,1770,-1627]],"properties":{"name":"桃山桃山筒井伊賀東町"}},{"type":"Polygon","arcs":[[-1668,1771,1772,1773,1774]],"properties":{"name":"稲荷深草願成町"}},{"type":"Polygon","arcs":[[-1279,-1381,-1409,-1633,-1029,-1006,-1166]],"properties":{"name":"向島南向島大黒"}},{"type":"Polygon","arcs":[[-1488,1775,1776,-1721,-946,-1713,1777,1778]],"properties":{"name":"桃山東桃山町因幡"}},{"type":"Polygon","arcs":[[1779,-1579,1780,-1614,-1542]],"properties":{"name":"稲荷深草下横縄町"}},{"type":"Polygon","arcs":[[-1709,1781,-1774,1782,1783]],"properties":{"name":"稲荷深草南明町"}},{"type":"Polygon","arcs":[[-565,-1238,-1106,-1294]],"properties":{"name":"深草深草大亀谷東久宝寺町"}},{"type":"Polygon","arcs":[[-1773,1784,-1783]],"properties":{"name":"稲荷深草正覚町"}},{"type":"Polygon","arcs":[[1786,1787,1788,1789,1790,-1662]],"properties":{"name":"藤城深草大亀谷岩山町"}},{"type":"Polygon","arcs":[[-1522,-1570,-1589,-1684,-1436]],"properties":{"name":"砂川深草秡川町"}},{"type":"Polygon","arcs":[[-1567,-1191,-573,-1573,-1771]],"properties":{"name":"桃山桃山筒井伊賀西町"}},{"type":"Polygon","arcs":[[-1009,-1615,-753,1793,1794,1795,1796]],"properties":{"name":"南浜横大路下三栖山殿"}},{"type":"Polygon","arcs":[[1799,-1375,-1334,1800,-1312,-1261,1801,1802]],"properties":{"name":"藤城深草大亀谷万帖敷町"}},{"type":"Polygon","arcs":[[1803,-1503,-1642]],"properties":{"name":"稲荷深草笹山町"}},{"type":"Polygon","arcs":[[-1263,-1311,-560,-1478,-1515,1804,1805,1806,1807,-1802]],"properties":{"name":"藤城深草大亀谷大山町"}},{"type":"Polygon","arcs":[[1808,1809,1810,1811,-1739,1812,1813]],"properties":{"name":"醍醐醍醐御陵東裏町"}},{"type":"Polygon","arcs":[[-1736,1814,1815,1816,1817,1818,-1696]],"properties":{"name":"醍醐醍醐新町裏町"}},{"type":"Polygon","arcs":[[-1728,-1679,-1506]],"properties":{"name":"稲荷深草宝塔寺山町"}},{"type":"Polygon","arcs":[[1819,1820,-1697,-1819,1821,1822]],"properties":{"name":"北醍醐醍醐上ノ山町"}},{"type":"Polygon","arcs":[[-1729,-1490,1823,1824,-1744,-1659,1825,1826,1827]],"properties":{"name":"桃山東桃山町西尾"}},{"type":"Polygon","arcs":[[-1641,-749,-1413,-1504,-1804]],"properties":{"name":"稲荷深草坊山町"}},{"type":"Polygon","arcs":[[-1796,-1799,-1068,1828,1829]],"properties":{"name":"南浜横大路三栖木下屋敷町"}},{"type":"Polygon","arcs":[[-1815,-1740,-1812,1830]],"properties":{"name":"醍醐醍醐御陵西裏町"}},{"type":"Polygon","arcs":[[1831,1832,1833,-1759]],"properties":{"name":"醍醐醍醐二ノ切町"}},{"type":"Polygon","arcs":[[-1747,-1685,-1588,-1781]],"properties":{"name":"稲荷深草一ノ坪町"}},{"type":"Polygon","arcs":[[1834,1835,-1816,-1831,-1811,1836,1837,1838]],"properties":{"name":"醍醐醍醐東大路町"}},{"type":"Polygon","arcs":[[-1758,-1393,-1655,-1465,-1438,-1683,1839]],"properties":{"name":"稲荷深草直違橋"}},{"type":"Polygon","arcs":[[-1513,-1061]],"properties":{"name":"藤城深草大亀谷西寺町"}},{"type":"Polygon","arcs":[[-1825,1840,-1778,-1716,-1741]],"properties":{"name":"桃山東桃山町西町"}},{"type":"Polygon","arcs":[[-1693,1841,1842]],"properties":{"name":"藤城深草大亀谷古城山"}},{"type":"Polygon","arcs":[[-1103,1843,-1101,-1624,-1423,-1632,-1201]],"properties":{"name":"深草深草東瓦町"}},{"type":"Polygon","arcs":[[-1818,1844,1845]],"properties":{"name":"醍醐醍醐上ノ山町"}},{"type":"Polygon","arcs":[[-1145,1846,-994,1847,-1462,-1404,1848,1849,1850]],"properties":{"name":"向島二ノ丸向島四ツ谷池"}},{"type":"Polygon","arcs":[[1851,-1671,-715,1852,-987,-1586,-1554,-1255]],"properties":{"name":"南浜桃山町弾正島"}},{"type":"Polygon","arcs":[[-1585,-1689,1853,1854,-1787,-1661,-1743]],"properties":{"name":"桃山東桃山紅雪町"}},{"type":"Polygon","arcs":[[-1765,1855]],"properties":{"name":"醍醐西醍醐平松町"}},{"type":"Polygon","arcs":[[-1293,1856,1857,-1370,-561]],"properties":{"name":"藤城深草宮谷町"}},{"type":"Polygon","arcs":[[-1692,-1561,-1665,-1726,1858,-1652]],"properties":{"name":"桃山桃山町二ノ丸"}},{"type":"Polygon","arcs":[[-1705,-1599,-462,1859]],"properties":{"name":"向島向島立河原町"}},{"type":"Polygon","arcs":[[-936,-1648,-1690]],"properties":{"name":"桃山東桃山町駿河"}},{"type":"Polygon","arcs":[[1860,1861,-797,1862,1863,-915]],"properties":{"name":"桃山桃山町松平筑前"}},{"type":"Polygon","arcs":[[1864,1865,1866,1867,-1806,1868,1869]],"properties":{"name":"藤城深草兜山町"}},{"type":"Polygon","arcs":[[-1837,-1810,1870,1871,1872]],"properties":{"name":"醍醐醍醐赤間南裏町"}},{"type":"Polygon","arcs":[[1873,-1861,-914,-1727,-1643,1874,1875]],"properties":{"name":"桃山桃山町鍋島"}},{"type":"Polygon","arcs":[[1876,1877,1878,1879,1880,1881]],"properties":{"name":"醍醐醍醐上端山町"}},{"type":"Polygon","arcs":[[1884,-1755,-1768,1885,1886,1887,1888]],"properties":{"name":"醍醐西醍醐高畑町"}},{"type":"Polygon","arcs":[[-1333,-1313,-1801]],"properties":{"name":"藤城深草大亀谷六躰町"}},{"type":"Polygon","arcs":[[-824,-1732,-1883,-1829,-1072,-1629]],"properties":{"name":"南浜西浜町"}},{"type":"Polygon","arcs":[[1889,-1813,-1738,1890]],"properties":{"name":"醍醐醍醐片山町"}},{"type":"Polygon","arcs":[[-1230,-1459,1891,-1377,-1277]],"properties":{"name":"向島南向島黒坊"}},{"type":"Polygon","arcs":[[-794,-1001,1892,-999,-967,-548,-886,-1566,-1281]],"properties":{"name":"桃山桃山町金森出雲"}},{"type":"Polygon","arcs":[[-1501,-829,-1840,-1682,1893,-1666,-1636]],"properties":{"name":"稲荷深草藪之内町"}},{"type":"Polygon","arcs":[[1894,1895,1896,-1839,1897,-1877,1898]],"properties":{"name":"醍醐醍醐落保町"}},{"type":"Polygon","arcs":[[1899,-1845,-1817,-1836,1900]],"properties":{"name":"醍醐醍醐中山町"}},{"type":"Polygon","arcs":[[1901,-1807,-1868,1902]],"properties":{"name":"藤城深草大亀谷古御香町"}},{"type":"Polygon","arcs":[[-667,-1074,-811,-1634,-1407,-1379,-615]],"properties":{"name":"横大路横大路松林"}},{"type":"Polygon","arcs":[[1903,1904,-1842,-1654,1905,-1237,-1469,1906,-1373,-1800,1907]],"properties":{"name":"桃山桃山町大蔵"}},{"type":"Polygon","arcs":[[-1897,1908,1909,1910,1911,-1901,-1835]],"properties":{"name":"醍醐醍醐西大路町"}},{"type":"Polygon","arcs":[[1912,1913,1914,1915,-1737]],"properties":{"name":"北醍醐醍醐古道町"}},{"type":"Polygon","arcs":[[-1698,-1821,1916,1917,-1913]],"properties":{"name":"北醍醐醍醐京道町"}},{"type":"Polygon","arcs":[[-1869,-1805,-1514,-1371,-1858]],"properties":{"name":"藤城深草大亀谷大谷町"}},{"type":"Polygon","arcs":[[1918,1919,1920,1921,-1895,1922,1923,1924]],"properties":{"name":"醍醐醍醐槇ノ内町"}},{"type":"Polygon","arcs":[[-896,-1701,1925,-1876,1926]],"properties":{"name":"桃山桃山町立売"}},{"type":"Polygon","arcs":[[1927,1928,1929,-1717]],"properties":{"name":"北醍醐醍醐柿原町"}},{"type":"Polygon","arcs":[[-1270,-1146,-1851,1930]],"properties":{"name":"向島二ノ丸向島二ノ丸町"}},{"type":"Polygon","arcs":[[1931,-1923,-1899,-1882]],"properties":{"name":"醍醐醍醐下端山町"}},{"type":"Polygon","arcs":[[-1669,-1775,-1782,-1708,-1638]],"properties":{"name":"稲荷深草開土町"}},{"type":"Polygon","arcs":[[1932,1933,1934,-1922]],"properties":{"name":"醍醐醍醐南里町"}},{"type":"Polygon","arcs":[[1935,1936,1937,1938]],"properties":{"name":"北醍醐醍醐御所ノ内"}},{"type":"Polygon","arcs":[[1939,-1887,1940,1941,-1911]],"properties":{"name":"醍醐西醍醐西大路町"}},{"type":"Polygon","arcs":[[-1653,-1859,-1725,-1551,-1906]],"properties":{"name":"桃山桃山町治部少丸"}},{"type":"Polygon","arcs":[[-1675,1942,-1929,-1915]],"properties":{"name":"北醍醐醍醐廻り戸町"}},{"type":"Polygon","arcs":[[-1904,1943,-1788,-1855,1944]],"properties":{"name":"藤城深草大亀谷東安信町"}},{"type":"Polygon","arcs":[[-1776,-1487,-1730,-1828,1945]],"properties":{"name":"桃山東桃山町中島町"}},{"type":"Polygon","arcs":[[1946,-1718,-1930,-1943,-1674,1947,-1936,1948]],"properties":{"name":"北醍醐醍醐山ケ鼻"}},{"type":"Polygon","arcs":[[-1481,1949,-1849,-1406,-1163]],"properties":{"name":"向島藤ノ木向島清水町"}},{"type":"Polygon","arcs":[[-1941,-1886,-1767,1950]],"properties":{"name":"醍醐西醍醐北西裏町"}},{"type":"Polygon","arcs":[[-1623,1951,1952,-1863,-796,1953,-1769]],"properties":{"name":"桃山桃山毛利長門西町"}},{"type":"Polygon","arcs":[[-1824,-1489,-1779,-1841]],"properties":{"name":"桃山東桃山町東町"}},{"type":"Polygon","arcs":[[-1658,-1607,1954,1955,1956,1957,1958,-1826]],"properties":{"name":"桃山東桃山町山ノ下"}},{"type":"Polygon","arcs":[[-795,-1284,-1770,-1954]],"properties":{"name":"桃山桃山羽柴長吉東町"}},{"type":"Polygon","arcs":[[-1854,-1843,-1905,-1945]],"properties":{"name":"藤城深草大亀谷安信町"}},{"type":"Polygon","arcs":[[1959,-1355,-1598,-1242,-1214,-1243,-1216,-1297]],"properties":{"name":"南浜上油掛町"}},{"type":"Polygon","arcs":[[-1510,-1793,-1356,-1960,-1298,-817]],"properties":{"name":"南浜大阪町"}},{"type":"Polygon","arcs":[[-1235,1960,-1952,-1622,1961]],"properties":{"name":"桃山桃山福島太夫南町"}},{"type":"Polygon","arcs":[[-1724,-916,-1864,-1953,-1961]],"properties":{"name":"桃山桃山毛利長門東町"}},{"type":"Polygon","arcs":[[-8,-3,1962,-1611,-1544]],"properties":{"name":"砂川深草向川原町"}},{"type":"Polygon","arcs":[[-1878,-1898,-1838,-1873,1963,1964,1965]],"properties":{"name":"醍醐醍醐伽藍町"}},{"type":"Polygon","arcs":[[-1374,-1907,-1473,1966,-1329]],"properties":{"name":"桃山桃山町永井久太郎"}},{"type":"Polygon","arcs":[[1967,-1790,-1903,-1867]],"properties":{"name":"藤城深草大亀谷東古御香町"}},{"type":"Polygon","arcs":[[-1962,-1621,-1470,-1236]],"properties":{"name":"桃山桃山福島太夫北町"}},{"type":"Polygon","arcs":[[1968,-1870,-1857,-1292,-1569]],"properties":{"name":"藤城深草白砂町"}},{"type":"Polygon","arcs":[[-1820,1969,-1917]],"properties":{"name":"北醍醐醍醐新町裏町"}},{"type":"Polygon","arcs":[[-656,1970,1971,-1865,-1969,-1568,-1226]],"properties":{"name":"藤城深草鐙ケ谷町"}},{"type":"Polygon","arcs":[[-1902,-1789,-1944,-1908,-1803,-1808]],"properties":{"name":"藤城深草大亀谷敦賀町"}},{"type":"Polygon","arcs":[[-820,-1630,-1070,-919,-490]],"properties":{"name":"南浜上中町"}},{"type":"Polygon","arcs":[[-1891,-1916,-1928,-1720,1972]],"properties":{"name":"北醍醐醍醐大高町"}},{"type":"Polygon","arcs":[[-1761,1973,1974,-1965,1975,1976,-1814,-1890,-1973,-1719,-1947,1977,1978,1979]],"properties":{"name":"醍醐醍醐陀羅谷"}},{"type":"Polygon","arcs":[[-1613,1980,-719,-740,-1546]],"properties":{"name":"砂川深草西川原町"}},{"type":"Polygon","arcs":[[1981,1982,1983,1984,1985,-1933,-1921,1986,1987]],"properties":{"name":"醍醐醍醐構口町"}},{"type":"Polygon","arcs":[[1988,1989]],"properties":{"name":"醍醐西醍醐上ノ山町"}},{"type":"Polygon","arcs":[[1990,-1871,-1809,-1977]],"properties":{"name":"醍醐醍醐北端山"}},{"type":"Polygon","arcs":[[-1937,-1948,-1677,1991]],"properties":{"name":"北醍醐醍醐狭間"}},{"type":"Polygon","arcs":[[-1979,1992,1993]],"properties":{"name":"醍醐醍醐内ケ井戸"}},{"type":"Polygon","arcs":[[1994,-1984]],"properties":{"name":"醍醐醍醐多近田町"}},{"type":"Polygon","arcs":[[1995,-1924,-1932,-1881,1996]],"properties":{"name":"醍醐醍醐勝口町"}},{"type":"Polygon","arcs":[[-1926,-1700,-1491,-893,-729,-1300,-798,-1862,-1874]],"properties":{"name":"南浜鍋島町"}},{"type":"Polygon","arcs":[[1997,-1833]],"properties":{"name":"醍醐醍醐三ノ切"}},{"type":"Polygon","arcs":[[-1976,-1964,-1872,-1991]],"properties":{"name":"醍醐醍醐北伽藍町"}},{"type":"Polygon","arcs":[[-1450,-1562,-1691,-1646,-934]],"properties":{"name":"桃山東桃山町根来"}},{"type":"Polygon","arcs":[[-1625,-1322,-1748,-1330,-1967,-1472,-1756]],"properties":{"name":"桃山桃山長岡越中北町"}},{"type":"Polygon","arcs":[[-1978,-1949,-1939,1998,-1993]],"properties":{"name":"醍醐醍醐上山田"}},{"type":"Polygon","arcs":[[-671,-988,-1853,-714,-1240,-1597]],"properties":{"name":"南浜柿木浜町"}},{"type":"Polygon","arcs":[[-1432,-1670,-1358,-1792,-1649,-1539]],"properties":{"name":"南浜魚屋町"}},{"type":"Polygon","arcs":[[1999,2000,2001,2002,2003,2004,2005,2006,2007,2008,2009]],"properties":{"name":"池田石田大受町"}},{"type":"Polygon","arcs":[[2010,2011,2012,2013,-1749,-1885,2014]],"properties":{"name":"池田醍醐大構町"}},{"type":"Polygon","arcs":[[2015,-2008,2016,2017]],"properties":{"name":"池田醍醐江奈志町"}},{"type":"Polygon","arcs":[[-1848,-993,2018,-461,-1453,-1317,-1463]],"properties":{"name":"向島藤ノ木向島丸町"}},{"type":"Polygon","arcs":[[-1951,-1766,-1856,-1764,2019,-1990,2020,-1822,-1846,-1900,-1912,-1942]],"properties":{"name":"醍醐西醍醐中山町"}},{"type":"Polygon","arcs":[[-2013,2021,2022,2023,-1751,2024]],"properties":{"name":"池田小栗栖森ケ淵町"}},{"type":"Polygon","arcs":[[2025,2026,-2017,-2007,2027,2028,-2022,-2012]],"properties":{"name":"池田醍醐鍵尾町"}},{"type":"Polygon","arcs":[[2029,-2026,-2011]],"properties":{"name":"池田醍醐池田町"}},{"type":"Polygon","arcs":[[2030,2031,2032,2033,-2024]],"properties":{"name":"池田小栗栖牛ケ淵町"}},{"type":"Polygon","arcs":[[2034,2035,2036,2037,2038,2039,2040,-2028,-2006]],"properties":{"name":"池田小栗栖南後藤町"}},{"type":"Polygon","arcs":[[2041,-2031,-2023,-2029,-2041]],"properties":{"name":"池田小栗栖北後藤町"}},{"type":"Polygon","arcs":[[2042,2043]],"properties":{"name":"池田東石田大受町"}},{"type":"Polygon","arcs":[[-2030,2044,2045,2046]],"properties":{"name":"池田東醍醐池田町"}},{"type":"Polygon","arcs":[[-1935,2047,-1909,-1896]],"properties":{"name":"醍醐醍醐和泉町"}},{"type":"Polygon","arcs":[[-1888,-1940,-1910,-2048,2048,2049,2050]],"properties":{"name":"池田東醍醐御霊ケ下町"}},{"type":"Polygon","arcs":[[-2014,-2025,-1750]],"properties":{"name":"池田醍醐高畑町"}},{"type":"Polygon","arcs":[[-1986,2051,2052,-2049,-1934]],"properties":{"name":"池田東醍醐御園尾町"}},{"type":"Polygon","arcs":[[-2045,-2015,-1889,-2051]],"properties":{"name":"池田東醍醐大構町"}},{"type":"Polygon","arcs":[[-1985,-1995,-1983,2053,2054,2055]],"properties":{"name":"池田東醍醐多近田町"}},{"type":"Polygon","arcs":[[2056,2057,2058,-2052,-2056]],"properties":{"name":"池田東醍醐南西裏町"}},{"type":"Polygon","arcs":[[2059,-2046,-2050,-2053,-2059]],"properties":{"name":"池田東醍醐僧尊坊町"}},{"type":"Polygon","arcs":[[-2027,-2047,-2060,-2058,2060]],"properties":{"name":"池田東醍醐鍵尾町"}},{"type":"Polygon","arcs":[[2061,-2044,2062,-2009,-2016,2063,2064]],"properties":{"name":"池田東醍醐新開"}},{"type":"Polygon","arcs":[[-2064,-2018,-2061,-2057,-2055]],"properties":{"name":"池田東醍醐江奈志町"}},{"type":"Polygon","arcs":[[2065,-2042,-2040,2066,2067]],"properties":{"name":"小栗栖宮山小栗栖山口町"}},{"type":"Polygon","arcs":[[2068,-1957,2069,2070,2071,2072]],"properties":{"name":"小栗栖小栗栖森本町"}},{"type":"Polygon","arcs":[[2073,2074,-2070,-1956]],"properties":{"name":"小栗栖小栗栖中山田町"}},{"type":"Polygon","arcs":[[-1971,-655,2075,2076,-2068,2077,2078,2079]],"properties":{"name":"小栗栖宮山小栗栖石川町"}},{"type":"Polygon","arcs":[[-1606,-1663,-1791,-1968,-1866,-1972,-2080,2080,-2074,-1955]],"properties":{"name":"小栗栖宮山小栗栖中山田町"}},{"type":"Polygon","arcs":[[-2073,2081,-2035,-2005,2082,2083]],"properties":{"name":"小栗栖石田川向"}},{"type":"Polygon","arcs":[[2084,2085,2086,-2038]],"properties":{"name":"小栗栖宮山小栗栖南後藤町"}},{"type":"Polygon","arcs":[[2087,2088,2089,2090,2091]],"properties":{"name":"小栗栖宮山小栗栖北谷町"}},{"type":"Polygon","arcs":[[2092,2093,-1879,-1966,-1975]],"properties":{"name":"醍醐醍醐醍醐山"}},{"type":"Polygon","arcs":[[2094,2095,2096,2097,-2001,2098]],"properties":{"name":"石田石田森東町"}},{"type":"Polygon","arcs":[[-1752,-2034,2099,-2089,2100,2101]],"properties":{"name":"小栗栖宮山小栗栖岩ケ淵町"}},{"type":"Polygon","arcs":[[-2075,-2081,-2079,2102,-2085,-2037,2103,-2071]],"properties":{"name":"小栗栖宮山小栗栖森本町"}},{"type":"Polygon","arcs":[[2104,-2032,-2066,-2077,2105,-2091]],"properties":{"name":"小栗栖宮山小栗栖西谷町"}},{"type":"Polygon","arcs":[[2106,2107,-2083,-2004]],"properties":{"name":"石田石田川向"}},{"type":"Polygon","arcs":[[-2087,2108,-2039]],"properties":{"name":"池田小栗栖小阪町"}},{"type":"Polygon","arcs":[[2109,2110,-1925,-1996]],"properties":{"name":"日野醍醐一言寺裏町"}},{"type":"Polygon","arcs":[[2111,2112,2113,2114,-2097,2115]],"properties":{"name":"石田石田森南町"}},{"type":"Polygon","arcs":[[-2101,-2088,2116]],"properties":{"name":"小栗栖宮山小栗栖丸山"}},{"type":"Polygon","arcs":[[2117,2118,2119,2120,2121]],"properties":{"name":"日野醍醐上山口町"}},{"type":"Polygon","arcs":[[2122,-2114,2123]],"properties":{"name":"石田石田西ノ坪"}},{"type":"Polygon","arcs":[[-2103,-2078,-2067,-2109,-2086]],"properties":{"name":"小栗栖宮山小栗栖小阪町"}},{"type":"Polygon","arcs":[[2124,-2124,-2113,2125]],"properties":{"name":"石田石田桜木"}},{"type":"Polygon","arcs":[[2126,-1987,-1920,2127]],"properties":{"name":"日野醍醐岸ノ上町"}},{"type":"Polygon","arcs":[[-2115,-2123,-2125,2128,-1958,-2069,-2084,-2108,2129,-2002,-2098]],"properties":{"name":"石田石田森西"}},{"type":"Polygon","arcs":[[2130,2131,2132,2133,2134,2135]],"properties":{"name":"日野日野慈悲町"}},{"type":"Polygon","arcs":[[-2130,-2107,-2003]],"properties":{"name":"石田石田大受町"}},{"type":"Polygon","arcs":[[2136,2137,2138,2139]],"properties":{"name":"日野日野岡西町"}},{"type":"Polygon","arcs":[[2140,2141,2142]],"properties":{"name":"日野醍醐外山街道町"}},{"type":"Polygon","arcs":[[-2121,-2128,-1919,-2111,2143]],"properties":{"name":"日野醍醐柏森町"}},{"type":"Polygon","arcs":[[2144,-2136,2145,2146,2147,2148]],"properties":{"name":"日野日野不動講町"}},{"type":"Polygon","arcs":[[2149,2150,2151,-2140,2152,-2146,-2135,2153]],"properties":{"name":"日野日野西大道町"}},{"type":"Polygon","arcs":[[2154,-2154,-2134]],"properties":{"name":"日野日野畑出町"}},{"type":"Polygon","arcs":[[2155,2156,2157,2158,-2153,-2139,2159]],"properties":{"name":"日野日野西風呂町"}},{"type":"Polygon","arcs":[[2160,2161,-2151]],"properties":{"name":"日野日野奥出"}},{"type":"Polygon","arcs":[[2162,2163,2164,-2137,-2152,-2162]],"properties":{"name":"日野日野野色町"}},{"type":"Polygon","arcs":[[-2145,2165,2166,2167,2168,-2131]],"properties":{"name":"日野日野北川頬"}},{"type":"Polygon","arcs":[[2169,2170,-2158,2171,2172,2173]],"properties":{"name":"日野日野田中町"}},{"type":"Polygon","arcs":[[-2157,2174,2175,-2172]],"properties":{"name":"日野日野西川頬"}},{"type":"Polygon","arcs":[[2176,2177,2178,-2132,-2169]],"properties":{"name":"日野日野船尾"}},{"type":"Polygon","arcs":[[2179,-2177,-2168,2180,2181,-2122,-2144,-2110,-1997,-1880,-2094,2182]],"properties":{"name":"日野醍醐南端山町"}},{"type":"Polygon","arcs":[[-2179,2183,2184,-2163,-2161,-2150,-2155,-2133]],"properties":{"name":"日野日野谷田町"}},{"type":"Polygon","arcs":[[2185,-2166,-2149]],"properties":{"name":"日野日野林"}},{"type":"Polygon","arcs":[[2186,-2118,-2182]],"properties":{"name":"日野日野北山"}},{"type":"Polygon","arcs":[[-2180,2187,-2184,-2178]],"properties":{"name":"日野日野南山"}},{"type":"Polygon","arcs":[[-2100,-2033,-2105,-2090]],"properties":{"name":"小栗栖宮山小栗栖牛ケ淵町"}},{"type":"Polygon","arcs":[[2188,2189,2190,2191]],"properties":{"name":"春日野醍醐辰己町"}},{"type":"Polygon","arcs":[[-2187,-2181,-2167,-2186,-2148,2192,-2141,2193,2194,-2119]],"properties":{"name":"日野日野谷寺町"}},{"type":"Polygon","arcs":[[2195,-2095,2196,2197,2198,2199,2200]],"properties":{"name":"春日野石田内里町"}},{"type":"Polygon","arcs":[[-2096,-2196,2201,2202,-2116]],"properties":{"name":"春日野石田森南町"}},{"type":"Polygon","arcs":[[2203,-2160,-2138,-2165,2204]],"properties":{"name":"日野日野田頬町"}},{"type":"Polygon","arcs":[[2205,2206,2207,-2200,2208,2209,2210,-2189]],"properties":{"name":"春日野醍醐東合場町"}},{"type":"Polygon","arcs":[[-1982,-2190,-2211,2211,-2209,-2199,2212,-2065,-2054]],"properties":{"name":"春日野醍醐合場町"}},{"type":"Polygon","arcs":[[-2197,-2099,-2000,2213]],"properties":{"name":"春日野石田森東町"}},{"type":"Polygon","arcs":[[-2210,-2212]],"properties":{"name":"春日野醍醐構口町"}},{"type":"Polygon","arcs":[[-2214,-2010,-2063,-2043,-2062,-2213,-2198]],"properties":{"name":"春日野石田大受町"}},{"type":"Polygon","arcs":[[-2195,2214,-2191,-1988,-2127,-2120]],"properties":{"name":"日野醍醐下山口町"}},{"type":"Polygon","arcs":[[2215,-2170,2216,-2206,-2192,-2215,-2194,-2143]],"properties":{"name":"春日野醍醐外山街道町"}},{"type":"Polygon","arcs":[[-2202,-2201,-2208,2217,2218,-2175,-2156,-2204,2219]],"properties":{"name":"春日野石田大山町"}},{"type":"Polygon","arcs":[[-2207,-2217,-2174,2220,-2218]],"properties":{"name":"春日野日野田中町"}},{"type":"Polygon","arcs":[[-2159,-2171,-2216,-2142,-2193,-2147]],"properties":{"name":"日野日野馬場出町"}},{"type":"Polygon","arcs":[[-2219,-2221,-2173,-2176]],"properties":{"name":"春日野日野西川頬"}}]}},"arcs":[[[135.75334071127182,34.961413771249205],[135.7529539748378,34.962479439363236],[135.75320007984126,34.967127782184455]],[[135.75320007984126,34.967127782184455],[135.75835070598546,34.967219125165656]],[[135.75835070598546,34.967219125165656],[135.75727839132745,34.96506749049732]],[[135.75727839132745,34.96506749049732],[135.75334071127182,34.961413771249205]],[[135.75334071127182,34.961413771249205],[135.752057449468,34.96083526570158]],[[135.752057449468,34.96083526570158],[135.75203987053916,34.967208975945525],[135.75320007984126,34.967127782184455]],[[135.74864713727698,34.95677557764812],[135.7491920840704,34.95835885598897],[135.752057449468,34.96083526570158]],[[135.75727839132745,34.96506749049732],[135.76119849245424,34.96457017871077]],[[135.76119849245424,34.96457017871077],[135.76123365031188,34.96419465756583]],[[135.76123365031188,34.96419465756583],[135.7611633345966,34.96412361302489]],[[135.7611633345966,34.96412361302489],[135.7608996506643,34.96402212082355]],[[135.7608996506643,34.96402212082355],[135.75590723487952,34.96290570660885],[135.75413176306873,34.960652579739175]],[[135.75413176306873,34.960652579739175],[135.7526902909055,34.959272285801]],[[135.7526902909055,34.959272285801],[135.74864713727698,34.95677557764812]],[[135.75743660168683,34.95109201437327],[135.75622365559826,34.95234036844971]],[[135.75622365559826,34.95234036844971],[135.75615333988299,34.95451230155832]],[[135.75615333988299,34.95451230155832],[135.75822765348371,34.954644241420056]],[[135.75822765348371,34.954644241420056],[135.7589308106365,34.95410633275297]],[[135.7589308106365,34.95410633275297],[135.75743660168683,34.95109201437327]],[[135.75611818202535,34.95053380726592],[135.75743660168683,34.95109201437327]],[[135.75743660168683,34.95109201437327],[135.75850891634482,34.95050335960552]],[[135.75850891634482,34.95050335960552],[135.75659281310348,34.94841262025798]],[[135.75659281310348,34.94841262025798],[135.75539744594374,34.94851411245932]],[[135.75539744594374,34.94851411245932],[135.75611818202535,34.95053380726592]],[[135.76139186067127,34.95342633500401],[135.7601613356539,34.95147768473835]],[[135.7601613356539,34.95147768473835],[135.76002070422334,34.9509499252914]],[[135.76002070422334,34.9509499252914],[135.75952849421637,34.950026346259236]],[[135.75952849421637,34.950026346259236],[135.7587550213483,34.95030037520284]],[[135.7587550213483,34.95030037520284],[135.75850891634482,34.95050335960552]],[[135.7589308106365,34.95410633275297],[135.75903628420943,34.95654214558505]],[[135.75903628420943,34.95654214558505],[135.7611633345966,34.95654214558505]],[[135.7611633345966,34.95654214558505],[135.7612512292407,34.95631886274211]],[[135.7612512292407,34.95631886274211],[135.76139186067127,34.95342633500401]],[[135.75615333988299,34.95451230155832],[135.7561006030965,34.95651169792465]],[[135.7561006030965,34.95651169792465],[135.7564346027441,34.95738453085614]],[[135.7564346027441,34.95738453085614],[135.75792881169377,34.95734393397561]],[[135.75792881169377,34.95734393397561],[135.75822765348371,34.954644241420056]],[[135.76151491317302,34.96119048840626],[135.76019649351153,34.961515263450536]],[[135.76019649351153,34.961515263450536],[135.76100512423724,34.96395107628262]],[[135.76100512423724,34.96395107628262],[135.7611633345966,34.96412361302489]],[[135.76123365031188,34.96419465756583],[135.76149733424418,34.964407791188634]],[[135.76149733424418,34.964407791188634],[135.76191922853585,34.96466152169197]],[[135.76191922853585,34.96466152169197],[135.76260480675984,34.96450928338997]],[[135.76260480675984,34.96450928338997],[135.76290364854975,34.96315943711219]],[[135.76290364854975,34.96315943711219],[135.7618840706782,34.96317973555246],[135.76151491317302,34.96119048840626]],[[135.7587374424195,34.95735408319574],[135.75792881169377,34.95734393397561]],[[135.7564346027441,34.95738453085614],[135.75620607666946,34.960642430519044]],[[135.75620607666946,34.960642430519044],[135.7578584959785,34.96080481804118]],[[135.7578584959785,34.96080481804118],[135.75792881169377,34.9582472145675],[135.7587374424195,34.95735408319574]],[[135.7608996506643,34.96402212082355],[135.76100512423724,34.96395107628262]],[[135.76019649351153,34.961515263450536],[135.76010859886742,34.96083526570158]],[[135.76010859886742,34.96083526570158],[135.7578584959785,34.96080481804118]],[[135.75620607666946,34.960642430519044],[135.755274393442,34.96165735253241],[135.75413176306873,34.960652579739175]],[[135.7587374424195,34.95735408319574],[135.75896596849415,34.95735408319574]],[[135.75896596849415,34.95735408319574],[135.75903628420943,34.95654214558505]],[[135.74942061014502,34.94611889650778],[135.7492096629992,34.94397741105958]],[[135.7492096629992,34.94397741105958],[135.74738145440193,34.94400785871998]],[[135.74738145440193,34.94400785871998],[135.74820766405648,34.946230537929246]],[[135.74820766405648,34.946230537929246],[135.74942061014502,34.94611889650778]],[[135.76010859886742,34.96083526570158],[135.75896596849415,34.95735408319574]],[[135.74971945193496,34.95549677591128],[135.74551808794706,34.953933796010695]],[[135.74551808794706,34.953933796010695],[135.74560598259114,34.95540543293008],[135.74864713727698,34.95677557764812]],[[135.7526902909055,34.959272285801],[135.7526199751902,34.95632901196224]],[[135.7526199751902,34.95632901196224],[135.7523387123291,34.95626811664144]],[[135.7523387123291,34.95626811664144],[135.74971945193496,34.95549677591128]],[[135.75778818026322,34.94552009251989],[135.7568740759646,34.9456418831615]],[[135.7568740759646,34.9456418831615],[135.75604786631007,34.94574337536283]],[[135.75604786631007,34.94574337536283],[135.75733112811392,34.94649441765272]],[[135.75733112811392,34.94649441765272],[135.75778818026322,34.94552009251989]],[[135.76615575038142,34.94214040221539],[135.76555806680153,34.94184607483151]],[[135.76555806680153,34.94184607483151],[135.7654350142998,34.94216070065565]],[[135.7654350142998,34.94216070065565],[135.76548775108625,34.94246517725966]],[[135.76548775108625,34.94246517725966],[135.76615575038142,34.94214040221539]],[[135.74982492550788,34.95327409670201],[135.74847134798875,34.95327409670201]],[[135.74847134798875,34.95327409670201],[135.74550050901823,34.95356842408589]],[[135.74550050901823,34.95356842408589],[135.74551808794706,34.953933796010695]],[[135.74971945193496,34.95549677591128],[135.74982492550788,34.95327409670201]],[[135.76388806856366,34.9456418831615],[135.76439785749943,34.94552009251989]],[[135.76439785749943,34.94552009251989],[135.76411659463832,34.944342782984386]],[[135.76411659463832,34.944342782984386],[135.76358922677372,34.94468785646893]],[[135.76358922677372,34.94468785646893],[135.7637298582043,34.94568248004203]],[[135.7637298582043,34.94568248004203],[135.76388806856366,34.9456418831615]],[[135.75622365559826,34.95234036844971],[135.75226839661383,34.95261439739332]],[[135.75226839661383,34.95261439739332],[135.75230355447147,34.95424842183484]],[[135.75230355447147,34.95424842183484],[135.7542196577128,34.95413678041337]],[[135.7542196577128,34.95413678041337],[135.75615333988299,34.95451230155832]],[[135.75226839661383,34.95261439739332],[135.7510027137388,34.95265499427386]],[[135.7510027137388,34.95265499427386],[135.74982492550788,34.95327409670201]],[[135.7523387123291,34.95626811664144],[135.75230355447147,34.95424842183484]],[[135.7561006030965,34.95651169792465],[135.75436028914336,34.95647110104411]],[[135.75436028914336,34.95647110104411],[135.7526199751902,34.95632901196224]],[[135.75539744594374,34.94851411245932],[135.75530955129963,34.94789501003117]],[[135.75530955129963,34.94789501003117],[135.75211018625444,34.94870694764186]],[[135.75211018625444,34.94870694764186],[135.75221565982736,34.95049321038539]],[[135.75221565982736,34.95049321038539],[135.75611818202535,34.95053380726592]],[[135.7542196577128,34.95413678041337],[135.75436028914336,34.95647110104411]],[[135.76151491317302,34.96119048840626],[135.761321544956,34.96022631249357]],[[135.761321544956,34.96022631249357],[135.76063596673202,34.95740482929641],[135.76162038674593,34.95691766672999]],[[135.76162038674593,34.95691766672999],[135.7611633345966,34.95654214558505]],[[135.76914416828077,34.948057397553306],[135.7698121675759,34.94756008576676]],[[135.7698121675759,34.94756008576676],[135.76946058899952,34.94732665370368]],[[135.76946058899952,34.94732665370368],[135.76682374967655,34.94760068264729]],[[135.76682374967655,34.94760068264729],[135.76689406539185,34.948108143653975]],[[135.76689406539185,34.948108143653975],[135.76773785397518,34.948300978836514]],[[135.76773785397518,34.948300978836514],[135.76866953720264,34.948169038974775]],[[135.76866953720264,34.948169038974775],[135.76914416828077,34.948057397553306]],[[135.75604786631007,34.94574337536283],[135.7555380773743,34.94580427068364]],[[135.7555380773743,34.94580427068364],[135.75530955129963,34.94789501003117]],[[135.75659281310348,34.94841262025798],[135.75782333812086,34.947143967741276]],[[135.75782333812086,34.947143967741276],[135.75733112811392,34.94649441765272]],[[135.75195197589508,34.9458550167843],[135.75186408125097,34.94393681417904]],[[135.75186408125097,34.94393681417904],[135.7492096629992,34.94397741105958]],[[135.74942061014502,34.94611889650778],[135.75195197589508,34.9458550167843]],[[135.75211018625444,34.94870694764186],[135.75195197589508,34.9458550167843]],[[135.74942061014502,34.94611889650778],[135.74963155729085,34.94876784296267]],[[135.74963155729085,34.94876784296267],[135.75211018625444,34.94870694764186]],[[135.74847134798875,34.95327409670201],[135.7484186112023,34.95157917693969]],[[135.7484186112023,34.95157917693969],[135.74550050901823,34.95151828161889]],[[135.74550050901823,34.95151828161889],[135.74550050901823,34.95356842408589]],[[135.76682374967655,34.94760068264729],[135.76656006574427,34.94694098333861]],[[135.76656006574427,34.94694098333861],[135.7657865928762,34.947052624760076]],[[135.7657865928762,34.947052624760076],[135.76612059252378,34.948219785075445]],[[135.76612059252378,34.948219785075445],[135.76613817145258,34.948219785075445]],[[135.76613817145258,34.948219785075445],[135.76689406539185,34.948108143653975]],[[135.7555380773743,34.94580427068364],[135.7550986041538,34.94552009251989]],[[135.7550986041538,34.94552009251989],[135.75195197589508,34.9458550167843]],[[135.75221565982736,34.95049321038539],[135.75093239802354,34.95045261350485]],[[135.75093239802354,34.95045261350485],[135.7510027137388,34.95265499427386]],[[135.7497370308638,34.95041201662432],[135.74845376905995,34.95036127052365]],[[135.74845376905995,34.95036127052365],[135.7484186112023,34.95157917693969]],[[135.75093239802354,34.95045261350485],[135.7497370308638,34.95041201662432]],[[135.7604250195862,34.934964903580884],[135.75949333635873,34.934792366838614]],[[135.75949333635873,34.934792366838614],[135.7590187052806,34.934843112939284]],[[135.7590187052806,34.934843112939284],[135.75905386313823,34.935573856788906]],[[135.75905386313823,34.935573856788906],[135.75952849421637,34.935695647430514]],[[135.75952849421637,34.935695647430514],[135.76047775637264,34.935573856788906]],[[135.76047775637264,34.935573856788906],[135.7604250195862,34.934964903580884]],[[135.75891323170768,34.93907533773502],[135.75871986349065,34.93833444466526]],[[135.75871986349065,34.93833444466526],[135.75798154848025,34.9383750415458]],[[135.75798154848025,34.9383750415458],[135.7581397588396,34.93916668071622]],[[135.7581397588396,34.93916668071622],[135.75891323170768,34.93907533773502]],[[135.7604250195862,34.934964903580884],[135.76058322994555,34.934629979316476]],[[135.76058322994555,34.934629979316476],[135.76054807208791,34.933736847944715]],[[135.76054807208791,34.933736847944715],[135.75993280957923,34.932945208774285]],[[135.75993280957923,34.932945208774285],[135.75965154671812,34.932935059554154]],[[135.75965154671812,34.932935059554154],[135.75926481028407,34.933797743265515]],[[135.75926481028407,34.933797743265515],[135.75949333635873,34.934792366838614]],[[135.75372744770587,34.94083115281814],[135.75369228984823,34.93979593236451]],[[135.75369228984823,34.93979593236451],[135.75356923734648,34.93737026875257]],[[135.75356923734648,34.93737026875257],[135.753129764126,34.93740071641297]],[[135.753129764126,34.93740071641297],[135.75221565982736,34.937583402375374]],[[135.75221565982736,34.937583402375374],[135.75160039731867,34.938598324388735]],[[135.75160039731867,34.938598324388735],[135.7516179762475,34.938649070489404]],[[135.7516179762475,34.938649070489404],[135.75168829196278,34.93995831988665]],[[135.75168829196278,34.93995831988665],[135.75168829196278,34.93996846910678]],[[135.75168829196278,34.93996846910678],[135.75372744770587,34.94083115281814]],[[135.70888360028675,34.90940916728433],[135.71345412177988,34.90919603366152],[135.71333106927813,34.907937530364954],[135.71582727717055,34.90656738564691]],[[135.71582727717055,34.90656738564691],[135.71514169894655,34.906009178539556]],[[135.71514169894655,34.906009178539556],[135.71389359500037,34.90548141909261]],[[135.71389359500037,34.90548141909261],[135.70844412706626,34.90349217194641]],[[135.70844412706626,34.90349217194641],[135.70540297238043,34.9000515863211]],[[135.70540297238043,34.9000515863211],[135.70535023559398,34.90451724317991],[135.70700265490302,34.91021095567489],[135.70888360028675,34.90940916728433]],[[135.75383292127879,34.94254637102073],[135.75764754883267,34.94257681868113]],[[135.75764754883267,34.94257681868113],[135.75762996990383,34.9417851795107]],[[135.75762996990383,34.9417851795107],[135.75762996990383,34.941622791988564]],[[135.75762996990383,34.941622791988564],[135.7562588134559,34.93981623080477]],[[135.7562588134559,34.93981623080477],[135.75613576095418,34.93981623080477]],[[135.75613576095418,34.93981623080477],[135.75530955129963,34.93980608158464]],[[135.75530955129963,34.93980608158464],[135.75369228984823,34.93979593236451]],[[135.75372744770587,34.94083115281814],[135.75383292127879,34.94254637102073]],[[135.73671104460837,34.92385150753453],[135.7359375717403,34.92070524929309]],[[135.7359375717403,34.92070524929309],[135.73275578562394,34.92108077043804]],[[135.73275578562394,34.92108077043804],[135.73249210169163,34.9219434541494]],[[135.73249210169163,34.9219434541494],[135.73483009922467,34.92469389280562]],[[135.73483009922467,34.92469389280562],[135.7358496770962,34.9239935966164]],[[135.7358496770962,34.9239935966164],[135.73671104460837,34.92385150753453]],[[135.75864954777538,34.932082525062924],[135.7581397588396,34.93264073217028]],[[135.7581397588396,34.93264073217028],[135.75710260203925,34.932945208774285]],[[135.75710260203925,34.932945208774285],[135.75926481028407,34.933797743265515]],[[135.75965154671812,34.932935059554154],[135.75942302064345,34.932052077402524]],[[135.75942302064345,34.932052077402524],[135.75864954777538,34.932082525062924]],[[135.75975702029103,34.94179532873084],[135.75907144206707,34.94179532873084]],[[135.75907144206707,34.94179532873084],[135.75870228456185,34.942485475699925]],[[135.75870228456185,34.942485475699925],[135.7591241788535,34.94300308592675]],[[135.7591241788535,34.94300308592675],[135.75980975707748,34.94301323514688]],[[135.75980975707748,34.94301323514688],[135.75975702029103,34.94179532873084]],[[135.761321544956,34.934569083995676],[135.76155007103065,34.93351356510178]],[[135.76155007103065,34.93351356510178],[135.76093480852194,34.9333105806991]],[[135.76093480852194,34.9333105806991],[135.76054807208791,34.933736847944715]],[[135.76058322994555,34.934629979316476],[135.761321544956,34.934569083995676]],[[135.7579463906226,34.94078040671747],[135.7575772331174,34.94077025749734]],[[135.7575772331174,34.94077025749734],[135.75762996990383,34.941622791988564]],[[135.75762996990383,34.9417851795107],[135.75831554812783,34.94179532873084]],[[135.75831554812783,34.94179532873084],[135.75833312705663,34.94078040671747]],[[135.75833312705663,34.94078040671747],[135.7579463906226,34.94078040671747]],[[135.75942302064345,34.93981623080477],[135.75924723135526,34.93981623080477]],[[135.75924723135526,34.93981623080477],[135.7590187052806,34.94079055593761]],[[135.7590187052806,34.94079055593761],[135.75959880993165,34.94080070515774]],[[135.75959880993165,34.94080070515774],[135.75942302064345,34.93981623080477]],[[135.76179617603412,34.935594155229175],[135.76153249210182,34.935594155229175]],[[135.76153249210182,34.935594155229175],[135.76051291423028,34.935573856788906]],[[135.76051291423028,34.935573856788906],[135.76049533530147,34.93622340687746]],[[135.76049533530147,34.93622340687746],[135.76102270316605,34.93727892577136]],[[135.76102270316605,34.93727892577136],[135.76225322818343,34.937512357834436]],[[135.76225322818343,34.937512357834436],[135.76179617603412,34.935594155229175]],[[135.75290123805135,34.93140252731397],[135.75195197589508,34.93275237359175]],[[135.75195197589508,34.93275237359175],[135.75290123805135,34.93140252731397]],[[135.75975702029103,34.94179532873084],[135.7597394413622,34.94080070515774]],[[135.7597394413622,34.94080070515774],[135.75959880993165,34.94080070515774]],[[135.7590187052806,34.94079055593761],[135.7590187052806,34.94179532873084]],[[135.7590187052806,34.94179532873084],[135.75907144206707,34.94179532873084]],[[135.76095238745077,34.94273920620327],[135.76091722959313,34.94208965611472]],[[135.76091722959313,34.94208965611472],[135.76093480852194,34.9417851795107]],[[135.76093480852194,34.9417851795107],[135.76054807208791,34.94179532873084]],[[135.76054807208791,34.94179532873084],[135.7606008088744,34.94303353358715]],[[135.7606008088744,34.94303353358715],[135.7609699663796,34.94303353358715]],[[135.7609699663796,34.94303353358715],[135.76095238745077,34.94273920620327]],[[135.74105304002683,34.93622340687746],[135.74054325109108,34.93414281675006]],[[135.74054325109108,34.93414281675006],[135.73845135856152,34.93172730235825]],[[135.73845135856152,34.93172730235825],[135.73693957068303,34.93072252956502]],[[135.73693957068303,34.93072252956502],[135.73627157138787,34.930905215527424]],[[135.73627157138787,34.930905215527424],[135.73980493608065,34.933990578448054],[135.74091240859627,34.93819235558339]],[[135.74091240859627,34.93819235558339],[135.74100030324038,34.93883175645181]],[[135.74100030324038,34.93883175645181],[135.7411057768133,34.93926817291756]],[[135.7411057768133,34.93926817291756],[135.74189682861018,34.93911593461555]],[[135.74189682861018,34.93911593461555],[135.7418089339661,34.93868966736994]],[[135.7418089339661,34.93868966736994],[135.74105304002683,34.93622340687746]],[[135.76047775637264,34.935573856788906],[135.76051291423028,34.935573856788906]],[[135.76153249210182,34.935594155229175],[135.76179617603412,34.934873560599684]],[[135.76179617603412,34.934873560599684],[135.761321544956,34.934569083995676]],[[135.74193198646782,34.944413827525324],[135.74238903861715,34.943480099273025],[135.7411057768133,34.93926817291756]],[[135.74100030324038,34.93883175645181],[135.740648724664,34.944271738443454]],[[135.740648724664,34.944271738443454],[135.7412815661015,34.944342782984386]],[[135.7412815661015,34.944342782984386],[135.74193198646782,34.944413827525324]],[[135.7653295407269,34.94092249579934],[135.7653471196557,34.93982638002491]],[[135.7653471196557,34.93982638002491],[135.76455606785882,34.93983652924504]],[[135.76455606785882,34.93983652924504],[135.76459122571646,34.94100368956041]],[[135.76459122571646,34.94100368956041],[135.7653295407269,34.94092249579934]],[[135.7631849114109,34.943338010191155],[135.76299154319386,34.94257681868113]],[[135.76299154319386,34.94257681868113],[135.76095238745077,34.94273920620327]],[[135.7609699663796,34.94303353358715],[135.7613391238848,34.943591740694494]],[[135.7613391238848,34.943591740694494],[135.7631849114109,34.943338010191155]],[[135.74926239978566,34.92751537600278],[135.74847134798875,34.92749507756251]],[[135.74847134798875,34.92749507756251],[135.74836587441584,34.92772850962559]],[[135.74836587441584,34.92772850962559],[135.74741661225957,34.92877387929936]],[[135.74741661225957,34.92877387929936],[135.74757482261896,34.93106760304956]],[[135.74757482261896,34.93106760304956],[135.74936787335858,34.930864618646886]],[[135.74936787335858,34.930864618646886],[135.74926239978566,34.92751537600278]],[[135.75952849421637,34.935695647430514],[135.75965154671812,34.93646698816067]],[[135.75965154671812,34.93646698816067],[135.76049533530147,34.93622340687746]],[[135.75924723135526,34.93981623080477],[135.7590011263518,34.93981623080477]],[[135.7590011263518,34.93981623080477],[135.75831554812783,34.93980608158464]],[[135.75831554812783,34.93980608158464],[135.75833312705663,34.94078040671747]],[[135.75833312705663,34.94078040671747],[135.7590187052806,34.94079055593761]],[[135.74637945545922,34.948849036723736],[135.74827797977176,34.94879829062307]],[[135.74827797977176,34.94879829062307],[135.74711777046966,34.946311731690315]],[[135.74711777046966,34.946311731690315],[135.74532471973004,34.94635232857085]],[[135.74532471973004,34.94635232857085],[135.7453950354453,34.9487779921828]],[[135.7453950354453,34.9487779921828],[135.7453950354453,34.948869335164]],[[135.7453950354453,34.948869335164],[135.74637945545922,34.948849036723736]],[[135.73627157138787,34.930905215527424],[135.73577936138093,34.93106760304956]],[[135.73577936138093,34.93106760304956],[135.73841620070388,34.935817438072114]],[[135.73841620070388,34.935817438072114],[135.7383634639174,34.93826340012433]],[[135.7383634639174,34.93826340012433],[135.74091240859627,34.93819235558339]],[[135.76325522712617,34.943530845373694],[135.7631849114109,34.943338010191155]],[[135.7613391238848,34.943591740694494],[135.76140943960007,34.944220992342785]],[[135.76140943960007,34.944220992342785],[135.76332554284144,34.944454424405855]],[[135.76332554284144,34.944454424405855],[135.76325522712617,34.943530845373694]],[[135.76054807208791,34.94179532873084],[135.76051291423028,34.94179532873084]],[[135.76051291423028,34.94179532873084],[135.75975702029103,34.94179532873084]],[[135.75980975707748,34.94301323514688],[135.75984491493512,34.94301323514688]],[[135.75984491493512,34.94301323514688],[135.7606008088744,34.94303353358715]],[[135.72141737653521,34.91135781755],[135.72141737653521,34.91135781755]],[[135.75991523065042,34.94457621504746],[135.75984491493512,34.94301323514688]],[[135.7591241788535,34.94300308592675],[135.75915933671115,34.9446472595884]],[[135.75915933671115,34.9446472595884],[135.75991523065042,34.94457621504746]],[[135.72493316229915,34.94266816166233],[135.72526716194673,34.9417242841899]],[[135.72526716194673,34.9417242841899],[135.72535505659081,34.93687295696601]],[[135.72535505659081,34.93687295696601],[135.72315769048836,34.93693385228681]],[[135.72315769048836,34.93693385228681],[135.7218568497557,34.93678161398481]],[[135.7218568497557,34.93678161398481],[135.71888601078516,34.93784728209884],[135.71807738005947,34.93979593236451]],[[135.71807738005947,34.93979593236451],[135.71816527470355,34.94207950689458],[135.72025716723311,34.9427798030838],[135.72493316229915,34.94266816166233]],[[135.75798154848025,34.9383750415458],[135.7579463906226,34.9383750415458]],[[135.7579463906226,34.9383750415458],[135.75727839132745,34.938395339986066]],[[135.75727839132745,34.938395339986066],[135.75743660168683,34.93980608158464]],[[135.75743660168683,34.93980608158464],[135.75789365383613,34.93980608158464]],[[135.75789365383613,34.93980608158464],[135.75822765348371,34.93980608158464]],[[135.75822765348371,34.93980608158464],[135.7581397588396,34.93916668071622]],[[135.75852649527366,34.9437135313361],[135.75843860062955,34.94298278748648]],[[135.75843860062955,34.94298278748648],[135.7576827066903,34.94296248904621]],[[135.7576827066903,34.94296248904621],[135.7577002856191,34.94382517275757]],[[135.7577002856191,34.94382517275757],[135.75852649527366,34.9437135313361]],[[135.72139979760638,34.90824200696896],[135.7205208511654,34.909936926731284]],[[135.7205208511654,34.909936926731284],[135.72201506011507,34.909997822052084]],[[135.72201506011507,34.909997822052084],[135.723192848346,34.90976438998901]],[[135.723192848346,34.90976438998901],[135.72553084587904,34.90940916728433]],[[135.72553084587904,34.90940916728433],[135.72139979760638,34.90824200696896]],[[135.75682133917815,34.93980608158464],[135.75657523417465,34.9384359368666]],[[135.75657523417465,34.9384359368666],[135.75592481380832,34.9384968321874]],[[135.75592481380832,34.9384968321874],[135.75613576095418,34.93981623080477]],[[135.7562588134559,34.93981623080477],[135.75682133917815,34.93980608158464]],[[135.75620607666946,34.933787594045384],[135.7562412345271,34.93295535799442]],[[135.7562412345271,34.93295535799442],[135.7562412345271,34.93252909074881]],[[135.7562412345271,34.93252909074881],[135.7553622880861,34.93253923996894]],[[135.7553622880861,34.93253923996894],[135.7553798670149,34.933777444825246]],[[135.7553798670149,34.933777444825246],[135.75620607666946,34.933787594045384]],[[135.7492096629992,34.94397741105958],[135.74896355799572,34.941480702906695]],[[135.74896355799572,34.941480702906695],[135.7466255604627,34.941592344328164],[135.74523682508593,34.94276965386367]],[[135.74523682508593,34.94276965386367],[135.7452895618724,34.94405860482065]],[[135.7452895618724,34.94405860482065],[135.74738145440193,34.94400785871998]],[[135.7590011263518,34.93981623080477],[135.75891323170768,34.93907533773502]],[[135.75822765348371,34.93980608158464],[135.75831554812783,34.93980608158464]],[[135.76916174720958,34.925282547573374],[135.76886290541964,34.924338670100944]],[[135.76886290541964,34.924338670100944],[135.76831795862623,34.92435896854121]],[[135.76831795862623,34.92435896854121],[135.76870469506028,34.92544493509551]],[[135.76870469506028,34.92544493509551],[135.76896837899255,34.92570881481899]],[[135.76896837899255,34.92570881481899],[135.76916174720958,34.925282547573374]],[[135.75831554812783,34.94179532873084],[135.7590187052806,34.94179532873084]],[[135.7557138666625,34.9373499703123],[135.75576660344896,34.937339821092166]],[[135.75576660344896,34.937339821092166],[135.75559081416077,34.9364466897204]],[[135.75559081416077,34.9364466897204],[135.7555556563031,34.9364466897204]],[[135.7555556563031,34.9364466897204],[135.7548349202215,34.936487286600936]],[[135.7548349202215,34.936487286600936],[135.75479976236386,34.936487286600936]],[[135.75479976236386,34.936487286600936],[135.7549228148656,34.93740071641297]],[[135.7549228148656,34.93740071641297],[135.7557138666625,34.9373499703123]],[[135.7601613356539,34.93983652924504],[135.76012617779625,34.93983652924504]],[[135.76012617779625,34.93983652924504],[135.75942302064345,34.93981623080477]],[[135.7597394413622,34.94080070515774],[135.76014375672506,34.940455631673196]],[[135.76014375672506,34.940455631673196],[135.7601613356539,34.93983652924504]],[[135.74845376905995,34.95036127052365],[135.74637945545922,34.948849036723736]],[[135.7453950354453,34.948869335164],[135.74544777223178,34.95063529946726]],[[135.74544777223178,34.95063529946726],[135.74550050901823,34.95151828161889]],[[135.73465430993647,34.92538403977471],[135.73483009922467,34.92469389280562]],[[135.73249210169163,34.9219434541494],[135.73250968062047,34.92275539176009]],[[135.73250968062047,34.92275539176009],[135.73356441634965,34.92549568119618]],[[135.73356441634965,34.92549568119618],[135.73465430993647,34.92538403977471]],[[135.76448575214354,34.937583402375374],[135.7644505942859,34.936426391280136]],[[135.7644505942859,34.936426391280136],[135.76369470034666,34.93643654050027]],[[135.76369470034666,34.93643654050027],[135.76371227927547,34.937583402375374]],[[135.76371227927547,34.937583402375374],[135.7637298582043,34.937583402375374]],[[135.7637298582043,34.937583402375374],[135.76448575214354,34.937583402375374]],[[135.74221324932896,34.90760260610054],[135.74054325109108,34.90669932550865],[135.7404905143046,34.90493336120539],[135.73546294066216,34.90524798702953]],[[135.73546294066216,34.90524798702953],[135.73410936314306,34.90682111615025],[135.735480519591,34.908810363296446]],[[135.735480519591,34.908810363296446],[135.73697472854067,34.91104319172585]],[[135.73697472854067,34.91104319172585],[135.74233630183068,34.90852618513271],[135.74221324932896,34.90760260610054]],[[135.7579463906226,34.9383750415458],[135.75766512776147,34.93700489682775]],[[135.75766512776147,34.93700489682775],[135.75689165489342,34.93702519526802]],[[135.75689165489342,34.93702519526802],[135.757225654541,34.938395339986066]],[[135.757225654541,34.938395339986066],[135.75727839132745,34.938395339986066]],[[135.76014375672506,34.940455631673196],[135.76047775637264,34.9405774223148]],[[135.76047775637264,34.9405774223148],[135.76107543995252,34.94094279423961]],[[135.76107543995252,34.94094279423961],[135.76239385961398,34.94094279423961]],[[135.76239385961398,34.94094279423961],[135.76234112282754,34.94015115506919]],[[135.76234112282754,34.94015115506919],[135.7623235438987,34.93984667846518]],[[135.7623235438987,34.93984667846518],[135.7601613356539,34.93983652924504]],[[135.77176342867492,34.945022780733346],[135.7730115326211,34.94446457362599]],[[135.7730115326211,34.94446457362599],[135.7715876393867,34.94406875404078]],[[135.7715876393867,34.94406875404078],[135.77004069365057,34.94517501903535]],[[135.77004069365057,34.94517501903535],[135.77176342867492,34.945022780733346]],[[135.73052326166382,34.923029420703706],[135.72746452804918,34.922420467495684]],[[135.72746452804918,34.922420467495684],[135.72967947308047,34.925110010831105]],[[135.72967947308047,34.925110010831105],[135.73226357561697,34.925191204592174]],[[135.73226357561697,34.925191204592174],[135.73052326166382,34.923029420703706]],[[135.74367230042097,34.935695647430514],[135.74448093114668,34.938628772049135]],[[135.74448093114668,34.938628772049135],[135.74509619365537,34.938649070489404]],[[135.74509619365537,34.938649070489404],[135.7450258779401,34.935715945870776]],[[135.7450258779401,34.935715945870776],[135.74367230042097,34.935695647430514]],[[135.75843860062955,34.94298278748648],[135.7584034427719,34.942505774140194]],[[135.7584034427719,34.942505774140194],[135.75831554812783,34.94179532873084]],[[135.75764754883267,34.94257681868113],[135.7576827066903,34.94296248904621]],[[135.76555806680153,34.94184607483151],[135.7653295407269,34.94092249579934]],[[135.76459122571646,34.94100368956041],[135.76467912036054,34.94213025299525]],[[135.76467912036054,34.94213025299525],[135.7654350142998,34.94216070065565]],[[135.766489750029,34.94925500552908],[135.76682374967655,34.95030037520284]],[[135.76682374967655,34.95030037520284],[135.76835311648387,34.950137987680705]],[[135.76835311648387,34.950137987680705],[135.76798395897868,34.948960678145205]],[[135.76798395897868,34.948960678145205],[135.766489750029,34.94925500552908]],[[135.75863196884657,34.944454424405855],[135.75852649527366,34.9437135313361]],[[135.7577002856191,34.94382517275757],[135.75771786454794,34.94395711261931]],[[135.75771786454794,34.94395711261931],[135.758297969199,34.945083676054146]],[[135.758297969199,34.945083676054146],[135.75863196884657,34.944454424405855]],[[135.76986490436238,34.94752963810636],[135.7698121675759,34.94756008576676]],[[135.76914416828077,34.948057397553306],[135.76956606257244,34.949955301718305]],[[135.76956606257244,34.949955301718305],[135.77037469329815,34.949092618006944]],[[135.77037469329815,34.949092618006944],[135.76986490436238,34.94752963810636]],[[135.76314975355325,34.9364466897204],[135.76367712141783,34.93643654050027]],[[135.76367712141783,34.93643654050027],[135.76365954248902,34.93528967862516]],[[135.76365954248902,34.93528967862516],[135.76288606962095,34.93528967862516]],[[135.76288606962095,34.93528967862516],[135.76290364854975,34.93558400600904]],[[135.76290364854975,34.93558400600904],[135.76314975355325,34.9364466897204]],[[135.75871986349065,34.94540845109842],[135.75831554812783,34.94543889875882]],[[135.75831554812783,34.94543889875882],[135.7584034427719,34.94641322389165]],[[135.7584034427719,34.94641322389165],[135.75871986349065,34.94540845109842]],[[135.75965154671812,34.93646698816067],[135.75951091528756,34.936477137380805]],[[135.75951091528756,34.936477137380805],[135.75887807385004,34.93697444916735]],[[135.75887807385004,34.93697444916735],[135.75917691563998,34.937634148476036]],[[135.75917691563998,34.937634148476036],[135.76102270316605,34.93727892577136]],[[135.76870469506028,34.92544493509551],[135.76803669576512,34.92590165000153]],[[135.76803669576512,34.92590165000153],[135.76842343219914,34.927119556417566]],[[135.76842343219914,34.927119556417566],[135.76919690506722,34.92734283926051]],[[135.76919690506722,34.92734283926051],[135.76977700971827,34.926246723486074]],[[135.76977700971827,34.926246723486074],[135.76896837899255,34.92570881481899]],[[135.7734510058416,34.92199420025007],[135.77251932261416,34.92249151203662]],[[135.77251932261416,34.92249151203662],[135.77250174368532,34.92258285501782]],[[135.77250174368532,34.92258285501782],[135.7734510058416,34.92199420025007]],[[135.7640286999942,34.943226368769686],[135.7639056474925,34.94215055143552]],[[135.7639056474925,34.94215055143552],[135.7628509117633,34.94208965611472]],[[135.7628509117633,34.94208965611472],[135.76299154319386,34.94257681868113]],[[135.76325522712617,34.943530845373694],[135.7640286999942,34.943226368769686]],[[135.75871986349065,34.94540845109842],[135.76030196708444,34.94520546669575]],[[135.76030196708444,34.94520546669575],[135.76038986172853,34.94480964711054]],[[135.76038986172853,34.94480964711054],[135.75991523065042,34.94457621504746]],[[135.75915933671115,34.9446472595884],[135.75863196884657,34.944454424405855]],[[135.758297969199,34.945083676054146],[135.75831554812783,34.94543889875882]],[[135.7278336855544,34.91863480838583],[135.7280094748426,34.918523166964356]],[[135.7280094748426,34.918523166964356],[135.72648010803528,34.916523770598026]],[[135.72648010803528,34.916523770598026],[135.7264976869641,34.916462875277226]],[[135.7264976869641,34.916462875277226],[135.72572421409603,34.91546825170413]],[[135.72572421409603,34.91546825170413],[135.72442337336338,34.91483900005584]],[[135.72442337336338,34.91483900005584],[135.72581210874014,34.91696018706377]],[[135.72581210874014,34.91696018706377],[135.7278336855544,34.91863480838583]],[[135.7429691432682,34.94645382077219],[135.74332072184458,34.9446777072488]],[[135.74332072184458,34.9446777072488],[135.74193198646782,34.944413827525324]],[[135.7412815661015,34.944342782984386],[135.7403850407317,34.94683949113727],[135.74187924968138,34.949955301718305]],[[135.74187924968138,34.949955301718305],[135.7431449325564,34.94966097433443]],[[135.7431449325564,34.94966097433443],[135.74302188005464,34.94791530847144]],[[135.74302188005464,34.94791530847144],[135.7429691432682,34.94645382077219]],[[135.71744453862195,34.90368500712895],[135.72104821903,34.90658768408718]],[[135.72104821903,34.90658768408718],[135.7254253723061,34.902172773329035]],[[135.7254253723061,34.902172773329035],[135.7252495830179,34.90154352168074]],[[135.7252495830179,34.90154352168074],[135.72113611367408,34.9032790383236],[135.71744453862195,34.90368500712895]],[[135.7534989216312,34.93141267653411],[135.7529539748378,34.93112849837036]],[[135.7529539748378,34.93112849837036],[135.7529539748378,34.93140252731397]],[[135.7529539748378,34.93140252731397],[135.7534989216312,34.93142282575424]],[[135.7534989216312,34.93142282575424],[135.7534989216312,34.93141267653411]],[[135.75386807913642,34.94388606807837],[135.75383292127879,34.94254637102073]],[[135.75168829196278,34.93996846910678],[135.75186408125097,34.94393681417904]],[[135.75186408125097,34.94393681417904],[135.75386807913642,34.94388606807837]],[[135.77216774403774,34.94701202787954],[135.76986490436238,34.94752963810636]],[[135.77037469329815,34.949092618006944],[135.77044500901343,34.949082468786806]],[[135.77044500901343,34.949082468786806],[135.77243142797005,34.9487779921828]],[[135.77243142797005,34.9487779921828],[135.77253690154296,34.94875769374253]],[[135.77253690154296,34.94875769374253],[135.77216774403774,34.94701202787954]],[[135.72887084235478,34.93643654050027],[135.7289763159277,34.93804011728139],[135.7265152658929,34.93883175645181],[135.72793915912732,34.939623395622235],[135.72850168484956,34.94170398574963]],[[135.72850168484956,34.94170398574963],[135.7328964170545,34.941399509145626]],[[135.7328964170545,34.941399509145626],[135.73205262847114,34.93896369631355],[135.72887084235478,34.93643654050027]],[[135.76682374967655,34.95030037520284],[135.7667885918189,34.95030037520284]],[[135.7667885918189,34.95030037520284],[135.76715774932413,34.95145738629808]],[[135.76715774932413,34.95145738629808],[135.7685464847009,34.9509499252914]],[[135.7685464847009,34.9509499252914],[135.76835311648387,34.950137987680705]],[[135.7497370308638,34.95041201662432],[135.74963155729085,34.94876784296267]],[[135.74963155729085,34.94876784296267],[135.74827797977176,34.94879829062307]],[[135.73961156786362,34.92760671898398],[135.73957641000598,34.92679478137329]],[[135.73957641000598,34.92679478137329],[135.73750209640525,34.92677448293303]],[[135.73750209640525,34.92677448293303],[135.7369044128254,34.93069208190462]],[[135.7369044128254,34.93069208190462],[135.73693957068303,34.93072252956502]],[[135.73845135856152,34.93172730235825],[135.73845135856152,34.93152431795558]],[[135.73845135856152,34.93152431795558],[135.73964672572126,34.930834170986486]],[[135.73964672572126,34.930834170986486],[135.73961156786362,34.92760671898398]],[[135.77680858124617,34.92289748084197],[135.7767382655309,34.92261330267822]],[[135.7767382655309,34.92261330267822],[135.7755956351576,34.922359572174884]],[[135.7755956351576,34.922359572174884],[135.77570110873052,34.9280938815504]],[[135.77570110873052,34.9280938815504],[135.77654489731387,34.928195373751734]],[[135.77654489731387,34.928195373751734],[135.77925205235212,34.92753567444305]],[[135.77925205235212,34.92753567444305],[135.7803243670101,34.926967318115565]],[[135.7803243670101,34.926967318115565],[135.7773007912531,34.92437926698148],[135.77680858124617,34.92289748084197]],[[135.76481975179112,34.943368457851555],[135.76478459393348,34.94314517500862]],[[135.76478459393348,34.94314517500862],[135.7640286999942,34.943226368769686]],[[135.7640286999942,34.943226368769686],[135.76420448928243,34.944292036883716]],[[135.76420448928243,34.944292036883716],[135.76492522536404,34.944160097021985]],[[135.76492522536404,34.944160097021985],[135.76481975179112,34.943368457851555]],[[135.75221565982736,34.937583402375374],[135.753129764126,34.93740071641297]],[[135.75356923734648,34.93737026875257],[135.75353407948884,34.93583773651238]],[[135.75353407948884,34.93583773651238],[135.7534813427024,34.93366580340378]],[[135.7534813427024,34.93366580340378],[135.75138945017284,34.935695647430514]],[[135.75138945017284,34.935695647430514],[135.75140702910167,34.936477137380805]],[[135.75140702910167,34.936477137380805],[135.7515300816034,34.937613850035774]],[[135.7515300816034,34.937613850035774],[135.75221565982736,34.937583402375374]],[[135.76671827610363,34.95342633500401],[135.7642748049977,34.952868127896664]],[[135.7642748049977,34.952868127896664],[135.7627454381904,34.952939172437596]],[[135.7627454381904,34.952939172437596],[135.76223564925462,34.95546632825088],[135.76362438463136,34.956562444025316]],[[135.76362438463136,34.956562444025316],[135.76476701500465,34.956562444025316]],[[135.76476701500465,34.956562444025316],[135.7662436450255,34.95658274246558]],[[135.7662436450255,34.95658274246558],[135.7674741700429,34.95658274246558]],[[135.7674741700429,34.95658274246558],[135.76773785397518,34.95434991403618]],[[135.76773785397518,34.95434991403618],[135.76761480147346,34.95350752876508]],[[135.76761480147346,34.95350752876508],[135.76671827610363,34.95342633500401]],[[135.75924723135526,34.93001208415566],[135.7591065999247,34.92863179021748]],[[135.7591065999247,34.92863179021748],[135.75817491669724,34.92886522228056]],[[135.75817491669724,34.92886522228056],[135.75821007455488,34.92958581691005]],[[135.75821007455488,34.92958581691005],[135.75835070598546,34.930083128696594]],[[135.75835070598546,34.930083128696594],[135.7583858638431,34.930083128696594]],[[135.7583858638431,34.930083128696594],[135.75880775813476,34.930083128696594]],[[135.75880775813476,34.930083128696594],[135.75924723135526,34.93001208415566]],[[135.7159679086011,34.92407479037747],[135.71684685504206,34.92509986161097],[135.71449127858023,34.925110010831105],[135.71443854179378,34.928114179990665]],[[135.71443854179378,34.928114179990665],[135.72023958830428,34.928022837009465],[135.72110095581644,34.928915968381226]],[[135.72110095581644,34.928915968381226],[135.72394874228524,34.92892611760136],[135.72394874228524,34.928012687789334],[135.72732389661863,34.92787059870746],[135.72980252558222,34.92874343163896],[135.730312314518,34.92576971013979]],[[135.730312314518,34.92576971013979],[135.72967947308047,34.925110010831105]],[[135.72746452804918,34.922420467495684],[135.72561874052312,34.92081689071457]],[[135.72561874052312,34.92081689071457],[135.72282369084078,34.923232405106376],[135.71693474968617,34.923110614464775],[135.7159679086011,34.92407479037747]],[[135.723192848346,34.90976438998901],[135.72322800620364,34.91181453245601]],[[135.72322800620364,34.91181453245601],[135.72593516124186,34.911824681676144]],[[135.72593516124186,34.911824681676144],[135.72630431874708,34.909936926731284]],[[135.72630431874708,34.909936926731284],[135.72565389838076,34.90917573522126]],[[135.72565389838076,34.90917573522126],[135.72553084587904,34.90940916728433]],[[135.76710501253768,34.92947417548858],[135.7658744875203,34.92975835365232]],[[135.7658744875203,34.92975835365232],[135.76573385608972,34.93163595937705]],[[135.76573385608972,34.93163595937705],[135.7659623821644,34.93164610859718]],[[135.7659623821644,34.93164610859718],[135.7670522757512,34.93167655625758]],[[135.7670522757512,34.93167655625758],[135.76794880112104,34.93046879906168]],[[135.76794880112104,34.93046879906168],[135.7679312221922,34.930103427136864]],[[135.7679312221922,34.930103427136864],[135.76710501253768,34.92947417548858]],[[135.73841620070388,34.935817438072114],[135.73224599668816,34.935665199770106]],[[135.73224599668816,34.935665199770106],[135.731577997393,34.93789802819951],[135.73410936314306,34.93892309943301],[135.73447852064825,34.941541598227495]],[[135.73447852064825,34.941541598227495],[135.737625148907,34.94097324190001]],[[135.737625148907,34.94097324190001],[135.7383634639174,34.93826340012433]],[[135.76341343748553,34.95655229480518],[135.76260480675984,34.95655229480518]],[[135.76260480675984,34.95655229480518],[135.76162038674593,34.95691766672999]],[[135.761321544956,34.96022631249357],[135.76336070069908,34.96024661093383]],[[135.76336070069908,34.96024661093383],[135.76341343748553,34.95655229480518]],[[135.76580417180503,34.944383379864924],[135.7656986982321,34.944078903260916]],[[135.7656986982321,34.944078903260916],[135.76580417180503,34.944413827525324]],[[135.76580417180503,34.944413827525324],[135.76580417180503,34.944383379864924]],[[135.72201506011507,34.909997822052084],[135.72162832368105,34.91212915828015]],[[135.72162832368105,34.91212915828015],[135.72322800620364,34.91181453245601]],[[135.74532471973004,34.94635232857085],[135.7429691432682,34.94645382077219]],[[135.74302188005464,34.94791530847144],[135.7453950354453,34.9487779921828]],[[135.7218568497557,34.93678161398481],[135.7168644339709,34.93687295696601]],[[135.7168644339709,34.93687295696601],[135.71693474968617,34.93979593236451],[135.71807738005947,34.93979593236451]],[[135.76455606785882,34.93983652924504],[135.76450333107235,34.93872011503034]],[[135.76450333107235,34.93872011503034],[135.76376501606194,34.938730264250474]],[[135.76376501606194,34.938730264250474],[135.76378259499074,34.93983652924504]],[[135.76378259499074,34.93983652924504],[135.76455606785882,34.93983652924504]],[[135.74256482790534,34.938588175168604],[135.7418089339661,34.93868966736994]],[[135.74189682861018,34.93911593461555],[135.74367230042097,34.94080070515774]],[[135.74367230042097,34.94080070515774],[135.74518408829948,34.9407601082772]],[[135.74518408829948,34.9407601082772],[135.74518408829948,34.940618019195334]],[[135.74518408829948,34.940618019195334],[135.74509619365537,34.938659219709535]],[[135.74509619365537,34.938659219709535],[135.74509619365537,34.938649070489404]],[[135.74448093114668,34.938628772049135],[135.74256482790534,34.938588175168604]],[[135.76104028209488,34.94629143325005],[135.76046017744383,34.94575352458297]],[[135.76046017744383,34.94575352458297],[135.7606183878032,34.94659590985406]],[[135.7606183878032,34.94659590985406],[135.7612512292407,34.948940379704936]],[[135.7612512292407,34.948940379704936],[135.76198954425112,34.9488388875036]],[[135.76198954425112,34.9488388875036],[135.76343101641436,34.94856485855999]],[[135.76343101641436,34.94856485855999],[135.76265754354628,34.94595650898564]],[[135.76265754354628,34.94595650898564],[135.76104028209488,34.94629143325005]],[[135.7652592250116,34.93418341363059],[135.7652592250116,34.93412251830979]],[[135.7652592250116,34.93412251830979],[135.7651889092963,34.93418341363059]],[[135.7651889092963,34.93418341363059],[135.7652592250116,34.93418341363059]],[[135.7579463906226,34.94078040671747],[135.75789365383613,34.93980608158464]],[[135.75743660168683,34.93980608158464],[135.75729597025628,34.93980608158464]],[[135.75729597025628,34.93980608158464],[135.7575772331174,34.94077025749734]],[[135.74367230042097,34.94080070515774],[135.74332072184458,34.944078903260916]],[[135.74332072184458,34.944078903260916],[135.7452895618724,34.94405860482065]],[[135.74523682508593,34.94276965386367],[135.74518408829948,34.9407601082772]],[[135.77483974121836,34.94671770049566],[135.77464637300133,34.94670755127553]],[[135.77464637300133,34.94670755127553],[135.77517374086594,34.948219785075445]],[[135.77517374086594,34.948219785075445],[135.77561321408643,34.948097994433844]],[[135.77561321408643,34.948097994433844],[135.77483974121836,34.94671770049566]],[[135.78069352451533,34.95078753776926],[135.78030678808128,34.95106156671287]],[[135.78030678808128,34.95106156671287],[135.77779300126008,34.952157682487304]],[[135.77779300126008,34.952157682487304],[135.7784434216264,34.95442095857711]],[[135.7784434216264,34.95442095857711],[135.7787246844875,34.95453259999858]],[[135.7787246844875,34.95453259999858],[135.78041226165422,34.95377140848856]],[[135.78041226165422,34.95377140848856],[135.78069352451533,34.95078753776926]],[[135.75870228456185,34.942485475699925],[135.7584034427719,34.942505774140194]],[[135.7636419635602,34.93420371207086],[135.76362438463136,34.93298580565482]],[[135.76362438463136,34.93298580565482],[135.7628684906921,34.932995954874954]],[[135.7628684906921,34.932995954874954],[135.7628509117633,34.9333105806991]],[[135.7628509117633,34.9333105806991],[135.76255206997337,34.93405147376886]],[[135.76255206997337,34.93405147376886],[135.7636419635602,34.93420371207086]],[[135.7653471196557,34.93982638002491],[135.76524164608279,34.938679518149804]],[[135.76524164608279,34.938679518149804],[135.76450333107235,34.93872011503034]],[[135.71644253967924,34.90721693573546],[135.71582727717055,34.90656738564691]],[[135.70888360028675,34.90940916728433],[135.70970980994127,34.91237273956336],[135.71192475497256,34.914666463313566],[135.71203022854547,34.91613810023295],[135.71424517357676,34.91611780179268],[135.71486043608544,34.91916256783278]],[[135.71486043608544,34.91916256783278],[135.7179367486289,34.91907122485158],[135.71885085292752,34.9157930267484],[135.72117127153172,34.91402706244515]],[[135.72117127153172,34.91402706244515],[135.71689959182854,34.91156080195267],[135.71644253967924,34.90721693573546]],[[135.7351465199434,34.926886124354496],[135.73465430993647,34.92538403977471]],[[135.73356441634965,34.92549568119618],[135.73312494312916,34.92626702192634]],[[135.73312494312916,34.92626702192634],[135.73409178421423,34.92737328692091]],[[135.73409178421423,34.92737328692091],[135.7351465199434,34.926886124354496]],[[135.7515300816034,34.937613850035774],[135.75160039731867,34.938598324388735]],[[135.76492522536404,34.944160097021985],[135.76499554107932,34.945367854217885]],[[135.76499554107932,34.945367854217885],[135.76531196179806,34.945286660456816]],[[135.76531196179806,34.945286660456816],[135.76597996109322,34.94512427293468]],[[135.76597996109322,34.94512427293468],[135.76580417180503,34.944413827525324]],[[135.7656986982321,34.944078903260916],[135.76566354037445,34.94384547119784]],[[135.76566354037445,34.94384547119784],[135.76557564573037,34.943287264090486]],[[135.76557564573037,34.943287264090486],[135.76481975179112,34.943368457851555]],[[135.76420448928243,34.944292036883716],[135.76411659463832,34.944342782984386]],[[135.76439785749943,34.94552009251989],[135.76499554107932,34.945367854217885]],[[135.75792881169377,34.94548964485949],[135.7584034427719,34.94641322389165]],[[135.75771786454794,34.94395711261931],[135.75782333812086,34.9448299455508]],[[135.75782333812086,34.9448299455508],[135.75792881169377,34.94548964485949]],[[135.76557564573037,34.943287264090486],[135.76548775108625,34.94246517725966]],[[135.76467912036054,34.94213025299525],[135.76478459393348,34.94314517500862]],[[135.76358922677372,34.94468785646893],[135.76332554284144,34.944454424405855]],[[135.76140943960007,34.944220992342785],[135.76063596673202,34.94478934867027]],[[135.76063596673202,34.94478934867027],[135.76038986172853,34.94480964711054]],[[135.76030196708444,34.94520546669575],[135.76046017744383,34.94575352458297]],[[135.76104028209488,34.94629143325005],[135.76130396602716,34.946139194948046]],[[135.76130396602716,34.946139194948046],[135.762587227831,34.945327257337354]],[[135.762587227831,34.945327257337354],[135.76358922677372,34.94468785646893]],[[135.79066077715612,34.96185018771495],[135.79106509251898,34.95993198510969]],[[135.79106509251898,34.95993198510969],[135.78916656820644,34.9592418381406]],[[135.78916656820644,34.9592418381406],[135.78997519893213,34.96125138372707],[135.7877075171144,34.96112959308546]],[[135.7877075171144,34.96112959308546],[135.7871801492498,34.96296660192965]],[[135.7871801492498,34.96296660192965],[135.7898697253592,34.96283466206791],[135.79066077715612,34.96185018771495]],[[135.74187924968138,34.949955301718305],[135.74216051254248,34.95075709010886]],[[135.74216051254248,34.95075709010886],[135.7436019847057,34.95355827486575]],[[135.7436019847057,34.95355827486575],[135.74550050901823,34.95356842408589]],[[135.74544777223178,34.95063529946726],[135.7431625114852,34.95054395648605],[135.7431449325564,34.94966097433443]],[[135.735480519591,34.908810363296446],[135.7295212627211,34.907176338854924],[135.7248101097974,34.907409770918],[135.72410695264463,34.90858708045351],[135.73064631416557,34.9084957374723],[135.73152526060656,34.90958170402661]],[[135.73152526060656,34.90958170402661],[135.7359375717403,34.9114187128708],[135.73697472854067,34.91104319172585]],[[135.76824764291095,34.96007407419156],[135.76826522183978,34.959668105386214]],[[135.76826522183978,34.959668105386214],[135.76689406539185,34.959647806945945]],[[135.76689406539185,34.959647806945945],[135.76626122395433,34.96311884023166]],[[135.76626122395433,34.96311884023166],[135.76824764291095,34.96311884023166]],[[135.76824764291095,34.96311884023166],[135.76824764291095,34.96104839932439]],[[135.76824764291095,34.96104839932439],[135.76824764291095,34.96007407419156]],[[135.73250968062047,34.92275539176009],[135.73025957773152,34.92267419799902]],[[135.73025957773152,34.92267419799902],[135.73052326166382,34.923029420703706]],[[135.73226357561697,34.925191204592174],[135.73312494312916,34.92626702192634]],[[135.76657764467308,34.93257983684948],[135.76597996109322,34.931849092999855]],[[135.76597996109322,34.931849092999855],[135.76541743537098,34.93198103286159]],[[135.76541743537098,34.93198103286159],[135.7655229089439,34.93266103061055]],[[135.7655229089439,34.93266103061055],[135.76594480323558,34.93298580565482]],[[135.76594480323558,34.93298580565482],[135.76657764467308,34.93257983684948]],[[135.76555806680153,34.946230537929246],[135.76531196179806,34.945286660456816]],[[135.76388806856366,34.9456418831615],[135.76453848893,34.946392925451384]],[[135.76453848893,34.946392925451384],[135.76555806680153,34.946230537929246]],[[135.75592481380832,34.9384968321874],[135.75576660344896,34.938517130627666]],[[135.75576660344896,34.938517130627666],[135.755081025225,34.938547578288066]],[[135.755081025225,34.938547578288066],[135.75530955129963,34.93980608158464]],[[135.76824764291095,34.96104839932439],[135.770779008661,34.96111944386533]],[[135.770779008661,34.96111944386533],[135.7707965875898,34.9602060140533]],[[135.7707965875898,34.9602060140533],[135.7707965875898,34.96013496951236]],[[135.7707965875898,34.96013496951236],[135.76824764291095,34.96007407419156]],[[135.76450333107235,34.93872011503034],[135.76448575214354,34.937583402375374]],[[135.7637298582043,34.937583402375374],[135.76376501606194,34.938730264250474]],[[135.76453848893,34.946392925451384],[135.7651889092963,34.94832127727678]],[[135.7651889092963,34.94832127727678],[135.76612059252378,34.948219785075445]],[[135.7657865928762,34.947052624760076],[135.76555806680153,34.946230537929246]],[[135.736746202466,34.944505170506524],[135.73424999457362,34.9438048743173],[135.73208778632878,34.944423976745455],[135.72431789979046,34.9448299455508]],[[135.72431789979046,34.9448299455508],[135.72338621656303,34.94768187640836]],[[135.72338621656303,34.94768187640836],[135.73052326166382,34.94761083186743],[135.73233389133225,34.94581441990377],[135.73463673100764,34.945306958897085],[135.73639462388962,34.94581441990377]],[[135.73639462388962,34.94581441990377],[135.736746202466,34.944505170506524]],[[135.75168829196278,34.93995831988665],[135.75042260908776,34.94012070740879]],[[135.75042260908776,34.94012070740879],[135.7500182937249,34.94014100584905]],[[135.7500182937249,34.94014100584905],[135.74896355799572,34.941480702906695]],[[135.74873503192106,34.937705193016974],[135.74938545228738,34.936507585041205]],[[135.74938545228738,34.936507585041205],[135.74873503192106,34.937654446916305]],[[135.74873503192106,34.937654446916305],[135.74873503192106,34.937705193016974]],[[135.79357887934017,34.950188733781374],[135.7924362489669,34.94939709461095]],[[135.7924362489669,34.94939709461095],[135.79069593501376,34.94917381176801],[135.78893804213178,34.95038156896391]],[[135.78893804213178,34.95038156896391],[135.78921930499288,34.95128484955581]],[[135.78921930499288,34.95128484955581],[135.78990488321685,34.952888426336926],[135.7879887799755,34.95226932390877]],[[135.7879887799755,34.95226932390877],[135.78616057137825,34.953680065507356]],[[135.78616057137825,34.953680065507356],[135.78688130745988,34.9541773772939]],[[135.78688130745988,34.9541773772939],[135.78890288427414,34.955669312653555]],[[135.78890288427414,34.955669312653555],[135.79111782930542,34.95643050416358]],[[135.79111782930542,34.95643050416358],[135.79159246038355,34.95422812339457],[135.79357887934017,34.950188733781374]],[[135.73546294066216,34.90524798702953],[135.73138462917598,34.90440560175844],[135.7254253723061,34.902172773329035]],[[135.72104821903,34.90658768408718],[135.72565389838076,34.90917573522126]],[[135.72630431874708,34.909936926731284],[135.73126157667426,34.91056617837957]],[[135.73126157667426,34.91056617837957],[135.73152526060656,34.90958170402661]],[[135.77004069365057,34.94517501903535],[135.76893322113492,34.945418600318554]],[[135.76893322113492,34.945418600318554],[135.76946058899952,34.94732665370368]],[[135.77216774403774,34.94701202787954],[135.77176342867492,34.945022780733346]],[[135.76365954248902,34.9281243292108],[135.76322006926853,34.92817507531147]],[[135.76322006926853,34.92817507531147],[135.76300912212267,34.92986999507379]],[[135.76300912212267,34.92986999507379],[135.76365954248902,34.929859845853656]],[[135.76365954248902,34.929859845853656],[135.76365954248902,34.9281243292108]],[[135.7396643046501,34.92378046299359],[135.73671104460837,34.92385150753453]],[[135.7358496770962,34.9239935966164],[135.73750209640525,34.92677448293303]],[[135.73957641000598,34.92679478137329],[135.7396643046501,34.92378046299359]],[[135.76063596673202,34.94478934867027],[135.7606008088744,34.94303353358715]],[[135.74683650760852,34.935715945870776],[135.7450258779401,34.935715945870776]],[[135.74509619365537,34.938659219709535],[135.74681892867972,34.93866936892967]],[[135.74681892867972,34.93866936892967],[135.74683650760852,34.935715945870776]],[[135.77464637300133,34.94670755127553],[135.77376742656034,34.946666954395]],[[135.77376742656034,34.946666954395],[135.77216774403774,34.94701202787954]],[[135.77253690154296,34.94875769374253],[135.77455847835725,34.94839232181772]],[[135.77455847835725,34.94839232181772],[135.77517374086594,34.948219785075445]],[[135.76613817145258,34.948219785075445],[135.766489750029,34.94925500552908]],[[135.76798395897868,34.948960678145205],[135.7678433275481,34.94857500778012]],[[135.7678433275481,34.94857500778012],[135.76773785397518,34.948300978836514]],[[135.75752449633092,34.924308222440544],[135.75752449633092,34.924308222440544]],[[135.71644253967924,34.90721693573546],[135.72104821903,34.90658768408718]],[[135.71744453862195,34.90368500712895],[135.71559875109588,34.90461873538125],[135.71514169894655,34.906009178539556]],[[135.76031954601325,34.931737451578385],[135.75993280957923,34.93160551171665]],[[135.75993280957923,34.93160551171665],[135.75942302064345,34.932052077402524]],[[135.75993280957923,34.932945208774285],[135.76033712494208,34.932945208774285]],[[135.76033712494208,34.932945208774285],[135.76031954601325,34.931737451578385]],[[135.76191922853585,34.91804615361808],[135.75852649527366,34.91628018931482]],[[135.75852649527366,34.91628018931482],[135.7584034427719,34.921283754840715]],[[135.7584034427719,34.921283754840715],[135.7604250195862,34.923364344968114]],[[135.7604250195862,34.923364344968114],[135.76200712317996,34.92458225138415]],[[135.76200712317996,34.92458225138415],[135.76325522712617,34.92124315796018],[135.76448575214354,34.91985271480187],[135.76191922853585,34.91804615361808]],[[135.7637298582043,34.94568248004203],[135.76265754354628,34.94595650898564]],[[135.76343101641436,34.94856485855999],[135.7651889092963,34.94832127727678]],[[135.76297396426503,34.937593551595505],[135.76314975355325,34.9364466897204]],[[135.76290364854975,34.93558400600904],[135.76179617603412,34.935594155229175]],[[135.76225322818343,34.937512357834436],[135.76297396426503,34.937593551595505]],[[135.76369470034666,34.93643654050027],[135.76367712141783,34.93643654050027]],[[135.76297396426503,34.937593551595505],[135.76371227927547,34.937583402375374]],[[135.76360680570255,34.9249577725291],[135.76200712317996,34.92458225138415]],[[135.7604250195862,34.923364344968114],[135.75917691563998,34.926084335963935]],[[135.75917691563998,34.926084335963935],[135.7592999681417,34.92677448293303]],[[135.7592999681417,34.92677448293303],[135.76065354566083,34.9281243292108]],[[135.76065354566083,34.9281243292108],[135.7614445974577,34.92835776127387]],[[135.7614445974577,34.92835776127387],[135.7616907024612,34.928083732330265]],[[135.7616907024612,34.928083732330265],[135.76313217462442,34.92739358536118]],[[135.76313217462442,34.92739358536118],[135.76360680570255,34.9249577725291]],[[135.76698196003593,34.973125971283444],[135.76696438110713,34.97294328532104]],[[135.76696438110713,34.97294328532104],[135.76661280253072,34.97102508271578]],[[135.76661280253072,34.97102508271578],[135.76522406715395,34.971045381156046]],[[135.76522406715395,34.971045381156046],[135.76613817145258,34.97314626972371]],[[135.76613817145258,34.97314626972371],[135.76698196003593,34.973125971283444]],[[135.76130396602716,34.946139194948046],[135.762587227831,34.945327257337354]],[[135.76093480852194,34.9417851795107],[135.76107543995252,34.94094279423961]],[[135.76047775637264,34.9405774223148],[135.76051291423028,34.94179532873084]],[[135.76290364854975,34.96315943711219],[135.76385291070602,34.96312898945179]],[[135.76385291070602,34.96312898945179],[135.76336070069908,34.96024661093383]],[[135.7628509117633,34.94208965611472],[135.76281575390567,34.94204905923418]],[[135.76281575390567,34.94204905923418],[135.76091722959313,34.94208965611472]],[[135.7670522757512,34.93167655625758],[135.76770269611754,34.93169685469785]],[[135.76770269611754,34.93169685469785],[135.76796638004984,34.930763126445555]],[[135.76796638004984,34.930763126445555],[135.76794880112104,34.93046879906168]],[[135.76845859005678,34.97000001148228],[135.76812459040923,34.970101503683615]],[[135.76812459040923,34.970101503683615],[135.76805427469395,34.971014933495645]],[[135.76805427469395,34.971014933495645],[135.77005827257938,34.97083224753324]],[[135.77005827257938,34.97083224753324],[135.77009343043702,34.97003045914268]],[[135.77009343043702,34.97003045914268],[135.76845859005678,34.97000001148228]],[[135.75386807913642,34.94388606807837],[135.7550986041538,34.94552009251989]],[[135.7568740759646,34.9456418831615],[135.75782333812086,34.9448299455508]],[[135.76663038145955,34.969096730890385],[135.7646439625029,34.96905613400985]],[[135.7646439625029,34.96905613400985],[135.7648900675064,34.97064956157083]],[[135.7648900675064,34.97064956157083],[135.76522406715395,34.971045381156046]],[[135.76661280253072,34.97102508271578],[135.76812459040923,34.970101503683615]],[[135.76845859005678,34.97000001148228],[135.76847616898561,34.96905613400985]],[[135.76847616898561,34.96905613400985],[135.7681949061245,34.969076432450116]],[[135.7681949061245,34.969076432450116],[135.76663038145955,34.969096730890385]],[[135.78712741246335,34.96296660192965],[135.7839632052758,34.962469290143105],[135.7826447856143,34.9611397423056]],[[135.7826447856143,34.9611397423056],[135.780043104149,34.96042929689624]],[[135.780043104149,34.96042929689624],[135.77875984234515,34.96162690487201]],[[135.77875984234515,34.96162690487201],[135.77902352627746,34.961758844733744]],[[135.77902352627746,34.961758844733744],[135.78118573452227,34.96198212757669],[135.78463120457096,34.96351465981687]],[[135.78463120457096,34.96351465981687],[135.78696920210396,34.964397641968496]],[[135.78696920210396,34.964397641968496],[135.78712741246335,34.96296660192965]],[[135.75413176306873,34.930803723326086],[135.75399113163817,34.93034700842007]],[[135.75399113163817,34.93034700842007],[135.751178503027,34.930681932684486]],[[135.751178503027,34.930681932684486],[135.75114334516937,34.931047304609294]],[[135.75114334516937,34.931047304609294],[135.75130155552876,34.931057453829425]],[[135.75130155552876,34.931057453829425],[135.7529539748378,34.93112849837036]],[[135.7534989216312,34.93141267653411],[135.75406144735345,34.93143297497437]],[[135.75406144735345,34.93143297497437],[135.75413176306873,34.930803723326086]],[[135.7624114385428,34.94102398800068],[135.76281575390567,34.94204905923418]],[[135.7639056474925,34.94215055143552],[135.76383533177722,34.94103413722082]],[[135.76383533177722,34.94103413722082],[135.7624114385428,34.94102398800068]],[[135.76656006574427,34.94694098333861],[135.76613817145258,34.94563173394136]],[[135.76613817145258,34.94563173394136],[135.76597996109322,34.94512427293468]],[[135.73284368026802,34.92826641829267],[135.73187683918295,34.92748492834238]],[[135.73187683918295,34.92748492834238],[135.72983768343985,34.93115894603076]],[[135.72983768343985,34.93115894603076],[135.72992557808396,34.932792970472285],[135.73224599668816,34.935665199770106]],[[135.73577936138093,34.93106760304956],[135.73284368026802,34.92826641829267]],[[135.75443060485864,34.93455893477554],[135.7534813427024,34.93366580340378]],[[135.75353407948884,34.93583773651238],[135.75479976236386,34.936487286600936]],[[135.7548349202215,34.936487286600936],[135.7548173412927,34.9352693801849]],[[135.7548173412927,34.9352693801849],[135.75443060485864,34.93455893477554]],[[135.74687166546616,34.935715945870776],[135.74683650760852,34.935715945870776]],[[135.74681892867972,34.93866936892967],[135.74815492727,34.93866936892967]],[[135.74815492727,34.93866936892967],[135.74827797977176,34.93866936892967]],[[135.74827797977176,34.93866936892967],[135.74873503192106,34.937654446916305]],[[135.74938545228738,34.936507585041205],[135.74943818907386,34.936477137380805]],[[135.74943818907386,34.936477137380805],[135.74945576800266,34.935705796650645]],[[135.74945576800266,34.935705796650645],[135.74936787335858,34.935705796650645]],[[135.74936787335858,34.935705796650645],[135.74687166546616,34.935715945870776]],[[135.78802393783315,34.92144614236285],[135.78696920210396,34.92047181723002],[135.7855804667272,34.92138524704205],[135.78255689097023,34.91969032727973]],[[135.78255689097023,34.91969032727973],[135.78185373381743,34.92047181723002]],[[135.78185373381743,34.92047181723002],[135.7820998388209,34.92173032052659],[135.7851409935067,34.92376016455333]],[[135.7851409935067,34.92376016455333],[135.78710983353452,34.922237781533276]],[[135.78710983353452,34.922237781533276],[135.78802393783315,34.92144614236285]],[[135.74419966828557,34.92762701742425],[135.7445864047196,34.923394792628514]],[[135.7445864047196,34.923394792628514],[135.741914407539,34.923333897307714]],[[135.741914407539,34.923333897307714],[135.74196714432546,34.92780970338666]],[[135.74196714432546,34.92780970338666],[135.74419966828557,34.92762701742425]],[[135.73845135856152,34.93152431795558],[135.7398576728671,34.9322855094656]],[[135.7398576728671,34.9322855094656],[135.74302188005464,34.9321941664844]],[[135.74302188005464,34.9321941664844],[135.74212535468484,34.930803723326086]],[[135.74212535468484,34.930803723326086],[135.73964672572126,34.930834170986486]],[[135.76594480323558,34.93298580565482],[135.76592722430675,34.93336132679977]],[[135.76592722430675,34.93336132679977],[135.76684132860538,34.9352693801849]],[[135.76684132860538,34.9352693801849],[135.76786090647693,34.93528967862516]],[[135.76786090647693,34.93528967862516],[135.76791364326337,34.93516788798356]],[[135.76791364326337,34.93516788798356],[135.76798395897868,34.93300610409509]],[[135.76798395897868,34.93300610409509],[135.76768511718873,34.93245804620787]],[[135.76768511718873,34.93245804620787],[135.76657764467308,34.93257983684948]],[[135.7534989216312,34.93142282575424],[135.7534813427024,34.93366580340378]],[[135.75443060485864,34.93455893477554],[135.75476460450622,34.93383834014605]],[[135.75476460450622,34.93383834014605],[135.75476460450622,34.93250879230854]],[[135.75476460450622,34.93250879230854],[135.75476460450622,34.93155476561598]],[[135.75476460450622,34.93155476561598],[135.75406144735345,34.93143297497437]],[[135.75905386313823,34.935573856788906],[135.7575948120462,34.935594155229175]],[[135.7575948120462,34.935594155229175],[135.75631155024237,34.935878333392914]],[[135.75631155024237,34.935878333392914],[135.7563467081,34.93641624206]],[[135.7563467081,34.93641624206],[135.75638186595765,34.936619226462675]],[[135.75638186595765,34.936619226462675],[135.75951091528756,34.936477137380805]],[[135.73739662283234,34.915610340785996],[135.7375372542629,34.91432138982903]],[[135.7375372542629,34.91432138982903],[135.7348828360111,34.91230169502243],[135.7320174706135,34.91099244562518]],[[135.7320174706135,34.91099244562518],[135.7321756809729,34.915600191565865]],[[135.7321756809729,34.915600191565865],[135.7331776799156,34.915620490006134]],[[135.7331776799156,34.915620490006134],[135.73739662283234,34.915610340785996]],[[135.7628684906921,34.932995954874954],[135.7628509117633,34.932681329050816]],[[135.7628509117633,34.932681329050816],[135.76181375496293,34.93233625556627]],[[135.76181375496293,34.93233625556627],[135.76146217638654,34.9323464047864]],[[135.76146217638654,34.9323464047864],[135.76093480852194,34.9333105806991]],[[135.76155007103065,34.93351356510178],[135.7628509117633,34.9333105806991]],[[135.7579463906226,34.92861149177722],[135.75817491669724,34.92886522228056]],[[135.7591065999247,34.92863179021748],[135.7591944945688,34.9281547768712]],[[135.7591944945688,34.9281547768712],[135.75921207349762,34.92739358536118]],[[135.75921207349762,34.92739358536118],[135.75629397131354,34.92738343614104]],[[135.75629397131354,34.92738343614104],[135.75682133917815,34.92772850962559]],[[135.75682133917815,34.92772850962559],[135.7579463906226,34.92861149177722]],[[135.76288606962095,34.93528967862516],[135.76256964890217,34.93495475436075]],[[135.76256964890217,34.93495475436075],[135.76179617603412,34.934873560599684]],[[135.77197437582075,34.964529581830234],[135.77146458688497,34.96516898269866]],[[135.77146458688497,34.96516898269866],[135.77406626835028,34.965361817881195]],[[135.77406626835028,34.965361817881195],[135.77404868942148,34.96468182013224]],[[135.77404868942148,34.96468182013224],[135.77197437582075,34.964529581830234]],[[135.73651767639134,34.92679478137329],[135.7351465199434,34.926886124354496]],[[135.73409178421423,34.92737328692091],[135.73410936314306,34.92741388380144]],[[135.73410936314306,34.92741388380144],[135.73498830958403,34.92842880581481]],[[135.73498830958403,34.92842880581481],[135.73651767639134,34.92679478137329]],[[135.71443854179378,34.928114179990665],[135.71334864820696,34.931138647590494],[135.71442096286495,34.93141267653411],[135.7144561207226,34.93583773651238],[135.7168644339709,34.93687295696601]],[[135.72315769048836,34.93693385228681],[135.72401905800052,34.93392968312725],[135.725337477662,34.933757146384984]],[[135.725337477662,34.933757146384984],[135.72528474087554,34.93298580565482]],[[135.72528474087554,34.93298580565482],[135.72110095581644,34.928915968381226]],[[135.77376742656034,34.946666954395],[135.77302911154993,34.94446457362599]],[[135.77302911154993,34.94446457362599],[135.7730115326211,34.94446457362599]],[[135.74216051254248,34.95075709010886],[135.74207261789837,34.952929023217465],[135.7436019847057,34.95355827486575]],[[135.72197990225743,34.91287005134991],[135.7215931658234,34.91304258809218]],[[135.7215931658234,34.91304258809218],[135.72162832368105,34.91317452795392]],[[135.72162832368105,34.91317452795392],[135.72372021621058,34.91432138982903]],[[135.72372021621058,34.91432138982903],[135.7248980044415,34.913641392080066]],[[135.7248980044415,34.913641392080066],[135.72197990225743,34.91287005134991]],[[135.72029232509075,34.8866343173044],[135.71974737829734,34.885984767215845],[135.71545811966533,34.88616745317825]],[[135.71545811966533,34.88616745317825],[135.71547569859413,34.88710118143055],[135.71187201818609,34.88717222597148],[135.7120478074743,34.89323131039128],[135.70997349387358,34.89270355094433],[135.70944612600897,34.8940229495617]],[[135.70944612600897,34.8940229495617],[135.71718085468964,34.8959513013871]],[[135.71718085468964,34.8959513013871],[135.71832348506294,34.8938098159389],[135.7162491714622,34.89331250415235],[135.71711053897437,34.89170892737123],[135.71985285187026,34.89279489392553],[135.72145253439285,34.888978787155274],[135.71923758936157,34.888034909682844],[135.72029232509075,34.8866343173044]],[[135.7713063765256,34.951822758222896],[135.7721150072513,34.95177201212223],[135.77243142797005,34.9487779921828]],[[135.77044500901343,34.949082468786806],[135.7708669033051,34.95069619478806]],[[135.7708669033051,34.95069619478806],[135.7713063765256,34.951822758222896]],[[135.73187683918295,34.92748492834238],[135.730312314518,34.92576971013979]],[[135.72528474087554,34.93298580565482],[135.72846652699192,34.932803119692416],[135.72983768343985,34.93115894603076]],[[135.75871986349065,34.93833444466526],[135.75935270492818,34.93827354934446]],[[135.75935270492818,34.93827354934446],[135.75917691563998,34.937634148476036]],[[135.75887807385004,34.93697444916735],[135.75766512776147,34.93700489682775]],[[135.74196714432546,34.92780970338666],[135.74212535468484,34.93078342488582]],[[135.74212535468484,34.93078342488582],[135.74418208935674,34.930935663187825]],[[135.74418208935674,34.930935663187825],[135.74419966828557,34.92762701742425]],[[135.75290123805135,34.93140252731397],[135.7529539748378,34.93140252731397]],[[135.75130155552876,34.931057453829425],[135.75137187124403,34.93253923996894]],[[135.75137187124403,34.93253923996894],[135.7516179762475,34.93269147827095]],[[135.7516179762475,34.93269147827095],[135.75195197589508,34.93275237359175]],[[135.72850168484956,34.94170398574963],[135.72526716194673,34.9417242841899]],[[135.72493316229915,34.94266816166233],[135.72431789979046,34.9448299455508]],[[135.736746202466,34.944505170506524],[135.7374493596188,34.9417851795107]],[[135.7374493596188,34.9417851795107],[135.737625148907,34.94097324190001]],[[135.73447852064825,34.941541598227495],[135.7328964170545,34.941399509145626]],[[135.76376501606194,34.938730264250474],[135.76300912212267,34.93874041347061]],[[135.76300912212267,34.93874041347061],[135.7630267010515,34.93984667846518]],[[135.7630267010515,34.93984667846518],[135.76378259499074,34.93983652924504]],[[135.7581397588396,34.93264073217028],[135.75710260203925,34.93124013979183]],[[135.75710260203925,34.93124013979183],[135.75710260203925,34.930103427136864]],[[135.75710260203925,34.930103427136864],[135.75613576095418,34.930103427136864]],[[135.75613576095418,34.930103427136864],[135.75622365559826,34.93117924447103]],[[135.75622365559826,34.93117924447103],[135.7562412345271,34.93252909074881]],[[135.7562412345271,34.93295535799442],[135.75710260203925,34.932945208774285]],[[135.7516179762475,34.93269147827095],[135.75137187124403,34.935573856788906]],[[135.75137187124403,34.935573856788906],[135.75138945017284,34.935695647430514]],[[135.7369044128254,34.93069208190462],[135.73498830958403,34.92842880581481]],[[135.73410936314306,34.92741388380144],[135.73284368026802,34.92826641829267]],[[135.76515375143867,34.93528967862516],[135.76522406715395,34.93528967862516]],[[135.76522406715395,34.93528967862516],[135.7652592250116,34.93418341363059]],[[135.7651889092963,34.93418341363059],[135.76441543642827,34.93418341363059]],[[135.76441543642827,34.93418341363059],[135.76441543642827,34.93528967862516]],[[135.76441543642827,34.93528967862516],[135.76515375143867,34.93528967862516]],[[135.7644505942859,34.936426391280136],[135.76441543642827,34.93528967862516]],[[135.76441543642827,34.93528967862516],[135.7640286999942,34.93528967862516]],[[135.7640286999942,34.93528967862516],[135.76365954248902,34.93528967862516]],[[135.76796638004984,34.930763126445555],[135.7681070114804,34.930773275665686]],[[135.7681070114804,34.930773275665686],[135.76826522183978,34.93078342488582]],[[135.76826522183978,34.93078342488582],[135.76933753649777,34.93141267653411]],[[135.76933753649777,34.93141267653411],[135.77046258794223,34.93155476561598]],[[135.77046258794223,34.93155476561598],[135.770779008661,34.92986999507379],[135.7679312221922,34.930103427136864]],[[135.7549228148656,34.93740071641297],[135.755081025225,34.938547578288066]],[[135.75576660344896,34.938517130627666],[135.7557138666625,34.9373499703123]],[[135.73750209640525,34.92677448293303],[135.73651767639134,34.92679478137329]],[[135.75620607666946,34.933787594045384],[135.75622365559826,34.93492430670035]],[[135.75622365559826,34.93492430670035],[135.75754207525975,34.93494460514062]],[[135.75754207525975,34.93494460514062],[135.7590187052806,34.934843112939284]],[[135.77735352803958,34.95217798092757],[135.77640426588331,34.95222872702824]],[[135.77640426588331,34.95222872702824],[135.77635152909684,34.954786330501925]],[[135.77635152909684,34.954786330501925],[135.7773007912531,34.95468483830059]],[[135.7773007912531,34.95468483830059],[135.7784434216264,34.95442095857711]],[[135.77779300126008,34.952157682487304],[135.77735352803958,34.95217798092757]],[[135.72322800620364,34.91807660127848],[135.72117127153172,34.91402706244515]],[[135.71486043608544,34.91916256783278],[135.71501864644483,34.92307001758424],[135.7159679086011,34.92407479037747]],[[135.72561874052312,34.92081689071457],[135.72322800620364,34.91807660127848]],[[135.7516179762475,34.938649070489404],[135.74880534763633,34.93866936892967]],[[135.74880534763633,34.93866936892967],[135.75042260908776,34.94012070740879]],[[135.77192163903428,34.933716549504446],[135.77032195651168,34.93317864083736]],[[135.77032195651168,34.93317864083736],[135.76868711613145,34.934731471517814]],[[135.76868711613145,34.934731471517814],[135.7709547979492,34.93538102160637]],[[135.7709547979492,34.93538102160637],[135.77192163903428,34.933716549504446]],[[135.75710260203925,34.930103427136864],[135.75835070598546,34.930083128696594]],[[135.75821007455488,34.92958581691005],[135.75733112811392,34.92958581691005]],[[135.75733112811392,34.92958581691005],[135.75566112987605,34.92963656301072]],[[135.75566112987605,34.92963656301072],[135.75613576095418,34.930103427136864]],[[135.78992246214568,34.91872615136703],[135.78972909392866,34.919456895216655]],[[135.78972909392866,34.919456895216655],[135.78802393783315,34.92144614236285]],[[135.78710983353452,34.922237781533276],[135.78893804213178,34.923344046527845],[135.78702193889043,34.92790104636786]],[[135.78702193889043,34.92790104636786],[135.78712741246335,34.93066163424422]],[[135.78712741246335,34.93066163424422],[135.7936140371978,34.93133148277304]],[[135.7936140371978,34.93133148277304],[135.7917155128853,34.92949447392884],[135.79203193360405,34.92752552522291],[135.79095961894603,34.92556672573712],[135.79120572394953,34.9229989730433],[135.79032677750854,34.9228771824017],[135.78992246214568,34.91872615136703]],[[135.74796155905298,34.93275237359175],[135.74940303121622,34.932772672032016]],[[135.74940303121622,34.932772672032016],[135.75137187124403,34.93253923996894]],[[135.75114334516937,34.931047304609294],[135.74936787335858,34.930864618646886]],[[135.74757482261896,34.93106760304956],[135.74796155905298,34.93275237359175]],[[135.72029232509075,34.8866343173044],[135.72282369084078,34.887669537758036],[135.72730631768982,34.88641103446146],[135.72904663164297,34.884837905340746],[135.72760515947974,34.88270656911268],[135.7296091573652,34.880230159400064],[135.73286125919685,34.87789583876932],[135.7322811545458,34.87519614621377],[135.72514410944498,34.880017025777256],[135.7210657979588,34.88095075402955],[135.71528233037714,34.883183582458955],[135.71545811966533,34.88616745317825]],[[135.7845081520692,34.93039775452074],[135.78296120633306,34.93025566543887]],[[135.78296120633306,34.93025566543887],[135.7829787852619,34.93147357185491]],[[135.7829787852619,34.93147357185491],[135.78347099526883,34.93244789698774]],[[135.78347099526883,34.93244789698774],[135.78420931027927,34.93301625331522]],[[135.78420931027927,34.93301625331522],[135.78501794100498,34.93358460964271]],[[135.78501794100498,34.93358460964271],[135.78614299244944,34.93142282575424]],[[135.78614299244944,34.93142282575424],[135.78508825672026,34.93045864984154]],[[135.78508825672026,34.93045864984154],[135.7845081520692,34.93039775452074]],[[135.78893804213178,34.93172730235825],[135.78619572923589,34.9311995429113]],[[135.78619572923589,34.9311995429113],[135.78614299244944,34.93142282575424]],[[135.78501794100498,34.93358460964271],[135.78515857243553,34.933675952623915]],[[135.78515857243553,34.933675952623915],[135.78737351746682,34.93363535574338]],[[135.78737351746682,34.93363535574338],[135.7891489892776,34.93325983459843]],[[135.7891489892776,34.93325983459843],[135.78893804213178,34.93172730235825]],[[135.74221324932896,34.93577684119158],[135.7422484071866,34.93610161623586]],[[135.7422484071866,34.93610161623586],[135.74256482790534,34.938588175168604]],[[135.74367230042097,34.935695647430514],[135.74221324932896,34.93577684119158]],[[135.76297396426503,34.937593551595505],[135.76295638533622,34.93789802819951]],[[135.76295638533622,34.93789802819951],[135.76299154319386,34.93874041347061]],[[135.76299154319386,34.93874041347061],[135.76300912212267,34.93874041347061]],[[135.73653525532018,34.91872615136703],[135.73739662283234,34.915610340785996]],[[135.7331776799156,34.915620490006134],[135.73363473206493,34.91867540526636]],[[135.73363473206493,34.91867540526636],[135.73653525532018,34.91872615136703]],[[135.7580342852667,34.92089808447564],[135.75650491845937,34.91930465691465]],[[135.75650491845937,34.91930465691465],[135.75474702557742,34.92164912676552],[135.75502828843852,34.923942850515736]],[[135.75502828843852,34.923942850515736],[135.75617091881182,34.924024044276806]],[[135.75617091881182,34.924024044276806],[135.75629397131354,34.92177091740713],[135.7580342852667,34.92089808447564]],[[135.73149010274892,34.919862864022],[135.73022441987388,34.91864495760596]],[[135.73022441987388,34.91864495760596],[135.7294157891482,34.92005569920454],[135.73164831310828,34.92098942745684],[135.72955642057875,34.92173032052659]],[[135.72955642057875,34.92173032052659],[135.73025957773152,34.92267419799902]],[[135.73275578562394,34.92108077043804],[135.73149010274892,34.919862864022]],[[135.7803243670101,34.926967318115565],[135.78171310238687,34.925942246882066]],[[135.78171310238687,34.925942246882066],[135.7794981573556,34.92294822694264]],[[135.7794981573556,34.92294822694264],[135.77680858124617,34.92289748084197]],[[135.7652592250116,34.93412251830979],[135.76524164608279,34.933594758862846]],[[135.76524164608279,34.933594758862846],[135.7651713303675,34.93298580565482]],[[135.7651713303675,34.93298580565482],[135.7644681732147,34.93298580565482]],[[135.7644681732147,34.93298580565482],[135.76438027857063,34.93418341363059]],[[135.76438027857063,34.93418341363059],[135.76441543642827,34.93418341363059]],[[135.76295638533622,34.93789802819951],[135.7623059649699,34.93944070965983]],[[135.7623059649699,34.93944070965983],[135.76299154319386,34.93874041347061]],[[135.74687166546616,34.935715945870776],[135.74695956011027,34.933939832347384]],[[135.74695956011027,34.933939832347384],[135.74602787688283,34.933939832347384]],[[135.74602787688283,34.933939832347384],[135.74499072008246,34.933777444825246]],[[135.74499072008246,34.933777444825246],[135.7450258779401,34.935715945870776]],[[135.75137187124403,34.935573856788906],[135.74945576800266,34.935705796650645]],[[135.74943818907386,34.936477137380805],[135.75140702910167,34.936477137380805]],[[135.72955642057875,34.92173032052659],[135.7278336855544,34.91863480838583]],[[135.7278336855544,34.91863480838583],[135.72561874052312,34.92081689071457]],[[135.72199748118626,34.900244421503636],[135.71735664397784,34.899351290131875]],[[135.71735664397784,34.899351290131875],[135.71646011860804,34.89964561751575]],[[135.71646011860804,34.89964561751575],[135.71635464503512,34.89983845269829]],[[135.71635464503512,34.89983845269829],[135.71769064362542,34.90282232341759]],[[135.71769064362542,34.90282232341759],[135.71914969471746,34.90268023433572],[135.72199748118626,34.900244421503636]],[[135.76413417356713,34.927190600958504],[135.76387048963485,34.927221048618904]],[[135.76387048963485,34.927221048618904],[135.76365954248902,34.9281243292108]],[[135.76365954248902,34.929859845853656],[135.7642748049977,34.929849696633525]],[[135.7642748049977,34.929849696633525],[135.76413417356713,34.927190600958504]],[[135.71769064362542,34.90282232341759],[135.71389359500037,34.90548141909261]],[[135.7252495830179,34.90154352168074],[135.72199748118626,34.900244421503636]],[[135.77462879407253,34.921253307180315],[135.77455847835725,34.92118226263938]],[[135.77455847835725,34.92118226263938],[135.77380258441798,34.920431220349485]],[[135.77380258441798,34.920431220349485],[135.77462879407253,34.921253307180315]],[[135.7452895618724,34.94405860482065],[135.74532471973004,34.94635232857085]],[[135.74711777046966,34.946311731690315],[135.74820766405648,34.946230537929246]],[[135.7655229089439,34.93266103061055],[135.7651713303675,34.93298580565482]],[[135.76524164608279,34.933594758862846],[135.7655229089439,34.93404132454872]],[[135.7655229089439,34.93404132454872],[135.7658920664491,34.93405147376886]],[[135.7658920664491,34.93405147376886],[135.76592722430675,34.93336132679977]],[[135.75792881169377,34.94548964485949],[135.75778818026322,34.94552009251989]],[[135.75782333812086,34.947143967741276],[135.75842102170074,34.947174415401676]],[[135.75842102170074,34.947174415401676],[135.7606183878032,34.94659590985406]],[[135.75650491845937,34.91930465691465],[135.7539383948517,34.918310033341555]],[[135.7539383948517,34.918310033341555],[135.75160039731867,34.91767063247313]],[[135.75160039731867,34.91767063247313],[135.75212776518327,34.92733269004037]],[[135.75212776518327,34.92733269004037],[135.75281334340724,34.92736313770077]],[[135.75281334340724,34.92736313770077],[135.75495797272325,34.92736313770077]],[[135.75495797272325,34.92736313770077],[135.75504586736733,34.92736313770077]],[[135.75504586736733,34.92736313770077],[135.75578418237777,34.925972694542466]],[[135.75578418237777,34.925972694542466],[135.7558017613066,34.925942246882066]],[[135.7558017613066,34.925942246882066],[135.75502828843852,34.923942850515736]],[[135.76886290541964,34.95234036844971],[135.7690738525655,34.95314215684027]],[[135.7690738525655,34.95314215684027],[135.7697945886471,34.953132007620134]],[[135.7697945886471,34.953132007620134],[135.77181616546136,34.953872900689895]],[[135.77181616546136,34.953872900689895],[135.77164037617317,34.95274633725506]],[[135.77164037617317,34.95274633725506],[135.77137669224086,34.95217798092757]],[[135.77137669224086,34.95217798092757],[135.77048016687107,34.952188130147704]],[[135.77048016687107,34.952188130147704],[135.76886290541964,34.95234036844971]],[[135.74847134798875,34.92749507756251],[135.74836587441584,34.92772850962559]],[[135.7398576728671,34.9322855094656],[135.74117609252858,34.9333714760199]],[[135.74117609252858,34.9333714760199],[135.74391840542447,34.93338162524004]],[[135.74391840542447,34.93338162524004],[135.74302188005464,34.9321941664844]],[[135.7445688257908,34.91720376834698],[135.74463914150607,34.920116594525346],[135.74927997871447,34.92218703543261],[135.74926239978566,34.923059868364106]],[[135.74926239978566,34.923059868364106],[135.74927997871447,34.92571896403912]],[[135.74927997871447,34.92571896403912],[135.74926239978566,34.92729209315984]],[[135.74926239978566,34.92729209315984],[135.75212776518327,34.92733269004037]],[[135.75160039731867,34.91767063247313],[135.7445688257908,34.91720376834698]],[[135.74391840542447,34.933787594045384],[135.74391840542447,34.93338162524004]],[[135.74117609252858,34.9333714760199],[135.7413870396744,34.93396013078765]],[[135.7413870396744,34.93396013078765],[135.74219567040012,34.934802516058745]],[[135.74219567040012,34.934802516058745],[135.74391840542447,34.933787594045384]],[[135.7413870396744,34.93396013078765],[135.74054325109108,34.93414281675006]],[[135.74105304002683,34.93622340687746],[135.7422484071866,34.93610161623586]],[[135.74221324932896,34.93577684119158],[135.74219567040012,34.934802516058745]],[[135.74880534763633,34.93866936892967],[135.7485065058464,34.938659219709535]],[[135.7485065058464,34.938659219709535],[135.74827797977176,34.93866936892967]],[[135.74815492727,34.93866936892967],[135.7481373483412,34.940333841031595]],[[135.7481373483412,34.940333841031595],[135.7500182937249,34.94014100584905]],[[135.76260480675984,34.95655229480518],[135.7612512292407,34.95631886274211]],[[135.7762108976663,34.95726274021454],[135.77485732014716,34.957871693422554]],[[135.77485732014716,34.957871693422554],[135.7746112151437,34.9593027334614]],[[135.7746112151437,34.9593027334614],[135.77733594911075,34.95934333034194]],[[135.77733594911075,34.95934333034194],[135.77749415947014,34.95889676465605]],[[135.77749415947014,34.95889676465605],[135.7762108976663,34.95726274021454]],[[135.72528474087554,34.93298580565482],[135.72864231628012,34.93621325765733]],[[135.72864231628012,34.93621325765733],[135.73224599668816,34.935665199770106]],[[135.7644505942859,34.936426391280136],[135.7650658567946,34.936395943619736]],[[135.7650658567946,34.936395943619736],[135.76515375143867,34.93528967862516]],[[135.72372021621058,34.91432138982903],[135.72442337336338,34.91483900005584]],[[135.72572421409603,34.91546825170413],[135.72582968766895,34.913600795199535]],[[135.72582968766895,34.913600795199535],[135.7248980044415,34.913641392080066]],[[135.75710260203925,34.93124013979183],[135.75831554812783,34.9313213335529]],[[135.75831554812783,34.9313213335529],[135.75842102170074,34.9313213335529]],[[135.75842102170074,34.9313213335529],[135.7583858638431,34.930083128696594]],[[135.72864231628012,34.93621325765733],[135.72887084235478,34.93643654050027]],[[135.77455847835725,34.94839232181772],[135.7753143722965,34.94933619929015],[135.77549016158468,34.95233021922958]],[[135.77549016158468,34.95233021922958],[135.77640426588331,34.95222872702824]],[[135.77735352803958,34.95217798092757],[135.77705468624964,34.95133559565648]],[[135.77705468624964,34.95133559565648],[135.77652731838504,34.95045261350485]],[[135.77652731838504,34.95045261350485],[135.7764745815986,34.950168435341105]],[[135.7764745815986,34.950168435341105],[135.77517374086594,34.948219785075445]],[[135.72338621656303,34.94768187640836],[135.72233148083384,34.9488084398432],[135.72415968943108,34.9497117204351],[135.72762273840857,34.94967112355456],[135.72771063305268,34.95063529946726],[135.73064631416557,34.95049321038539],[135.73280852241038,34.95153858005915],[135.73639462388962,34.94581441990377]],[[135.7396643046501,34.92378046299359],[135.73987525179592,34.922308826074214]],[[135.73987525179592,34.922308826074214],[135.7364825185337,34.91971062571999]],[[135.7364825185337,34.91971062571999],[135.7359375717403,34.92070524929309]],[[135.75569628773368,34.928915968381226],[135.75569628773368,34.929169698884564]],[[135.75569628773368,34.929169698884564],[135.75566112987605,34.92963656301072]],[[135.75733112811392,34.92958581691005],[135.75729597025628,34.928987012922164]],[[135.75729597025628,34.928987012922164],[135.75704986525278,34.928987012922164]],[[135.75704986525278,34.928987012922164],[135.75569628773368,34.928915968381226]],[[135.7321053652576,34.915610340785996],[135.7321756809729,34.915600191565865]],[[135.7320174706135,34.91099244562518],[135.73126157667426,34.91056617837957]],[[135.73126157667426,34.91056617837957],[135.73127915560306,34.9125046794251],[135.7301365252298,34.91341810923713]],[[135.7301365252298,34.91341810923713],[135.7308572613114,34.915590042345734]],[[135.7308572613114,34.915590042345734],[135.7321053652576,34.915610340785996]],[[135.7644681732147,34.93298580565482],[135.76367712141783,34.93298580565482]],[[135.76367712141783,34.93298580565482],[135.76362438463136,34.93298580565482]],[[135.7636419635602,34.93420371207086],[135.76365954248902,34.93420371207086]],[[135.76365954248902,34.93420371207086],[135.76438027857063,34.93418341363059]],[[135.7575948120462,34.935594155229175],[135.75754207525975,34.93494460514062]],[[135.75622365559826,34.93492430670035],[135.7562588134559,34.93527952940503]],[[135.7562588134559,34.93527952940503],[135.75631155024237,34.935878333392914]],[[135.71635464503512,34.89983845269829],[135.71433306822087,34.90155367090088],[135.71287401712883,34.90170590920289]],[[135.71287401712883,34.90170590920289],[135.70844412706626,34.90349217194641]],[[135.7651889092963,34.94832127727678],[135.766489750029,34.95032067364311]],[[135.766489750029,34.95032067364311],[135.7667885918189,34.95030037520284]],[[135.76715774932413,34.95145738629808],[135.76742143325643,34.95251290519198]],[[135.76742143325643,34.95251290519198],[135.76886290541964,34.95234036844971]],[[135.76886290541964,34.95234036844971],[135.7685464847009,34.9509499252914]],[[135.74873503192106,34.937705193016974],[135.7485065058464,34.938659219709535]],[[135.7206263247383,34.90815066398776],[135.71983527294142,34.909947075951415]],[[135.71983527294142,34.909947075951415],[135.7204505354501,34.909936926731284]],[[135.7204505354501,34.909936926731284],[135.7206263247383,34.90815066398776]],[[135.7787246844875,34.954593495319386],[135.7773007912531,34.95468483830059]],[[135.77635152909684,34.954786330501925],[135.7758593190899,34.954857375042856]],[[135.7758593190899,34.954857375042856],[135.77564837194407,34.95510095632606]],[[135.77564837194407,34.95510095632606],[135.77564837194407,34.95589259549649]],[[135.77564837194407,34.95589259549649],[135.78000794629136,34.95663348856625]],[[135.78000794629136,34.95663348856625],[135.78011341986428,34.95633916118237]],[[135.78011341986428,34.95633916118237],[135.78028920915247,34.955801252515286]],[[135.78028920915247,34.955801252515286],[135.78037710379658,34.95556782045222]],[[135.78037710379658,34.95556782045222],[135.78053531415594,34.95506035944553]],[[135.78053531415594,34.95506035944553],[135.78028920915247,34.95443110779725]],[[135.78028920915247,34.95443110779725],[135.7787246844875,34.954593495319386]],[[135.74212535468484,34.93078342488582],[135.74212535468484,34.930803723326086]],[[135.74391840542447,34.933787594045384],[135.74499072008246,34.933777444825246]],[[135.74602787688283,34.933939832347384],[135.746010297954,34.931027006169025]],[[135.746010297954,34.931027006169025],[135.74418208935674,34.930935663187825]],[[135.74940303121622,34.932772672032016],[135.74936787335858,34.935705796650645]],[[135.76067112458966,34.93172730235825],[135.76031954601325,34.931737451578385]],[[135.76033712494208,34.932945208774285],[135.76067112458966,34.93172730235825]],[[135.70944612600897,34.8940229495617],[135.7089363370732,34.895413392720016],[135.70559634059745,34.89487548405293],[135.70290676448803,34.89906711196814],[135.70540297238043,34.9000515863211]],[[135.71287401712883,34.90170590920289],[135.71549327752297,34.899229499490275],[135.71718085468964,34.8959513013871]],[[135.76378259499074,34.93983652924504],[135.76383533177722,34.94103413722082]],[[135.76383533177722,34.94103413722082],[135.76459122571646,34.94100368956041]],[[135.7446918782925,34.92338464340838],[135.7445864047196,34.923394792628514]],[[135.746010297954,34.931027006169025],[135.74564114044878,34.92867238709802]],[[135.74564114044878,34.92867238709802],[135.7455708247335,34.92532314445391],[135.7446918782925,34.92338464340838]],[[135.76239385961398,34.94094279423961],[135.7624114385428,34.94102398800068]],[[135.7630267010515,34.93984667846518],[135.76234112282754,34.94015115506919]],[[135.76467912036054,34.94213025299525],[135.7639056474925,34.94215055143552]],[[135.74796155905298,34.93275237359175],[135.74695956011027,34.933939832347384]],[[135.757225654541,34.938395339986066],[135.75657523417465,34.9384359368666]],[[135.75682133917815,34.93980608158464],[135.75729597025628,34.93980608158464]],[[135.72669105518113,34.91658466591883],[135.72648010803528,34.916523770598026]],[[135.7280094748426,34.918523166964356],[135.72669105518113,34.91658466591883]],[[135.76866953720264,34.948169038974775],[135.76866953720264,34.94839232181772]],[[135.76866953720264,34.94839232181772],[135.76903869470786,34.950026346259236]],[[135.76903869470786,34.950026346259236],[135.76956606257244,34.949955301718305]],[[135.77164037617317,34.95914034593926],[135.77162279724433,34.957902141082954]],[[135.77162279724433,34.957902141082954],[135.7707965875898,34.95789199186282]],[[135.7707965875898,34.95789199186282],[135.77072627187454,34.95923168892047]],[[135.77072627187454,34.95923168892047],[135.770779008661,34.95923168892047]],[[135.770779008661,34.95923168892047],[135.77164037617317,34.95914034593926]],[[135.75622365559826,34.93117924447103],[135.75515134094027,34.93117924447103]],[[135.75515134094027,34.93117924447103],[135.75515134094027,34.93140252731397]],[[135.75515134094027,34.93140252731397],[135.75516891986908,34.93250879230854]],[[135.75516891986908,34.93250879230854],[135.7553622880861,34.93253923996894]],[[135.76012617779625,34.93983652924504],[135.75935270492818,34.93827354934446]],[[135.77000553579293,34.9145852695525],[135.76858164255853,34.91899003109051],[135.7696187993589,34.91970047649986]],[[135.7696187993589,34.91970047649986],[135.7699703779353,34.91975122260053]],[[135.7699703779353,34.91975122260053],[135.7735564794145,34.92020793750655]],[[135.7735564794145,34.92020793750655],[135.77357405834334,34.92009629608508]],[[135.77357405834334,34.92009629608508],[135.77294121690582,34.92001510232401],[135.77290605904818,34.91677750110137],[135.77000553579293,34.9145852695525]],[[135.7716755340308,34.95565916343342],[135.7708493243763,34.95565916343342]],[[135.7708493243763,34.95565916343342],[135.7707965875898,34.956592891685716]],[[135.7707965875898,34.956592891685716],[135.7707965875898,34.956836472968924]],[[135.7707965875898,34.956836472968924],[135.7716755340308,34.95680602530852]],[[135.7716755340308,34.95680602530852],[135.7716931129596,34.95660304090585]],[[135.7716931129596,34.95660304090585],[135.7716755340308,34.95565916343342]],[[135.7627454381904,34.952939172437596],[135.76139186067127,34.95342633500401]],[[135.76341343748553,34.95655229480518],[135.76362438463136,34.956562444025316]],[[135.75638186595765,34.936619226462675],[135.756540076317,34.93689325540628]],[[135.756540076317,34.93689325540628],[135.75689165489342,34.93702519526802]],[[135.74518408829948,34.940618019195334],[135.7481373483412,34.940333841031595]],[[135.756540076317,34.93689325540628],[135.75627639238473,34.93729922421163]],[[135.75627639238473,34.93729922421163],[135.75657523417465,34.9384359368666]],[[135.72593516124186,34.911824681676144],[135.72582968766895,34.913600795199535]],[[135.7264976869641,34.916462875277226],[135.72716568625927,34.9146157172129],[135.7301365252298,34.91341810923713]],[[135.78972909392866,34.919456895216655],[135.7847718360015,34.91709212692551]],[[135.7847718360015,34.91709212692551],[135.78255689097023,34.91969032727973]],[[135.75852649527366,34.91628018931482],[135.75576660344896,34.91526526730146]],[[135.75576660344896,34.91526526730146],[135.75291881698016,34.914656314093435]],[[135.75291881698016,34.914656314093435],[135.7539383948517,34.918310033341555]],[[135.7580342852667,34.92089808447564],[135.7584034427719,34.921283754840715]],[[135.72197990225743,34.91287005134991],[135.72162832368105,34.91212915828015]],[[135.7205208511654,34.909936926731284],[135.7204505354501,34.909936926731284]],[[135.71983527294142,34.909947075951415],[135.71869264256816,34.9105458799393],[135.7215931658234,34.91304258809218]],[[135.75566112987605,34.92963656301072],[135.75515134094027,34.93064133580395]],[[135.75515134094027,34.93064133580395],[135.75515134094027,34.93117924447103]],[[135.75984491493512,34.928134478430934],[135.7591944945688,34.9281547768712]],[[135.75924723135526,34.93001208415566],[135.75993280957923,34.929951188834856]],[[135.75993280957923,34.929951188834856],[135.75984491493512,34.928134478430934]],[[135.77248416475652,34.92276554098023],[135.7719392179631,34.92426762556001],[135.77046258794223,34.92403419349694]],[[135.77046258794223,34.92403419349694],[135.77018132508113,34.924338670100944]],[[135.77018132508113,34.924338670100944],[135.7693726943554,34.92555657651698]],[[135.7693726943554,34.92555657651698],[135.76977700971827,34.926246723486074]],[[135.76919690506722,34.92734283926051],[135.7695309047148,34.92737328692091]],[[135.7695309047148,34.92737328692091],[135.77204469153602,34.927860449487326]],[[135.77204469153602,34.927860449487326],[135.77248416475652,34.92276554098023]],[[135.7563467081,34.93641624206],[135.75559081416077,34.9364466897204]],[[135.75576660344896,34.937339821092166],[135.75627639238473,34.93729922421163]],[[135.7623059649699,34.93944070965983],[135.7623235438987,34.93984667846518]],[[135.71735664397784,34.899351290131875],[135.72055600902303,34.89844800953998],[135.7173039071914,34.89841756187958],[135.71646011860804,34.89964561751575]],[[135.7551864987979,34.933777444825246],[135.75476460450622,34.93383834014605]],[[135.7548173412927,34.9352693801849],[135.7551864987979,34.93527952940503]],[[135.7551864987979,34.93527952940503],[135.7551864987979,34.933777444825246]],[[135.725337477662,34.933757146384984],[135.72535505659081,34.93687295696601]],[[135.76524164608279,34.938679518149804],[135.76529438286926,34.937593551595505]],[[135.76529438286926,34.937593551595505],[135.76448575214354,34.937583402375374]],[[135.76365954248902,34.93420371207086],[135.7640286999942,34.93528967862516]],[[135.7553798670149,34.933777444825246],[135.7551864987979,34.933777444825246]],[[135.7551864987979,34.93527952940503],[135.7555556563031,34.93527952940503]],[[135.7555556563031,34.93527952940503],[135.7562588134559,34.93527952940503]],[[135.77164037617317,34.95274633725506],[135.77549016158468,34.95233021922958]],[[135.7713063765256,34.951822758222896],[135.77137669224086,34.95217798092757]],[[135.78616057137825,34.953680065507356],[135.784525730998,34.95357857330602]],[[135.784525730998,34.95357857330602],[135.78053531415594,34.95506035944553]],[[135.78037710379658,34.95556782045222],[135.78239868061084,34.956653787006516]],[[135.78239868061084,34.956653787006516],[135.78487730957443,34.95744542617694]],[[135.78487730957443,34.95744542617694],[135.78688130745988,34.9541773772939]],[[135.76255206997337,34.93405147376886],[135.76256964890217,34.93495475436075]],[[135.75907144206707,34.93054999282275],[135.75907144206707,34.931047304609294]],[[135.75907144206707,34.931047304609294],[135.75991523065042,34.93108790148983]],[[135.75991523065042,34.93108790148983],[135.75991523065042,34.93106760304956]],[[135.75991523065042,34.93106760304956],[135.75993280957923,34.93051954516235]],[[135.75993280957923,34.93051954516235],[135.75907144206707,34.93054999282275]],[[135.76156764995946,34.929890293514056],[135.76091722959313,34.929859845853656]],[[135.76091722959313,34.929859845853656],[135.75993280957923,34.929951188834856]],[[135.75880775813476,34.930083128696594],[135.75907144206707,34.93054999282275]],[[135.75993280957923,34.93051954516235],[135.76109301888133,34.930854469426755]],[[135.76109301888133,34.930854469426755],[135.76156764995946,34.929890293514056]],[[135.76067112458966,34.93172730235825],[135.7608996506643,34.93172730235825]],[[135.7608996506643,34.93172730235825],[135.7608996506643,34.931108199930094]],[[135.7608996506643,34.931108199930094],[135.75991523065042,34.93106760304956]],[[135.75991523065042,34.93108790148983],[135.75993280957923,34.93160551171665]],[[135.7364825185337,34.91971062571999],[135.73653525532018,34.91872615136703]],[[135.73363473206493,34.91867540526636],[135.73098031381315,34.91870585292676],[135.73149010274892,34.919862864022]],[[135.77076142973218,34.96128183138747],[135.77070869294573,34.962408394822305]],[[135.77070869294573,34.962408394822305],[135.77151732367142,34.962438842482705]],[[135.77151732367142,34.962438842482705],[135.7715876393867,34.961302129827736]],[[135.7715876393867,34.961302129827736],[135.77076142973218,34.96128183138747]],[[135.7879887799755,34.95226932390877],[135.78921930499288,34.95128484955581]],[[135.78893804213178,34.95038156896391],[135.78756688568384,34.95072664244846]],[[135.78756688568384,34.95072664244846],[135.785211309222,34.95205619028597],[135.7845081520692,34.95338573812348]],[[135.7845081520692,34.95338573812348],[135.784525730998,34.95357857330602]],[[135.76580417180503,34.91445332969076],[135.75894838956532,34.910941699524514]],[[135.75894838956532,34.910941699524514],[135.75692681275106,34.913702287400874]],[[135.75692681275106,34.913702287400874],[135.76100512423724,34.91501153679811],[135.76450333107235,34.9146157172129]],[[135.76450333107235,34.9146157172129],[135.76580417180503,34.91445332969076]],[[135.77454089942842,34.938527279847804],[135.77276542761763,34.937542805494836]],[[135.77276542761763,34.937542805494836],[135.77098995580684,34.937542805494836]],[[135.77098995580684,34.937542805494836],[135.77102511366448,34.93875056269074]],[[135.77102511366448,34.93875056269074],[135.77100753473565,34.93981623080477]],[[135.77100753473565,34.93981623080477],[135.77359163727215,34.93976548470411],[135.77454089942842,34.938527279847804]],[[135.7787246844875,34.954593495319386],[135.7787246844875,34.95453259999858]],[[135.76216533353934,34.92986999507379],[135.76225322818343,34.92854044723628]],[[135.76225322818343,34.92854044723628],[135.7616907024612,34.928083732330265]],[[135.7614445974577,34.92835776127387],[135.76091722959313,34.929859845853656]],[[135.76156764995946,34.929890293514056],[135.76216533353934,34.92986999507379]],[[135.7608996506643,34.931108199930094],[135.76109301888133,34.930854469426755]],[[135.76529438286926,34.937593551595505],[135.7650658567946,34.936395943619736]],[[135.77413658406556,34.961555860331075],[135.77165795510197,34.961302129827736]],[[135.77165795510197,34.961302129827736],[135.7715876393867,34.961302129827736]],[[135.77151732367142,34.962438842482705],[135.77153490260025,34.96302749725046]],[[135.77153490260025,34.96302749725046],[135.77313458512285,34.96306809413099]],[[135.77313458512285,34.96306809413099],[135.77385532120445,34.962641826885374]],[[135.77385532120445,34.962641826885374],[135.77466395193017,34.96193138147602]],[[135.77466395193017,34.96193138147602],[135.77413658406556,34.961555860331075]],[[135.7708669033051,34.95069619478806],[135.77049774579987,34.950767239329]],[[135.77049774579987,34.950767239329],[135.77048016687107,34.952188130147704]],[[135.76729838075468,34.92668313995182],[135.76568111930328,34.92548553197605]],[[135.76568111930328,34.92548553197605],[135.765610803588,34.92729209315984]],[[135.765610803588,34.92729209315984],[135.76599754002203,34.92732254082024]],[[135.76599754002203,34.92732254082024],[135.76729838075468,34.92668313995182]],[[135.77181616546136,34.953872900689895],[135.7716931129596,34.95442095857711]],[[135.7716931129596,34.95442095857711],[135.7754198458694,34.954705136740856]],[[135.7754198458694,34.954705136740856],[135.77549016158468,34.95233021922958]],[[135.77524405658122,34.94670755127553],[135.7749803726489,34.94632188091045]],[[135.7749803726489,34.94632188091045],[135.77492763586244,34.94670755127553]],[[135.77492763586244,34.94670755127553],[135.77524405658122,34.94670755127553]],[[135.741914407539,34.923333897307714],[135.73987525179592,34.922308826074214]],[[135.73961156786362,34.92760671898398],[135.74196714432546,34.92780970338666]],[[135.77016374615232,34.956592891685716],[135.76956606257244,34.95636960884278]],[[135.76956606257244,34.95636960884278],[135.76826522183978,34.95658274246558]],[[135.76826522183978,34.95658274246558],[135.76826522183978,34.95730333709507]],[[135.76826522183978,34.95730333709507],[135.77018132508113,34.95791229030309],[135.77016374615232,34.956592891685716]],[[135.77000553579293,34.9145852695525],[135.77209742832247,34.91409810698608]],[[135.77209742832247,34.91409810698608],[135.7705329036575,34.91344855689753]],[[135.7705329036575,34.91344855689753],[135.77009343043702,34.91410825620622]],[[135.77009343043702,34.91410825620622],[135.76817732719567,34.9178736168758],[135.76826522183978,34.91902047875091]],[[135.76826522183978,34.91902047875091],[135.76830037969742,34.91955838741799]],[[135.76830037969742,34.91955838741799],[135.7696187993589,34.91970047649986]],[[135.7555556563031,34.9364466897204],[135.7555556563031,34.93527952940503]],[[135.75692681275106,34.913702287400874],[135.75286608019368,34.91227124736202],[135.74713534939846,34.91195662153788]],[[135.74713534939846,34.91195662153788],[135.74674861296444,34.91350945221833]],[[135.74674861296444,34.91350945221833],[135.75291881698016,34.914656314093435]],[[135.75576660344896,34.91526526730146],[135.75692681275106,34.913702287400874]],[[135.76684132860538,34.9352693801849],[135.7656986982321,34.9352998278453]],[[135.7656986982321,34.9352998278453],[135.76634911859844,34.937573253155236]],[[135.76634911859844,34.937573253155236],[135.76689406539185,34.937563103935105]],[[135.76689406539185,34.937563103935105],[135.76684132860538,34.9352693801849]],[[135.77485732014716,34.957871693422554],[135.77162279724433,34.95785139498229]],[[135.77162279724433,34.95785139498229],[135.77162279724433,34.957902141082954]],[[135.77164037617317,34.95914034593926],[135.77165795510197,34.959576762405014]],[[135.77165795510197,34.959576762405014],[135.7746112151437,34.9593027334614]],[[135.76336070069908,34.96024661093383],[135.76478459393348,34.96021616327343]],[[135.76478459393348,34.96021616327343],[135.76478459393348,34.959627508505676]],[[135.76478459393348,34.959627508505676],[135.76476701500465,34.956562444025316]],[[135.7836116266994,34.951020969832335],[135.78410383670635,34.94876784296267],[135.7826447856143,34.94932605007001]],[[135.7826447856143,34.94932605007001],[135.78069352451533,34.95078753776926]],[[135.78041226165422,34.95377140848856],[135.78028920915247,34.95443110779725]],[[135.7845081520692,34.95338573812348],[135.7836116266994,34.951020969832335]],[[135.77049774579987,34.950767239329],[135.7685464847009,34.9509499252914]],[[135.76149733424418,34.93172730235825],[135.7608996506643,34.93172730235825]],[[135.76146217638654,34.9323464047864],[135.76149733424418,34.93172730235825]],[[135.7659623821644,34.93164610859718],[135.76597996109322,34.931849092999855]],[[135.76768511718873,34.93245804620787],[135.76770269611754,34.93169685469785]],[[135.78391046848932,34.929768502872456],[135.78296120633306,34.93025566543887]],[[135.7845081520692,34.93039775452074],[135.78391046848932,34.929768502872456]],[[135.7705329036575,34.91344855689753],[135.7608820717355,34.90836379761057]],[[135.7608820717355,34.90836379761057],[135.75894838956532,34.910941699524514]],[[135.76580417180503,34.91445332969076],[135.77009343043702,34.91410825620622]],[[135.76977700971827,34.97196896018821],[135.76777301183282,34.971928363307676]],[[135.76777301183282,34.971928363307676],[135.7676499593311,34.97294328532104]],[[135.7676499593311,34.97294328532104],[135.7690914314943,34.97294328532104]],[[135.7690914314943,34.97294328532104],[135.76977700971827,34.97196896018821]],[[135.77346858477043,34.944281887663585],[135.77302911154993,34.94446457362599]],[[135.77483974121836,34.94671770049566],[135.77492763586244,34.94670755127553]],[[135.7749803726489,34.94632188091045],[135.774874899076,34.94583471834404]],[[135.774874899076,34.94583471834404],[135.77346858477043,34.944281887663585]],[[135.75516891986908,34.93250879230854],[135.75476460450622,34.93250879230854]],[[135.78185373381743,34.92047181723002],[135.78134394488166,34.9208270399347]],[[135.78134394488166,34.9208270399347],[135.7794981573556,34.92178106662726]],[[135.7794981573556,34.92178106662726],[135.77898836841982,34.92213628933194]],[[135.77898836841982,34.92213628933194],[135.7794981573556,34.92294822694264]],[[135.78171310238687,34.925942246882066],[135.7851409935067,34.92376016455333]],[[135.76691164432066,34.94216070065565],[135.76761480147346,34.943591740694494]],[[135.76761480147346,34.943591740694494],[135.770779008661,34.94312487656835],[135.7706735350881,34.94208965611472]],[[135.7706735350881,34.94208965611472],[135.76845859005678,34.94214040221539]],[[135.76845859005678,34.94214040221539],[135.76691164432066,34.94216070065565]],[[135.76599754002203,34.92732254082024],[135.76597996109322,34.92793149402826]],[[135.76597996109322,34.92793149402826],[135.7678433275481,34.928144627651065],[135.76791364326337,34.92948432470871]],[[135.76791364326337,34.92948432470871],[135.7695309047148,34.92737328692091]],[[135.76842343219914,34.927119556417566],[135.76729838075468,34.92668313995182]],[[135.77724805446667,34.94263771400193],[135.7761230030222,34.94229264051739]],[[135.7761230030222,34.94229264051739],[135.7711481661662,34.94206935767445]],[[135.7711481661662,34.94206935767445],[135.77109542937976,34.94206935767445]],[[135.77109542937976,34.94206935767445],[135.7713942711697,34.94367293445556]],[[135.7713942711697,34.94367293445556],[135.7715876393867,34.94406875404078]],[[135.77346858477043,34.944281887663585],[135.7762987923104,34.943287264090486]],[[135.7762987923104,34.943287264090486],[135.77724805446667,34.94263771400193]],[[135.7696187993589,34.9541773772939],[135.76993522007766,34.95415707885363]],[[135.76993522007766,34.95415707885363],[135.7697945886471,34.953132007620134]],[[135.7690738525655,34.95314215684027],[135.76761480147346,34.95350752876508]],[[135.76773785397518,34.95434991403618],[135.76798395897868,34.95442095857711]],[[135.76798395897868,34.95442095857711],[135.7696187993589,34.9541773772939]],[[135.7374493596188,34.9417851795107],[135.73917209464312,34.94224189441672],[135.740648724664,34.944271738443454]],[[135.7612512292407,34.948940379704936],[135.75952849421637,34.950026346259236]],[[135.76002070422334,34.9509499252914],[135.76237628068517,34.951071715933004]],[[135.76237628068517,34.951071715933004],[135.76260480675984,34.951051417492735]],[[135.76260480675984,34.951051417492735],[135.76198954425112,34.9488388875036]],[[135.76260480675984,34.951051417492735],[135.76371227927547,34.95226932390877]],[[135.76371227927547,34.95226932390877],[135.7662260660967,34.951903951983965]],[[135.7662260660967,34.951903951983965],[135.766489750029,34.95032067364311]],[[135.7558017613066,34.925942246882066],[135.75617091881182,34.924024044276806]],[[135.72162832368105,34.91317452795392],[135.72117127153172,34.91402706244515]],[[135.72322800620364,34.91807660127848],[135.72581210874014,34.91696018706377]],[[135.74332072184458,34.944078903260916],[135.74332072184458,34.9446777072488]],[[135.77925205235212,34.92753567444305],[135.78394562634696,34.92843895503494]],[[135.78394562634696,34.92843895503494],[135.78702193889043,34.92790104636786]],[[135.76290364854975,34.93070223112475],[135.76263996461748,34.930681932684486]],[[135.76263996461748,34.930681932684486],[135.76260480675984,34.93131118433277]],[[135.76260480675984,34.93131118433277],[135.76313217462442,34.93169685469785]],[[135.76313217462442,34.93169685469785],[135.7632903849838,34.93169685469785]],[[135.7632903849838,34.93169685469785],[135.7633079639126,34.93167655625758]],[[135.7633079639126,34.93167655625758],[135.76367712141783,34.930712380344886]],[[135.76367712141783,34.930712380344886],[135.76332554284144,34.930712380344886]],[[135.76332554284144,34.930712380344886],[135.76290364854975,34.93070223112475]],[[135.78603751887653,34.93711653824922],[135.78563320351367,34.93519833564396]],[[135.78563320351367,34.93519833564396],[135.78292604847542,34.93510699266276],[135.78347099526883,34.93818220636326],[135.78603751887653,34.93711653824922]],[[135.76893322113492,34.945418600318554],[135.76613817145258,34.94563173394136]],[[135.77018132508113,34.924338670100944],[135.76914416828077,34.924308222440544]],[[135.76914416828077,34.924308222440544],[135.76886290541964,34.924338670100944]],[[135.76916174720958,34.925282547573374],[135.7693726943554,34.92555657651698]],[[135.77248416475652,34.92276554098023],[135.7722732176107,34.92272494409969]],[[135.7722732176107,34.92272494409969],[135.77046258794223,34.92403419349694]],[[135.78030678808128,34.95106156671287],[135.780043104149,34.95078753776926]],[[135.780043104149,34.95078753776926],[135.77796879054827,34.951031119052466]],[[135.77796879054827,34.951031119052466],[135.77705468624964,34.95133559565648]],[[135.77830279019585,34.94181562717111],[135.77589447694754,34.94104428644095]],[[135.77589447694754,34.94104428644095],[135.7761230030222,34.94229264051739]],[[135.77724805446667,34.94263771400193],[135.77830279019585,34.94181562717111]],[[135.7587550213483,34.95030037520284],[135.75842102170074,34.947174415401676]],[[135.74713534939846,34.91195662153788],[135.7474517701172,34.91148975741173]],[[135.7474517701172,34.91148975741173],[135.74361956363452,34.90965274856754],[135.74432272078732,34.90867842343471],[135.74221324932896,34.90760260610054]],[[135.73697472854067,34.91104319172585],[135.73871504249382,34.91255542552577]],[[135.73871504249382,34.91255542552577],[135.74034988287406,34.9114187128708],[135.7435844057769,34.91411840542635]],[[135.7435844057769,34.91411840542635],[135.74674861296444,34.91350945221833]],[[135.75907144206707,34.931047304609294],[135.75842102170074,34.9313213335529]],[[135.75831554812783,34.9313213335529],[135.75864954777538,34.932082525062924]],[[135.74927997871447,34.92571896403912],[135.74736387547313,34.92575956091966],[135.74739903333077,34.92847955191548]],[[135.74739903333077,34.92847955191548],[135.74741661225957,34.92877387929936]],[[135.74926239978566,34.92751537600278],[135.74926239978566,34.92729209315984]],[[135.7308572613114,34.915590042345734],[135.72974978879574,34.91727481288792],[135.72669105518113,34.91658466591883]],[[135.73022441987388,34.91864495760596],[135.7321932599017,34.917630035592595],[135.7321053652576,34.915610340785996]],[[135.77151732367142,34.9645194326101],[135.77153490260025,34.96378868876048]],[[135.77153490260025,34.96378868876048],[135.7706911140169,34.96381913642088]],[[135.7706911140169,34.96381913642088],[135.7706735350881,34.96457017871077]],[[135.7706735350881,34.96457017871077],[135.7706911140169,34.96469196935237]],[[135.7706911140169,34.96469196935237],[135.77148216581378,34.96489495375505]],[[135.77148216581378,34.96489495375505],[135.77151732367142,34.9645194326101]],[[135.7662436450255,34.95658274246558],[135.76689406539185,34.959647806945945]],[[135.76826522183978,34.959668105386214],[135.76830037969742,34.9592113904802]],[[135.76830037969742,34.9592113904802],[135.76826522183978,34.95730333709507]],[[135.76826522183978,34.95658274246558],[135.7674741700429,34.95658274246558]],[[135.77021648293876,34.971989258628476],[135.76988248329118,34.97199940784861]],[[135.76988248329118,34.97199940784861],[135.7699703779353,34.973075225182775]],[[135.7699703779353,34.973075225182775],[135.77021648293876,34.971989258628476]],[[135.76831795862623,34.92435896854121],[135.76754448575818,34.92445031152241]],[[135.76754448575818,34.92445031152241],[135.76803669576512,34.92590165000153]],[[135.77948057842676,34.91799540751741],[135.7774590016125,34.919365552235455]],[[135.7774590016125,34.919365552235455],[135.7802188934372,34.91960913351866],[135.78134394488166,34.9208270399347]],[[135.78255689097023,34.91969032727973],[135.77948057842676,34.91799540751741]],[[135.73871504249382,34.91255542552577],[135.7398576728671,34.91326587093512]],[[135.7398576728671,34.91326587093512],[135.74063114573516,34.914737507854504],[135.74372503720744,34.91691959018324]],[[135.74372503720744,34.91691959018324],[135.7435844057769,34.91411840542635]],[[135.77875984234515,34.96162690487201],[135.77672068660206,34.9612919806076]],[[135.77672068660206,34.9612919806076],[135.77814457983646,34.964214956006096]],[[135.77814457983646,34.964214956006096],[135.7790586841351,34.964468686509434]],[[135.7790586841351,34.964468686509434],[135.77902352627746,34.961758844733744]],[[135.7654350142998,34.96312898945179],[135.76626122395433,34.96311884023166]],[[135.76689406539185,34.959647806945945],[135.76478459393348,34.959627508505676]],[[135.76478459393348,34.96021616327343],[135.7654350142998,34.96312898945179]],[[135.76826522183978,34.95658274246558],[135.76798395897868,34.95442095857711]],[[135.76271028033275,34.965209579579195],[135.7634837532008,34.966224501592556]],[[135.7634837532008,34.966224501592556],[135.76492522536404,34.966163606271756]],[[135.76492522536404,34.966163606271756],[135.7648900675064,34.965209579579195]],[[135.7648900675064,34.965209579579195],[135.76271028033275,34.965209579579195]],[[135.780043104149,34.96042929689624],[135.77981457807434,34.9602669093741]],[[135.77981457807434,34.9602669093741],[135.77854889519932,34.95936362878221]],[[135.77854889519932,34.95936362878221],[135.77749415947014,34.95889676465605]],[[135.77733594911075,34.95934333034194],[135.7763163712392,34.96111944386533]],[[135.7763163712392,34.96111944386533],[135.77672068660206,34.9612919806076]],[[135.7651713303675,34.93169685469785],[135.76524164608279,34.9312908858925]],[[135.76524164608279,34.9312908858925],[135.76524164608279,34.929829398193256]],[[135.76524164608279,34.929829398193256],[135.76439785749943,34.929849696633525]],[[135.76439785749943,34.929849696633525],[135.76438027857063,34.93070223112475]],[[135.76438027857063,34.93070223112475],[135.76438027857063,34.93148372107504]],[[135.76438027857063,34.93148372107504],[135.7646439625029,34.93169685469785]],[[135.7646439625029,34.93169685469785],[135.7651713303675,34.93169685469785]],[[135.77039227222696,34.96609256173082],[135.76844101112798,34.966102710950956]],[[135.76844101112798,34.966102710950956],[135.76844101112798,34.96688420090125]],[[135.76844101112798,34.96688420090125],[135.77032195651168,34.96694509622205]],[[135.77032195651168,34.96694509622205],[135.77070869294573,34.966102710950956]],[[135.77070869294573,34.966102710950956],[135.77065595615926,34.966102710950956]],[[135.77065595615926,34.966102710950956],[135.77039227222696,34.96609256173082]],[[135.76903869470786,34.950026346259236],[135.76835311648387,34.950137987680705]],[[135.78487730957443,34.95744542617694],[135.78565078244247,34.957902141082954]],[[135.78565078244247,34.957902141082954],[135.78795362211787,34.9583081098883]],[[135.78795362211787,34.9583081098883],[135.78890288427414,34.955669312653555]],[[135.75476460450622,34.93155476561598],[135.75515134094027,34.93140252731397]],[[135.75515134094027,34.93064133580395],[135.75487007807914,34.93067178346435]],[[135.75487007807914,34.93067178346435],[135.75413176306873,34.930803723326086]],[[135.78391046848932,34.929768502872456],[135.78394562634696,34.92843895503494]],[[135.77654489731387,34.928195373751734],[135.77654489731387,34.92852014879601]],[[135.77654489731387,34.92852014879601],[135.78018373557956,34.93001208415566]],[[135.78018373557956,34.93001208415566],[135.78296120633306,34.93025566543887]],[[135.7746112151437,34.9593027334614],[135.77413658406556,34.961555860331075]],[[135.77466395193017,34.96193138147602],[135.7763163712392,34.96111944386533]],[[135.77898836841982,34.92213628933194],[135.7767382655309,34.92261330267822]],[[135.78916656820644,34.9592418381406],[135.78795362211787,34.9583081098883]],[[135.78565078244247,34.957902141082954],[135.78573867708658,34.95973914992715]],[[135.78573867708658,34.95973914992715],[135.7877075171144,34.96112959308546]],[[135.72139979760638,34.90824200696896],[135.7206263247383,34.90815066398776]],[[135.7608820717355,34.90836379761057],[135.7527781855496,34.904283811116834],[135.75082692445062,34.90690230991132]],[[135.75082692445062,34.90690230991132],[135.75894838956532,34.910941699524514]],[[135.76450333107235,34.9146157172129],[135.76316733248206,34.916462875277226]],[[135.76316733248206,34.916462875277226],[135.76826522183978,34.91902047875091]],[[135.7774590016125,34.919365552235455],[135.7772832123243,34.91949749209719]],[[135.7772832123243,34.91949749209719],[135.7794981573556,34.92178106662726]],[[135.7706735350881,34.96507763971746],[135.77039227222696,34.96609256173082]],[[135.77065595615926,34.966102710950956],[135.7706735350881,34.96507763971746]],[[135.7707965875898,34.95789199186282],[135.7707965875898,34.956836472968924]],[[135.7707965875898,34.956592891685716],[135.77016374615232,34.956592891685716]],[[135.76830037969742,34.9592113904802],[135.77072627187454,34.95923168892047]],[[135.77102511366448,34.94004966286785],[135.77100753473565,34.93981623080477]],[[135.77100753473565,34.93981623080477],[135.76931995756897,34.93979593236451]],[[135.76931995756897,34.93979593236451],[135.77062079830162,34.94116607708255]],[[135.77062079830162,34.94116607708255],[135.7711305872374,34.94171413496977]],[[135.7711305872374,34.94171413496977],[135.77102511366448,34.94004966286785]],[[135.74739903333077,34.92847955191548],[135.74564114044878,34.92867238709802]],[[135.746010297954,34.931027006169025],[135.74757482261896,34.93106760304956]],[[135.77009343043702,34.95506035944553],[135.76956606257244,34.95636960884278]],[[135.7708493243763,34.95565916343342],[135.77009343043702,34.95506035944553]],[[135.77571868765935,34.948077695993575],[135.77561321408643,34.948097994433844]],[[135.7764745815986,34.950168435341105],[135.77571868765935,34.948077695993575]],[[135.78992246214568,34.91872615136703],[135.78990488321685,34.91683839642217],[135.78535194065256,34.91638168151616]],[[135.78535194065256,34.91638168151616],[135.7847718360015,34.91709212692551]],[[135.76439785749943,34.929849696633525],[135.7642748049977,34.929849696633525]],[[135.76365954248902,34.929859845853656],[135.76332554284144,34.930712380344886]],[[135.76367712141783,34.930712380344886],[135.76438027857063,34.93070223112475]],[[135.76993522007766,34.95415707885363],[135.7716931129596,34.95442095857711]],[[135.79329761647907,34.93380789248565],[135.7935085636249,34.93361505730311]],[[135.7935085636249,34.93361505730311],[135.79308666933323,34.93309744707629]],[[135.79308666933323,34.93309744707629],[135.79213740717697,34.9333105806991]],[[135.79213740717697,34.9333105806991],[135.7923483543228,34.93409207064939]],[[135.7923483543228,34.93409207064939],[135.79329761647907,34.93380789248565]],[[135.7681070114804,34.930773275665686],[135.76812459040923,34.930935663187825]],[[135.76812459040923,34.930935663187825],[135.76826522183978,34.93078342488582]],[[135.76742143325643,34.95251290519198],[135.7665073289578,34.95261439739332]],[[135.7665073289578,34.95261439739332],[135.76671827610363,34.95342633500401]],[[135.77564837194407,34.95510095632606],[135.77250174368532,34.954796479722056],[135.7716931129596,34.95660304090585]],[[135.7716755340308,34.95680602530852],[135.77162279724433,34.95785139498229]],[[135.7762108976663,34.95726274021454],[135.77564837194407,34.95589259549649]],[[135.76866953720264,34.94839232181772],[135.7678433275481,34.94857500778012]],[[135.76300912212267,34.92986999507379],[135.76290364854975,34.93070223112475]],[[135.7739783737062,34.96360600279807],[135.77404868942148,34.96468182013224]],[[135.77406626835028,34.965361817881195],[135.77482216228952,34.96609256173082]],[[135.77482216228952,34.96609256173082],[135.77608784516457,34.96587942810801]],[[135.77608784516457,34.96587942810801],[135.7790586841351,34.965321221000664]],[[135.7790586841351,34.965321221000664],[135.7790586841351,34.964468686509434]],[[135.77814457983646,34.964214956006096],[135.77605268730693,34.96411346380476]],[[135.77605268730693,34.96411346380476],[135.7739783737062,34.96360600279807]],[[135.7716931129596,34.95442095857711],[135.7716755340308,34.95565916343342]],[[135.7758593190899,34.954857375042856],[135.7754198458694,34.954705136740856]],[[135.7628509117633,34.932681329050816],[135.76288606962095,34.93207237584279]],[[135.76288606962095,34.93207237584279],[135.76181375496293,34.93233625556627]],[[135.7707965875898,34.96013496951236],[135.770779008661,34.95923168892047]],[[135.7696187993589,34.9541773772939],[135.77009343043702,34.95506035944553]],[[135.77652731838504,34.95045261350485],[135.77705468624964,34.95133559565648]],[[135.77796879054827,34.951031119052466],[135.7806583666577,34.94859530622039]],[[135.7806583666577,34.94859530622039],[135.77919931556565,34.947986353012375],[135.77571868765935,34.948077695993575]],[[135.76842343219914,34.96465137247184],[135.768634379345,34.96309854179139]],[[135.768634379345,34.96309854179139],[135.76824764291095,34.96311884023166]],[[135.7654350142998,34.96312898945179],[135.76492522536404,34.96313913867193]],[[135.76492522536404,34.96313913867193],[135.7648900675064,34.965209579579195]],[[135.76492522536404,34.966163606271756],[135.76654248681544,34.96708718530392]],[[135.76654248681544,34.96708718530392],[135.76796638004984,34.96705673764352]],[[135.76796638004984,34.96705673764352],[135.76844101112798,34.96688420090125]],[[135.76844101112798,34.966102710950956],[135.76842343219914,34.96499644595639]],[[135.76842343219914,34.96499644595639],[135.76842343219914,34.96465137247184]],[[135.76831795862623,34.92435896854121],[135.76750932790054,34.923273001986914]],[[135.76750932790054,34.923273001986914],[135.76750932790054,34.92362822469159]],[[135.76750932790054,34.92362822469159],[135.76754448575818,34.92445031152241]],[[135.76796638004984,34.971096127256715],[135.76805427469395,34.971014933495645]],[[135.76661280253072,34.97102508271578],[135.76796638004984,34.971096127256715]],[[135.76191922853585,34.91804615361808],[135.76316733248206,34.916462875277226]],[[135.78573867708658,34.95973914992715],[135.7847718360015,34.96118033918613],[135.7826447856143,34.9611397423056]],[[135.78712741246335,34.96296660192965],[135.7871801492498,34.96296660192965]],[[135.76777301183282,34.971928363307676],[135.76796638004984,34.971096127256715]],[[135.76696438110713,34.97294328532104],[135.7676499593311,34.97294328532104]],[[135.75578418237777,34.925972694542466],[135.75578418237777,34.92638881256794]],[[135.75578418237777,34.92638881256794],[135.7583858638431,34.926936870455165],[135.75917691563998,34.926084335963935]],[[135.7601613356539,34.95147768473835],[135.76237628068517,34.951071715933004]],[[135.76541743537098,34.93198103286159],[135.7651713303675,34.93169685469785]],[[135.7646439625029,34.93169685469785],[135.76439785749943,34.931859242219986]],[[135.76439785749943,34.931859242219986],[135.7644681732147,34.93298580565482]],[[135.7702516407964,34.970872844413776],[135.77026921972524,34.970040608362815]],[[135.77026921972524,34.970040608362815],[135.77009343043702,34.97003045914268]],[[135.77005827257938,34.97083224753324],[135.7702516407964,34.970872844413776]],[[135.76119849245424,34.96457017871077],[135.76147975531535,34.967310468146856]],[[135.76147975531535,34.967310468146856],[135.7624993331869,34.967158229844856],[135.7630267010515,34.97033493574669]],[[135.7630267010515,34.97033493574669],[135.7648900675064,34.97064956157083]],[[135.7646439625029,34.96905613400985],[135.7634837532008,34.966224501592556]],[[135.76271028033275,34.965209579579195],[135.76260480675984,34.96450928338997]],[[135.76191922853585,34.96466152169197],[135.76149733424418,34.964407791188634]],[[135.77512100407947,34.935766691971445],[135.7735389004857,34.93608131779559],[135.77276542761763,34.937542805494836]],[[135.77454089942842,34.938527279847804],[135.77512100407947,34.935766691971445]],[[135.76476701500465,34.92724134705917],[135.76520648822515,34.9280938815504]],[[135.76520648822515,34.9280938815504],[135.76597996109322,34.92793149402826]],[[135.765610803588,34.92729209315984],[135.76476701500465,34.92724134705917]],[[135.78696920210396,34.964397641968496],[135.7891489892776,34.96734091580726]],[[135.7891489892776,34.96734091580726],[135.79125846073597,34.96589972654828],[135.79066077715612,34.96185018771495]],[[135.76371227927547,34.95226932390877],[135.7642748049977,34.952868127896664]],[[135.7665073289578,34.95261439739332],[135.7662260660967,34.951903951983965]],[[135.77654489731387,34.92852014879601],[135.77596479266282,34.931909988320655]],[[135.77596479266282,34.931909988320655],[135.77679100231734,34.932052077402524]],[[135.77679100231734,34.932052077402524],[135.78018373557956,34.932600135289746]],[[135.78018373557956,34.932600135289746],[135.78018373557956,34.93001208415566]],[[135.76573385608972,34.93163595937705],[135.76524164608279,34.9312908858925]],[[135.78508825672026,34.93045864984154],[135.78689888638868,34.93064133580395]],[[135.78689888638868,34.93064133580395],[135.78712741246335,34.93066163424422]],[[135.7656986982321,34.9352998278453],[135.76522406715395,34.93528967862516]],[[135.76529438286926,34.937593551595505],[135.76634911859844,34.937573253155236]],[[135.78756688568384,34.95072664244846],[135.78623088709355,34.94950873603242]],[[135.78623088709355,34.94950873603242],[135.7836116266994,34.951020969832335]],[[135.76772027504637,34.968071659656886],[135.76796638004984,34.96705673764352]],[[135.76654248681544,34.96708718530392],[135.76663038145955,34.969096730890385]],[[135.7681949061245,34.969076432450116],[135.76772027504637,34.968071659656886]],[[135.76629638181197,34.93981623080477],[135.7653471196557,34.93982638002491]],[[135.76615575038142,34.94214040221539],[135.76691164432066,34.94216070065565]],[[135.76691164432066,34.94216070065565],[135.76629638181197,34.93981623080477]],[[135.7658744875203,34.92975835365232],[135.76524164608279,34.92977865209259]],[[135.76524164608279,34.92977865209259],[135.76524164608279,34.929829398193256]],[[135.77134153438323,34.96897494024878],[135.7705329036575,34.96896479102865]],[[135.7705329036575,34.96896479102865],[135.77055048258634,34.970020309922546]],[[135.77055048258634,34.970020309922546],[135.77134153438323,34.96897494024878]],[[135.7877250960432,34.93675116632441],[135.787355938538,34.93434580115273]],[[135.787355938538,34.93434580115273],[135.78515857243553,34.933675952623915]],[[135.78501794100498,34.93358460964271],[135.78563320351367,34.93519833564396]],[[135.78603751887653,34.93711653824922],[135.78623088709355,34.93714698590962]],[[135.78623088709355,34.93714698590962],[135.7877250960432,34.93675116632441]],[[135.76476701500465,34.92724134705917],[135.76413417356713,34.927190600958504]],[[135.76524164608279,34.92977865209259],[135.76520648822515,34.9280938815504]],[[135.77018132508113,34.96896479102865],[135.7702340618676,34.96791942135488]],[[135.7702340618676,34.96791942135488],[135.76772027504637,34.968071659656886]],[[135.76847616898561,34.96905613400985],[135.77018132508113,34.96896479102865]],[[135.79106509251898,34.95993198510969],[135.79111782930542,34.95643050416358]],[[135.77153490260025,34.96302749725046],[135.77153490260025,34.96378868876048]],[[135.77151732367142,34.9645194326101],[135.77197437582075,34.964529581830234]],[[135.77197437582075,34.964529581830234],[135.77313458512285,34.96306809413099]],[[135.77165795510197,34.959576762405014],[135.77162279724433,34.96019586483317]],[[135.77162279724433,34.96019586483317],[135.77165795510197,34.961302129827736]],[[135.76322006926853,34.92817507531147],[135.76225322818343,34.92854044723628]],[[135.76216533353934,34.92986999507379],[135.76263996461748,34.930681932684486]],[[135.77570110873052,34.9280938815504],[135.7750506883642,34.928002538569196]],[[135.7750506883642,34.928002538569196],[135.7739783737062,34.927911195587996]],[[135.7739783737062,34.927911195587996],[135.77424205763847,34.93240730010721]],[[135.77424205763847,34.93240730010721],[135.77454089942842,34.932813268912554]],[[135.77454089942842,34.932813268912554],[135.7757714244458,34.93313804395683]],[[135.7757714244458,34.93313804395683],[135.77596479266282,34.931909988320655]],[[135.79241867003807,34.936669972563344],[135.79087172430195,34.93986697690544]],[[135.79087172430195,34.93986697690544],[135.79266477504154,34.939501604980634],[135.79342066898081,34.94106458488122],[135.79484456221522,34.940252647270526]],[[135.79484456221522,34.940252647270526],[135.79241867003807,34.936669972563344]],[[135.76710501253768,34.92947417548858],[135.76791364326337,34.92948432470871]],[[135.7592999681417,34.92677448293303],[135.75921207349762,34.92739358536118]],[[135.75984491493512,34.928134478430934],[135.76065354566083,34.9281243292108]],[[135.76147975531535,34.967310468146856],[135.76038986172853,34.96803106277635]],[[135.76038986172853,34.96803106277635],[135.76272785926156,34.97082209831311]],[[135.76272785926156,34.97082209831311],[135.7630267010515,34.97033493574669]],[[135.77009343043702,34.97003045914268],[135.77018132508113,34.96896479102865]],[[135.751178503027,34.930681932684486],[135.75281334340724,34.92736313770077]],[[135.7706911140169,34.96296660192965],[135.77070869294573,34.962408394822305]],[[135.77076142973218,34.96128183138747],[135.770779008661,34.96111944386533]],[[135.768634379345,34.96309854179139],[135.7706911140169,34.96296660192965]],[[135.767755432904,34.937563103935105],[135.7680894325516,34.93978578314437]],[[135.7680894325516,34.93978578314437],[135.76931995756897,34.93979593236451]],[[135.76931995756897,34.93979593236451],[135.7690914314943,34.93877086113101]],[[135.7690914314943,34.93877086113101],[135.76905627363666,34.937542805494836]],[[135.76905627363666,34.937542805494836],[135.767755432904,34.937563103935105]],[[135.77854889519932,34.95936362878221],[135.78000794629136,34.95663348856625]],[[135.76845859005678,34.94214040221539],[135.76823006398214,34.94121682318322]],[[135.76823006398214,34.94121682318322],[135.7680894325516,34.93978578314437]],[[135.7680894325516,34.93978578314437],[135.76629638181197,34.93981623080477]],[[135.78619572923589,34.9311995429113],[135.78689888638868,34.93064133580395]],[[135.75682133917815,34.92772850962559],[135.75704986525278,34.928987012922164]],[[135.75729597025628,34.928987012922164],[135.7579463906226,34.92861149177722]],[[135.76492522536404,34.96313913867193],[135.76385291070602,34.96312898945179]],[[135.78239868061084,34.956653787006516],[135.7810451030917,34.95948541942381],[135.77981457807434,34.9602669093741]],[[135.7445688257908,34.91720376834698],[135.74372503720744,34.91691959018324]],[[135.7398576728671,34.91326587093512],[135.7375372542629,34.91432138982903]],[[135.7446918782925,34.92338464340838],[135.74926239978566,34.923059868364106]],[[135.77482216228952,34.96609256173082],[135.77457605728605,34.96757434787033]],[[135.77457605728605,34.96757434787033],[135.77803910626355,34.97014210056415],[135.77700194946317,34.970040608362815]],[[135.77700194946317,34.970040608362815],[135.7777226855448,34.97033493574669],[135.77795121161944,34.973846565912936]],[[135.77795121161944,34.973846565912936],[135.77956847307087,34.9746788019639]],[[135.77956847307087,34.9746788019639],[135.784138994564,34.972090750829814],[135.78438509956746,34.97124836555872],[135.78784814854495,34.97159343904326],[135.7891489892776,34.96734091580726]],[[135.78463120457096,34.96351465981687],[135.7815548920275,34.96496599829598]],[[135.7815548920275,34.96496599829598],[135.77663279195798,34.96780777993341],[135.77608784516457,34.96587942810801]],[[135.7723962701124,34.93248849386828],[135.77234353332597,34.932914761113885]],[[135.77234353332597,34.932914761113885],[135.77454089942842,34.932813268912554]],[[135.77424205763847,34.93240730010721],[135.7723962701124,34.93248849386828]],[[135.7829787852619,34.93147357185491],[135.78178341810215,34.931747600798516]],[[135.78178341810215,34.931747600798516],[135.78340067955355,34.93251894152868]],[[135.78340067955355,34.93251894152868],[135.78347099526883,34.93244789698774]],[[135.76439785749943,34.931859242219986],[135.76365954248902,34.931930286760924]],[[135.76365954248902,34.931930286760924],[135.76367712141783,34.93298580565482]],[[135.78304910097717,34.940526676214134],[135.78002552522017,34.937715342237105]],[[135.78002552522017,34.937715342237105],[135.77756447518541,34.93784728209884]],[[135.77756447518541,34.93784728209884],[135.77712500196492,34.93787772975924]],[[135.77712500196492,34.93787772975924],[135.7796915255726,34.93972488782357],[135.78304910097717,34.940526676214134]],[[135.7706735350881,34.96507763971746],[135.7706911140169,34.96469196935237]],[[135.7706735350881,34.96457017871077],[135.76870469506028,34.96463107403157]],[[135.76870469506028,34.96463107403157],[135.76842343219914,34.96499644595639]],[[135.79241867003807,34.936669972563344],[135.79227803860752,34.93633504829893]],[[135.79227803860752,34.93633504829893],[135.79143425002417,34.936456838940536]],[[135.79143425002417,34.936456838940536],[135.78921930499288,34.93827354934446]],[[135.78921930499288,34.93827354934446],[135.78733835960918,34.93934936667863]],[[135.78733835960918,34.93934936667863],[135.78839309533836,34.94074995905707],[135.79022130393562,34.94089204813894]],[[135.79022130393562,34.94089204813894],[135.79087172430195,34.93986697690544]],[[135.7757714244458,34.93313804395683],[135.7757714244458,34.93314819317696]],[[135.7757714244458,34.93314819317696],[135.77679100231734,34.932052077402524]],[[135.77457605728605,34.96757434787033],[135.7737146897739,34.96817315185822]],[[135.7737146897739,34.96817315185822],[135.77378500548917,34.96978687785947]],[[135.77378500548917,34.96978687785947],[135.77424205763847,34.96996956382188]],[[135.77424205763847,34.96996956382188],[135.77700194946317,34.970040608362815]],[[135.7633079639126,34.93167655625758],[135.76438027857063,34.93148372107504]],[[135.76360680570255,34.9249577725291],[135.76554048787273,34.925424636655244]],[[135.76554048787273,34.925424636655244],[135.76597996109322,34.922511810476884],[135.76750932790054,34.92362822469159]],[[135.76750932790054,34.923273001986914],[135.76830037969742,34.91955838741799]],[[135.8213008500889,34.96287525894845],[135.82117779758715,34.961464517349874]],[[135.82117779758715,34.961464517349874],[135.8201406407868,34.96096720556332]],[[135.8201406407868,34.96096720556332],[135.81924411541698,34.96297675114979]],[[135.81924411541698,34.96297675114979],[135.8213008500889,34.96287525894845]],[[135.77410142620792,34.96323048165313],[135.77385532120445,34.962641826885374]],[[135.7739783737062,34.96360600279807],[135.77410142620792,34.96323048165313]],[[135.7705153247287,34.96790927213475],[135.7713063765256,34.96789912291461]],[[135.7713063765256,34.96789912291461],[135.77134153438323,34.96789912291461]],[[135.77134153438323,34.96789912291461],[135.77135911331206,34.96599106952949]],[[135.77135911331206,34.96599106952949],[135.77070869294573,34.966102710950956]],[[135.77032195651168,34.96694509622205],[135.7702340618676,34.96791942135488]],[[135.7702340618676,34.96791942135488],[135.7705153247287,34.96790927213475]],[[135.7706911140169,34.96381913642088],[135.7706911140169,34.96296660192965]],[[135.76842343219914,34.96465137247184],[135.76870469506028,34.96463107403157]],[[135.76977700971827,34.97196896018821],[135.77005827257938,34.97083224753324]],[[135.78565078244247,34.938649070489404],[135.78623088709355,34.93714698590962]],[[135.78420931027927,34.93301625331522],[135.78340067955355,34.93251894152868]],[[135.78178341810215,34.931747600798516],[135.78018373557956,34.932600135289746]],[[135.78018373557956,34.932600135289746],[135.77946299949795,34.93716728434989],[135.78002552522017,34.937715342237105]],[[135.78304910097717,34.940526676214134],[135.78373467920113,34.93801981884112],[135.78565078244247,34.938649070489404]],[[135.76888048434847,34.97308537440291],[135.7690914314943,34.97294328532104]],[[135.76698196003593,34.973125971283444],[135.76888048434847,34.97308537440291]],[[135.81848822147774,34.9561361767797],[135.81636117109056,34.95624781820117]],[[135.81636117109056,34.95624781820117],[135.81629085537526,34.95715109879307]],[[135.81629085537526,34.95715109879307],[135.81813664290135,34.95720184489373]],[[135.81813664290135,34.95720184489373],[135.81848822147774,34.9561361767797]],[[135.76812459040923,34.930935663187825],[135.76830037969742,34.9313213335529]],[[135.76830037969742,34.9313213335529],[135.76933753649777,34.93141267653411]],[[135.77406626835028,34.92209569245141],[135.7734510058416,34.92199420025007]],[[135.77250174368532,34.92258285501782],[135.7722732176107,34.92272494409969]],[[135.77204469153602,34.927860449487326],[135.7739783737062,34.927911195587996]],[[135.7750506883642,34.928002538569196],[135.77406626835028,34.92209569245141]],[[135.76946058899952,34.923161360565445],[135.76914416828077,34.924308222440544]],[[135.77251932261416,34.92249151203662],[135.76982974650474,34.92221748309301],[135.76946058899952,34.923161360565445]],[[135.77795121161944,34.973846565912936],[135.7772832123243,34.97385671513307]],[[135.7772832123243,34.97385671513307],[135.77708984410728,34.97388716279347]],[[135.77708984410728,34.97388716279347],[135.77524405658122,34.97539939659339]],[[135.77524405658122,34.97539939659339],[135.7749803726489,34.9758561114994]],[[135.7749803726489,34.9758561114994],[135.77712500196492,34.97627222952488],[135.77956847307087,34.9746788019639]],[[135.7895884624981,34.93372669872458],[135.7891489892776,34.93325983459843]],[[135.78737351746682,34.93363535574338],[135.787355938538,34.9343052042722]],[[135.787355938538,34.9343052042722],[135.78943025213871,34.93411236908966]],[[135.78943025213871,34.93411236908966],[135.7895884624981,34.93372669872458]],[[135.8221094808146,34.96039884923584],[135.8236212686931,34.96185018771495]],[[135.8236212686931,34.96185018771495],[135.8253967405039,34.96313913867193]],[[135.8253967405039,34.96313913867193],[135.82421895227296,34.960561236757975]],[[135.82421895227296,34.960561236757975],[135.8221094808146,34.96039884923584]],[[135.78893804213178,34.93172730235825],[135.79236593325163,34.931920137540786],[135.7936140371978,34.93133148277304]],[[135.76566354037445,34.94384547119784],[135.76761480147346,34.943591740694494]],[[135.76946058899952,34.923161360565445],[135.7699703779353,34.91975122260053]],[[135.7709547979492,34.93538102160637],[135.77098995580684,34.937542805494836]],[[135.77512100407947,34.935766691971445],[135.77571868765935,34.933767295605115]],[[135.77571868765935,34.933767295605115],[135.7757714244458,34.93314819317696]],[[135.77234353332597,34.932914761113885],[135.77192163903428,34.933716549504446]],[[135.77410142620792,34.96323048165313],[135.77605268730693,34.96411346380476]],[[135.79329761647907,34.93380789248565],[135.79389530005895,34.93339177446017]],[[135.79389530005895,34.93339177446017],[135.7935085636249,34.93361505730311]],[[135.75578418237777,34.92638881256794],[135.75574902452013,34.92738343614104]],[[135.75574902452013,34.92738343614104],[135.75629397131354,34.92738343614104]],[[135.76988248329118,34.97199940784861],[135.76977700971827,34.97196896018821]],[[135.76888048434847,34.97308537440291],[135.7699703779353,34.973075225182775]],[[135.7713942711697,34.94367293445556],[135.76580417180503,34.944383379864924]],[[135.81864643183712,34.955770804854886],[135.81848822147774,34.9561361767797]],[[135.81813664290135,34.95720184489373],[135.82117779758715,34.95702930815146]],[[135.82117779758715,34.95702930815146],[135.8210547450854,34.95640005650318]],[[135.8210547450854,34.95640005650318],[135.8210547450854,34.95637975806291]],[[135.8210547450854,34.95637975806291],[135.81864643183712,34.955770804854886]],[[135.79143425002417,34.934569083995676],[135.78943025213871,34.93411236908966]],[[135.787355938538,34.9343052042722],[135.787355938538,34.93434580115273]],[[135.7877250960432,34.93675116632441],[135.78921930499288,34.93827354934446]],[[135.79143425002417,34.936456838940536],[135.79143425002417,34.934569083995676]],[[135.77524405658122,34.97539939659339],[135.7749803726489,34.9758561114994]],[[135.77134153438323,34.96897494024878],[135.7713063765256,34.96789912291461]],[[135.7705153247287,34.96790927213475],[135.7705329036575,34.96896479102865]],[[135.77109542937976,34.94206935767445],[135.7706735350881,34.94208965611472]],[[135.80894286312864,34.94938694539081],[135.8086616002675,34.94936664695055]],[[135.8086616002675,34.94936664695055],[135.808222127047,34.94931590084988]],[[135.808222127047,34.94931590084988],[135.8075892856095,34.94925500552908]],[[135.8075892856095,34.94925500552908],[135.80795844311473,34.95127470033568],[135.80983938849843,34.95377140848856]],[[135.80983938849843,34.95377140848856],[135.8100854935019,34.95413678041337]],[[135.8100854935019,34.95413678041337],[135.81121054494636,34.95383230380936]],[[135.81121054494636,34.95383230380936],[135.80894286312864,34.94938694539081]],[[135.76823006398214,34.94121682318322],[135.77062079830162,34.94116607708255]],[[135.77021648293876,34.971989258628476],[135.7702516407964,34.970872844413776]],[[135.77148216581378,34.96489495375505],[135.77146458688497,34.96516898269866]],[[135.87570763478595,34.95160962460009],[135.87029332470948,34.94885918594387]],[[135.87029332470948,34.94885918594387],[135.86760374860006,34.94962037745389]],[[135.86760374860006,34.94962037745389],[135.87451226762622,34.95443110779725]],[[135.87451226762622,34.95443110779725],[135.87570763478595,34.95160962460009]],[[135.8100854935019,34.95413678041337],[135.81087654529878,34.955618566552886],[135.8129508588995,34.954816778162325]],[[135.8129508588995,34.954816778162325],[135.81300359568598,34.953822154589226]],[[135.81300359568598,34.953822154589226],[135.81251138567902,34.953132007620134]],[[135.81251138567902,34.953132007620134],[135.81242349103493,34.95214753326717]],[[135.81242349103493,34.95214753326717],[135.81201917567208,34.95220842858797]],[[135.81201917567208,34.95220842858797],[135.81121054494636,34.95383230380936]],[[135.767755432904,34.937563103935105],[135.76763238040226,34.937563103935105]],[[135.76763238040226,34.937563103935105],[135.76689406539185,34.937563103935105]],[[135.76634911859844,34.937573253155236],[135.76629638181197,34.93981623080477]],[[135.77378500548917,34.96978687785947],[135.77199195474955,34.97139045464059]],[[135.77199195474955,34.97139045464059],[135.77331037441104,34.97217194459088]],[[135.77331037441104,34.97217194459088],[135.77707226517845,34.97267940559757]],[[135.77707226517845,34.97267940559757],[135.77652731838504,34.97136000698019],[135.77424205763847,34.96996956382188]],[[135.79308666933323,34.93309744707629],[135.79408866827595,34.93154461639585]],[[135.79408866827595,34.93154461639585],[135.7936140371978,34.93133148277304]],[[135.7895884624981,34.93372669872458],[135.79071351394256,34.93353386354204]],[[135.79071351394256,34.93353386354204],[135.79213740717697,34.9333105806991]],[[135.77026921972524,34.970040608362815],[135.77055048258634,34.970020309922546]],[[135.7705329036575,34.96896479102865],[135.77018132508113,34.96896479102865]],[[135.7772832123243,34.97385671513307],[135.77707226517845,34.97267940559757]],[[135.77331037441104,34.97217194459088],[135.77338069012632,34.972872240780106]],[[135.77338069012632,34.972872240780106],[135.7744178469267,34.974130744076675],[135.77708984410728,34.97388716279347]],[[135.77199195474955,34.97139045464059],[135.77111300830856,34.97388716279347],[135.77338069012632,34.974008953435074],[135.77338069012632,34.972872240780106]],[[135.77162279724433,34.96019586483317],[135.7707965875898,34.9602060140533]],[[135.78733835960918,34.93934936667863],[135.78725046496507,34.939481306540365]],[[135.78725046496507,34.939481306540365],[135.785404677439,34.94208965611472]],[[135.785404677439,34.94208965611472],[135.78598478209005,34.94263771400193]],[[135.78598478209005,34.94263771400193],[135.7877250960432,34.94221144675632],[135.78876225284358,34.943226368769686]],[[135.78876225284358,34.943226368769686],[135.79022130393562,34.94089204813894]],[[135.76365954248902,34.931930286760924],[135.7632903849838,34.93169685469785]],[[135.76313217462442,34.93169685469785],[135.76288606962095,34.93207237584279]],[[135.75399113163817,34.93034700842007],[135.75499313058089,34.93034700842007]],[[135.75499313058089,34.93034700842007],[135.75467670986214,34.92951477236911]],[[135.75467670986214,34.92951477236911],[135.75487007807914,34.92832731361347]],[[135.75487007807914,34.92832731361347],[135.75495797272325,34.92736313770077]],[[135.75499313058089,34.93034700842007],[135.75487007807914,34.93067178346435]],[[135.75569628773368,34.929169698884564],[135.75467670986214,34.92951477236911]],[[135.78304910097717,34.9425971171214],[135.77830279019585,34.94181562717111]],[[135.7762987923104,34.943287264090486],[135.774874899076,34.94583471834404]],[[135.77524405658122,34.94670755127553],[135.78266236454314,34.94509382527428]],[[135.78266236454314,34.94509382527428],[135.78304910097717,34.9425971171214]],[[135.7815548920275,34.96496599829598],[135.7790586841351,34.965321221000664]],[[135.7806583666577,34.94859530622039],[135.78327762705183,34.94603770274671],[135.78457846778448,34.946200090268846]],[[135.78457846778448,34.946200090268846],[135.78478941493032,34.94614934416818]],[[135.78478941493032,34.94614934416818],[135.78340067955355,34.94492128853201]],[[135.78340067955355,34.94492128853201],[135.78266236454314,34.94509382527428]],[[135.82384979476774,34.953883049910026],[135.82360368976427,34.953649617846956]],[[135.82360368976427,34.953649617846956],[135.8206152718649,34.95351767798522]],[[135.8206152718649,34.95351767798522],[135.8206152718649,34.95353797642548]],[[135.8206152718649,34.95353797642548],[135.8210547450854,34.95637975806291]],[[135.8210547450854,34.95640005650318],[135.82256653296392,34.95630871352197]],[[135.82256653296392,34.95630871352197],[135.82384979476774,34.953883049910026]],[[135.81864643183712,34.955770804854886],[135.81954295720692,34.95366991628722]],[[135.81954295720692,34.95366991628722],[135.81748622253502,34.953872900689895]],[[135.81748622253502,34.953872900689895],[135.81680064431103,34.954928419583794]],[[135.81680064431103,34.954928419583794],[135.81606232930062,34.9560752814589]],[[135.81606232930062,34.9560752814589],[135.81636117109056,34.95624781820117]],[[135.81495485678496,34.95813557314603],[135.81627327644645,34.95740482929641]],[[135.81627327644645,34.95740482929641],[135.81629085537526,34.95715109879307]],[[135.81606232930062,34.9560752814589],[135.81347822676412,34.956592891685716]],[[135.81347822676412,34.956592891685716],[135.8122125438891,34.95900840607752],[135.81495485678496,34.95813557314603]],[[135.7923483543228,34.93409207064939],[135.79125846073597,34.934213861291]],[[135.79125846073597,34.934213861291],[135.79143425002417,34.934569083995676]],[[135.79227803860752,34.93633504829893],[135.79586414008674,34.935675348990245]],[[135.79586414008674,34.935675348990245],[135.79523129864924,34.93364550496351]],[[135.79523129864924,34.93364550496351],[135.79389530005895,34.93339177446017]],[[135.75569628773368,34.928915968381226],[135.75569628773368,34.928855073060426]],[[135.75569628773368,34.928855073060426],[135.75487007807914,34.92832731361347]],[[135.8206152718649,34.95353797642548],[135.81954295720692,34.95366991628722]],[[135.87570763478595,34.95160962460009],[135.8757427926436,34.95051350882565]],[[135.8757427926436,34.95051350882565],[135.87189300723207,34.94842276947812]],[[135.87189300723207,34.94842276947812],[135.87029332470948,34.94885918594387]],[[135.81722253860272,34.94940724383108],[135.81796085361316,34.951761862902096]],[[135.81796085361316,34.951761862902096],[135.81748622253502,34.953872900689895]],[[135.8206152718649,34.95351767798522],[135.82035158793263,34.95229977156918]],[[135.82035158793263,34.95229977156918],[135.81966600970867,34.94903172268614]],[[135.81966600970867,34.94903172268614],[135.81722253860272,34.94940724383108]],[[135.77135911331206,34.96599106952949],[135.77146458688497,34.96516898269866]],[[135.79125846073597,34.934213861291],[135.79071351394256,34.93353386354204]],[[135.78304910097717,34.940526676214134],[135.78350615312647,34.940668765296]],[[135.78350615312647,34.940668765296],[135.78375225812997,34.93889265177261],[135.78565078244247,34.938649070489404]],[[135.78028920915247,34.955801252515286],[135.78011341986428,34.95633916118237]],[[135.81680064431103,34.954928419583794],[135.81651938144992,34.95527349306834]],[[135.81651938144992,34.95527349306834],[135.81606232930062,34.9560752814589]],[[135.7735564794145,34.92020793750655],[135.77380258441798,34.920431220349485]],[[135.77455847835725,34.92118226263938],[135.7772832123243,34.91949749209719]],[[135.77948057842676,34.91799540751741],[135.7809396295188,34.91700078394431]],[[135.7809396295188,34.91700078394431],[135.77840826376877,34.916716605780564]],[[135.77840826376877,34.916716605780564],[135.77582416123226,34.91908137407171],[135.77468153085897,34.918492719303956],[135.77357405834334,34.92009629608508]],[[135.76568111930328,34.92548553197605],[135.76554048787273,34.925424636655244]],[[135.76313217462442,34.92739358536118],[135.76387048963485,34.927221048618904]],[[135.78565078244247,34.938649070489404],[135.7861078345918,34.93884190567194]],[[135.7861078345918,34.93884190567194],[135.78725046496507,34.939481306540365]],[[135.81300359568598,34.953822154589226],[135.81251138567902,34.953132007620134]],[[135.7826447856143,34.94932605007001],[135.7830842588348,34.947387549024484]],[[135.7830842588348,34.947387549024484],[135.78153731309868,34.94838217259758],[135.780043104149,34.95078753776926]],[[135.77571868765935,34.933767295605115],[135.77786331697536,34.93394998156752],[135.77756447518541,34.93784728209884]],[[135.7755956351576,34.922359572174884],[135.77406626835028,34.92209569245141]],[[135.77032195651168,34.93317864083736],[135.76826522183978,34.93301625331522]],[[135.76826522183978,34.93301625331522],[135.76798395897868,34.93300610409509]],[[135.76791364326337,34.93516788798356],[135.76823006398214,34.93528967862516]],[[135.76823006398214,34.93528967862516],[135.76868711613145,34.934731471517814]],[[135.78876225284358,34.947215012282214],[135.7910299346613,34.946078299627246]],[[135.7910299346613,34.946078299627246],[135.78802393783315,34.944220992342785]],[[135.78802393783315,34.944220992342785],[135.7867230971005,34.946362477790984]],[[135.7867230971005,34.946362477790984],[135.78478941493032,34.94614934416818]],[[135.78457846778448,34.946200090268846],[135.7830842588348,34.947387549024484]],[[135.7830842588348,34.947387549024484],[135.78417415242163,34.94691053567821],[135.78876225284358,34.947215012282214]],[[135.82360368976427,34.953649617846956],[135.8235157951202,34.9530305154188]],[[135.8235157951202,34.9530305154188],[135.82267200653683,34.953020366198665]],[[135.82267200653683,34.953020366198665],[135.82035158793263,34.95229977156918]],[[135.76849374791445,34.93206222662266],[135.76826522183978,34.93301625331522]],[[135.7723962701124,34.93248849386828],[135.77241384904124,34.932315957126]],[[135.77241384904124,34.932315957126],[135.76849374791445,34.93206222662266]],[[135.81968358863747,34.948189337415045],[135.81991211471214,34.94898097658547]],[[135.81991211471214,34.94898097658547],[135.8207559032955,34.94870694764186]],[[135.8207559032955,34.94870694764186],[135.825484635148,34.94925500552908],[135.82653937087719,34.946108747287646],[135.8279984219692,34.945296809676954],[135.82645147623307,34.943165473448886]],[[135.82645147623307,34.943165473448886],[135.82502758299867,34.94474875178973],[135.82209190188578,34.94572307692257]],[[135.82209190188578,34.94572307692257],[135.81852337933537,34.94559113706083]],[[135.81852337933537,34.94559113706083],[135.8210547450854,34.948087845213706],[135.81968358863747,34.948189337415045]],[[135.75569628773368,34.928855073060426],[135.75574902452013,34.92738343614104]],[[135.75574902452013,34.92738343614104],[135.75504586736733,34.92736313770077]],[[135.81029644064773,34.94950873603242],[135.80894286312864,34.94938694539081]],[[135.81201917567208,34.95220842858797],[135.81252896460785,34.95120365579474]],[[135.81252896460785,34.95120365579474],[135.81184338638388,34.94949858681229]],[[135.81184338638388,34.94949858681229],[135.8107886506547,34.94951888525255]],[[135.8107886506547,34.94951888525255],[135.81029644064773,34.94950873603242]],[[135.82268958546564,34.95735408319574],[135.82256653296392,34.95630871352197]],[[135.82117779758715,34.95702930815146],[135.82268958546564,34.95735408319574]],[[135.75082692445062,34.90690230991132],[135.74950850478913,34.90867842343471],[135.74827797977176,34.90836379761057],[135.7474517701172,34.91148975741173]],[[135.7658920664491,34.93405147376886],[135.7655229089439,34.93404132454872]],[[135.77134153438323,34.96789912291461],[135.7737146897739,34.96817315185822]],[[135.8181014850437,34.94731650448355],[135.81699401252806,34.94723531072248]],[[135.81699401252806,34.94723531072248],[135.81718738074508,34.94932605007001]],[[135.81718738074508,34.94932605007001],[135.81722253860272,34.94940724383108]],[[135.81966600970867,34.94903172268614],[135.81991211471214,34.94898097658547]],[[135.81968358863747,34.948189337415045],[135.8181014850437,34.94731650448355]],[[135.81653696037876,34.951883653543696],[135.81651938144992,34.95527349306834]],[[135.81796085361316,34.951761862902096],[135.81653696037876,34.951883653543696]],[[135.78598478209005,34.94263771400193],[135.78340067955355,34.94492128853201]],[[135.7867230971005,34.946362477790984],[135.78598478209005,34.94263771400193]],[[135.78391046848932,34.94202876079392],[135.78394562634696,34.94179532873084]],[[135.78394562634696,34.94179532873084],[135.78350615312647,34.940668765296]],[[135.77712500196492,34.93787772975924],[135.77454089942842,34.938527279847804]],[[135.77102511366448,34.94004966286785],[135.7737322687027,34.93995831988665],[135.77376742656034,34.94105443566108],[135.77589447694754,34.94104428644095]],[[135.78304910097717,34.9425971171214],[135.78391046848932,34.94202876079392]],[[135.81718738074508,34.94932605007001],[135.81437475213392,34.94928545318948]],[[135.81437475213392,34.94928545318948],[135.8129332799707,34.94934634851028]],[[135.8129332799707,34.94934634851028],[135.81340791104884,34.95014813690084],[135.81590411894123,34.94978276497603],[135.81625569751762,34.951934399644365]],[[135.81625569751762,34.951934399644365],[135.81653696037876,34.951883653543696]],[[135.81813664290135,34.95720184489373],[135.81885737898295,34.960510490657306]],[[135.81885737898295,34.960510490657306],[135.8201406407868,34.96096720556332]],[[135.8201406407868,34.96096720556332],[135.82128327116007,34.96034810313517]],[[135.82128327116007,34.96034810313517],[135.82117779758715,34.95702930815146]],[[135.81627327644645,34.95740482929641],[135.81611506608706,34.957760052001085]],[[135.81611506608706,34.957760052001085],[135.81764443289438,34.957841245762154],[135.817292854318,34.96049019221704],[135.81885737898295,34.960510490657306]],[[135.81699401252806,34.94383532197771],[135.81578106643948,34.94400785871998]],[[135.81578106643948,34.94400785871998],[135.8145505414221,34.944231141562916]],[[135.8145505414221,34.944231141562916],[135.81527127750374,34.945083676054146]],[[135.81527127750374,34.945083676054146],[135.81699401252806,34.94723531072248]],[[135.8181014850437,34.94731650448355],[135.81824211647427,34.946220388709115]],[[135.81824211647427,34.946220388709115],[135.8179960114708,34.94451531972666]],[[135.8179960114708,34.94451531972666],[135.81699401252806,34.94383532197771]],[[135.76830037969742,34.9313213335529],[135.76849374791445,34.93206222662266]],[[135.77241384904124,34.932315957126],[135.77046258794223,34.93155476561598]],[[135.8221094808146,34.96039884923584],[135.82128327116007,34.96034810313517]],[[135.82128327116007,34.96034810313517],[135.8214942183059,34.961423920469336]],[[135.8214942183059,34.961423920469336],[135.8236212686931,34.96185018771495]],[[135.77840826376877,34.916716605780564],[135.77594721373399,34.91618884633362],[135.77209742832247,34.91409810698608]],[[135.81852337933537,34.94559113706083],[135.81824211647427,34.946220388709115]],[[135.81527127750374,34.945083676054146],[135.81428685748983,34.945246063576285]],[[135.81428685748983,34.945246063576285],[135.81432201534747,34.947245459942614]],[[135.81432201534747,34.947245459942614],[135.81699401252806,34.94723531072248]],[[135.82151179723473,34.96298690036992],[135.82137116580418,34.96297675114979]],[[135.82137116580418,34.96297675114979],[135.82123053437363,34.96409316536449]],[[135.82123053437363,34.96409316536449],[135.82283021689622,34.96414391146516]],[[135.82283021689622,34.96414391146516],[135.82151179723473,34.96298690036992]],[[135.8129332799707,34.94934634851028],[135.81184338638388,34.94949858681229]],[[135.81252896460785,34.95120365579474],[135.8140934892728,34.951934399644365]],[[135.8140934892728,34.951934399644365],[135.81625569751762,34.951934399644365]],[[135.82117779758715,34.961464517349874],[135.8214942183059,34.961423920469336]],[[135.78391046848932,34.94202876079392],[135.785404677439,34.94208965611472]],[[135.7861078345918,34.93884190567194],[135.78394562634696,34.94179532873084]],[[135.79523129864924,34.93364550496351],[135.79408866827595,34.93154461639585]],[[135.8254143194327,34.96316958633233],[135.8253967405039,34.96313913867193]],[[135.8213008500889,34.96287525894845],[135.82137116580418,34.96297675114979]],[[135.82151179723473,34.96298690036992],[135.8254143194327,34.96316958633233]],[[135.78535194065256,34.91638168151616],[135.7809396295188,34.91700078394431]],[[135.81242349103493,34.95214753326717],[135.8140934892728,34.951934399644365]],[[135.76905627363666,34.937542805494836],[135.76949574685716,34.937542805494836]],[[135.76949574685716,34.937542805494836],[135.76823006398214,34.93528967862516]],[[135.76786090647693,34.93528967862516],[135.76763238040226,34.937563103935105]],[[135.79484456221522,34.940252647270526],[135.7950203515034,34.942363685058325]],[[135.7950203515034,34.942363685058325],[135.79654971831073,34.9406992129564]],[[135.79654971831073,34.9406992129564],[135.7972352965347,34.93880130879141]],[[135.7972352965347,34.93880130879141],[135.79674308652773,34.93786758053911]],[[135.79674308652773,34.93786758053911],[135.79586414008674,34.935675348990245]],[[135.76149733424418,34.93172730235825],[135.76260480675984,34.93131118433277]],[[135.77098995580684,34.937542805494836],[135.76949574685716,34.937542805494836]],[[135.7690914314943,34.93877086113101],[135.77102511366448,34.93875056269074]],[[135.75835070598546,34.967219125165656],[135.76038986172853,34.96803106277635]],[[135.82267200653683,34.953020366198665],[135.8235157951202,34.95139649097728],[135.82562526657856,34.951000671392066]],[[135.82562526657856,34.951000671392066],[135.8261174765855,34.95059470258672]],[[135.8261174765855,34.95059470258672],[135.8228126379674,34.95019888300151],[135.8207559032955,34.94870694764186]],[[135.7711305872374,34.94171413496977],[135.7711481661662,34.94206935767445]],[[135.78802393783315,34.944220992342785],[135.78876225284358,34.943226368769686]],[[135.78623088709355,34.94950873603242],[135.78876225284358,34.947215012282214]],[[135.81495485678496,34.95813557314603],[135.81611506608706,34.957760052001085]],[[135.7924362489669,34.94939709461095],[135.7908365664443,34.94760068264729],[135.79097719787487,34.94629143325005]],[[135.79097719787487,34.94629143325005],[135.7910299346613,34.946078299627246]],[[135.82421895227296,34.960561236757975],[135.82268958546564,34.95735408319574]],[[135.86760374860006,34.94962037745389],[135.86544154035522,34.95058455336659],[135.8621191228083,34.950909328410866],[135.85939438884125,34.95383230380936],[135.85939438884125,34.956958263610524],[135.8535581844731,34.9571612480132],[135.85109713443833,34.95641020572331],[135.84694850723687,34.94835172493718],[135.84469840434795,34.948250232735845]],[[135.84469840434795,34.948250232735845],[135.83909072605445,34.95044246428472],[135.83462567813424,34.94943769149148],[135.83350062668978,34.94853441089959],[135.82991452521057,34.95074694088873],[135.8261174765855,34.95059470258672]],[[135.82562526657856,34.951000671392066],[135.8245177940629,34.95356842408589]],[[135.8245177940629,34.95356842408589],[135.82384979476774,34.953883049910026]],[[135.8254143194327,34.96316958633233],[135.82562526657856,34.963474062936335]],[[135.82562526657856,34.963474062936335],[135.82789294839628,34.96400182238329]],[[135.82789294839628,34.96400182238329],[135.8292289469866,34.96580838356708],[135.83267441703526,34.96851822534276],[135.83631325530095,34.96957374423666],[135.83747346460305,34.966447784435495],[135.84062009286177,34.96567644370534],[135.8445753518462,34.968294942499824],[135.84568282436186,34.96608241251069],[135.84933924155635,34.96428600054703],[135.85188818623521,34.96457017871077],[135.85343513197137,34.963372570735],[135.85617744486723,34.963271078533666],[135.86162691280134,34.960520639877444],[135.86343754246977,34.96016541717276],[135.86458017284306,34.95726274021454],[135.8694319571973,34.95666393622665],[135.87087342936053,34.95546632825088],[135.87321142689353,34.95546632825088],[135.87451226762622,34.95443110779725]],[[135.76272785926156,34.97082209831311],[135.764731857147,34.97317671738411],[135.76613817145258,34.97314626972371]],[[135.8131090692589,34.94317562266902],[135.8124938067502,34.94366278523543]],[[135.8124938067502,34.94366278523543],[135.8130211746148,34.944292036883716]],[[135.8130211746148,34.944292036883716],[135.813196963903,34.9446777072488]],[[135.813196963903,34.9446777072488],[135.81330243747593,34.945266362016554]],[[135.81330243747593,34.945266362016554],[135.81428685748983,34.945246063576285]],[[135.8145505414221,34.944231141562916],[135.81418138391692,34.94391651573878]],[[135.81418138391692,34.94391651573878],[135.8131090692589,34.94317562266902]],[[135.81407591034397,34.95471528596099],[135.81421654177456,34.955801252515286]],[[135.81421654177456,34.955801252515286],[135.81407591034397,34.95471528596099]],[[135.8245177940629,34.95356842408589],[135.8235157951202,34.9530305154188]],[[135.81924411541698,34.96297675114979],[135.81938474684753,34.964529581830234],[135.82123053437363,34.96409316536449]],[[135.82562526657856,34.963474062936335],[135.82518579335806,34.964478835729565]],[[135.82518579335806,34.964478835729565],[135.82789294839628,34.96400182238329]],[[135.8130211746148,34.944292036883716],[135.813196963903,34.9446777072488]],[[135.82010548292916,34.944292036883716],[135.8179960114708,34.94451531972666]],[[135.82209190188578,34.94572307692257],[135.82010548292916,34.944292036883716]],[[135.8757427926436,34.95051350882565],[135.87767647481377,34.947133818521145],[135.87189300723207,34.94842276947812]],[[135.82283021689622,34.96414391146516],[135.82518579335806,34.964478835729565]],[[135.80461844663898,34.94118637552282],[135.80424928913376,34.94087174969868]],[[135.80424928913376,34.94087174969868],[135.80389771055735,34.94123712162349]],[[135.80389771055735,34.94123712162349],[135.80359886876744,34.941541598227495]],[[135.80359886876744,34.941541598227495],[135.80298360625875,34.942252043636856]],[[135.80298360625875,34.942252043636856],[135.802860553757,34.942404281938856]],[[135.802860553757,34.942404281938856],[135.80271992232645,34.942617415561664]],[[135.80271992232645,34.942617415561664],[135.8047239202119,34.9437135313361]],[[135.8047239202119,34.9437135313361],[135.80656970773796,34.94406875404078]],[[135.80656970773796,34.94406875404078],[135.80802875883,34.94411950014145]],[[135.80802875883,34.94411950014145],[135.80699160202963,34.943216219549555]],[[135.80699160202963,34.943216219549555],[135.80461844663898,34.94118637552282]],[[135.80959328349496,34.947133818521145],[135.80788812739945,34.94720486306208]],[[135.80788812739945,34.94720486306208],[135.80760686453831,34.947245459942614]],[[135.80760686453831,34.947245459942614],[135.80825728490464,34.949041871906275]],[[135.80825728490464,34.949041871906275],[135.8086616002675,34.94936664695055]],[[135.81029644064773,34.94950873603242],[135.80959328349496,34.947133818521145]],[[135.80806391668764,34.944139798581716],[135.80802875883,34.94411950014145]],[[135.80656970773796,34.94406875404078],[135.80899559991508,34.945164869815216]],[[135.80899559991508,34.945164869815216],[135.80806391668764,34.944139798581716]],[[135.77462879407253,34.921253307180315],[135.7755956351576,34.922359572174884]],[[135.8129508588995,34.954816778162325],[135.81407591034397,34.95471528596099]],[[135.81421654177456,34.955801252515286],[135.81347822676412,34.956592891685716]],[[135.80760686453831,34.947245459942614],[135.8070443388161,34.94691053567821]],[[135.8070443388161,34.94691053567821],[135.8073080227484,34.948118292874106]],[[135.8073080227484,34.948118292874106],[135.8075892856095,34.94925500552908]],[[135.808222127047,34.94931590084988],[135.80825728490464,34.949041871906275]],[[135.80788812739945,34.94720486306208],[135.80769475918243,34.9457636738031],[135.80929444170502,34.94611889650778]],[[135.80929444170502,34.94611889650778],[135.80899559991508,34.945164869815216]],[[135.8047239202119,34.9437135313361],[135.80700918095846,34.94465740880853],[135.80685097059907,34.946169642608446]],[[135.80685097059907,34.946169642608446],[135.8070443388161,34.94691053567821]],[[135.80959328349496,34.947133818521145],[135.80929444170502,34.94611889650778]],[[135.8073080227484,34.948118292874106],[135.80481181485598,34.948097994433844]],[[135.80481181485598,34.948097994433844],[135.8048997095001,34.948280680396245]],[[135.8048997095001,34.948280680396245],[135.8074838120366,34.94925500552908]],[[135.8074838120366,34.94925500552908],[135.8075892856095,34.94925500552908]],[[135.80271992232645,34.942617415561664],[135.80222771231948,34.943358308631424]],[[135.80222771231948,34.943358308631424],[135.80191129160073,34.94386576963811]],[[135.80191129160073,34.94386576963811],[135.80235076482123,34.94484009477094]],[[135.80235076482123,34.94484009477094],[135.80342307947922,34.94614934416818]],[[135.80342307947922,34.94614934416818],[135.80349339519452,34.94662635751446]],[[135.80349339519452,34.94662635751446],[135.8047239202119,34.94794575613184]],[[135.8047239202119,34.94794575613184],[135.80449539413723,34.94611889650778],[135.80685097059907,34.946169642608446]],[[135.8047239202119,34.94794575613184],[135.80481181485598,34.948097994433844]],[[135.80941749420677,34.94252607258046],[135.80723770703312,34.94320607032942]],[[135.80723770703312,34.94320607032942],[135.80941749420677,34.94252607258046]],[[135.80959328349496,34.947133818521145],[135.81075349279706,34.947164266181545]],[[135.81075349279706,34.947164266181545],[135.8106304402953,34.946129045727915]],[[135.8106304402953,34.946129045727915],[135.80929444170502,34.94611889650778]],[[135.81432201534747,34.947245459942614],[135.81437475213392,34.94928545318948]],[[135.81432201534747,34.947245459942614],[135.81317938497418,34.947215012282214]],[[135.81317938497418,34.947215012282214],[135.81075349279706,34.947164266181545]],[[135.81075349279706,34.947164266181545],[135.8107886506547,34.94951888525255]],[[135.81330243747593,34.945266362016554],[135.81324970068945,34.94626098558965]],[[135.81324970068945,34.94626098558965],[135.81317938497418,34.947215012282214]],[[135.8124938067502,34.94366278523543],[135.81066559815295,34.94421084312265]],[[135.81066559815295,34.94421084312265],[135.81064801922415,34.945164869815216]],[[135.81064801922415,34.945164869815216],[135.81330243747593,34.945266362016554]],[[135.81064801922415,34.945164869815216],[135.81064801922415,34.945195317475616]],[[135.81064801922415,34.945195317475616],[135.8106304402953,34.94611889650778]],[[135.8106304402953,34.94611889650778],[135.81324970068945,34.94626098558965]],[[135.8106304402953,34.94611889650778],[135.8106304402953,34.946129045727915]],[[135.81064801922415,34.945195317475616],[135.80899559991508,34.945164869815216]],[[135.8106304402953,34.94226219285699],[135.80941749420677,34.94252607258046]],[[135.80723770703312,34.94320607032942],[135.80699160202963,34.943216219549555]],[[135.80806391668764,34.944139798581716],[135.81066559815295,34.94421084312265]],[[135.81066559815295,34.94421084312265],[135.8106304402953,34.94226219285699]],[[135.80300118518755,34.948219785075445],[135.80481181485598,34.948097994433844]],[[135.80349339519452,34.94662635751446],[135.80140150266496,34.948047248333175]],[[135.80140150266496,34.948047248333175],[135.80300118518755,34.948219785075445]],[[135.79864161084026,34.940343990251726],[135.7972352965347,34.93880130879141]],[[135.79654971831073,34.9406992129564],[135.79744624368053,34.94312487656835]],[[135.79744624368053,34.94312487656835],[135.80101476623094,34.94314517500862]],[[135.80101476623094,34.94314517500862],[135.80203434410248,34.94314517500862]],[[135.80203434410248,34.94314517500862],[135.79864161084026,34.940343990251726]],[[135.7950203515034,34.942363685058325],[135.7962508765208,34.9437135313361],[135.79737592796525,34.94312487656835]],[[135.79737592796525,34.94312487656835],[135.79744624368053,34.94312487656835]],[[135.79357887934017,34.950188733781374],[135.7950203515034,34.95139649097728],[135.7975165593958,34.951792310562496]],[[135.7975165593958,34.951792310562496],[135.79988971478647,34.95169081836116],[135.8005401351528,34.95022933066191],[135.80300118518755,34.948219785075445]],[[135.80140150266496,34.948047248333175],[135.79980182014236,34.94739769824462],[135.7991162419184,34.94506337761388]],[[135.7991162419184,34.94506337761388],[135.79871192655554,34.94485024399107]],[[135.79871192655554,34.94485024399107],[135.79531919329332,34.944109350921316],[135.7931569850485,34.94465740880853],[135.79097719787487,34.94629143325005]],[[135.79871192655554,34.94485024399107],[135.79737592796525,34.94312487656835]],[[135.80203434410248,34.94314517500862],[135.80222771231948,34.943358308631424]],[[135.802860553757,34.942404281938856],[135.80212223874656,34.94198816391338]],[[135.80212223874656,34.94198816391338],[135.79864161084026,34.940343990251726]],[[135.80235076482123,34.94484009477094],[135.80229802803476,34.94557083862056]],[[135.80229802803476,34.94557083862056],[135.80300118518755,34.94609859806751]],[[135.80300118518755,34.94609859806751],[135.80342307947922,34.94614934416818]],[[135.80482939378481,34.953132007620134],[135.80648181309385,34.95072664244846]],[[135.80648181309385,34.95072664244846],[135.80655212880913,34.950056793919636]],[[135.80655212880913,34.950056793919636],[135.8049172884289,34.94969142199483]],[[135.8049172884289,34.94969142199483],[135.80426686806257,34.94961022823376],[135.80247381732298,34.95256365129265],[135.7992920312066,34.953710513167756]],[[135.7992920312066,34.953710513167756],[135.79962603085417,34.95525319462807],[135.8012608712344,34.955618566552886],[135.80482939378481,34.953132007620134]],[[135.84469840434795,34.948250232735845],[135.84691334937924,34.94593621054537],[135.8469836650945,34.94393681417904],[135.84867124226122,34.944078903260916],[135.84754619081676,34.94078040671747],[135.85020060906854,34.93935951589876],[135.84912829441052,34.936761315544544],[135.85011271442443,34.93507654500236],[135.84802082189486,34.93221446492466],[135.84666724437577,34.93226521102533],[135.84533124578545,34.929819248973125],[135.8441182996969,34.92958581691005],[135.84007514606836,34.93049924672208],[135.8400927249972,34.932001331301855],[135.84448745720212,34.93351356510178],[135.84468082541912,34.9354216184869],[135.83981146213605,34.93514758954329],[135.8387918842645,34.93596967637412],[135.8363659920874,34.93552311068824]],[[135.8363659920874,34.93552311068824],[135.83687578102317,34.938456235306866],[135.83466083599188,34.939501604980634],[135.8354694667176,34.944302186103855],[135.83285020632346,34.94343950239249],[135.83063526129217,34.94397741105958],[135.82840273733206,34.9416024935483],[135.8268382126671,34.94121682318322],[135.82645147623307,34.943165473448886]],[[135.80574349808344,34.939623395622235],[135.8057259191546,34.93915653149609]],[[135.8057259191546,34.93915653149609],[135.80305392197403,34.93916668071622]],[[135.80305392197403,34.93916668071622],[135.80236834375006,34.93915653149609]],[[135.80236834375006,34.93915653149609],[135.80226287017712,34.941531449007364],[135.80389771055735,34.94123712162349]],[[135.80424928913376,34.94087174969868],[135.80574349808344,34.939623395622235]],[[135.8074838120366,34.94925500552908],[135.80655212880913,34.950056793919636]],[[135.80648181309385,34.95072664244846],[135.80852096883694,34.952837680236264]],[[135.80852096883694,34.952837680236264],[135.80983938849843,34.95377140848856]],[[135.7991162419184,34.94506337761388],[135.80229802803476,34.94557083862056]],[[135.80191129160073,34.94386576963811],[135.80101476623094,34.94314517500862]],[[135.8049172884289,34.94969142199483],[135.8048997095001,34.948280680396245]],[[135.7975165593958,34.951792310562496],[135.7992920312066,34.953710513167756]],[[135.80298360625875,34.942252043636856],[135.80279023804172,34.94177503029057]],[[135.80279023804172,34.94177503029057],[135.80212223874656,34.94198816391338]],[[135.80300118518755,34.94609859806751],[135.80349339519452,34.94662635751446]],[[135.82010548292916,34.944292036883716],[135.81841790576246,34.94255652024086]],[[135.81841790576246,34.94255652024086],[135.81699401252806,34.94383532197771]],[[135.80317697447575,34.9363248990788],[135.801981607316,34.935533259908375]],[[135.801981607316,34.935533259908375],[135.80157729195315,34.93600012403452]],[[135.80157729195315,34.93600012403452],[135.8017003444549,34.938537429067935]],[[135.8017003444549,34.938537429067935],[135.80236834375006,34.93915653149609]],[[135.80305392197403,34.93916668071622],[135.80468876235426,34.93721803045056],[135.80317697447575,34.9363248990788]],[[135.80482939378481,34.953132007620134],[135.80852096883694,34.952837680236264]],[[135.81883980005412,34.94011055818865],[135.81833001111835,34.94016130428932]],[[135.81833001111835,34.94016130428932],[135.81546464572074,34.940668765296]],[[135.81546464572074,34.940668765296],[135.81546464572074,34.94217084987579]],[[135.81546464572074,34.94217084987579],[135.818171800759,34.941561896667764]],[[135.818171800759,34.941561896667764],[135.81883980005412,34.94011055818865]],[[135.79916897870487,34.9363553467392],[135.8017003444549,34.938537429067935]],[[135.80157729195315,34.93600012403452],[135.79916897870487,34.9363553467392]],[[135.7988525579861,34.93624370531773],[135.79916897870487,34.9363553467392]],[[135.801981607316,34.935533259908375],[135.79985455692884,34.93425445817153],[135.79746382260933,34.93448789023461],[135.7988525579861,34.93624370531773]],[[135.81546464572074,34.94217084987579],[135.81418138391692,34.94391651573878]],[[135.81578106643948,34.94400785871998],[135.81546464572074,34.94217084987579]],[[135.7988525579861,34.93624370531773],[135.79656729723953,34.93622340687746],[135.79674308652773,34.93786758053911]],[[135.80279023804172,34.94177503029057],[135.80359886876744,34.941541598227495]],[[135.8174686436062,34.935786990411714],[135.81991211471214,34.934650277756745]],[[135.81991211471214,34.934650277756745],[135.8201406407868,34.9343356519326]],[[135.8201406407868,34.9343356519326],[135.8189980104135,34.934650277756745]],[[135.8189980104135,34.934650277756745],[135.81567559286657,34.93517803720369]],[[135.81567559286657,34.93517803720369],[135.81572832965304,34.93580728885198]],[[135.81572832965304,34.93580728885198],[135.8174686436062,34.935786990411714]],[[135.81493727785616,34.93203177896226],[135.8137243317676,34.931859242219986]],[[135.8137243317676,34.931859242219986],[135.81346064783529,34.93431535349233]],[[135.81346064783529,34.93431535349233],[135.81437475213392,34.933878937026584]],[[135.81437475213392,34.933878937026584],[135.81493727785616,34.93203177896226]],[[135.81465601499502,34.93797922196058],[135.8147087517815,34.937654446916305]],[[135.8147087517815,34.937654446916305],[135.8144274889204,34.93800966962098]],[[135.8144274889204,34.93800966962098],[135.81465601499502,34.93797922196058]],[[135.81841790576246,34.94255652024086],[135.818171800759,34.941561896667764]],[[135.8173104332468,34.936264003758],[135.8174686436062,34.935786990411714]],[[135.81572832965304,34.93580728885198],[135.8144274889204,34.93597982559425]],[[135.8144274889204,34.93597982559425],[135.81483180428324,34.937593551595505]],[[135.81483180428324,34.937593551595505],[135.81544706679193,34.93740071641297]],[[135.81544706679193,34.93740071641297],[135.8173104332468,34.936264003758]],[[135.8163963289482,34.93298580565482],[135.81629085537526,34.93164610859718]],[[135.81629085537526,34.93164610859718],[135.8155876982225,34.93141267653411]],[[135.8155876982225,34.93141267653411],[135.81493727785616,34.93203177896226]],[[135.81437475213392,34.933878937026584],[135.8144274889204,34.93597982559425]],[[135.81567559286657,34.93517803720369],[135.8163963289482,34.93298580565482]],[[135.8189980104135,34.934650277756745],[135.81864643183712,34.9332192377179],[135.8163963289482,34.93298580565482]],[[135.81087654529878,34.93654818192174],[135.81084138744114,34.93681206164521]],[[135.81084138744114,34.93681206164521],[135.81147422887867,34.936669972563344]],[[135.81147422887867,34.936669972563344],[135.81289812211307,34.93706579214855]],[[135.81289812211307,34.93706579214855],[135.8144274889204,34.93597982559425]],[[135.81346064783529,34.93431535349233],[135.81087654529878,34.93654818192174]],[[135.81629085537526,34.93164610859718],[135.8175741171791,34.927911195587996]],[[135.8175741171791,34.927911195587996],[135.8159744346565,34.92950462314898],[135.8155876982225,34.93141267653411]],[[135.8175741171791,34.927911195587996],[135.8177323275385,34.927048511876635]],[[135.8177323275385,34.927048511876635],[135.81546464572074,34.92941328016777],[135.8138298053405,34.92940313094764]],[[135.8138298053405,34.92940313094764],[135.8137243317676,34.931859242219986]],[[135.8173104332468,34.936264003758],[135.8187343264812,34.93801981884112]],[[135.8187343264812,34.93801981884112],[135.820316430075,34.93686280774588]],[[135.820316430075,34.93686280774588],[135.82325211118788,34.93636549595933],[135.8236388476219,34.93512729110302]],[[135.8236388476219,34.93512729110302],[135.81991211471214,34.934650277756745]],[[135.81300359568598,34.938466384527],[135.8130211746148,34.93830399700486]],[[135.8130211746148,34.93830399700486],[135.81289812211307,34.93706579214855]],[[135.81147422887867,34.936669972563344],[135.8117730706686,34.93788787897938]],[[135.8117730706686,34.93788787897938],[135.81175549173977,34.93832429544513]],[[135.81175549173977,34.93832429544513],[135.81300359568598,34.938466384527]],[[135.81084138744114,34.93681206164521],[135.81020854600365,34.93825325090419]],[[135.81020854600365,34.93825325090419],[135.8117730706686,34.93788787897938]],[[135.8236388476219,34.93512729110302],[135.8242541101306,34.93417326441046]],[[135.8242541101306,34.93417326441046],[135.82337516368963,34.93304670097562],[135.82022853543089,34.93419356285073]],[[135.82022853543089,34.93419356285073],[135.8201406407868,34.9343356519326]],[[135.8306704191498,34.93143297497437],[135.82908831555602,34.932904611893754],[135.82678547588065,34.93275237359175],[135.8242541101306,34.93417326441046]],[[135.820316430075,34.93686280774588],[135.8193320100611,34.93884190567194]],[[135.8193320100611,34.93884190567194],[135.81883980005412,34.94011055818865]],[[135.8363659920874,34.93552311068824],[135.83678788637908,34.93426460739166],[135.83054736664806,34.93616251155666],[135.83017820914284,34.93441684569367],[135.8311098923703,34.932843716572954],[135.8306704191498,34.93143297497437]],[[135.82022853543089,34.93419356285073],[135.82217979652987,34.93248849386828],[135.82311147975733,34.92978880131272],[135.82184579688231,34.927078959537035]],[[135.82184579688231,34.927078959537035],[135.818365168976,34.92653090164982],[135.8177323275385,34.927048511876635]],[[135.81544706679193,34.93740071641297],[135.81732801217564,34.93863892126927],[135.8187343264812,34.93801981884112]],[[135.8193320100611,34.93884190567194],[135.81833001111835,34.94016130428932]],[[135.8306704191498,34.93143297497437],[135.83082862950917,34.9302049193382],[135.82936957841716,34.92747477912225],[135.82457053084937,34.92757627132358],[135.82184579688231,34.927078959537035]],[[135.81309149033007,34.94080070515774],[135.81303875354362,34.94282039996434]],[[135.81303875354362,34.94282039996434],[135.8131090692589,34.94317562266902]],[[135.8131090692589,34.94317562266902],[135.81449780463566,34.94081085437787]],[[135.81449780463566,34.94081085437787],[135.81309149033007,34.94080070515774]],[[135.81483180428324,34.937593551595505],[135.8147087517815,34.937654446916305]],[[135.81465601499502,34.93797922196058],[135.81528885643255,34.940557123874534]],[[135.81528885643255,34.940557123874534],[135.81546464572074,34.940668765296]],[[135.8056028666529,34.93737026875257],[135.8057259191546,34.93915653149609]],[[135.80574349808344,34.939623395622235],[135.80591928737164,34.94092249579934]],[[135.80591928737164,34.94092249579934],[135.81045465100712,34.94149085212683]],[[135.81045465100712,34.94149085212683],[135.81043707207832,34.941470553686564]],[[135.81043707207832,34.941470553686564],[135.81013823028837,34.94113562942215]],[[135.81013823028837,34.94113562942215],[135.80790570632826,34.93883175645181],[135.8056028666529,34.93737026875257]],[[135.8056028666529,34.93737026875257],[135.8035637109098,34.93610161623586]],[[135.8035637109098,34.93610161623586],[135.80317697447575,34.9363248990788]],[[135.81082380851234,34.93601027325465],[135.81087654529878,34.93654818192174]],[[135.8138298053405,34.92940313094764],[135.8124938067502,34.9344269949138],[135.8107007560106,34.934843112939284],[135.81082380851234,34.93601027325465]],[[135.81309149033007,34.94080070515774],[135.8128278063978,34.93941026199943]],[[135.8128278063978,34.93941026199943],[135.81099959780053,34.940465780893334]],[[135.81099959780053,34.940465780893334],[135.81013823028837,34.94113562942215]],[[135.81043707207832,34.941470553686564],[135.81233559639082,34.942414431158994]],[[135.81233559639082,34.942414431158994],[135.81252896460785,34.94254637102073]],[[135.81252896460785,34.94254637102073],[135.81303875354362,34.94282039996434]],[[135.81252896460785,34.94254637102073],[135.81233559639082,34.942414431158994]],[[135.81045465100712,34.94149085212683],[135.8106304402953,34.94226219285699]],[[135.80461844663898,34.94118637552282],[135.80591928737164,34.94092249579934]],[[135.81528885643255,34.940557123874534],[135.81449780463566,34.94081085437787]],[[135.8144274889204,34.93800966962098],[135.8130211746148,34.93830399700486]],[[135.81300359568598,34.938466384527],[135.8128278063978,34.93941026199943]],[[135.81099959780053,34.940465780893334],[135.81098201887173,34.93902459163435]],[[135.81098201887173,34.93902459163435],[135.81020854600365,34.93825325090419]],[[135.81082380851234,34.93601027325465],[135.8075892856095,34.93769504379684],[135.80637633952094,34.93524908174463],[135.8035637109098,34.93610161623586]],[[135.81175549173977,34.93832429544513],[135.81098201887173,34.93902459163435]]]}