{"type":"Topology","bbox":[135.59953541939797,34.92737953622606,135.72205736134777,35.03064997251794],"objects":{"town":{"type":"GeometryCollection","geometries":[{"type":"Polygon","arcs":[[0,1,2,3,4,5,6,7,8]],"properties":{"name":"嵐山東嵐山中尾下町"}},{"type":"Polygon","arcs":[[9,-3]],"properties":{"name":"嵐山東嵐山虚空蔵山町"}},{"type":"Polygon","arcs":[[-8,10,11,12]],"properties":{"name":"嵐山東嵐山東一川町"}},{"type":"Polygon","arcs":[[13,14,15,16,17,18,19]],"properties":{"name":"嵐山東嵐山宮町"}},{"type":"Polygon","arcs":[[20,21,22,23,24]],"properties":{"name":"嵐山東嵐山東海道町"}},{"type":"Polygon","arcs":[[25,-13,26,27]],"properties":{"name":"嵐山東嵐山茶尻町"}},{"type":"Polygon","arcs":[[-19,28,29,30,31]],"properties":{"name":"嵐山東嵐山薬師下町"}},{"type":"Polygon","arcs":[[32,33,34,-30,35,36]],"properties":{"name":"嵐山東嵐山内田町"}},{"type":"Polygon","arcs":[[37,38,-9,-26,39,-22,40]],"properties":{"name":"嵐山東嵐山上海道町"}},{"type":"Polygon","arcs":[[-6,41,42,-27,-12,43]],"properties":{"name":"嵐山東嵐山上河原町"}},{"type":"Polygon","arcs":[[-11,-7,-44]],"properties":{"name":"嵐山東嵐山西一川町"}},{"type":"Polygon","arcs":[[44,45,-1,-39]],"properties":{"name":"嵐山東嵐山山田町"}},{"type":"Polygon","arcs":[[46,-45,-38,47,-37]],"properties":{"name":"嵐山東嵐山山ノ下町"}},{"type":"Polygon","arcs":[[-20,-32,48,49]],"properties":{"name":"嵐山東嵐山宮ノ北町"}},{"type":"Polygon","arcs":[[-40,-28,-43,50,-23]],"properties":{"name":"嵐山東嵐山樋ノ上町"}},{"type":"Polygon","arcs":[[51,52,53,54,55,56,57]],"properties":{"name":"松尾松室中溝町"}},{"type":"Polygon","arcs":[[58,-25,59,60]],"properties":{"name":"嵐山東嵐山風呂ノ橋町"}},{"type":"Polygon","arcs":[[-14,-50,61,62,63,64]],"properties":{"name":"嵐山東嵐山宮ノ前町"}},{"type":"Polygon","arcs":[[-34,-61,65,66]],"properties":{"name":"嵐山東嵐山森ノ前町"}},{"type":"Polygon","arcs":[[-33,-48,-41,-21,-59]],"properties":{"name":"嵐山東嵐山谷ケ辻子町"}},{"type":"Polygon","arcs":[[67,-16,68,-52,69,70,71]],"properties":{"name":"松尾松室山添町"}},{"type":"Polygon","arcs":[[72,73,74,75,76,77]],"properties":{"name":"桂桂坤町"}},{"type":"Polygon","arcs":[[78,-64,79,-54]],"properties":{"name":"松尾松室河原町"}},{"type":"Polygon","arcs":[[80,81,82,83,84,85,86]],"properties":{"name":"松尾山田南松尾山"}},{"type":"Polygon","arcs":[[87,88,89,90,-82,91]],"properties":{"name":"松尾下山田下園尾町"}},{"type":"Polygon","arcs":[[92,93,94,95,96,97]],"properties":{"name":"桂徳上桂前田町"}},{"type":"Polygon","arcs":[[98,99,100,101,102,103,104,105]],"properties":{"name":"川岡川島北裏町"}},{"type":"Polygon","arcs":[[106,107,-57,108]],"properties":{"name":"松尾松室北河原町"}},{"type":"Polygon","arcs":[[-109,109,110,111]],"properties":{"name":"松尾松室荒堀町"}},{"type":"Polygon","arcs":[[112,113,114,115]],"properties":{"name":"松陽山田中吉見町"}},{"type":"Polygon","arcs":[[116,-70,-58,-108]],"properties":{"name":"松尾松室扇田町"}},{"type":"Polygon","arcs":[[117,118,119,120,121]],"properties":{"name":"桂川桂上野新田町"}},{"type":"Polygon","arcs":[[122,123,124,125,126,127,128,-114]],"properties":{"name":"松陽山田猫塚町"}},{"type":"Polygon","arcs":[[129,130,131,132,133]],"properties":{"name":"松尾松尾鈴川町"}},{"type":"Polygon","arcs":[[134,135,-94]],"properties":{"name":"桂上桂前田町"}},{"type":"Polygon","arcs":[[136,137,138,139]],"properties":{"name":"桂東桂上豆田町"}},{"type":"Polygon","arcs":[[140,141,142,143,144,145]],"properties":{"name":"桂東桂南滝川町"}},{"type":"Polygon","arcs":[[-76,146,147,148,149]],"properties":{"name":"桂山田大吉見町"}},{"type":"Polygon","arcs":[[150,151,152,153]],"properties":{"name":"桂川上桂御正町"}},{"type":"Polygon","arcs":[[154,155,156,157,158,159,160]],"properties":{"name":"松尾松尾南松尾山"}},{"type":"Polygon","arcs":[[161,162,163,164,-132]],"properties":{"name":"松尾松尾東ノ口町"}},{"type":"Polygon","arcs":[[-107,165,166,-71,-117]],"properties":{"name":"松尾松室田中町"}},{"type":"Polygon","arcs":[[-49,-31,-35,-67,167,-62]],"properties":{"name":"嵐山東嵐山朝月町"}},{"type":"Polygon","arcs":[[168,169,170]],"properties":{"name":"桂桂上豆田町"}},{"type":"Polygon","arcs":[[171,172,173,174,-106,175,176]],"properties":{"name":"川岡川島滑樋町"}},{"type":"Polygon","arcs":[[177,-98,-151,178,179]],"properties":{"name":"桂徳上桂御正町"}},{"type":"Polygon","arcs":[[180,181,182,183,184,185,186]],"properties":{"name":"桂東桂清水町"}},{"type":"Polygon","arcs":[[187,188,189,190,191,-124,192]],"properties":{"name":"松陽御陵北山下町"}},{"type":"Polygon","arcs":[[193,194,195,196,197,198]],"properties":{"name":"松陽山田南町"}},{"type":"Polygon","arcs":[[199,200,201,202,203,204,205]],"properties":{"name":"松尾松尾万石町"}},{"type":"Polygon","arcs":[[206,207,208,209,210]],"properties":{"name":"松尾山田畑田町"}},{"type":"Polygon","arcs":[[211,212,213,214,-156,215,216,-17,-68]],"properties":{"name":"松尾松尾谷松尾山町"}},{"type":"Polygon","arcs":[[217,-110,-56,218,219,220,-162,-131]],"properties":{"name":"松尾松室吾田神町"}},{"type":"Polygon","arcs":[[221,222,223,224,225,226]],"properties":{"name":"桂徳桂河田町"}},{"type":"Polygon","arcs":[[-184,227,-227,228,229]],"properties":{"name":"桂徳桂徳大寺東町"}},{"type":"Polygon","arcs":[[-103,230,231]],"properties":{"name":"桂東川島北裏町"}},{"type":"Polygon","arcs":[[232,233,-126]],"properties":{"name":"松陽山田御道路町"}},{"type":"Polygon","arcs":[[234,235,236,237,238,-101]],"properties":{"name":"川岡川島有栖川町"}},{"type":"Polygon","arcs":[[239,240,241,242,243,244]],"properties":{"name":"桂川上桂北ノ口町"}},{"type":"Polygon","arcs":[[245,246,-212,-72,-167,247,-204]],"properties":{"name":"松尾松室地家町"}},{"type":"Polygon","arcs":[[248,249,250,-207,251,252]],"properties":{"name":"松陽山田庄田町"}},{"type":"Polygon","arcs":[[-210,253,254,-218,-130,255,256]],"properties":{"name":"松尾松尾木ノ曽町"}},{"type":"Polygon","arcs":[[257,258,259,260,261]],"properties":{"name":"川岡下津林津森"}},{"type":"Polygon","arcs":[[-247,262,-213]],"properties":{"name":"松尾松室地家山"}},{"type":"Polygon","arcs":[[263,264,265,266]],"properties":{"name":"嵐山東嵐山北松尾山"}},{"type":"Polygon","arcs":[[267,268,-252,-211,-257,269]],"properties":{"name":"桂川上桂森上町"}},{"type":"Polygon","arcs":[[270,271,272,273]],"properties":{"name":"川岡東牛ケ瀬川原口町"}},{"type":"Polygon","arcs":[[274,275,276,277,278,279]],"properties":{"name":"桂東桂浅原町"}},{"type":"Polygon","arcs":[[280,-195,281,282,283,284,285,-89]],"properties":{"name":"松陽山田箱塚町"}},{"type":"Polygon","arcs":[[286,287,-176,-105,288,289,290,291]],"properties":{"name":"川岡川島東代町"}},{"type":"Polygon","arcs":[[292,293,-268,294,295,296,297]],"properties":{"name":"桂川上桂三ノ宮町"}},{"type":"Polygon","arcs":[[298,-187,299,-277]],"properties":{"name":"桂東桂御園"}},{"type":"Polygon","arcs":[[300,-198,301,302,303]],"properties":{"name":"松陽山田上ノ町"}},{"type":"Polygon","arcs":[[-183,304,-228]],"properties":{"name":"桂東桂後水町"}},{"type":"Polygon","arcs":[[305,306,307,308,309,-273]],"properties":{"name":"川岡東牛ケ瀬青柳町"}},{"type":"Polygon","arcs":[[310,311,312,313,314]],"properties":{"name":"川岡川島六ノ坪町"}},{"type":"Polygon","arcs":[[-208,-251,315,-304,316,317]],"properties":{"name":"松陽山田出口町"}},{"type":"Polygon","arcs":[[318,-171,319,320,-139]],"properties":{"name":"桂徳桂上豆田町"}},{"type":"Polygon","arcs":[[321,322,323,324,325]],"properties":{"name":"松陽御陵谷町"}},{"type":"Polygon","arcs":[[326,327,328]],"properties":{"name":"川岡東牛ケ瀬見附"}},{"type":"Polygon","arcs":[[329,330,-177,-288,331]],"properties":{"name":"川岡川島松ノ木本町"}},{"type":"Polygon","arcs":[[332,333,334,335,336]],"properties":{"name":"桂東桂稲荷山町"}},{"type":"Polygon","arcs":[[337,338,339,340]],"properties":{"name":"桂徳桂徳大寺北町"}},{"type":"Polygon","arcs":[[341,-189,342,343]],"properties":{"name":"松陽御陵内町"}},{"type":"Polygon","arcs":[[-78,344,345,346,347,-238]],"properties":{"name":"桂桂南巽町"}},{"type":"Polygon","arcs":[[-317,-303,348,349,350,351,352]],"properties":{"name":"松尾山田葉室町"}},{"type":"Polygon","arcs":[[-69,-15,-65,-79,-53]],"properties":{"name":"松尾松室追上ゲ町"}},{"type":"Polygon","arcs":[[353,354,355,356,357,-314,358]],"properties":{"name":"川岡川島五反長町"}},{"type":"Polygon","arcs":[[-215,-87,359,-157]],"properties":{"name":"松尾下山田上園尾町"}},{"type":"Polygon","arcs":[[360,361,362,363,-153]],"properties":{"name":"桂川上桂東居町"}},{"type":"Polygon","arcs":[[-141,364,365,-336,366,367]],"properties":{"name":"桂東桂西滝川町"}},{"type":"Polygon","arcs":[[368,-328,369,370,371,-274,-310,372,373,374]],"properties":{"name":"川岡東牛ケ瀬葭ノ本"}},{"type":"Polygon","arcs":[[375,-296,376,377,-361,-152,-97]],"properties":{"name":"桂川上桂前田町"}},{"type":"Polygon","arcs":[[378,379,-95,-136,-170,380]],"properties":{"name":"桂桂艮町"}},{"type":"Polygon","arcs":[[381,-381,382,-345]],"properties":{"name":"桂桂巽町"}},{"type":"Polygon","arcs":[[-192,383,384,-283,385,-233,-125]],"properties":{"name":"松陽山田平尾町"}},{"type":"Polygon","arcs":[[-352,386,-206,387,-111,-255,388]],"properties":{"name":"松尾松尾大利町"}},{"type":"Polygon","arcs":[[389,390,391,392,393,-122,394,395]],"properties":{"name":"桂川桂上野今井町"}},{"type":"Polygon","arcs":[[396,397,-346,-383,-169]],"properties":{"name":"桂桂下豆田町"}},{"type":"Polygon","arcs":[[398,399,400,401,402,403]],"properties":{"name":"松陽御陵大原"}},{"type":"Polygon","arcs":[[404,405,406,407]],"properties":{"name":"樫原樫原八反田"}},{"type":"Polygon","arcs":[[408,409,410,-181,-299,-276,411]],"properties":{"name":"桂東桂春日町"}},{"type":"Polygon","arcs":[[412,-154,-364,-245,413,414]],"properties":{"name":"桂川上桂北村町"}},{"type":"Polygon","arcs":[[415,-140,416,417,-222,-305,-182,-411]],"properties":{"name":"桂東桂久方町"}},{"type":"Polygon","arcs":[[418,-396,419]],"properties":{"name":"桂川桂上野北町"}},{"type":"Polygon","arcs":[[-343,-188,420,-148,421,422,423]],"properties":{"name":"松陽御陵溝浦町"}},{"type":"Polygon","arcs":[[424,425,426,-325,427,-190,-342]],"properties":{"name":"松陽御陵塚ノ越町"}},{"type":"Polygon","arcs":[[428,429,-84]],"properties":{"name":"松尾下山田丁塚町"}},{"type":"Polygon","arcs":[[430,431,432,433,434,435]],"properties":{"name":"樫原樫原五反田"}},{"type":"Polygon","arcs":[[-286,436,437,-90]],"properties":{"name":"松陽山田谷田"}},{"type":"Polygon","arcs":[[-403,438,439,440,441]],"properties":{"name":"松陽御陵細谷"}},{"type":"Polygon","arcs":[[442,443,444,445,-423,446,447,448]],"properties":{"name":"松陽御陵南荒木町"}},{"type":"Polygon","arcs":[[-371,449,450,451,452]],"properties":{"name":"川岡東牛ケ瀬山柿町"}},{"type":"Polygon","arcs":[[453,454,-137,-416,-410,455]],"properties":{"name":"桂東桂芝ノ下町"}},{"type":"Polygon","arcs":[[-446,456,-425,-344,-424]],"properties":{"name":"松陽御陵荒木町"}},{"type":"Polygon","arcs":[[457,-161,458,-266]],"properties":{"name":"松尾松尾北松尾山"}},{"type":"Polygon","arcs":[[-295,-270,-256,-134,459,460,-377]],"properties":{"name":"桂川上桂宮ノ後町"}},{"type":"Polygon","arcs":[[461,462,463,-439,-402]],"properties":{"name":"松陽御陵南谷"}},{"type":"Polygon","arcs":[[464,465,-128,466,467]],"properties":{"name":"松陽山田六ノ坪町"}},{"type":"Polygon","arcs":[[-290,468,469,-334]],"properties":{"name":"桂東桂市ノ前町"}},{"type":"Polygon","arcs":[[-467,-127,-234,-386,-282,-194,470,471]],"properties":{"name":"松陽山田南山田町"}},{"type":"Polygon","arcs":[[-193,-123,-113,-149,-421]],"properties":{"name":"松陽山田大吉見町"}},{"type":"Polygon","arcs":[[472,473,474,-382,-77]],"properties":{"name":"桂桂千代原町"}},{"type":"Polygon","arcs":[[-302,-197,475,476,477,-349]],"properties":{"name":"松尾山田開キ町"}},{"type":"Polygon","arcs":[[478,479,-243,480,-390,-419]],"properties":{"name":"桂川桂上野西町"}},{"type":"Polygon","arcs":[[-248,-166,-112,-388,-205]],"properties":{"name":"松尾松室庄田町"}},{"type":"Polygon","arcs":[[481,-447,-422,-147,-75]],"properties":{"name":"桂御陵溝浦町"}},{"type":"Polygon","arcs":[[-102,-239,-348,482,-454,483,-231]],"properties":{"name":"桂東桂野里町"}},{"type":"Polygon","arcs":[[484,-179,-413,-339,485]],"properties":{"name":"桂徳上桂東ノ口町"}},{"type":"Polygon","arcs":[[-318,-353,-389,-254,-209]],"properties":{"name":"松尾山田弦馳町"}},{"type":"Polygon","arcs":[[-399,486,487,488,-323,489]],"properties":{"name":"松陽御陵御茶屋山"}},{"type":"Polygon","arcs":[[-453,490,491,-271,-372]],"properties":{"name":"川岡東牛ケ瀬新田泓町"}},{"type":"Polygon","arcs":[[492,-462,-401,493,-326,-427,494,495]],"properties":{"name":"松陽御陵鴫谷"}},{"type":"Polygon","arcs":[[-368,496,-280,497,-142]],"properties":{"name":"桂東桂北滝川町"}},{"type":"Polygon","arcs":[[-223,-418,498]],"properties":{"name":"桂徳桂久方町"}},{"type":"Polygon","arcs":[[499,-249,500,501]],"properties":{"name":"松陽山田四ノ坪町"}},{"type":"Polygon","arcs":[[-244,-480,502,-414]],"properties":{"name":"桂川桂上野南町"}},{"type":"Polygon","arcs":[[-363,503,-460,-133,-165,504,-240]],"properties":{"name":"桂川上桂大野町"}},{"type":"Polygon","arcs":[[505,-118,-394,506]],"properties":{"name":"桂川桂上野川原町"}},{"type":"Polygon","arcs":[[-226,507,-341,508,509,-229]],"properties":{"name":"桂徳桂徳大寺町"}},{"type":"Polygon","arcs":[[-473,-150,-116,510]],"properties":{"name":"桂山田中吉見町"}},{"type":"Polygon","arcs":[[511,512,513,514]],"properties":{"name":"樫原樫原山ノ上町"}},{"type":"Polygon","arcs":[[-461,-504,-362,-378]],"properties":{"name":"桂川上桂西居町"}},{"type":"Polygon","arcs":[[-407,515,516,517,-431,518]],"properties":{"name":"樫原樫原山路"}},{"type":"Polygon","arcs":[[519,520,521,522,523,524]],"properties":{"name":"樫原樫原畔ノ海道"}},{"type":"Polygon","arcs":[[525,526,527,528]],"properties":{"name":"樫原樫原水築町"}},{"type":"Polygon","arcs":[[529,530,531,532,533]],"properties":{"name":"樫原樫原甲水"}},{"type":"Polygon","arcs":[[534,535,536,537,538,539,540,541]],"properties":{"name":"川岡下津林番条"}},{"type":"Polygon","arcs":[[542,543,-513,544,545,546]],"properties":{"name":"樫原樫原上ノ町"}},{"type":"Polygon","arcs":[[-298,547,548]],"properties":{"name":"桂上桂三ノ宮町"}},{"type":"Polygon","arcs":[[549,550,551,-144,552]],"properties":{"name":"川岡東牛ケ瀬高刎町"}},{"type":"Polygon","arcs":[[553,554,555,556,557,-308]],"properties":{"name":"川岡東牛ケ瀬奥ノ防町"}},{"type":"Polygon","arcs":[[558,-92,-81,-214,-263,-246,-203,559]],"properties":{"name":"松尾松尾神ケ谷町"}},{"type":"Polygon","arcs":[[560,561,562,563]],"properties":{"name":"樫原樫原石畑町"}},{"type":"Polygon","arcs":[[564,-449]],"properties":{"name":"樫原御陵南荒木町"}},{"type":"Polygon","arcs":[[-477,565,-560,-202,566]],"properties":{"name":"松尾山田北ノ町"}},{"type":"Polygon","arcs":[[567,568,569,-443,-565,-448,-482,-74,570]],"properties":{"name":"樫原川島権田町"}},{"type":"Polygon","arcs":[[571,-503,572,-121]],"properties":{"name":"桂川桂上野東町"}},{"type":"Polygon","arcs":[[-185,-230,-510,573,574]],"properties":{"name":"桂徳桂大縄町"}},{"type":"Polygon","arcs":[[-115,-129,-466,575,-474,-511]],"properties":{"name":"松陽山田車塚町"}},{"type":"Polygon","arcs":[[-576,-465,576,577,-293,-549,578,-379,-475]],"properties":{"name":"桂桂乾町"}},{"type":"MultiPolygon","arcs":[[[591,-916,-934,-793,659,634,635,636,584,579,580,581,-884]]],"properties":{"name":"桂坂御陵大枝山町"}},{"type":"Polygon","arcs":[[-478,-567,-201,585,-350]],"properties":{"name":"松尾松尾上ノ山町"}},{"type":"Polygon","arcs":[[586,-292,587,588,589,590]],"properties":{"name":"川岡下津林楠町"}},{"type":"Polygon","arcs":[[-586,-200,-387,-351]],"properties":{"name":"松尾松尾井戸町"}},{"type":"Polygon","arcs":[[-530,594,-405,595,596,597,598,599,600]],"properties":{"name":"樫原川島三重町"}},{"type":"Polygon","arcs":[[601,-180,-485,-224,-499,-417,-321]],"properties":{"name":"桂徳桂池尻町"}},{"type":"Polygon","arcs":[[-483,-347,-398,602,-138,-455]],"properties":{"name":"桂東桂下豆田町"}},{"type":"Polygon","arcs":[[603,-577,-468,-472,-502]],"properties":{"name":"松陽山田久田町"}},{"type":"Polygon","arcs":[[604,-306,-272,-492]],"properties":{"name":"川岡東牛ケ瀬弥生町"}},{"type":"Polygon","arcs":[[-505,-164,605,-241]],"properties":{"name":"桂川上桂前川町"}},{"type":"Polygon","arcs":[[606,-216,-155,-458,-265]],"properties":{"name":"松尾松室北松尾山"}},{"type":"Polygon","arcs":[[-100,607,-235]],"properties":{"name":"川岡川島寺田町"}},{"type":"Polygon","arcs":[[608,609,610,611,612,613]],"properties":{"name":"樫原樫原前田町"}},{"type":"Polygon","arcs":[[-18,-217,-607,-264,614,-4,-10,-2,-46,-47,-36,-29]],"properties":{"name":"嵐山東嵐山元録山町"}},{"type":"Polygon","arcs":[[615,616,617,-514,-544,618,619,620]],"properties":{"name":"樫原樫原秤谷町"}},{"type":"MultiPolygon","arcs":[[[623,624,625,626,627,621,786,787,788,789,790]]],"properties":{"name":"竹の里大原野西竹の里町"}},{"type":"Polygon","arcs":[[-491,-452,628,629,-554,-307,-605]],"properties":{"name":"川岡東牛ケ瀬南ノ口町"}},{"type":"Polygon","arcs":[[630,631,632,-630]],"properties":{"name":"川岡東牛ケ瀬西柿町"}},{"type":"Polygon","arcs":[[637,-220,638,-392]],"properties":{"name":"桂川上桂樋ノ口町"}},{"type":"MultiPolygon","arcs":[[[-627,639,640,641,642,-700,-863,941,934,-628]],[[-791,-778,-624]]],"properties":{"name":"竹の里大原野東竹の里町"}},{"type":"MultiPolygon","arcs":[[[-824,891,-710,-709,750,840,-784,838,644,680,681,682]]],"properties":{"name":"新林大枝西新林町"}},{"type":"Polygon","arcs":[[-479,-420,-395,-573]],"properties":{"name":"桂川桂上野中町"}},{"type":"MultiPolygon","arcs":[[[649,650,-794,933,915,-592,883,-582,841,842,-904,881,-903,858]]],"properties":{"name":"桂坂大枝北沓掛町"}},{"type":"Polygon","arcs":[[-159,652,653,654,655]],"properties":{"name":"大枝山田捻木尾"}},{"type":"Polygon","arcs":[[-320,-135,-93,-178,-602]],"properties":{"name":"桂徳桂御所町"}},{"type":"Polygon","arcs":[[-199,-301,-316,-250,-500,-471]],"properties":{"name":"松陽山田北山田町"}},{"type":"Polygon","arcs":[[-373,-309,-558,656,-145,-552,657]],"properties":{"name":"川岡東牛ケ瀬林ノ本町"}},{"type":"Polygon","arcs":[[-486,-338,-508,-225]],"properties":{"name":"桂徳桂徳大寺南町"}},{"type":"Polygon","arcs":[[661,662,-632,663,664]],"properties":{"name":"川岡東下津林中島町"}},{"type":"Polygon","arcs":[[665,-664,-631,-629,-451,666]],"properties":{"name":"川岡東牛ケ瀬堂田町"}},{"type":"Polygon","arcs":[[667,-262,668,669,-330,670,671,-537,672,-535]],"properties":{"name":"川岡下津林佃"}},{"type":"Polygon","arcs":[[673,674,-532,675]],"properties":{"name":"樫原樫原比恵田町"}},{"type":"Polygon","arcs":[[-322,-494,-400,-490]],"properties":{"name":"松陽御陵池ノ谷"}},{"type":"Polygon","arcs":[[676,677,-524,678,679]],"properties":{"name":"樫原樫原江ノ本町"}},{"type":"Polygon","arcs":[[-261,685,-357,686,-669]],"properties":{"name":"川岡下津林八島"}},{"type":"Polygon","arcs":[[-340,-415,-572,-120,687,-509]],"properties":{"name":"桂川桂畑ケ田町"}},{"type":"Polygon","arcs":[[-571,-73,-237,688]],"properties":{"name":"川岡川島尻堀町"}},{"type":"Polygon","arcs":[[689,690,-590,691,692,-556,693]],"properties":{"name":"川岡東下津林南大般若町"}},{"type":"Polygon","arcs":[[-603,-397,-319]],"properties":{"name":"桂徳桂下豆田町"}},{"type":"Polygon","arcs":[[694,695,696,-562]],"properties":{"name":"樫原樫原茶ノ木本町"}},{"type":"MultiPolygon","arcs":[[[946,861,862,699,-643,700,701,702,947,948]]],"properties":{"name":"福西大枝南福西町"}},{"type":"Polygon","arcs":[[703,704,705]],"properties":{"name":"大原野大原野東野町"}},{"type":"Polygon","arcs":[[706,707,708,709,710,711,-580,712,713,714]],"properties":{"name":"大枝大枝塚原町"}},{"type":"Polygon","arcs":[[-670,-687,-356,715,716,717,-172,-331]],"properties":{"name":"川岡川島莚田町"}},{"type":"Polygon","arcs":[[718,-553,-143,-498,-279]],"properties":{"name":"桂東桂滝川町"}},{"type":"Polygon","arcs":[[719,-609,720,721,722]],"properties":{"name":"樫原樫原釘貫"}},{"type":"Polygon","arcs":[[723,724,725]],"properties":{"name":"樫原川島流田町"}},{"type":"Polygon","arcs":[[726,-541,727,728,-591,-691,729]],"properties":{"name":"川岡下津林前泓町"}},{"type":"Polygon","arcs":[[-597,730,731,-174,732]],"properties":{"name":"樫原川島野田町"}},{"type":"Polygon","arcs":[[-489,733,-384,-191,-428,-324]],"properties":{"name":"松陽御陵北山町"}},{"type":"Polygon","arcs":[[-289,-104,-232,-484,-456,-409,-469]],"properties":{"name":"桂東桂木ノ下町"}},{"type":"Polygon","arcs":[[734,-671,-332,-287,-587,-729]],"properties":{"name":"川岡下津林水掛町"}},{"type":"Polygon","arcs":[[735,-730,-690,736]],"properties":{"name":"川岡東下津林芝ノ宮町"}},{"type":"Polygon","arcs":[[737,738,739,740,741,742]],"properties":{"name":"新林大枝東長町"}},{"type":"Polygon","arcs":[[743,-516,-406,-595,-534]],"properties":{"name":"樫原樫原六反田"}},{"type":"Polygon","arcs":[[-437,-285,744,-487,-404,-442,745,746,747]],"properties":{"name":"松陽京都大学桂"}},{"type":"Polygon","arcs":[[-291,-333,752,-588]],"properties":{"name":"川岡東下津林北浦町"}},{"type":"Polygon","arcs":[[-735,-728,-540,753,-538,-672]],"properties":{"name":"川岡下津林六反田"}},{"type":"Polygon","arcs":[[-589,-753,-337,-366,754,-692]],"properties":{"name":"川岡東下津林大般若町"}},{"type":"Polygon","arcs":[[755,756,757,758,759,-546]],"properties":{"name":"樫原樫原下ノ町"}},{"type":"Polygon","arcs":[[-578,-604,-501,-253,-269,-294]],"properties":{"name":"桂川上桂森下町"}},{"type":"Polygon","arcs":[[-311,760,761]],"properties":{"name":"樫原川島六ノ坪町"}},{"type":"Polygon","arcs":[[762,-329,-369]],"properties":{"name":"川岡東牛ケ瀬新開"}},{"type":"Polygon","arcs":[[-716,-355,763,764,765]],"properties":{"name":"樫原川島五反長町"}},{"type":"Polygon","arcs":[[766,767,-759,768,769,770,-528,771]],"properties":{"name":"樫原樫原下池田町"}},{"type":"MultiPolygon","arcs":[[[931,911,-825,-682,-681,-645,-839,-783,944,775,776,-625,777,-790]]],"properties":{"name":"境谷大原野西境谷町"}},{"type":"Polygon","arcs":[[-476,-196,-281,-88,-559,-566]],"properties":{"name":"松尾山田桜谷町"}},{"type":"Polygon","arcs":[[-359,-313,778,-725,779,-600,780]],"properties":{"name":"樫原川島梅園町"}},{"type":"MultiPolygon","arcs":[[[-707,905,-738,906,907,908,781,782,783,-841,-751,-708]]],"properties":{"name":"新林大枝東新林町"}},{"type":"Polygon","arcs":[[-86,791,-635,-660,792,793,-651,794,-653,-158,-360]],"properties":{"name":"桂坂御陵北大枝山町"}},{"type":"Polygon","arcs":[[795,796,797,798,799,-611]],"properties":{"name":"樫原樫原内垣外町"}},{"type":"Polygon","arcs":[[-693,-755,-365,-146,-657,-557]],"properties":{"name":"川岡東下津林東大般若町"}},{"type":"Polygon","arcs":[[-312,-762,800,-726,-779]],"properties":{"name":"樫原川島桜園町"}},{"type":"Polygon","arcs":[[-717,-766,801]],"properties":{"name":"樫原川島莚田町"}},{"type":"Polygon","arcs":[[802,803,-547,-760,-768]],"properties":{"name":"樫原樫原上池田町"}},{"type":"MultiPolygon","arcs":[[[-585,-637,-636,-792,-85,-430,805,-747,-746,-441,-930,-714,-713]]],"properties":{"name":"桂坂御陵峰ケ堂町"}},{"type":"Polygon","arcs":[[807,-259,808,-665,-666]],"properties":{"name":"川岡東下津林南中島町"}},{"type":"Polygon","arcs":[[809,-677,-432,-518]],"properties":{"name":"樫原樫原庭井"}},{"type":"Polygon","arcs":[[-408,810,-435,811,-695,812,813,-731,-596]],"properties":{"name":"樫原川島調子町"}},{"type":"Polygon","arcs":[[-258,-668,-542,-727,-736,814,-662,-809]],"properties":{"name":"川岡下津林番条町"}},{"type":"Polygon","arcs":[[815,-374,-658,-551]],"properties":{"name":"川岡東牛ケ瀬的場"}},{"type":"Polygon","arcs":[[-769,-758,816,817,818]],"properties":{"name":"樫原樫原宇治井西町"}},{"type":"Polygon","arcs":[[819,-613,820,821,-522]],"properties":{"name":"樫原樫原田中町"}},{"type":"Polygon","arcs":[[-663,-815,-737,-694,-555,-633]],"properties":{"name":"川岡東下津林東芝ノ宮町"}},{"type":"Polygon","arcs":[[822,823,-683,824,825]],"properties":{"name":"新林大枝西長町"}},{"type":"Polygon","arcs":[[-506,826,-574,-688,-119]],"properties":{"name":"桂川桂大縄町"}},{"type":"Polygon","arcs":[[827,828,829,830,831,832,833]],"properties":{"name":"大原野大原野上羽町"}},{"type":"Polygon","arcs":[[834,835,-444,-570,836,837,-818]],"properties":{"name":"樫原樫原久保町"}},{"type":"Polygon","arcs":[[-163,-221,-638,-391,-481,-242,-606]],"properties":{"name":"桂川上桂今井町"}},{"type":"Polygon","arcs":[[-529,-771,-696,-812,-434]],"properties":{"name":"樫原樫原分田"}},{"type":"Polygon","arcs":[[845,846,847,848]],"properties":{"name":"大原野大原野上里勝山町"}},{"type":"Polygon","arcs":[[849,850,851,852,853]],"properties":{"name":"樫原樫原大亀谷"}},{"type":"Polygon","arcs":[[-822,854,855,-767,856]],"properties":{"name":"樫原樫原塚ノ本町"}},{"type":"Polygon","arcs":[[-412,-275,-497,-367,-335,-470]],"properties":{"name":"桂東桂朝日町"}},{"type":"Polygon","arcs":[[-835,-817,-757,860]],"properties":{"name":"樫原樫原池ノ上町"}},{"type":"Polygon","arcs":[[-674,864,-722,865,-520]],"properties":{"name":"樫原樫原里ノ垣外町"}},{"type":"Polygon","arcs":[[866,867,868,869]],"properties":{"name":"大原野大原野外畑町"}},{"type":"Polygon","arcs":[[870,871,872,873,874,-831,875]],"properties":{"name":"大原野大原野灰方町"}},{"type":"Polygon","arcs":[[-438,-748,-806,-429,-83,-91]],"properties":{"name":"松陽御陵峰ケ堂"}},{"type":"Polygon","arcs":[[-821,-612,-800,876,877,878,-855]],"properties":{"name":"樫原樫原杉原町"}},{"type":"Polygon","arcs":[[-814,879,-608,-99,-175,-732]],"properties":{"name":"川岡川島玉頭町"}},{"type":"Polygon","arcs":[[884,-848,885,886,-704,887,888,-833,889,890]],"properties":{"name":"大原野大原野上里南ノ町"}},{"type":"Polygon","arcs":[[-781,-599,893,-764,-354]],"properties":{"name":"樫原川島竹園町"}},{"type":"Polygon","arcs":[[-519,-436,-811]],"properties":{"name":"樫原樫原三宅町"}},{"type":"Polygon","arcs":[[894,-850,895,-797]],"properties":{"name":"樫原樫原権現原"}},{"type":"Polygon","arcs":[[-813,-561,896,-568,-689,-236,-880]],"properties":{"name":"川岡川島粟田町"}},{"type":"Polygon","arcs":[[897,-878,898,-619,-543,-804]],"properties":{"name":"樫原樫原硲町"}},{"type":"Polygon","arcs":[[-892,-823,899,900,901,-654,-795,-650,-859,902,-882,903,-843,904,-711]],"properties":{"name":"大枝大枝沓掛町"}},{"type":"Polygon","arcs":[[-680,913,-526,-433]],"properties":{"name":"樫原樫原口戸"}},{"type":"Polygon","arcs":[[-896,-854,916,-798]],"properties":{"name":"樫原樫原勝後谷"}},{"type":"Polygon","arcs":[[917,-617,918,-463,-493]],"properties":{"name":"樫原樫原鴫谷"}},{"type":"Polygon","arcs":[[-679,-523,-857,-772,-527,-914]],"properties":{"name":"樫原樫原平田町"}},{"type":"MultiPolygon","arcs":[[[-742,953,-948,-703,-702,-701,-642,919,942,-907,-743]]],"properties":{"name":"福西大枝北福西町"}},{"type":"Polygon","arcs":[[-868,922,-788,923,-874,924]],"properties":{"name":"大原野大原野南春日町"}},{"type":"Polygon","arcs":[[-765,-894,-598,-733,-173,-718,-802]],"properties":{"name":"樫原川島松園町"}},{"type":"Polygon","arcs":[[-618,-918,-496,925,-515]],"properties":{"name":"樫原樫原盆山"}},{"type":"Polygon","arcs":[[-837,-569,-897,-564,926]],"properties":{"name":"樫原樫原佃"}},{"type":"Polygon","arcs":[[-533,-675,-525,-678,-810,-517,-744]],"properties":{"name":"樫原樫原井戸"}},{"type":"Polygon","arcs":[[-715,929,-440,-464,-919,-616,930,-739,-906]],"properties":{"name":"大枝大枝中山町"}},{"type":"Polygon","arcs":[[936,-851,-895,-796,-610,-720]],"properties":{"name":"樫原樫原岡南ノ庄"}},{"type":"Polygon","arcs":[[-856,-879,-898,-803]],"properties":{"name":"樫原樫原中垣外"}},{"type":"Polygon","arcs":[[-819,-838,-927,-563,-697,-770]],"properties":{"name":"樫原樫原宇治井町"}},{"type":"Polygon","arcs":[[937,938,-886,-847]],"properties":{"name":"大原野大原野上里紅葉町"}},{"type":"Polygon","arcs":[[-899,-877,-799,-917,-853,939,940,-620]],"properties":{"name":"樫原樫原百々ケ池"}},{"type":"Polygon","arcs":[[-512,-926,-495,-426,-457,-445,-836,-861,-756,-545]],"properties":{"name":"樫原樫原蛸田町"}},{"type":"Polygon","arcs":[[-655,-902,945]],"properties":{"name":"大枝山田島子尾"}},{"type":"Polygon","arcs":[[-712,-905,-842,-581]],"properties":{"name":"桂坂御陵大枝山"}},{"type":"Polygon","arcs":[[-621,-941,949,-740,-931]],"properties":{"name":"樫原樫原芋峠"}},{"type":"MultiPolygon","arcs":[[[-776,-945,-782,-909,-908,-943,-920,-641,-640,-626,-777]]],"properties":{"name":"境谷大原野東境谷町"}},{"type":"Polygon","arcs":[[-866,-721,-614,-820,-521]],"properties":{"name":"樫原樫原角田町"}},{"type":"Polygon","arcs":[[954,-834,-889]],"properties":{"name":"大原野大原野石見町"}},{"type":"Polygon","arcs":[[955,-876,-830]],"properties":{"name":"大原野大原野小塩町"}},{"type":"Polygon","arcs":[[956,-891,957,-938,-846]],"properties":{"name":"大原野大原野上里男鹿町"}},{"type":"Polygon","arcs":[[-957,-849,-885]],"properties":{"name":"大原野大原野上里鳥見町"}},{"type":"Polygon","arcs":[[-887,-939,-958,-890,-832,-875,-924,-787,-622,-935,-942,-862,-947,-705]],"properties":{"name":"大原野大原野上里北ノ町"}},{"type":"Polygon","arcs":[[958,959]],"properties":{"name":"大原野大原野出灰町"}},{"type":"Polygon","arcs":[[-925,-873,960,-871,-956,-829,961,-960,962,-869]],"properties":{"name":"大原野大原野石作町"}},{"type":"Polygon","arcs":[[-932,-789,-923,-867,963,-900,-826,-912]],"properties":{"name":"大原野大原野北春日町"}}]}},"arcs":[[[135.68027320072682,35.00906429276496],[135.6782758933423,35.00838263972013]],[[135.6782758933423,35.00838263972013],[135.67863124250889,35.009425775440256]],[[135.67863124250889,35.009425775440256],[135.67680548299788,35.011109251899455]],[[135.67680548299788,35.011109251899455],[135.6768177364174,35.01178057686785]],[[135.6768177364174,35.01178057686785],[135.67839842753767,35.01139843803969]],[[135.67839842753767,35.01139843803969],[135.6785087083135,35.011181548434514]],[[135.6785087083135,35.011181548434514],[135.68168234397356,35.009735617733355]],[[135.68168234397356,35.009735617733355],[135.68176811791034,35.00938446313451]],[[135.68176811791034,35.00938446313451],[135.68027320072682,35.00906429276496]],[[135.67863124250889,35.009425775440256],[135.67594774363027,35.00867182586036],[135.67680548299788,35.011109251899455]],[[135.68168234397356,35.009735617733355],[135.68175586449078,35.01122286074026]],[[135.68175586449078,35.01122286074026],[135.68300571328356,35.0113467976575]],[[135.68300571328356,35.0113467976575],[135.68176811791034,35.00938446313451]],[[135.68559118480584,35.00088445622699],[135.6859465339724,34.998570967105145]],[[135.6859465339724,34.998570967105145],[135.68592202713336,34.9985606390287]],[[135.68592202713336,34.9985606390287],[135.6822214944332,34.99636075874766]],[[135.6822214944332,34.99636075874766],[135.6795992626523,34.99742455062066],[135.67962376949137,35.000481661245956],[135.681326994807,35.003735005323556]],[[135.681326994807,35.003735005323556],[135.6826871243756,35.002712525756316]],[[135.6826871243756,35.002712525756316],[135.6832507816743,35.00185529541206]],[[135.6832507816743,35.00185529541206],[135.68559118480584,35.00088445622699]],[[135.68440260311075,35.006647522878744],[135.68363063767995,35.00754606552875]],[[135.68363063767995,35.00754606552875],[135.68333655561105,35.00811410973277]],[[135.68333655561105,35.00811410973277],[135.68818890974768,35.009818242344856]],[[135.68818890974768,35.009818242344856],[135.6895490393163,35.00702966170691]],[[135.6895490393163,35.00702966170691],[135.68440260311075,35.006647522878744]],[[135.68282191199052,35.008465264331626],[135.68176811791034,35.00938446313451]],[[135.68300571328356,35.0113467976575],[135.68380218555345,35.011408766116126]],[[135.68380218555345,35.011408766116126],[135.68501527408762,35.010499895389685],[135.68282191199052,35.008465264331626]],[[135.6826871243756,35.002712525756316],[135.6827851517319,35.004272065298274]],[[135.6827851517319,35.004272065298274],[135.68559118480584,35.00358008417701]],[[135.68559118480584,35.00358008417701],[135.68559118480584,35.00193792002355]],[[135.68559118480584,35.00193792002355],[135.6832507816743,35.00185529541206]],[[135.68233177520904,35.0048401095023],[135.68499076724854,35.005449466012074]],[[135.68499076724854,35.005449466012074],[135.68559118480584,35.00390025454655]],[[135.68559118480584,35.00390025454655],[135.68559118480584,35.00358008417701]],[[135.6827851517319,35.004272065298274],[135.6819641726229,35.004468298750574]],[[135.6819641726229,35.004468298750574],[135.68233177520904,35.0048401095023]],[[135.68191515894478,35.00692638094254],[135.6809593922209,35.007535737452315]],[[135.6809593922209,35.007535737452315],[135.68027320072682,35.00906429276496]],[[135.68282191199052,35.008465264331626],[135.68333655561105,35.00811410973277]],[[135.68363063767995,35.00754606552875],[135.68191515894478,35.00692638094254]],[[135.67839842753767,35.01139843803969],[135.6813637550656,35.01271010374717],[135.6842188018177,35.012018122625896]],[[135.6842188018177,35.012018122625896],[135.68380218555345,35.011408766116126]],[[135.68175586449078,35.01122286074026],[135.6785087083135,35.011181548434514]],[[135.6809593922209,35.007535737452315],[135.67914588612942,35.00718458285346]],[[135.67914588612942,35.00718458285346],[135.6782758933423,35.00838263972013]],[[135.6819641726229,35.004468298750574],[135.6805305225371,35.00669916326093],[135.67914588612942,35.00718458285346]],[[135.68191515894478,35.00692638094254],[135.68233177520904,35.0048401095023]],[[135.68559118480584,35.00193792002355],[135.68559118480584,35.00167971811263]],[[135.68559118480584,35.00167971811263],[135.68559118480584,35.00088445622699]],[[135.6842188018177,35.012018122625896],[135.68818890974768,35.009818242344856]],[[135.68695131437445,34.99654666412352],[135.68627737629993,34.99733159793272]],[[135.68627737629993,34.99733159793272],[135.6894877722186,34.99765176830226]],[[135.6894877722186,34.99765176830226],[135.69176690825248,34.998643263640204]],[[135.69176690825248,34.998643263640204],[135.69442590029198,34.99763111214939]],[[135.69442590029198,34.99763111214939],[135.69349464040718,34.996412399129845]],[[135.69349464040718,34.996412399129845],[135.68927946408647,34.99654666412352]],[[135.68927946408647,34.99654666412352],[135.68695131437445,34.99654666412352]],[[135.68499076724854,35.005449466012074],[135.68440260311075,35.006647522878744]],[[135.6895490393163,35.00702966170691],[135.68967157351165,35.005056999107474]],[[135.68967157351165,35.005056999107474],[135.68499076724854,35.005449466012074]],[[135.68559118480584,35.00167971811263],[135.68731891696055,35.000264771640786],[135.68965932009212,35.0015867654247]],[[135.68965932009212,35.0015867654247],[135.6900146692587,34.99994460127124]],[[135.6900146692587,34.99994460127124],[135.68813989606954,34.99909769900342]],[[135.68813989606954,34.99909769900342],[135.6859465339724,34.998570967105145]],[[135.68967157351165,35.005056999107474],[135.68975734744842,35.00364205263563]],[[135.68975734744842,35.00364205263563],[135.68559118480584,35.00390025454655]],[[135.68662047204694,34.994429408453975],[135.68611808184593,34.99593730761375],[135.6822214944332,34.99636075874766]],[[135.68592202713336,34.9985606390287],[135.68627737629993,34.99733159793272]],[[135.68695131437445,34.99654666412352],[135.68774778664437,34.995699761855704]],[[135.68774778664437,34.995699761855704],[135.68764975928806,34.99497679650513]],[[135.68764975928806,34.99497679650513],[135.68662047204694,34.994429408453975]],[[135.69958458991704,34.979608618767124],[135.6969255978775,34.97961894684356]],[[135.6969255978775,34.97961894684356],[135.69420533874032,34.97961894684356]],[[135.69420533874032,34.97961894684356],[135.69414407164263,34.980662082563676]],[[135.69414407164263,34.980662082563676],[135.69418083190124,34.98148832867862]],[[135.69418083190124,34.98148832867862],[135.69954782965843,34.98158128136655]],[[135.69954782965843,34.98158128136655],[135.69958458991704,34.979608618767124]],[[135.6894877722186,34.99765176830226],[135.68813989606954,34.99909769900342]],[[135.6900146692587,34.99994460127124],[135.69176690825248,34.998643263640204]],[[135.67869250960655,34.992074607026375],[135.67935419426155,34.99144459436373]],[[135.67935419426155,34.99144459436373],[135.67720984584258,34.98895552794245]],[[135.67720984584258,34.98895552794245],[135.67707505822767,34.98898651217176]],[[135.67707505822767,34.98898651217176],[135.67626633253823,34.990091616350504],[135.67426902515373,34.98915176139475],[135.67305593661956,34.99046342710223],[135.67232073144734,34.987736814922904]],[[135.67232073144734,34.987736814922904],[135.6703479309019,34.987943376451646]],[[135.6703479309019,34.987943376451646],[135.6691225889482,34.988965856018886],[135.66723556233953,34.99265297930684],[135.6660347272249,34.99301446198213]],[[135.6660347272249,34.99301446198213],[135.66953920521246,34.99433645576604],[135.67098510871782,34.99307643044075],[135.67319072423447,34.9932313515873],[135.67479592219382,34.99091786246545],[135.67727111294028,34.99097983092407],[135.67869250960655,34.992074607026375]],[[135.68332430219152,34.98966816521659],[135.68293219276634,34.988325515279804],[135.68459865782336,34.98780911145796],[135.68469668517966,34.9861359630752]],[[135.68469668517966,34.9861359630752],[135.68426781549587,34.9861359630752]],[[135.68426781549587,34.9861359630752],[135.67939095452016,34.98881093487234]],[[135.67939095452016,34.98881093487234],[135.67720984584258,34.98895552794245]],[[135.67935419426155,34.99144459436373],[135.68312824747892,34.990504739407974],[135.68332430219152,34.98966816521659]],[[135.7007364113535,34.98753025339417],[135.70107950710053,34.98577448039991]],[[135.70107950710053,34.98577448039991],[135.70095697290517,34.98588808924072]],[[135.70095697290517,34.98588808924072],[135.6998051514687,34.98643547729186]],[[135.6998051514687,34.98643547729186],[135.698739103969,34.987860751840145]],[[135.698739103969,34.987860751840145],[135.70099373316378,34.98983341443958]],[[135.70099373316378,34.98983341443958],[135.7007364113535,34.98753025339417]],[[135.7026234379622,34.9764895396832],[135.7021578080198,34.97651019583607]],[[135.7021578080198,34.97651019583607],[135.7021333011807,34.97711955234585]],[[135.7021333011807,34.97711955234585],[135.7031625884218,34.97726414541596],[135.70284399951385,34.979608618767124]],[[135.70284399951385,34.979608618767124],[135.7061401693693,34.978968278028034]],[[135.7061401693693,34.978968278028034],[135.7062749569842,34.97891663764585]],[[135.7062749569842,34.97891663764585],[135.70639749117956,34.978286624983205]],[[135.70639749117956,34.978286624983205],[135.70502510819142,34.97656183621825]],[[135.70502510819142,34.97656183621825],[135.7026234379622,34.9764895396832]],[[135.68968382693117,34.99518335803386],[135.6896225598335,34.995307294951104]],[[135.6896225598335,34.995307294951104],[135.68927946408647,34.99654666412352]],[[135.69349464040718,34.996412399129845],[135.68968382693117,34.99518335803386]],[[135.69349464040718,34.996412399129845],[135.69307802414292,34.99459465767696]],[[135.69307802414292,34.99459465767696],[135.68983086796564,34.99451203306547]],[[135.68983086796564,34.99451203306547],[135.68968382693117,34.99518335803386]],[[135.69329858569458,34.98155029713725],[135.69103170308026,34.98148832867862]],[[135.69103170308026,34.98148832867862],[135.69100719624117,34.982521136322305]],[[135.69100719624117,34.982521136322305],[135.69316379807967,34.98258310478093]],[[135.69316379807967,34.98258310478093],[135.69329858569458,34.98155029713725]],[[135.6896225598335,34.995307294951104],[135.68774778664437,34.995699761855704]],[[135.70387328675497,34.99765176830226],[135.70531919026033,34.99724897332123],[135.70715720319086,34.99513171765168],[135.70698565531734,34.99407825385512]],[[135.70698565531734,34.99407825385512],[135.70527017658216,34.99408858193156]],[[135.70527017658216,34.99408858193156],[135.70522116290402,34.994233175001675]],[[135.70522116290402,34.994233175001675],[135.70365272520328,34.996959787181]],[[135.70365272520328,34.996959787181],[135.70387328675497,34.99765176830226]],[[135.69103170308026,34.98148832867862],[135.689953402161,34.981416032143564]],[[135.689953402161,34.981416032143564],[135.6893529846037,34.98199440442403]],[[135.6893529846037,34.98199440442403],[135.68903439569573,34.983409350895876]],[[135.68903439569573,34.983409350895876],[135.6893652380232,34.983605584348176]],[[135.6893652380232,34.983605584348176],[135.69086015520674,34.98363656857749]],[[135.69086015520674,34.98363656857749],[135.69093367572395,34.98356427204243]],[[135.69093367572395,34.98356427204243],[135.69100719624117,34.982521136322305]],[[135.69558997514798,34.99064933247809],[135.6940950579645,34.99269429161259],[135.69421759215984,34.99459465767696]],[[135.69421759215984,34.99459465767696],[135.69470772894132,34.994625641906275]],[[135.69470772894132,34.994625641906275],[135.69658250213047,34.99300413390569]],[[135.69658250213047,34.99300413390569],[135.69661926238908,34.99104179938269]],[[135.69661926238908,34.99104179938269],[135.69558997514798,34.99064933247809]],[[135.70107950710053,34.98577448039991],[135.70118978787636,34.98569185578842]],[[135.70118978787636,34.98569185578842],[135.70095697290517,34.98588808924072]],[[135.70562552574873,34.984411174310246],[135.70513538896725,34.983595256271734]],[[135.70513538896725,34.983595256271734],[135.70409384830663,34.98372952126542]],[[135.70409384830663,34.98372952126542],[135.70513538896725,34.985268404654505]],[[135.70513538896725,34.985268404654505],[135.70562552574873,34.984411174310246]],[[135.7134799676719,34.97729512964527],[135.71294081721229,34.97829695305964]],[[135.71294081721229,34.97829695305964],[135.71421517284412,34.9789579499516]],[[135.71421517284412,34.9789579499516],[135.71461953568885,34.97858613919988]],[[135.71461953568885,34.97858613919988],[135.71588163790116,34.97765661232056]],[[135.71588163790116,34.97765661232056],[135.71498713827495,34.977233161186646]],[[135.71498713827495,34.977233161186646],[135.7134799676719,34.97729512964527]],[[135.69414407164263,34.980662082563676],[135.69349464040718,34.98016633489471]],[[135.69349464040718,34.98016633489471],[135.69344562672902,34.98054847372287]],[[135.69344562672902,34.98054847372287],[135.69329858569458,34.98155029713725]],[[135.69329858569458,34.98155029713725],[135.69418083190124,34.98148832867862]],[[135.70210879434163,34.99049441133154],[135.70099373316378,34.98983341443958]],[[135.70099373316378,34.98983341443958],[135.70137358916944,34.99059769209591]],[[135.70137358916944,34.99059769209591],[135.70171668491645,34.99091786246545]],[[135.70171668491645,34.99091786246545],[135.70210879434163,34.99049441133154]],[[135.65251920547567,35.0084859204845],[135.65417341711316,35.008217390497144],[135.65644029972748,35.00949807197531],[135.65939337383588,35.00634800866208],[135.66403741984038,35.00261957306838]],[[135.66403741984038,35.00261957306838],[135.67304368320004,34.995916651460874]],[[135.67304368320004,34.995916651460874],[135.67240650538412,34.99531762302754],[135.66858343848858,34.99610255683674],[135.6656671246388,34.993840708097075]],[[135.6656671246388,34.993840708097075],[135.66227292742707,34.993344960428104]],[[135.66227292742707,34.993344960428104],[135.6606554760482,34.9935102096511],[135.65885422337627,34.99531762302754],[135.65580312191156,34.996112884913174],[135.65521495777378,34.99788931406031]],[[135.65521495777378,34.99788931406031],[135.65592565610694,34.99900474631549],[135.65324215722833,35.0013079073609],[135.65052189809114,35.00443731452126],[135.64674784487377,35.005480450241386],[135.64505687297768,35.00933282275232]],[[135.64505687297768,35.00933282275232],[135.64846332360895,35.00911593314715],[135.65155118533224,35.00803148512128],[135.65251920547567,35.0084859204845]],[[135.69470772894132,34.994625641906275],[135.69568800250428,34.99473925074708]],[[135.69568800250428,34.99473925074708],[135.69663151580863,34.99488384381719]],[[135.69663151580863,34.99488384381719],[135.69709714575103,34.99277691622408]],[[135.69709714575103,34.99277691622408],[135.69658250213047,34.99300413390569]],[[135.68968382693117,34.99518335803386],[135.68811538923046,34.994326127689604]],[[135.68811538923046,34.994326127689604],[135.68764975928806,34.99497679650513]],[[135.68975734744842,35.00364205263563],[135.68965932009212,35.0015867654247]],[[135.70339540339302,34.983698537036105],[135.70207203408302,34.98366755280679]],[[135.70207203408302,34.98366755280679],[135.70118978787636,34.98569185578842]],[[135.70118978787636,34.98569185578842],[135.70339540339302,34.983698537036105]],[[135.70406934146754,34.973163899070535],[135.70297878712876,34.97305029022973]],[[135.70297878712876,34.97305029022973],[135.70247639692775,34.973039962153294]],[[135.70247639692775,34.973039962153294],[135.70257442428405,34.973948832879735]],[[135.70257442428405,34.973948832879735],[135.7013980960085,34.97626232200159],[135.7026234379622,34.9764895396832]],[[135.70502510819142,34.97656183621825],[135.7045839850881,34.97456851746595]],[[135.7045839850881,34.97456851746595],[135.70406934146754,34.973163899070535]],[[135.702231328537,34.988521748732104],[135.7007364113535,34.98753025339417]],[[135.70210879434163,34.99049441133154],[135.70290526661154,34.98942029138211]],[[135.70290526661154,34.98942029138211],[135.702231328537,34.988521748732104]],[[135.7088359216674,34.983378366666564],[135.708370291725,34.98309950860277]],[[135.708370291725,34.98309950860277],[135.70756156603557,34.98599137000508],[135.708370291725,34.98730303571256]],[[135.708370291725,34.98730303571256],[135.7086276135353,34.987643862234975]],[[135.7086276135353,34.987643862234975],[135.7090564832191,34.98785042376371]],[[135.7090564832191,34.98785042376371],[135.71073520169563,34.988645685649345]],[[135.71073520169563,34.988645685649345],[135.71219335862054,34.98583644885853]],[[135.71219335862054,34.98583644885853],[135.70892169560418,34.985072171202205],[135.7088359216674,34.983378366666564]],[[135.69038227184478,34.98043486488206],[135.6904925526206,34.980217975276894]],[[135.6904925526206,34.980217975276894],[135.69044353894247,34.97929877647402]],[[135.69044353894247,34.97929877647402],[135.68891186150037,34.97899926225735]],[[135.68891186150037,34.97899926225735],[135.68866679310963,34.98174653058955]],[[135.68866679310963,34.98174653058955],[135.6893529846037,34.98199440442403]],[[135.689953402161,34.981416032143564],[135.69038227184478,34.98043486488206]],[[135.68752722509268,34.98552660656542],[135.687465957995,34.985289060807375]],[[135.687465957995,34.985289060807375],[135.68581174635753,34.98622891576313]],[[135.68581174635753,34.98622891576313],[135.68646117759297,34.987344348018304]],[[135.68646117759297,34.987344348018304],[135.68706159515028,34.987344348018304]],[[135.68706159515028,34.987344348018304],[135.68821341658676,34.98687958457865]],[[135.68821341658676,34.98687958457865],[135.68752722509268,34.98552660656542]],[[135.6899288953219,34.99328299196949],[135.68784581400064,34.99289052506489]],[[135.68784581400064,34.99289052506489],[135.68695131437445,34.992539370466034]],[[135.68695131437445,34.992539370466034],[135.68622836262176,34.991930013956264]],[[135.68622836262176,34.991930013956264],[135.68527259589789,34.99243608970166]],[[135.68527259589789,34.99243608970166],[135.68784581400064,34.99419186269593]],[[135.68784581400064,34.99419186269593],[135.68983086796564,34.99400595732006]],[[135.68983086796564,34.99400595732006],[135.6899288953219,34.99328299196949]],[[135.69297999678662,34.98756123762348],[135.69110522359748,34.987519925317734]],[[135.69110522359748,34.987519925317734],[135.6915831069594,34.98859404526716]],[[135.6915831069594,34.98859404526716],[135.69295548994754,34.99055637979016]],[[135.69295548994754,34.99055637979016],[135.69295548994754,34.989089792936134]],[[135.69295548994754,34.989089792936134],[135.69297999678662,34.98756123762348]],[[135.68662047204694,34.994429408453975],[135.6856034382254,34.99404726962581]],[[135.6856034382254,34.99404726962581],[135.6843413360131,34.99356185003328]],[[135.6843413360131,34.99356185003328],[135.68078784434738,34.99377873963845],[135.67869250960655,34.992074607026375]],[[135.67869250960655,34.992074607026375],[135.67582520943492,34.994914828046504],[135.67304368320004,34.995916651460874]],[[135.66403741984038,35.00261957306838],[135.66892653423562,35.006461617502886]],[[135.66892653423562,35.006461617502886],[135.6722962246083,35.00592455752817],[135.6733010050103,35.004695516432186],[135.6769157637737,35.00384861416436],[135.681326994807,35.003735005323556]],[[135.69421759215984,34.99459465767696],[135.69307802414292,34.99459465767696]],[[135.69442590029198,34.99763111214939],[135.69547969437215,34.99753815946146]],[[135.69547969437215,34.99753815946146],[135.6958840572169,34.99685650641663]],[[135.6958840572169,34.99685650641663],[135.69568800250428,34.99473925074708]],[[135.70824775752965,34.98745795685911],[135.7059808749153,34.98609465076945]],[[135.7059808749153,34.98609465076945],[135.7055152449729,34.98686925650221]],[[135.7055152449729,34.98686925650221],[135.7050128547719,34.98777812722865]],[[135.7050128547719,34.98777812722865],[135.70692438821965,34.988645685649345]],[[135.70692438821965,34.988645685649345],[135.70763508655278,34.98898651217176]],[[135.70763508655278,34.98898651217176],[135.70824775752965,34.98745795685911]],[[135.7086276135353,34.987643862234975],[135.70824775752965,34.98745795685911]],[[135.70763508655278,34.98898651217176],[135.70686312112196,34.99165115589246]],[[135.70686312112196,34.99165115589246],[135.7090564832191,34.98785042376371]],[[135.7061401693693,34.978968278028034],[135.7062381967256,34.979340088779765]],[[135.7062381967256,34.979340088779765],[135.7062749569842,34.97891663764585]],[[135.68903439569573,34.983409350895876],[135.68749046483407,34.98453511122749]],[[135.68749046483407,34.98453511122749],[135.6893652380232,34.983605584348176]],[[135.7021333011807,34.97711955234585],[135.699743884371,34.97656183621825]],[[135.699743884371,34.97656183621825],[135.69954782965843,34.97658249237113]],[[135.69954782965843,34.97658249237113],[135.69958458991704,34.979608618767124]],[[135.69958458991704,34.979608618767124],[135.70245189008867,34.979556978384934]],[[135.70245189008867,34.979556978384934],[135.70284399951385,34.979608618767124]],[[135.69946205572165,34.99203329472063],[135.69812643299213,34.99240510547236]],[[135.69812643299213,34.99240510547236],[135.69905769287695,34.99443973653041]],[[135.69905769287695,34.99443973653041],[135.69963360359517,34.99431579961317]],[[135.69963360359517,34.99431579961317],[135.7007731716121,34.99417120654305]],[[135.7007731716121,34.99417120654305],[135.70125105497405,34.9927252758419]],[[135.70125105497405,34.9927252758419],[135.69946205572165,34.99203329472063]],[[135.68527259589789,34.99243608970166],[135.68440260311075,34.99340692888673]],[[135.68440260311075,34.99340692888673],[135.6856034382254,34.99404726962581]],[[135.68811538923046,34.994326127689604],[135.68784581400064,34.99419186269593]],[[135.69297999678662,34.9861359630752],[135.69100719624117,34.98650777382692]],[[135.69100719624117,34.98650777382692],[135.69103170308026,34.9871171303367]],[[135.69103170308026,34.9871171303367],[135.69110522359748,34.987519925317734]],[[135.69297999678662,34.98756123762348],[135.69297999678662,34.98719975494819]],[[135.69297999678662,34.98719975494819],[135.69297999678662,34.9861359630752]],[[135.69295548994754,34.99055637979016],[135.69295548994754,34.990608020172346]],[[135.69295548994754,34.990608020172346],[135.69307802414292,34.99459465767696]],[[135.69558997514798,34.99064933247809],[135.69512434520558,34.99064933247809]],[[135.69512434520558,34.99064933247809],[135.69295548994754,34.989089792936134]],[[135.71101703034498,34.96979694615213],[135.71162970132184,34.96870217004982]],[[135.71162970132184,34.96870217004982],[135.71156843422415,34.96855757697971]],[[135.71156843422415,34.96855757697971],[135.7063729843405,34.968733154279136]],[[135.7063729843405,34.968733154279136],[135.7063729843405,34.96976596192282]],[[135.7063729843405,34.96976596192282],[135.71101703034498,34.96979694615213]],[[135.68440260311075,34.99340692888673],[135.6843413360131,34.99356185003328]],[[135.66594895328814,35.017037567774196],[135.66338798860494,35.01390816061384],[135.6606309692091,35.01263780721211]],[[135.6606309692091,35.01263780721211],[135.65878070285905,35.013092242575325],[135.65612171081952,35.01230730876613],[135.65330342432603,35.01236927722475],[135.65167371952762,35.01324716372188]],[[135.65167371952762,35.01324716372188],[135.6502400694418,35.01427997136556],[135.64966415872357,35.016108040894885],[135.6468581256496,35.01556065284373],[135.64037606671457,35.01800840695926],[135.636871588727,35.01881399692133]],[[135.636871588727,35.01881399692133],[135.63938353973208,35.0209932210495],[135.63970212864004,35.02322408555986],[135.6421773193865,35.02385409822251],[135.64789966631025,35.02745859689896],[135.6508404869991,35.03064997251794],[135.65321765038928,35.02928666642828],[135.65358525297538,35.025878401204125],[135.65532523854964,35.02445312665584],[135.65615847107813,35.02080731567364],[135.6583395797557,35.01784315773627],[135.66594895328814,35.017037567774196]],[[135.69541842727446,34.98817059413325],[135.69541842727446,34.98767484646429]],[[135.69541842727446,34.98767484646429],[135.69297999678662,34.98719975494819]],[[135.69512434520558,34.99064933247809],[135.69541842727446,34.98817059413325]],[[135.7195454103427,34.97143911030559],[135.7187244312337,34.971470094534894]],[[135.7187244312337,34.971470094534894],[135.71792795896383,34.972843728700994]],[[135.71792795896383,34.972843728700994],[135.7192880885324,34.973287835987776]],[[135.7192880885324,34.973287835987776],[135.7195454103427,34.97143911030559]],[[135.7112498453162,34.980052726053906],[135.7097304212936,34.981911779812535]],[[135.7097304212936,34.981911779812535],[135.7107842153738,34.98277933823323]],[[135.7107842153738,34.98277933823323],[135.71329616637885,34.983595256271734]],[[135.71329616637885,34.983595256271734],[135.71503615195311,34.980517489493565]],[[135.71503615195311,34.980517489493565],[135.71341870057424,34.979753211837235]],[[135.71341870057424,34.979753211837235],[135.7125487077871,34.98088930024529],[135.7112498453162,34.980052726053906]],[[135.68469668517966,34.9861359630752],[135.68581174635753,34.98622891576313]],[[135.687465957995,34.985289060807375],[135.68744145115593,34.98524774850163]],[[135.68744145115593,34.98524774850163],[135.6830179667031,34.982717369774605]],[[135.6830179667031,34.982717369774605],[135.68159657003682,34.983481647430935]],[[135.68159657003682,34.983481647430935],[135.683312048772,34.98532004503669]],[[135.683312048772,34.98532004503669],[135.68426781549587,34.9861359630752]],[[135.70727973738622,34.97389719249755],[135.70585834071994,34.97404178556767]],[[135.70585834071994,34.97404178556767],[135.7045839850881,34.97456851746595]],[[135.70639749117956,34.978286624983205],[135.7067405869266,34.978265968830335]],[[135.7067405869266,34.978265968830335],[135.7086276135353,34.97672708544125]],[[135.7086276135353,34.97672708544125],[135.70857859985713,34.975807886638364]],[[135.70857859985713,34.975807886638364],[135.70727973738622,34.97389719249755]],[[135.69546744095263,34.984607407762546],[135.69544293411354,34.984586751609676]],[[135.69544293411354,34.984586751609676],[135.69541842727446,34.98767484646429]],[[135.69541842727446,34.98817059413325],[135.69769756330834,34.98836682758555]],[[135.69769756330834,34.98836682758555],[135.69813868641168,34.98727205148325]],[[135.69813868641168,34.98727205148325],[135.6981141795726,34.987251395330375]],[[135.6981141795726,34.987251395330375],[135.69546744095263,34.984607407762546]],[[135.7107842153738,34.98277933823323],[135.7088359216674,34.983378366666564]],[[135.71219335862054,34.98583644885853],[135.71329616637885,34.983595256271734]],[[135.68926721066694,34.98708614610739],[135.68821341658676,34.98687958457865]],[[135.68706159515028,34.987344348018304],[135.68784581400064,34.98807764144532]],[[135.68784581400064,34.98807764144532],[135.68894862175898,34.98859404526716]],[[135.68894862175898,34.98859404526716],[135.68926721066694,34.98708614610739]],[[135.708370291725,34.98730303571256],[135.70824775752965,34.98745795685911]],[[135.71792795896383,34.972843728700994],[135.71638402810217,34.97260618294295]],[[135.71638402810217,34.97260618294295],[135.71580811738394,34.97252355833145]],[[135.71580811738394,34.97252355833145],[135.71738880850418,34.97331882021709]],[[135.71738880850418,34.97331882021709],[135.71907978040028,34.9741347382556]],[[135.71907978040028,34.9741347382556],[135.7192880885324,34.973287835987776]],[[135.7031625884218,34.96362075644291],[135.70306456106553,34.96568637173027]],[[135.70306456106553,34.96568637173027],[135.70300329396784,34.96670885129752]],[[135.70300329396784,34.96670885129752],[135.70296653370923,34.96740083241878]],[[135.70296653370923,34.96740083241878],[135.7048535603179,34.96744214472453]],[[135.7048535603179,34.96744214472453],[135.70482905347885,34.96363108451934],[135.7031625884218,34.96362075644291]],[[135.69103170308026,34.9871171303367],[135.68926721066694,34.98708614610739]],[[135.68894862175898,34.98859404526716],[135.68925495724739,34.988552732961416]],[[135.68925495724739,34.988552732961416],[135.6915831069594,34.98859404526716]],[[135.70409384830663,34.98372952126542],[135.70339540339302,34.983698537036105]],[[135.70118978787636,34.98569185578842],[135.70377525939867,34.985753824247034]],[[135.70377525939867,34.985753824247034],[135.70513538896725,34.985268404654505]],[[135.68758849219037,34.976592820447564],[135.6870738485698,34.978090391530905]],[[135.6870738485698,34.978090391530905],[135.6871963827652,34.978772044575734]],[[135.6871963827652,34.978772044575734],[135.68880158072452,34.97898893418091]],[[135.68880158072452,34.97898893418091],[135.689291717506,34.97685102235849]],[[135.689291717506,34.97685102235849],[135.68758849219037,34.976592820447564]],[[135.72188581347424,34.970664504572824],[135.72205736134777,34.96849560852109],[135.72012132106093,34.96856790505615]],[[135.72012132106093,34.96856790505615],[135.72028061551492,34.97072647303145]],[[135.72028061551492,34.97072647303145],[135.72188581347424,34.970664504572824]],[[135.70659354589216,34.973039962153294],[135.70606664885207,34.97306061830617]],[[135.70606664885207,34.97306061830617],[135.70406934146754,34.973163899070535]],[[135.70585834071994,34.97404178556767],[135.70659354589216,34.973039962153294]],[[135.7105268935635,34.976985287352164],[135.7086276135353,34.97672708544125]],[[135.7086276135353,34.97672708544125],[135.71008577046018,34.97927812032114]],[[135.71008577046018,34.97927812032114],[135.7106249209198,34.97961894684356]],[[135.7106249209198,34.97961894684356],[135.71274476249968,34.97702659965791]],[[135.71274476249968,34.97702659965791],[135.7105268935635,34.976985287352164]],[[135.70600538175438,34.98993669520395],[135.70426539618015,34.98947193176429]],[[135.70426539618015,34.98947193176429],[135.70359145810562,34.99130000129362]],[[135.70359145810562,34.99130000129362],[135.70542947103615,34.992177887790746]],[[135.70542947103615,34.992177887790746],[135.70600538175438,34.98993669520395]],[[135.690455792362,34.978575811123434],[135.69044353894247,34.97929877647402]],[[135.6904925526206,34.980217975276894],[135.6923795792293,34.978968278028034]],[[135.6923795792293,34.978968278028034],[135.690455792362,34.978575811123434]],[[135.69954782965843,34.98158128136655],[135.70085894554887,34.981539969060805],[135.7022925956347,34.983182133214264]],[[135.7022925956347,34.983182133214264],[135.7025989311231,34.98317180513783]],[[135.7025989311231,34.98317180513783],[135.70253766402544,34.98158128136655]],[[135.70253766402544,34.98158128136655],[135.70245189008867,34.979556978384934]],[[135.68784581400064,34.98807764144532],[135.6876987729662,34.98968882136947]],[[135.6876987729662,34.98968882136947],[135.6890221422762,34.99043244287292]],[[135.6890221422762,34.99043244287292],[135.690112696615,34.99054605171372]],[[135.690112696615,34.99054605171372],[135.6905170594597,34.99055637979016]],[[135.6905170594597,34.99055637979016],[135.68925495724739,34.988552732961416]],[[135.70292977345062,34.96854724890327],[135.70290526661154,34.97018941305673]],[[135.70290526661154,34.97018941305673],[135.70290526661154,34.970592208037765]],[[135.70290526661154,34.970592208037765],[135.7048535603179,34.97050958342627]],[[135.7048535603179,34.97050958342627],[135.7048535603179,34.968712498126266]],[[135.7048535603179,34.968712498126266],[135.7048535603179,34.96744214472453]],[[135.70296653370923,34.96740083241878],[135.70292977345062,34.96854724890327]],[[135.6660347272249,34.99301446198213],[135.6656671246388,34.993840708097075]],[[135.70137358916944,34.99059769209591],[135.69944980230213,34.990391130567176]],[[135.69944980230213,34.990391130567176],[135.69944980230213,34.9917441085804]],[[135.69944980230213,34.9917441085804],[135.69946205572165,34.99203329472063]],[[135.69946205572165,34.99203329472063],[135.70171668491645,34.99091786246545]],[[135.7134799676719,34.97729512964527],[135.71283053643646,34.97706791196366]],[[135.71283053643646,34.97706791196366],[135.71274476249968,34.97702659965791]],[[135.7106249209198,34.97961894684356],[135.7112253384771,34.98003206990103]],[[135.7112253384771,34.98003206990103],[135.71294081721229,34.97829695305964]],[[135.7211383548825,34.97428965940215],[135.72003554712418,34.97410375402629],[135.72028061551492,34.97072647303145]],[[135.72012132106093,34.96856790505615],[135.71927583511288,34.968536920826836]],[[135.71927583511288,34.968536920826836],[135.71937386246918,34.969931211145806]],[[135.71937386246918,34.969931211145806],[135.7195454103427,34.97143911030559]],[[135.71907978040028,34.9741347382556],[135.7189204859463,34.974413596319394]],[[135.7189204859463,34.974413596319394],[135.7204399099689,34.975219186281464]],[[135.7204399099689,34.975219186281464],[135.7211383548825,34.97428965940215]],[[135.698739103969,34.987860751840145],[135.69813868641168,34.98727205148325]],[[135.69769756330834,34.98836682758555],[135.69846952873917,34.98925504215912]],[[135.69846952873917,34.98925504215912],[135.69944980230213,34.990391130567176]],[[135.69956008307796,34.98365722473036],[135.69913121339417,34.9867246634321]],[[135.69913121339417,34.9867246634321],[135.6998051514687,34.98643547729186]],[[135.70207203408302,34.98366755280679],[135.69956008307796,34.98365722473036]],[[135.69954782965843,34.98158128136655],[135.69956008307796,34.98365722473036]],[[135.70207203408302,34.98366755280679],[135.7022925956347,34.983182133214264]],[[135.68866679310963,34.98174653058955],[135.68692680753537,34.98138504791426]],[[135.68692680753537,34.98138504791426],[135.68479471253596,34.98084798793954],[135.6830179667031,34.982717369774605]],[[135.68744145115593,34.98524774850163],[135.68749046483407,34.98453511122749]],[[135.690112696615,34.99054605171372],[135.6899288953219,34.99328299196949]],[[135.68983086796564,34.99400595732006],[135.68983086796564,34.99451203306547]],[[135.69295548994754,34.990608020172346],[135.6905170594597,34.99055637979016]],[[135.7009692263247,34.99718700486261],[135.69842051506103,34.99693913102812]],[[135.69842051506103,34.99693913102812],[135.69766080304973,34.996908146798816]],[[135.69766080304973,34.996908146798816],[135.69753826885437,34.99803390713043]],[[135.69753826885437,34.99803390713043],[135.698739103969,34.998787856710315],[135.70478003980068,34.998984090162615]],[[135.70478003980068,34.998984090162615],[135.70387328675497,34.99765176830226]],[[135.70365272520328,34.996959787181],[135.70343216365163,34.99718700486261]],[[135.70343216365163,34.99718700486261],[135.7009692263247,34.99718700486261]],[[135.70339540339302,34.983698537036105],[135.70357920468606,34.983109836679205]],[[135.70357920468606,34.983109836679205],[135.7025989311231,34.98317180513783]],[[135.6825523367607,34.97800776691941],[135.68575047925984,34.97633461853665]],[[135.68575047925984,34.97633461853665],[135.68731891696055,34.97634494661308]],[[135.68731891696055,34.97634494661308],[135.68701258147215,34.975642637415376],[135.68276064489282,34.97556001280388]],[[135.68276064489282,34.97556001280388],[135.68147403584143,34.97667544505906],[135.67848420147442,34.97707824004009]],[[135.67848420147442,34.97707824004009],[135.67909687245128,34.97951566607919]],[[135.67909687245128,34.97951566607919],[135.6808000977669,34.979660259149306],[135.68106967299673,34.977770221161364],[135.6825523367607,34.97800776691941]],[[135.69889839842295,34.97161468760501],[135.69865333003222,34.9706025361142]],[[135.69865333003222,34.9706025361142],[135.69763629621065,34.970592208037765]],[[135.69763629621065,34.970592208037765],[135.6976853098888,34.97154239106995]],[[135.6976853098888,34.97154239106995],[135.69889839842295,34.97161468760501]],[[135.70828451778826,34.98045552103494],[135.70759832629417,34.98149865675506]],[[135.70759832629417,34.98149865675506],[135.70737776474252,34.98293425937978]],[[135.70737776474252,34.98293425937978],[135.708370291725,34.98309950860277]],[[135.7097304212936,34.981911779812535],[135.70828451778826,34.98045552103494]],[[135.70359145810562,34.99130000129362],[135.70210879434163,34.99049441133154]],[[135.70125105497405,34.9927252758419],[135.7025254106059,34.99322102351086]],[[135.7025254106059,34.99322102351086],[135.70359145810562,34.99130000129362]],[[135.70737776474252,34.98293425937978],[135.70562552574873,34.984411174310246]],[[135.70513538896725,34.985268404654505],[135.70528243000172,34.98544398195393]],[[135.70528243000172,34.98544398195393],[135.7059808749153,34.98609465076945]],[[135.700907959227,34.996112884913174],[135.7009692263247,34.99718700486261]],[[135.70343216365163,34.99718700486261],[135.700907959227,34.996112884913174]],[[135.69038227184478,34.98043486488206],[135.69344562672902,34.98054847372287]],[[135.69349464040718,34.98016633489471],[135.69375196221745,34.97849318651194]],[[135.69375196221745,34.97849318651194],[135.69334759937274,34.97833826536539]],[[135.69334759937274,34.97833826536539],[135.6923795792293,34.978968278028034]],[[135.690455792362,34.978575811123434],[135.69100719624117,34.97747070694469]],[[135.69100719624117,34.97747070694469],[135.68970833377026,34.97688200658779]],[[135.68970833377026,34.97688200658779],[135.689291717506,34.97685102235849]],[[135.68880158072452,34.97898893418091],[135.68891186150037,34.97899926225735]],[[135.67707505822767,34.98898651217176],[135.6734235392057,34.987540581470604]],[[135.6734235392057,34.987540581470604],[135.67232073144734,34.987736814922904]],[[135.69654574187186,34.9715837033757],[135.69654574187186,34.97153206299352]],[[135.69654574187186,34.97153206299352],[135.6953203999182,34.97156304722283]],[[135.6953203999182,34.97156304722283],[135.6953203999182,34.97260618294295]],[[135.6953203999182,34.97260618294295],[135.69649672819372,34.97274044793663]],[[135.69649672819372,34.97274044793663],[135.69649672819372,34.972647495248694]],[[135.69649672819372,34.972647495248694],[135.69654574187186,34.9715837033757]],[[135.683312048772,34.98532004503669],[135.68298120644448,34.9859397296229],[135.67925616690525,34.98616694730451]],[[135.67925616690525,34.98616694730451],[135.67939095452016,34.98881093487234]],[[135.67848420147442,34.97707824004009],[135.67834941385954,34.976964631199294]],[[135.67834941385954,34.976964631199294],[135.67703829796906,34.979877148754476]],[[135.67703829796906,34.979877148754476],[135.67676872273927,34.981839483277476]],[[135.67676872273927,34.981839483277476],[135.67885180406054,34.98135406368495],[135.67909687245128,34.97951566607919]],[[135.6938990032519,34.977501691174005],[135.69394801693005,34.97725381733952]],[[135.69394801693005,34.97725381733952],[135.69169338773526,34.976520523912505]],[[135.69169338773526,34.976520523912505],[135.69195070954552,34.976964631199294]],[[135.69195070954552,34.976964631199294],[135.69334759937274,34.97833826536539]],[[135.69375196221745,34.97849318651194],[135.6939970306082,34.97858613919988]],[[135.6939970306082,34.97858613919988],[135.69404604428632,34.978090391530905]],[[135.69404604428632,34.978090391530905],[135.6938990032519,34.977501691174005]],[[135.71927583511288,34.968536920826836],[135.71823429445223,34.96850593659752]],[[135.71823429445223,34.96850593659752],[135.7175603563777,34.96963169692914]],[[135.7175603563777,34.96963169692914],[135.71776866450983,34.97001383575731]],[[135.71776866450983,34.97001383575731],[135.71937386246918,34.969931211145806]],[[135.7050128547719,34.981519312907935],[135.70493933425468,34.981519312907935]],[[135.70493933425468,34.981519312907935],[135.70513538896725,34.983595256271734]],[[135.70759832629417,34.98149865675506],[135.7050128547719,34.981519312907935]],[[135.69195070954552,34.976964631199294],[135.69100719624117,34.97747070694469]],[[135.65167371952762,35.01324716372188],[135.65251920547567,35.0084859204845]],[[135.64505687297768,35.00933282275232],[135.64305956559315,35.01298896181096],[135.6377048212555,35.01683100624546],[135.636871588727,35.01881399692133]],[[135.69661926238908,34.99104179938269],[135.69780784408417,34.990608020172346]],[[135.69780784408417,34.990608020172346],[135.69846952873917,34.98925504215912]],[[135.68276064489282,34.97556001280388],[135.68261360385839,34.975033280905606]],[[135.68261360385839,34.975033280905606],[135.6791091258708,34.974640814001006]],[[135.6791091258708,34.974640814001006],[135.67834941385954,34.976964631199294]],[[135.6930045036257,34.98453511122749],[135.69301675704523,34.984194284705076]],[[135.69301675704523,34.984194284705076],[135.69093367572395,34.98356427204243]],[[135.69086015520674,34.98363656857749],[135.69100719624117,34.98446281469243]],[[135.69100719624117,34.98446281469243],[135.6930045036257,34.98453511122749]],[[135.7067405869266,34.978265968830335],[135.70828451778826,34.98045552103494]],[[135.70828451778826,34.98045552103494],[135.71008577046018,34.97927812032114]],[[135.68752722509268,34.98552660656542],[135.691117477017,34.98551627848899]],[[135.691117477017,34.98551627848899],[135.69100719624117,34.98446281469243]],[[135.69418083190124,34.98148832867862],[135.69382548273467,34.9826037609338]],[[135.69382548273467,34.9826037609338],[135.6935681609244,34.98353328781312]],[[135.6935681609244,34.98353328781312],[135.69956008307796,34.98365722473036]],[[135.68646117759297,34.987344348018304],[135.68568921216215,34.98957521252866]],[[135.68568921216215,34.98957521252866],[135.68659596520789,34.989823086363145]],[[135.68659596520789,34.989823086363145],[135.6876987729662,34.98968882136947]],[[135.700907959227,34.996112884913174],[135.70180245885322,34.99451203306547]],[[135.70180245885322,34.99451203306547],[135.7007731716121,34.99417120654305]],[[135.69963360359517,34.99431579961317],[135.69842051506103,34.99693913102812]],[[135.69420533874032,34.97961894684356],[135.6939970306082,34.97858613919988]],[[135.70253766402544,34.98158128136655],[135.70493933425468,34.981519312907935]],[[135.7050128547719,34.981519312907935],[135.7062381967256,34.979340088779765]],[[135.7050128547719,34.98777812722865],[135.70290526661154,34.98942029138211]],[[135.70426539618015,34.98947193176429],[135.7050128547719,34.98777812722865]],[[135.6825523367607,34.97800776691941],[135.68621610920223,34.978875325340105]],[[135.68621610920223,34.978875325340105],[135.68655920494928,34.978803028805046]],[[135.68655920494928,34.978803028805046],[135.6871963827652,34.978772044575734]],[[135.6870738485698,34.978090391530905],[135.68575047925984,34.97633461853665]],[[135.71776866450983,34.97001383575731],[135.71811176025687,34.97063352034351]],[[135.71811176025687,34.97063352034351],[135.7187244312337,34.971470094534894]],[[135.6872699032824,34.97563230933894],[135.68581174635753,34.97495065629411],[135.68261360385839,34.975033280905606]],[[135.68731891696055,34.97634494661308],[135.68758849219037,34.976592820447564]],[[135.68970833377026,34.97688200658779],[135.6889241149199,34.97653085198895]],[[135.6889241149199,34.97653085198895],[135.6872699032824,34.97563230933894]],[[135.7112253384771,34.98003206990103],[135.7112498453162,34.980052726053906]],[[135.71341870057424,34.979753211837235],[135.71421517284412,34.9789579499516]],[[135.70528243000172,34.98544398195393],[135.7055152449729,34.98686925650221]],[[135.691117477017,34.98551627848899],[135.69100719624117,34.98650777382692]],[[135.69297999678662,34.9861359630752],[135.69297999678662,34.98551627848899]],[[135.69297999678662,34.98551627848899],[135.691117477017,34.98551627848899]],[[135.70180245885322,34.99451203306547],[135.7025254106059,34.99322102351086]],[[135.69944980230213,34.9917441085804],[135.69780784408417,34.990608020172346]],[[135.69709714575103,34.99277691622408],[135.69812643299213,34.99240510547236]],[[135.70930155160983,34.994450064606845],[135.70698565531734,34.99407825385512]],[[135.70478003980068,34.998984090162615],[135.70707142925409,34.9977447209902],[135.70930155160983,34.994450064606845]],[[135.70692438821965,34.988645685649345],[135.70600538175438,34.98993669520395]],[[135.70542947103615,34.992177887790746],[135.70616467620837,34.99249805816029]],[[135.70616467620837,34.99249805816029],[135.70686312112196,34.99165115589246]],[[135.69316379807967,34.98258310478093],[135.69382548273467,34.9826037609338]],[[135.68740469089732,34.97438261209008],[135.6882256700063,34.97422769094353]],[[135.6882256700063,34.97422769094353],[135.68877707388546,34.97358735020445]],[[135.68877707388546,34.97358735020445],[135.68624061604132,34.97309160253548]],[[135.68624061604132,34.97309160253548],[135.68740469089732,34.97438261209008]],[[135.69763629621065,34.970592208037765],[135.69672954316493,34.970592208037765]],[[135.69672954316493,34.970592208037765],[135.69649672819372,34.970592208037765]],[[135.69649672819372,34.970592208037765],[135.69654574187186,34.97153206299352]],[[135.69654574187186,34.9715837033757],[135.6976853098888,34.97154239106995]],[[135.69405829770588,34.96947677578259],[135.6931392912406,34.96947677578259]],[[135.6931392912406,34.96947677578259],[135.69285746259126,34.970592208037765]],[[135.69285746259126,34.970592208037765],[135.6928697160108,34.97154239106995]],[[135.6928697160108,34.97154239106995],[135.69408280454493,34.97154239106995]],[[135.69408280454493,34.97154239106995],[135.69405829770588,34.97055089573202]],[[135.69405829770588,34.97055089573202],[135.69405829770588,34.96947677578259]],[[135.6953203999182,34.97260618294295],[135.6941318182231,34.97261651101938]],[[135.6941318182231,34.97261651101938],[135.6941685784817,34.973535709822265]],[[135.6941685784817,34.973535709822265],[135.69527138624002,34.97358735020445]],[[135.69527138624002,34.97358735020445],[135.6953203999182,34.97260618294295]],[[135.69859206293455,34.96958005654696],[135.6985553026759,34.96859888928546]],[[135.6985553026759,34.96859888928546],[135.69665602264772,34.968609217361895]],[[135.69665602264772,34.968609217361895],[135.69657024871094,34.969518088088336]],[[135.69657024871094,34.969518088088336],[135.69671728974538,34.9695077600119]],[[135.69671728974538,34.9695077600119],[135.69859206293455,34.96958005654696]],[[135.71064942775888,34.970468271120524],[135.71011027729926,34.971573375299265]],[[135.71011027729926,34.971573375299265],[135.71011027729926,34.97165599991076]],[[135.71011027729926,34.97165599991076],[135.7099264760062,34.97191420182168]],[[135.7099264760062,34.97191420182168],[135.70997548968435,34.97202781066249]],[[135.70997548968435,34.97202781066249],[135.71007351704066,34.97215174757973]],[[135.71007351704066,34.97215174757973],[135.71003675678205,34.97233765295559]],[[135.71003675678205,34.97233765295559],[135.71172772867814,34.97198649835674]],[[135.71172772867814,34.97198649835674],[135.71064942775888,34.970468271120524]],[[135.6890589025348,34.973463413287206],[135.6889241149199,34.973339476369965]],[[135.6889241149199,34.973339476369965],[135.68877707388546,34.97358735020445]],[[135.6882256700063,34.97422769094353],[135.68914467647156,34.974806063223994]],[[135.68914467647156,34.974806063223994],[135.68991664190239,34.97395916095617]],[[135.68991664190239,34.97395916095617],[135.6890589025348,34.973463413287206]],[[135.6981141795726,34.987251395330375],[135.6982122069289,34.98663171074416]],[[135.6982122069289,34.98663171074416],[135.6969255978775,34.98529938888382],[135.69718291968778,34.98395673894703],[135.69546744095263,34.984607407762546]],[[135.7160286789356,34.97944336954413],[135.71713148669392,34.97854482689413]],[[135.71713148669392,34.97854482689413],[135.71623698706773,34.977429394638946]],[[135.71623698706773,34.977429394638946],[135.71588163790116,34.97765661232056]],[[135.71461953568885,34.97858613919988],[135.7160286789356,34.97944336954413]],[[135.71580811738394,34.97252355833145],[135.71568558318856,34.972451261796394]],[[135.71568558318856,34.972451261796394],[135.71447249465442,34.97403145749123]],[[135.71447249465442,34.97403145749123],[135.71412939890737,34.97458917361882]],[[135.71412939890737,34.97458917361882],[135.7160654391942,34.97530181089296]],[[135.7160654391942,34.97530181089296],[135.71738880850418,34.97331882021709]],[[135.68392471974883,34.9905667078666],[135.68332430219152,34.98966816521659]],[[135.68622836262176,34.991930013956264],[135.68392471974883,34.9905667078666]],[[135.6964844747742,34.975642637415376],[135.69654574187186,34.97457884554238]],[[135.69654574187186,34.97457884554238],[135.69557772172845,34.97462015784813]],[[135.69557772172845,34.97462015784813],[135.69524687940094,34.97513656166997]],[[135.69524687940094,34.97513656166997],[135.6964844747742,34.975642637415376]],[[135.69404604428632,34.978090391530905],[135.6938990032519,34.977501691174005]],[[135.68568921216215,34.98957521252866],[135.68392471974883,34.9905667078666]],[[135.68695131437445,34.992539370466034],[135.68659596520789,34.989823086363145]],[[135.6965579952914,34.976572164294694],[135.6965579952914,34.97653085198895]],[[135.6965579952914,34.97653085198895],[135.69404604428632,34.97655150814182]],[[135.69404604428632,34.97655150814182],[135.69394801693005,34.97725381733952]],[[135.6969255978775,34.97961894684356],[135.6965579952914,34.976572164294694]],[[135.70522116290402,34.994233175001675],[135.7025254106059,34.99322102351086]],[[135.70180245885322,34.99451203306547],[135.70359145810562,34.99563779339708],[135.70365272520328,34.996959787181]],[[135.70616467620837,34.99249805816029],[135.70950985974196,34.99395431693788]],[[135.70950985974196,34.99395431693788],[135.71073520169563,34.988645685649345]],[[135.69301675704523,34.984194284705076],[135.6935681609244,34.98353328781312]],[[135.6930045036257,34.98453511122749],[135.6930045036257,34.984607407762546]],[[135.6930045036257,34.984607407762546],[135.69544293411354,34.984586751609676]],[[135.6982122069289,34.98663171074416],[135.69913121339417,34.9867246634321]],[[135.6709483484592,34.98108553369759],[135.67065426639033,34.98104422139184]],[[135.67065426639033,34.98104422139184],[135.6679952743508,34.98226293441139]],[[135.6679952743508,34.98226293441139],[135.6675909115061,34.98255212055162]],[[135.6675909115061,34.98255212055162],[135.66571613831695,34.983987723176334],[135.66548332334574,34.985753824247034]],[[135.66548332334574,34.985753824247034],[135.67036018432145,34.98591907347002]],[[135.67036018432145,34.98591907347002],[135.67023765012607,34.98184981135391],[135.6709483484592,34.98108553369759]],[[135.68784581400064,34.99289052506489],[135.6890221422762,34.99043244287292]],[[135.70884817508696,34.97384555211537],[135.70727973738622,34.97389719249755]],[[135.70857859985713,34.975807886638364],[135.710857735891,34.975229514357906]],[[135.710857735891,34.975229514357906],[135.7109190029887,34.97513656166997]],[[135.7109190029887,34.97513656166997],[135.710857735891,34.97422769094353]],[[135.710857735891,34.97422769094353],[135.70884817508696,34.97384555211537]],[[135.66174603038698,34.982448839787246],[135.6580332442673,34.98315114898495],[135.65800873742822,34.98544398195393]],[[135.65800873742822,34.98544398195393],[135.66179504406512,34.98541299772462]],[[135.66179504406512,34.98541299772462],[135.66174603038698,34.982448839787246]],[[135.69859206293455,34.96958005654696],[135.69865333003222,34.9706025361142]],[[135.69889839842295,34.97161468760501],[135.70014824721574,34.97162501568145]],[[135.70014824721574,34.97162501568145],[135.7013368289108,34.97161468760501]],[[135.7013368289108,34.97161468760501],[135.70127556181313,34.97018941305673]],[[135.70127556181313,34.97018941305673],[135.7009692263247,34.96862987351477]],[[135.7009692263247,34.96862987351477],[135.700405569026,34.96855757697971]],[[135.700405569026,34.96855757697971],[135.6985553026759,34.96859888928546]],[[135.70377525939867,34.985753824247034],[135.702231328537,34.988521748732104]],[[135.70357920468606,34.983109836679205],[135.70409384830663,34.98372952126542]],[[135.69297999678662,34.98551627848899],[135.6930045036257,34.984607407762546]],[[135.71811176025687,34.97063352034351],[135.71638402810217,34.97260618294295]],[[135.69663151580863,34.99488384381719],[135.69905769287695,34.99443973653041]],[[135.6606309692091,35.01263780721211],[135.66157448251346,35.010696128841985],[135.6641477006162,35.008837075083356],[135.66619402167888,35.009126261223585],[135.6680933017071,35.00830001510864],[135.66892653423562,35.006461617502886]],[[135.7021578080198,34.97651019583607],[135.699743884371,34.97656183621825]],[[135.69201197664322,34.96956972847052],[135.6914115590859,34.96943546347684]],[[135.6914115590859,34.96943546347684],[135.69114198385608,34.96937349501822]],[[135.69114198385608,34.96937349501822],[135.6910562099193,34.97160435952858]],[[135.6910562099193,34.97160435952858],[135.6917424014134,34.97152173491708]],[[135.6917424014134,34.97152173491708],[135.69188944244783,34.970592208037765]],[[135.69188944244783,34.970592208037765],[135.69201197664322,34.96956972847052]],[[135.66594895328814,35.017037567774196],[135.66836287693692,35.01607705666557],[135.66971075308598,35.014238659059814],[135.672198197252,35.01283404066441],[135.6768177364174,35.01178057686785]],[[135.6792684203248,34.97292635331249],[135.6793051805834,34.97324652368203]],[[135.6793051805834,34.97324652368203],[135.6835571171627,34.972554542560765],[135.68543189035188,34.972823072548124]],[[135.68543189035188,34.972823072548124],[135.68624061604132,34.97309160253548]],[[135.6889241149199,34.973339476369965],[135.68908340937386,34.972626839095824]],[[135.68908340937386,34.972626839095824],[135.68758849219037,34.972430605643524],[135.6846844317601,34.97031334997397]],[[135.6846844317601,34.97031334997397],[135.68181713158847,34.970891722254436],[135.68284641882957,34.971965842203865],[135.6792684203248,34.97292635331249]],[[135.67504099058456,34.9555442006693],[135.6711689100109,34.9559366675739]],[[135.6711689100109,34.9559366675739],[135.67222270409107,34.95699013137046],[135.67194087544172,34.95874590436472]],[[135.67194087544172,34.95874590436472],[135.6745631072226,34.95902476242851],[135.67244326564273,34.9609561127222]],[[135.67244326564273,34.9609561127222],[135.6734970597229,34.961606781537725]],[[135.6734970597229,34.961606781537725],[135.67705055138862,34.960160850836566]],[[135.67705055138862,34.960160850836566],[135.6780063181125,34.95879754474691],[135.6779082907562,34.956783569841726]],[[135.6779082907562,34.956783569841726],[135.67540859317066,34.95695914714115],[135.67504099058456,34.9555442006693]],[[135.7175603563777,34.96963169692914],[135.71694768540087,34.970519911502706]],[[135.71694768540087,34.970519911502706],[135.71568558318856,34.972451261796394]],[[135.71694768540087,34.970519911502706],[135.71597966525744,34.970055148063054]],[[135.71597966525744,34.970055148063054],[135.71428869336134,34.97136681377053]],[[135.71428869336134,34.97136681377053],[135.71568558318856,34.972451261796394]],[[135.66548332334574,34.985753824247034],[135.66554459044343,34.98866634180222]],[[135.66554459044343,34.98866634180222],[135.66816682222432,34.98863535757291],[135.66824034274154,34.98730303571256],[135.6703479309019,34.98702417764876]],[[135.6703479309019,34.98702417764876],[135.6704827185168,34.985929401546464]],[[135.6704827185168,34.985929401546464],[135.67036018432145,34.98591907347002]],[[135.69766080304973,34.996908146798816],[135.6958840572169,34.99685650641663]],[[135.69547969437215,34.99753815946146],[135.69753826885437,34.99803390713043]],[[135.67705055138862,34.960160850836566],[135.67711181848628,34.96034675621243]],[[135.67711181848628,34.96034675621243],[135.6789375779973,34.96099742502795]],[[135.6789375779973,34.96099742502795],[135.6798688378821,34.959231323957255]],[[135.6798688378821,34.959231323957255],[135.68114319351395,34.95754784749805]],[[135.68114319351395,34.95754784749805],[135.6779082907562,34.956783569841726]],[[135.6693799107585,34.9663680247751],[135.66722330892,34.966429993233724]],[[135.66722330892,34.966429993233724],[135.66672091871897,34.96925988617741]],[[135.66672091871897,34.96925988617741],[135.66917160262636,34.96826839083948]],[[135.66917160262636,34.96826839083948],[135.6693799107585,34.9663680247751]],[[135.65599917662416,34.98690024073152],[135.6531318764525,34.98700352149589]],[[135.6531318764525,34.98700352149589],[135.6533279311651,34.989358322923486]],[[135.6533279311651,34.989358322923486],[135.6571755048997,34.98910012101257],[135.65716325148017,34.98785042376371]],[[135.65716325148017,34.98785042376371],[135.65599917662416,34.98690024073152]],[[135.66227292742707,34.993344960428104],[135.66126814702503,34.99002964789188],[135.65895225073257,34.98879027871946],[135.65423468421085,34.99250838623672]],[[135.65423468421085,34.99250838623672],[135.65336469142372,34.99360316233903],[135.64717671455756,34.99513171765168]],[[135.64717671455756,34.99513171765168],[135.64698065984498,34.99711470832755]],[[135.64698065984498,34.99711470832755],[135.6504116173153,34.996804866034445],[135.65406313633733,34.998178500200545],[135.65521495777378,34.99788931406031]],[[135.7160654391942,34.97530181089296],[135.71498713827495,34.977233161186646]],[[135.71623698706773,34.977429394638946],[135.71707021959622,34.975518700498135],[135.7189204859463,34.974413596319394]],[[135.66179504406512,34.98541299772462],[135.66179504406512,34.9865284299798]],[[135.66179504406512,34.9865284299798],[135.66328996124864,34.98668335112635],[135.6637433377715,34.98868699795509],[135.66554459044343,34.98866634180222]],[[135.66548332334574,34.985753824247034],[135.66179504406512,34.98541299772462]],[[135.71270800224107,34.970272037668224],[135.71399461129246,34.9715837033757]],[[135.71399461129246,34.9715837033757],[135.71428869336134,34.97136681377053]],[[135.71597966525744,34.970055148063054],[135.71591839815977,34.96896037196075]],[[135.71591839815977,34.96896037196075],[135.71270800224107,34.970272037668224]],[[135.71564882292995,34.9685265927504],[135.71591839815977,34.96896037196075]],[[135.71823429445223,34.96850593659752],[135.71564882292995,34.9685265927504]],[[135.71064942775888,34.970468271120524],[135.71101703034498,34.96979694615213]],[[135.7063729843405,34.96976596192282],[135.70605439543252,34.97165599991076]],[[135.70605439543252,34.97165599991076],[135.70606664885207,34.97306061830617]],[[135.70659354589216,34.973039962153294],[135.70699790873687,34.97305029022973]],[[135.70699790873687,34.97305029022973],[135.70699790873687,34.971841905286624],[135.7099264760062,34.97191420182168]],[[135.71011027729926,34.97165599991076],[135.71011027729926,34.971573375299265]],[[135.69404604428632,34.96850593659752],[135.69405829770588,34.96947677578259]],[[135.69405829770588,34.96947677578259],[135.69657024871094,34.969518088088336]],[[135.69665602264772,34.968609217361895],[135.69404604428632,34.96850593659752]],[[135.6953203999182,34.97156304722283],[135.6952346259814,34.97056122380845]],[[135.6952346259814,34.97056122380845],[135.69405829770588,34.97055089573202]],[[135.69408280454493,34.97154239106995],[135.69408280454493,34.9715837033757]],[[135.69408280454493,34.9715837033757],[135.6953203999182,34.97156304722283]],[[135.66722330892,34.966429993233724],[135.6670885213051,34.96641966515729]],[[135.6670885213051,34.96641966515729],[135.6652995220527,34.96627507208717]],[[135.6652995220527,34.96627507208717],[135.66506670708148,34.970323678050406]],[[135.66506670708148,34.970323678050406],[135.666904720012,34.96994153922225]],[[135.666904720012,34.96994153922225],[135.66672091871897,34.96925988617741]],[[135.7063729843405,34.968733154279136],[135.7048535603179,34.968712498126266]],[[135.7048535603179,34.97050958342627],[135.70605439543252,34.97165599991076]],[[135.70527017658216,34.99408858193156],[135.70616467620837,34.99249805816029]],[[135.69954782965843,34.97658249237113],[135.6965579952914,34.976572164294694]],[[135.7125732146262,34.97327750791134],[135.7108822427301,34.97351505366939]],[[135.7108822427301,34.97351505366939],[135.710857735891,34.97422769094353]],[[135.7109190029887,34.97513656166997],[135.71368827580403,34.975322467045835]],[[135.71368827580403,34.975322467045835],[135.71412939890737,34.97458917361882]],[[135.71447249465442,34.97403145749123],[135.7125732146262,34.97327750791134]],[[135.69654574187186,34.97457884554238],[135.69658250213047,34.97383522403893]],[[135.69658250213047,34.97383522403893],[135.69568800250428,34.97427933132572]],[[135.69568800250428,34.97427933132572],[135.69557772172845,34.97462015784813]],[[135.6861303352655,34.958322453230814],[135.68442710994984,34.957609815956665]],[[135.68442710994984,34.957609815956665],[135.68220924101365,34.956287822172754]],[[135.68220924101365,34.956287822172754],[135.68114319351395,34.95754784749805]],[[135.6798688378821,34.959231323957255],[135.68100840589904,34.95970641547335]],[[135.68100840589904,34.95970641547335],[135.683655144519,34.959231323957255],[135.6850765411853,34.959747727779096]],[[135.6850765411853,34.959747727779096],[135.6861303352655,34.958322453230814]],[[135.69551645463076,34.94698222530317],[135.69369069511976,34.94914079327847]],[[135.69369069511976,34.94914079327847],[135.69119099753422,34.951485266629625],[135.68969608035073,34.9540569576624]],[[135.68969608035073,34.9540569576624],[135.69376421563697,34.94920276173709],[135.69567574908476,34.94865537368594],[135.69551645463076,34.94698222530317]],[[135.67308044345864,34.971180908394665],[135.67271284087252,34.9710776276303]],[[135.67271284087252,34.9710776276303],[135.67138947156255,34.97182124913375]],[[135.67138947156255,34.97182124913375],[135.6693186436608,34.973484069440076]],[[135.6693186436608,34.973484069440076],[135.66913484236775,34.97359767828088]],[[135.66913484236775,34.97359767828088],[135.6703479309019,34.97474409476537],[135.66876723978163,34.97628297815446],[135.66901230817237,34.978358921518264]],[[135.66901230817237,34.978358921518264],[135.67049497193634,34.97845187420619],[135.67065426639033,34.98104422139184]],[[135.6709483484592,34.98108553369759],[135.67332551184938,34.98174653058955]],[[135.67332551184938,34.98174653058955],[135.675028737165,34.98015600681827]],[[135.675028737165,34.98015600681827],[135.67507775084317,34.97739841040964],[135.67412198411927,34.976520523912505],[135.6745876140617,34.97429998747859],[135.67591098337166,34.97324652368203],[135.67308044345864,34.971180908394665]],[[135.70290526661154,34.970592208037765],[135.70290526661154,34.97063352034351]],[[135.70290526661154,34.97063352034351],[135.70296653370923,34.9727611040895]],[[135.70296653370923,34.9727611040895],[135.70297878712876,34.97305029022973]],[[135.71503615195311,34.980517489493565],[135.7160286789356,34.97944336954413]],[[135.6916811343157,34.96752476933603],[135.6914115590859,34.96943546347684]],[[135.69201197664322,34.96956972847052],[135.69229380529256,34.96956972847052]],[[135.69229380529256,34.96956972847052],[135.69291872968893,34.968536920826836]],[[135.69291872968893,34.968536920826836],[135.6916811343157,34.96752476933603]],[[135.70122654813497,34.965676043653836],[135.69998895276174,34.965748340188895],[135.70011148695713,34.96759706587108]],[[135.70011148695713,34.96759706587108],[135.70038106218692,34.96722525511936]],[[135.70038106218692,34.96722525511936],[135.70122654813497,34.965676043653836]],[[135.71172772867814,34.972038138738924],[135.71172772867814,34.97198649835674]],[[135.71003675678205,34.97233765295559],[135.709534366581,34.97302963407686]],[[135.709534366581,34.97302963407686],[135.70884817508696,34.97384555211537]],[[135.7108822427301,34.97351505366939],[135.71172772867814,34.972038138738924]],[[135.70014824721574,34.97162501568145],[135.7001727540548,34.97443425247227]],[[135.7001727540548,34.97443425247227],[135.70257442428405,34.973948832879735]],[[135.70247639692775,34.973039962153294],[135.7013368289108,34.97161468760501]],[[135.68655920494928,34.978803028805046],[135.68692680753537,34.98138504791426]],[[135.709534366581,34.97302963407686],[135.70699790873687,34.97305029022973]],[[135.71359024844776,34.97165599991076],[135.71172772867814,34.972038138738924]],[[135.7125732146262,34.97327750791134],[135.71359024844776,34.97165599991076]],[[135.67713632532536,34.96540751366648],[135.67711181848628,34.96545915404866]],[[135.67711181848628,34.96545915404866],[135.67624182569918,34.96789658008775],[135.67871701644563,34.969414807323965],[135.67887631089962,34.97191420182168]],[[135.67887631089962,34.97191420182168],[135.68042024176125,34.969982851527995],[135.68290768592726,34.96928054233029]],[[135.68290768592726,34.96928054233029],[135.68344683638688,34.96711164627855],[135.68312824747892,34.96420945679981]],[[135.68312824747892,34.96420945679981],[135.68115544693347,34.96479815715671]],[[135.68115544693347,34.96479815715671],[135.67713632532536,34.96540751366648]],[[135.69671728974538,34.9695077600119],[135.69672954316493,34.970592208037765]],[[135.68159657003682,34.983481647430935],[135.6799668652384,34.9826037609338],[135.6825890970193,34.98010436643609],[135.68429232233493,34.98009403835965],[135.68621610920223,34.978875325340105]],[[135.67676872273927,34.981839483277476],[135.67603351756705,34.982572776704494],[135.67700153771045,34.984555767380364],[135.67580070259584,34.98556791887117]],[[135.67580070259584,34.98556791887117],[135.67587422311306,34.98621858768669]],[[135.67587422311306,34.98621858768669],[135.67624182569918,34.98798468875739],[135.6778470236585,34.988449452197045],[135.67925616690525,34.98616694730451]],[[135.6694779381148,34.969466447706154],[135.66958821889062,34.9709950030188],[135.6680933017071,34.971666327987194]],[[135.6680933017071,34.971666327987194],[135.6693186436608,34.973484069440076]],[[135.67138947156255,34.97182124913375],[135.6709728552983,34.969590384623395]],[[135.6709728552983,34.969590384623395],[135.6694779381148,34.969466447706154]],[[135.7105268935635,34.976985287352164],[135.710857735891,34.975229514357906]],[[135.71007351704066,34.97215174757973],[135.70997548968435,34.97202781066249]],[[135.71283053643646,34.97706791196366],[135.71368827580403,34.975322467045835]],[[135.68914467647156,34.974806063223994],[135.69037001842526,34.975053937058476]],[[135.69037001842526,34.975053937058476],[135.69190169586736,34.97501262475273]],[[135.69190169586736,34.97501262475273],[135.69180366851108,34.97448589285445]],[[135.69180366851108,34.97448589285445],[135.69175465483292,34.97425867517284]],[[135.69175465483292,34.97425867517284],[135.68991664190239,34.97395916095617]],[[135.7031625884218,34.96362075644291],[135.7025989311231,34.965676043653836]],[[135.7025989311231,34.965676043653836],[135.70306456106553,34.96568637173027]],[[135.7211383548825,34.97428965940215],[135.72188581347424,34.970664504572824]],[[135.70290526661154,34.97018941305673],[135.7025254106059,34.970179084980295]],[[135.7025254106059,34.970179084980295],[135.7025254106059,34.97063352034351]],[[135.7025254106059,34.97063352034351],[135.70290526661154,34.97063352034351]],[[135.69260014078097,34.97332914829353],[135.6917424014134,34.973287835987776]],[[135.6917424014134,34.973287835987776],[135.69175465483292,34.97425867517284]],[[135.69180366851108,34.97448589285445],[135.6939357635105,34.97427933132572]],[[135.6939357635105,34.97427933132572],[135.69568800250428,34.97427933132572]],[[135.69568800250428,34.97427933132572],[135.69527138624002,34.97358735020445]],[[135.6941685784817,34.973535709822265],[135.69260014078097,34.97332914829353]],[[135.67130369762577,34.95936558895093],[135.67016412960885,34.9613485796268],[135.66877949320119,34.961090377715884]],[[135.66877949320119,34.961090377715884],[135.66859569190814,34.96168940614922]],[[135.66859569190814,34.96168940614922],[135.66966173940784,34.963001071856695],[135.67212467673477,34.96344517914348]],[[135.67212467673477,34.96344517914348],[135.67287213532651,34.96257762072278]],[[135.67287213532651,34.96257762072278],[135.6734970597229,34.961606781537725]],[[135.67244326564273,34.9609561127222],[135.67130369762577,34.95936558895093]],[[135.70300329396784,34.96670885129752],[135.70038106218692,34.96722525511936]],[[135.70011148695713,34.96759706587108],[135.700405569026,34.96855757697971]],[[135.7009692263247,34.96862987351477],[135.70292977345062,34.96854724890327]],[[135.67444057302725,34.965572762889465],[135.67218594383243,34.96604785440556]],[[135.67218594383243,34.96604785440556],[135.67028666380423,34.96650228976878]],[[135.67028666380423,34.96650228976878],[135.67159777969468,34.9683303592981]],[[135.67159777969468,34.9683303592981],[135.67347255288382,34.9685265927504]],[[135.67347255288382,34.9685265927504],[135.67444057302725,34.965572762889465]],[[135.6711689100109,34.9559366675739],[135.66980878044228,34.955750762198036]],[[135.66980878044228,34.955750762198036],[135.66877949320119,34.95525501452907],[135.66801978118988,34.95764080018598]],[[135.66801978118988,34.95764080018598],[135.66777471279914,34.95843606207161]],[[135.66777471279914,34.95843606207161],[135.67130369762577,34.95936558895093]],[[135.67130369762577,34.95936558895093],[135.67194087544172,34.95874590436472]],[[135.6703479309019,34.987943376451646],[135.6703479309019,34.98702417764876]],[[135.66179504406512,34.9865284299798],[135.65800873742822,34.987767799152216]],[[135.65800873742822,34.987767799152216],[135.65716325148017,34.98785042376371]],[[135.6533279311651,34.989358322923486],[135.65238441786076,34.99055637979016],[135.65423468421085,34.99250838623672]],[[135.69114198385608,34.96937349501822],[135.69021072397126,34.96915660541305]],[[135.69021072397126,34.96915660541305],[135.6893652380232,34.97042695881478]],[[135.6893652380232,34.97042695881478],[135.68937749144277,34.97124287685329]],[[135.68937749144277,34.97124287685329],[135.68973284060934,34.971666327987194]],[[135.68973284060934,34.971666327987194],[135.6910562099193,34.97160435952858]],[[135.7025989311231,34.965676043653836],[135.70122654813497,34.965676043653836]],[[135.7025254106059,34.97063352034351],[135.70296653370923,34.9727611040895]],[[135.6917424014134,34.973287835987776],[135.69019847055173,34.973628662510194]],[[135.69019847055173,34.973628662510194],[135.6890589025348,34.973463413287206]],[[135.67397494308483,34.983998051252776],[135.6728966421656,34.985784808476346],[135.6704827185168,34.985929401546464]],[[135.6734235392057,34.987540581470604],[135.67587422311306,34.98621858768669]],[[135.67580070259584,34.98556791887117],[135.67397494308483,34.983998051252776]],[[135.71564882292995,34.9685265927504],[135.71156843422415,34.96855757697971]],[[135.71162970132184,34.96870217004982],[135.71270800224107,34.970272037668224]],[[135.69649672819372,34.970592208037765],[135.6952346259814,34.97056122380845]],[[135.6976853098888,34.97154239106995],[135.69649672819372,34.972647495248694]],[[135.69649672819372,34.97274044793663],[135.69658250213047,34.97383522403893]],[[135.69654574187186,34.97457884554238],[135.69969487069287,34.974537533236635]],[[135.69969487069287,34.974537533236635],[135.7001727540548,34.97443425247227]],[[135.71359024844776,34.97165599991076],[135.71399461129246,34.9715837033757]],[[135.71713148669392,34.97854482689413],[135.7204399099689,34.975219186281464]],[[135.69190169586736,34.97501262475273],[135.6919139492869,34.975053937058476]],[[135.6919139492869,34.975053937058476],[135.69378872247606,34.97489901591192]],[[135.69378872247606,34.97489901591192],[135.6939357635105,34.97427933132572]],[[135.69285746259126,34.970592208037765],[135.69188944244783,34.970592208037765]],[[135.6917424014134,34.97152173491708],[135.69179141509153,34.971573375299265]],[[135.69179141509153,34.971573375299265],[135.6928697160108,34.97154239106995]],[[135.64903923432718,34.972626839095824],[135.6495783847868,34.97431031555502],[135.65244568495845,34.97356669405158],[135.65603593688277,34.97437228401365],[135.6611578662492,34.97312258676479],[135.6671865486614,34.97372161519812]],[[135.6671865486614,34.97372161519812],[135.66506670708148,34.970323678050406]],[[135.6652995220527,34.96627507208717],[135.66544656308713,34.965841292876824]],[[135.66544656308713,34.965841292876824],[135.66303263943837,34.96661589860959],[135.65460228679694,34.966161463246365],[135.65337694484325,34.96681213206189],[135.6533524380042,34.96874348235557],[135.65081598016005,34.97179026490444],[135.64903923432718,34.972626839095824]],[[135.70930155160983,34.994450064606845],[135.70950985974196,34.99395431693788]],[[135.67564140814187,34.94544334191408],[135.67483268245243,34.94551563844914]],[[135.67483268245243,34.94551563844914],[135.6726025600967,34.94490628193937],[135.6722962246083,34.94580482458937],[135.66967399282737,34.94529874884397],[135.66858343848858,34.94263410512326],[135.66924512314358,34.94650713378707],[135.66737034995444,34.947126818373285]],[[135.66737034995444,34.947126818373285],[135.66956371205154,34.9477465029595],[135.66967399282737,34.948717342144555]],[[135.66967399282737,34.948717342144555],[135.66993131463764,34.94972949363537],[135.6723329848669,34.950380162450884],[135.67222270409107,34.9526833234963],[135.6733010050103,34.95350956961125]],[[135.6733010050103,34.95350956961125],[135.67473465509613,34.95369547498711]],[[135.67473465509613,34.95369547498711],[135.67648689408992,34.95164018777618]],[[135.67648689408992,34.95164018777618],[135.67670745564158,34.9479737206411],[135.67539633975113,34.94767420642444],[135.67564140814187,34.94544334191408]],[[135.6919139492869,34.975053937058476],[135.69147282618357,34.97613838508435]],[[135.69147282618357,34.97613838508435],[135.69169338773526,34.976520523912505]],[[135.69404604428632,34.97655150814182],[135.69387449641283,34.97515721782285]],[[135.69387449641283,34.97515721782285],[135.69378872247606,34.97489901591192]],[[135.67028666380423,34.96650228976878],[135.6693799107585,34.9663680247751]],[[135.66917160262636,34.96826839083948],[135.6694779381148,34.969466447706154]],[[135.6709728552983,34.969590384623395],[135.67159777969468,34.9683303592981]],[[135.6679952743508,34.98226293441139],[135.66848541113228,34.98004239797747],[135.66741936363258,34.97891663764585]],[[135.66741936363258,34.97891663764585],[135.66674542555805,34.977305457721705]],[[135.66674542555805,34.977305457721705],[135.66619402167888,34.980248959506206]],[[135.66619402167888,34.980248959506206],[135.6675909115061,34.98255212055162]],[[135.68856876575333,34.94724042721409],[135.68840947129934,34.948572749074444]],[[135.68840947129934,34.948572749074444],[135.69185268218922,34.94919243366065]],[[135.69185268218922,34.94919243366065],[135.69289422284987,34.947818799494556]],[[135.69289422284987,34.947818799494556],[135.68856876575333,34.94724042721409]],[[135.68823792342582,34.96803084508143],[135.69056607313786,34.967948220469935]],[[135.69056607313786,34.967948220469935],[135.69056607313786,34.96728722357798]],[[135.69056607313786,34.96728722357798],[135.68641216391484,34.96693606897913],[135.68621610920223,34.968516264673966]],[[135.68621610920223,34.968516264673966],[135.68689004727676,34.96855757697971]],[[135.68689004727676,34.96855757697971],[135.68823792342582,34.96803084508143]],[[135.69179141509153,34.971573375299265],[135.6915831069594,34.972482246025706]],[[135.6915831069594,34.972482246025706],[135.6917424014134,34.973287835987776]],[[135.69260014078097,34.97332914829353],[135.6928697160108,34.97154239106995]],[[135.6559869232046,34.984679704297605],[135.6559869232046,34.98206670095909]],[[135.6559869232046,34.98206670095909],[135.65363426665354,34.98466937622117],[135.6531318764525,34.98700352149589]],[[135.65599917662416,34.98690024073152],[135.6559869232046,34.984679704297605]],[[135.69037001842526,34.975053937058476],[135.69147282618357,34.97613838508435]],[[135.68581174635753,34.9543667999555],[135.68369190477762,34.95459401763711]],[[135.68369190477762,34.95459401763711],[135.68220924101365,34.956287822172754]],[[135.68442710994984,34.957609815956665],[135.68598329423102,34.95556485682218],[135.68581174635753,34.9543667999555]],[[135.69404604428632,34.96850593659752],[135.69291872968893,34.968536920826836]],[[135.69229380529256,34.96956972847052],[135.6931392912406,34.96947677578259]],[[135.62911517416012,34.97356669405158],[135.6289436262866,34.969466447706154],[135.62987488617142,34.96681213206189]],[[135.62987488617142,34.96681213206189],[135.62977685881512,34.9635071476021],[135.63065910502178,34.961431204238295],[135.62775504459154,34.96004724199576],[135.62616210005172,34.957537519421614],[135.62409127214997,34.955606169127925],[135.62532886752322,34.95499681261815]],[[135.62532886752322,34.95499681261815],[135.623429587495,34.95578174642735],[135.62311099858704,34.9545630334078],[135.6208808762313,34.953230711547455],[135.61943497272594,34.953550881916996],[135.62003539028325,34.95570944989229],[135.61787878844476,34.95703144367621]],[[135.61787878844476,34.95703144367621],[135.6187242743928,34.958838857052655],[135.61760921321493,34.961111033868754],[135.61539134427875,34.96286680686302],[135.61557514557182,34.96607883863487],[135.61365135870452,34.967338863960165],[135.61340629031378,34.971273861082594],[135.61615105629005,34.972430605643524],[135.61797681580106,34.97230666872628],[135.62124847881742,34.974341299784335],[135.62627238082754,34.97378358365675],[135.62722814755145,34.97252355833145],[135.62911517416012,34.97356669405158]],[[135.66625528877657,34.94590810535374],[135.6629468655016,34.945195468079596]],[[135.6629468655016,34.945195468079596],[135.66186856458233,34.946269588029025],[135.65949140119218,34.94531940499684],[135.65816803188218,34.94670336723937],[135.65499439622212,34.94711649029685],[135.65348722561907,34.94826290678134]],[[135.65348722561907,34.94826290678134],[135.65394060214194,34.94978113401755],[135.65728578567553,34.95127870510089],[135.65766564168118,34.95336497654113]],[[135.65766564168118,34.95336497654113],[135.66637782297195,34.953519897687684],[135.66877949320119,34.954717954554354],[135.67096060187876,34.95496582838884]],[[135.67096060187876,34.95496582838884],[135.6733010050103,34.95350956961125]],[[135.66967399282737,34.948717342144555],[135.66729682943722,34.94883095098536],[135.66588768619047,34.94748830104857],[135.66625528877657,34.94590810535374]],[[135.68973284060934,34.971666327987194],[135.68934073118416,34.97211043527398]],[[135.68934073118416,34.97211043527398],[135.69013720345404,34.97270946370732]],[[135.69013720345404,34.97270946370732],[135.6915831069594,34.972482246025706]],[[135.69969487069287,34.974537533236635],[135.699743884371,34.97656183621825]],[[135.66619402167888,34.980248959506206],[135.663571789898,34.98008371028322]],[[135.663571789898,34.98008371028322],[135.6617215235479,34.98029027181195]],[[135.6617215235479,34.98029027181195],[135.66174603038698,34.982448839787246]],[[135.66174603038698,34.982448839787246],[135.6675909115061,34.98255212055162]],[[135.68777229348342,34.947219771061214],[135.69078663468952,34.94561891921351],[135.69317605149922,34.946248931876156],[135.69289422284987,34.947818799494556]],[[135.69185268218922,34.94919243366065],[135.68837271104073,34.951092799725025]],[[135.68837271104073,34.951092799725025],[135.69037001842526,34.95174346854055],[135.69369069511976,34.94914079327847]],[[135.69551645463076,34.94698222530317],[135.69497730417115,34.94630057225834],[135.69100719624117,34.94512317154454],[135.68573822584028,34.94525743653822]],[[135.68573822584028,34.94525743653822],[135.68573822584028,34.947219771061214],[135.6837776787144,34.947323051825585],[135.68257684359978,34.94983277439974],[135.67886405748007,34.94968818132962],[135.67906011219267,34.95124772087158],[135.67648689408992,34.95164018777618]],[[135.67473465509613,34.95369547498711],[135.67600901072797,34.954108598044584],[135.67958700923276,34.953550881916996],[135.681988679462,34.95125804894802],[135.68461091124288,34.951371657788826],[135.68419429497865,34.952786604260666],[135.68572597242076,34.95277627618423],[135.6857749860989,34.95121673664227],[135.68778454690298,34.950999847037096]],[[135.68778454690298,34.950999847037096],[135.68578723951845,34.94917177750778],[135.68658371178833,34.94729206759627],[135.68777229348342,34.947219771061214]],[[135.6671865486614,34.97372161519812],[135.66913484236775,34.97359767828088]],[[135.6680933017071,34.971666327987194],[135.666904720012,34.96994153922225]],[[135.70127556181313,34.97018941305673],[135.7025254106059,34.970179084980295]],[[135.69021072397126,34.96915660541305],[135.69056607313786,34.967948220469935]],[[135.68823792342582,34.96803084508143],[135.6893652380232,34.97042695881478]],[[135.6964844747742,34.975642637415376],[135.6965579952914,34.97653085198895]],[[135.69019847055173,34.973628662510194],[135.69013720345404,34.97270946370732]],[[135.68934073118416,34.97211043527398],[135.68908340937386,34.972626839095824]],[[135.64903923432718,34.972626839095824],[135.6456695439545,34.97507459321135],[135.6415156347315,34.975518700498135]],[[135.6415156347315,34.975518700498135],[135.6405843748467,34.97908188686884],[135.63923649869764,34.97950533800275],[135.63732496524986,34.982521136322305],[135.63888114953107,34.98682794419646],[135.63769256783598,34.98959586868153],[135.63841551958865,34.99073195708959],[135.63917523159995,34.99506974919306]],[[135.63917523159995,34.99506974919306],[135.64346392843788,34.99574107416145],[135.64717671455756,34.99513171765168]],[[135.6559869232046,34.98206670095909],[135.65769014852026,34.980517489493565],[135.6617215235479,34.98029027181195]],[[135.663571789898,34.98008371028322],[135.66455206346095,34.9779767826901],[135.66674542555805,34.977305457721705]],[[135.66741936363258,34.97891663764585],[135.66901230817237,34.978358921518264]],[[135.67308044345864,34.971180908394665],[135.67580070259584,34.970375318432595],[135.67573943549814,34.96840265583316],[135.67711181848628,34.96545915404866]],[[135.67713632532536,34.96540751366648],[135.6763153462164,34.96520095213774]],[[135.6763153462164,34.96520095213774],[135.6745631072226,34.96542816981935]],[[135.6745631072226,34.96542816981935],[135.67444057302725,34.965572762889465]],[[135.67347255288382,34.9685265927504],[135.67271284087252,34.9710776276303]],[[135.66877949320119,34.961090377715884],[135.66705176104648,34.96072889504059]],[[135.66705176104648,34.96072889504059],[135.66544656308713,34.965841292876824]],[[135.6670885213051,34.96641966515729],[135.66859569190814,34.96168940614922]],[[135.69408280454493,34.9715837033757],[135.6941318182231,34.97261651101938]],[[135.6559869232046,34.984679704297605],[135.65800873742822,34.98602235423439]],[[135.65800873742822,34.98602235423439],[135.65800873742822,34.98544398195393]],[[135.68689004727676,34.96855757697971],[135.68782130716158,34.970571551884895],[135.68937749144277,34.97124287685329]],[[135.6872699032824,34.97563230933894],[135.68545639719093,34.9743309717079],[135.68543189035188,34.972823072548124]],[[135.6793051805834,34.97324652368203],[135.6791091258708,34.974640814001006]],[[135.6789375779973,34.96099742502795],[135.67796955785388,34.96282549455727]],[[135.67796955785388,34.96282549455727],[135.67942771477877,34.96338321068486],[135.68135150164608,34.961999248442325]],[[135.68135150164608,34.961999248442325],[135.68100840589904,34.95970641547335]],[[135.62987488617142,34.96681213206189],[135.6325828918891,34.9683303592981],[135.6358790617445,34.967142630507865],[135.64162591550732,34.96729755165442],[135.64097648427187,34.963662068748654],[135.64411335967333,34.962123185359566],[135.64653953674164,34.95983035239059],[135.65118358274614,34.95933460472162],[135.650313589959,34.95998527353714],[135.65129386352197,34.962340074964736],[135.6525927259929,34.96151382884979],[135.65463904705555,34.962288434582554],[135.65320539696972,34.96305271223888],[135.65742057329044,34.963393538761295],[135.65848662079014,34.96009888237795],[135.65992027087597,34.96110070579232],[135.66130490728364,34.959251980110125],[135.66474811817352,34.960336428135996],[135.66801978118988,34.95764080018598]],[[135.66980878044228,34.955750762198036],[135.67096060187876,34.95496582838884]],[[135.65766564168118,34.95336497654113],[135.65433271156712,34.95365416268136],[135.65401412265916,34.952931197330784],[135.65158794559085,34.95380908382791],[135.6497376792408,34.95301382194228],[135.64673559145425,34.9538607242101],[135.6457675713108,34.95671127330667],[135.64362322289185,34.95281758848998],[135.64205478519114,34.95306546232446],[135.63350189835435,34.9571140682877],[135.62766927065476,34.956143229102636],[135.62532886752322,34.95499681261815]],[[135.6889241149199,34.97653085198895],[135.68740469089732,34.97438261209008]],[[135.69524687940094,34.97513656166997],[135.69387449641283,34.97515721782285]],[[135.68135150164608,34.961999248442325],[135.68247881624347,34.962515652264166]],[[135.68247881624347,34.962515652264166],[135.6850765411853,34.959747727779096]],[[135.675028737165,34.98015600681827],[135.67703829796906,34.979877148754476]],[[135.6792684203248,34.97292635331249],[135.67887631089962,34.97191420182168]],[[135.66777471279914,34.95843606207161],[135.66705176104648,34.96072889504059]],[[135.67332551184938,34.98174653058955],[135.67397494308483,34.983998051252776]],[[135.65800873742822,34.987767799152216],[135.65800873742822,34.98602235423439]],[[135.67785927707806,34.955213702223325],[135.67504099058456,34.9555442006693]],[[135.6779082907562,34.956783569841726],[135.67785927707806,34.955213702223325]],[[135.6916811343157,34.96752476933603],[135.69056607313786,34.96728722357798]],[[135.68840947129934,34.948572749074444],[135.68811538923046,34.951092799725025]],[[135.68811538923046,34.951092799725025],[135.68837271104073,34.951092799725025]],[[135.68621610920223,34.968516264673966],[135.68415753472004,34.96940447924753]],[[135.68415753472004,34.96940447924753],[135.6846844317601,34.97031334997397]],[[135.68369190477762,34.95459401763711],[135.67785927707806,34.955213702223325]],[[135.67796955785388,34.96282549455727],[135.6763153462164,34.96520095213774]],[[135.68115544693347,34.96479815715671],[135.68247881624347,34.962515652264166]],[[135.67218594383243,34.96604785440556],[135.67212467673477,34.96344517914348]],[[135.63917523159995,34.99506974919306],[135.6392242452781,34.9979409544425],[135.6422753467428,35.00059527008676],[135.64298604507593,34.999479837831586],[135.6458533452476,34.99899441823905],[135.64698065984498,34.99711470832755]],[[135.68969608035073,34.9540569576624],[135.68581174635753,34.9543667999555]],[[135.6861303352655,34.958322453230814],[135.68800510845463,34.95886984128196]],[[135.68800510845463,34.95886984128196],[135.68768651954667,34.957682112491725],[135.68969608035073,34.9540569576624]],[[135.68415753472004,34.96940447924753],[135.68290768592726,34.96928054233029]],[[135.67711181848628,34.96034675621243],[135.675028737165,34.96337288260842]],[[135.675028737165,34.96337288260842],[135.6745631072226,34.96542816981935]],[[135.67287213532651,34.96257762072278],[135.675028737165,34.96337288260842]],[[135.68312824747892,34.96420945679981],[135.68800510845463,34.95886984128196]],[[135.68573822584028,34.94525743653822],[135.6853828766737,34.94479267309856],[135.67871701644563,34.944379550041084],[135.67564140814187,34.94544334191408]],[[135.66737034995444,34.947126818373285],[135.66625528877657,34.94590810535374]],[[135.68856876575333,34.94724042721409],[135.68777229348342,34.947219771061214]],[[135.68778454690298,34.950999847037096],[135.68811538923046,34.951092799725025]],[[135.62195917715056,34.93336982055943],[135.61724161062884,34.9309220664439],[135.61735189140467,34.92931088651975],[135.61432529677904,34.927802987359975],[135.6113232089925,34.92862923347492],[135.6072060600281,34.928391687716875],[135.60579691678134,34.92756544160193],[135.60264778796034,34.92737953622606],[135.59953541939797,34.92850529655768],[135.60122639129406,34.92972400957722],[135.60057696005862,34.93087042606171],[135.60198610330536,34.93229570060999],[135.60420397224155,34.93643725926116],[135.606017478333,34.935156577783],[135.60748788867744,34.936767757707145],[135.60675268350522,34.93771794073933],[135.60839464172318,34.939804212179574],[135.61051448330306,34.93964929103302],[135.61068603117658,34.94216934168361],[135.61294066037138,34.94206606091924],[135.61127419531434,34.943749537378444],[135.6137126258022,34.94603204227098]],[[135.6137126258022,34.94603204227098],[135.61764597347354,34.94400773928936],[135.62023144499585,34.942107373224985],[135.6220694579264,34.938058767261744],[135.62262086180556,34.93523920239449],[135.62195917715056,34.93336982055943]],[[135.65348722561907,34.94826290678134],[135.6532299038088,34.94645549340489],[135.64729924875294,34.94273738588763],[135.64535095504655,34.9404858652244],[135.6433781545011,34.93927748028129],[135.64009423806522,34.93889534145313],[135.63709215027868,34.941301783262915],[135.63540117838258,34.939659619109456],[135.6357810343882,34.93853385877784],[135.63956734102513,34.93741842652266],[135.64511814007537,34.93638561887898],[135.65231089734354,34.93694333500657],[135.6607289965654,34.93800712687956],[135.66217490007077,34.93870943607727],[135.66385361854734,34.941787202855444],[135.66128040044458,34.942623777046826],[135.66136617438133,34.94424528504741],[135.6629468655016,34.945195468079596]],[[135.67483268245243,34.94551563844914],[135.67197763570033,34.943357070473844],[135.67218594383243,34.94224163821866],[135.6674928841498,34.939360104892785],[135.6645765703,34.93910190298187],[135.66376784461056,34.93614807312093],[135.65951590803127,34.93558002891691],[135.6589032370544,34.93319424326],[135.656771142055,34.93438197205023],[135.6521270960505,34.93374163131115],[135.6514654113955,34.93251259021517],[135.64836529625265,34.932357669068615],[135.64774037185626,34.93045730300424],[135.64598813286247,34.92957941650711],[135.6383665059105,34.9320168425462],[135.6365775066581,34.93102534720826],[135.63404104881397,34.93258488675023],[135.63410231591166,34.93390688053414],[135.63223979614204,34.93484673548989],[135.6291029207406,34.93534248315886],[135.62809814033855,34.93395852091633],[135.62409127214997,34.93501198471288],[135.62195917715056,34.93336982055943]],[[135.6137126258022,34.94603204227098],[135.61274460565878,34.946713695315815],[135.61431304335952,34.948428156004326],[135.6142027625837,34.95023556938077],[135.61622457680727,34.95262135503768],[135.61546486479597,34.9534682573055],[135.61787878844476,34.95703144367621]],[[135.62911517416012,34.97356669405158],[135.63018122165983,34.97437228401365],[135.6365039861409,34.97538443550446],[135.6415156347315,34.975518700498135]]]}