{"type":"Topology","bbox":[135.786552237022,34.95019096534416,135.86343002742615,35.016700450244926],"objects":{"town":{"type":"GeometryCollection","geometries":[{"type":"Polygon","arcs":[[0,1,2,3,4,5]],"properties":{"name":"勧修椥辻番所ケ口町"}},{"type":"Polygon","arcs":[[-4,6,7,8,9,10]],"properties":{"name":"勧修椥辻封シ川町"}},{"type":"Polygon","arcs":[[11,12,13,14]],"properties":{"name":"勧修椥辻東潰"}},{"type":"Polygon","arcs":[[15,-6,16,-12,17,18]],"properties":{"name":"勧修椥辻平田町"}},{"type":"Polygon","arcs":[[19,20,21,22]],"properties":{"name":"勧修椥辻中在家町"}},{"type":"Polygon","arcs":[[23,24,25,26,27,-2]],"properties":{"name":"勧修勧修寺東栗栖野町"}},{"type":"Polygon","arcs":[[-9,28,29,-21,30]],"properties":{"name":"勧修椥辻西浦町"}},{"type":"Polygon","arcs":[[-22,-30,31,32]],"properties":{"name":"勧修椥辻東浦町"}},{"type":"Polygon","arcs":[[33]],"properties":{"name":"勧修勧修寺西金ケ崎"}},{"type":"Polygon","arcs":[[-14,34,-10,-31,35,36,37]],"properties":{"name":"勧修椥辻池尻町"}},{"type":"Polygon","arcs":[[38,39,40,41,42,43,44],[-34]],"properties":{"name":"勧修西野山中鳥井町"}},{"type":"Polygon","arcs":[[-36,-20,45]],"properties":{"name":"勧修椥辻草海道町"}},{"type":"Polygon","arcs":[[-5,-11,-35,-13,-17]],"properties":{"name":"勧修椥辻西潰"}},{"type":"Polygon","arcs":[[-27,46,47,48,49,50]],"properties":{"name":"勧修栗栖野打越町"}},{"type":"Polygon","arcs":[[51,52,53,-47,-26]],"properties":{"name":"勧修勧修寺西栗栖野町"}},{"type":"Polygon","arcs":[[54,55,56,57,-44,58,59]],"properties":{"name":"勧修勧修寺堂田"}},{"type":"Polygon","arcs":[[60,-42,61,62,63,64,65,66,67,68,-53]],"properties":{"name":"勧修西野山中臣町"}},{"type":"Polygon","arcs":[[69,70,-45,-58]],"properties":{"name":"勧修勧修寺柴山"}},{"type":"Polygon","arcs":[[-54,-69,-48]],"properties":{"name":"勧修栗栖野華ノ木町"}},{"type":"Polygon","arcs":[[-50,71,72]],"properties":{"name":"勧修栗栖野中臣町"}},{"type":"Polygon","arcs":[[73,74,75,76]],"properties":{"name":"山階南東野百拍子町"}},{"type":"Polygon","arcs":[[-8,77,78,-74,79,-32,-29]],"properties":{"name":"山階南東野八反畑町"}},{"type":"Polygon","arcs":[[80,81,82,83,84,85,86,87]],"properties":{"name":"山階南西野大鳥井町"}},{"type":"Polygon","arcs":[[-49,-68,88]],"properties":{"name":"勧修栗栖野狐塚"}},{"type":"Polygon","arcs":[[89,90,91,92,93,-82,94]],"properties":{"name":"山階南西野後藤"}},{"type":"Polygon","arcs":[[-67,95,96,97,-72,-89]],"properties":{"name":"山階南東野森野町"}},{"type":"Polygon","arcs":[[98,99,100,101,102,103,104,105,106,107,108]],"properties":{"name":"鏡山御陵天徳町"}},{"type":"Polygon","arcs":[[109,110,111,112,113,114,115]],"properties":{"name":"山階南西野離宮町"}},{"type":"Polygon","arcs":[[116,-86,117,118,119]],"properties":{"name":"山階南西野広見町"}},{"type":"Polygon","arcs":[[-116,120]],"properties":{"name":"山階南東野舞台町"}},{"type":"Polygon","arcs":[[121,122,123,-118,-85]],"properties":{"name":"山階南西野小柳町"}},{"type":"Polygon","arcs":[[124,-110,-121,-115,125,126,127,128,-75,-79]],"properties":{"name":"山階南東野狐薮町"}},{"type":"Polygon","arcs":[[129,-88,130,-97]],"properties":{"name":"山階南東野八代"}},{"type":"Polygon","arcs":[[131,132,133,134,-104,135,136,137]],"properties":{"name":"鏡山御陵進藤町"}},{"type":"Polygon","arcs":[[138,139,140,141]],"properties":{"name":"鏡山西野野色町"}},{"type":"Polygon","arcs":[[142,143,144,145,146,147,148,149,150,151,152],[153]],"properties":{"name":"鏡山御陵荒巻町"}},{"type":"Polygon","arcs":[[154,-113,155,156]],"properties":{"name":"山階南西野山階町"}},{"type":"Polygon","arcs":[[157,-151,158,-132]],"properties":{"name":"鏡山御陵久保町"}},{"type":"Polygon","arcs":[[-96,-66,159,-95,-81,-130]],"properties":{"name":"山階南東野竹田"}},{"type":"Polygon","arcs":[[-135,160,-105]],"properties":{"name":"鏡山御陵別所町"}},{"type":"Polygon","arcs":[[-129,161,162,-76]],"properties":{"name":"山階南東野門口町"}},{"type":"Polygon","arcs":[[163,164,165]],"properties":{"name":"鏡山御陵三蔵町"}},{"type":"Polygon","arcs":[[166,-120,167,168,-156,-112]],"properties":{"name":"山階南西野左義長町"}},{"type":"Polygon","arcs":[[169,170,171,172,-122,-84]],"properties":{"name":"山階南西野櫃川町"}},{"type":"Polygon","arcs":[[173,174,175,176,177]],"properties":{"name":"音羽四ノ宮南河原町"}},{"type":"Polygon","arcs":[[-178,178,179,180,181]],"properties":{"name":"音羽四ノ宮中在寺町"}},{"type":"Polygon","arcs":[[182,183,184,185,186,187]],"properties":{"name":"音羽四ノ宮堂ノ後町"}},{"type":"Polygon","arcs":[[-184,188,-181,189,190,191,192,193,194,195],[196]],"properties":{"name":"音羽四ノ宮柳山町"}},{"type":"Polygon","arcs":[[197,198,199,200,201,202,203]],"properties":{"name":"音羽川音羽森廻り町"}},{"type":"Polygon","arcs":[[204,205,-200,206,207,208]],"properties":{"name":"音羽川音羽伊勢宿町"}},{"type":"Polygon","arcs":[[209,210,211,212,213]],"properties":{"name":"山階西野阿芸沢町"}},{"type":"Polygon","arcs":[[214,215,216,217,218]],"properties":{"name":"山階音羽野田町"}},{"type":"Polygon","arcs":[[219,220,221,-204,222]],"properties":{"name":"音羽川音羽前田町"}},{"type":"Polygon","arcs":[[223,224,225,226]],"properties":{"name":"音羽川小山南溝町"}},{"type":"Polygon","arcs":[[-201,-206,227,228,229,230]],"properties":{"name":"音羽川音羽初田町"}},{"type":"Polygon","arcs":[[231,232,233,-148]],"properties":{"name":"鏡山御陵岡ノ西町"}},{"type":"Polygon","arcs":[[234,235,236,237]],"properties":{"name":"音羽川竹鼻木ノ本町"}},{"type":"Polygon","arcs":[[238,-140,239,240,241,242]],"properties":{"name":"鏡山西野八幡田町"}},{"type":"Polygon","arcs":[[243,244]],"properties":{"name":"大塚竹鼻走リ谷"}},{"type":"Polygon","arcs":[[245,246,247,248,249]],"properties":{"name":"音羽四ノ宮小金塚"}},{"type":"Polygon","arcs":[[250,-153,251,252,-242]],"properties":{"name":"鏡山厨子奥苗代元町"}},{"type":"Polygon","arcs":[[253,254,255,256]],"properties":{"name":"大宅大宅五反畑町"}},{"type":"Polygon","arcs":[[257,258,259,260,261,262,263]],"properties":{"name":"大塚小山北溝町"}},{"type":"Polygon","arcs":[[264,265,266,267,268,269,270,271,-240,-139,272,273,274,-171]],"properties":{"name":"鏡山西野楳本町"}},{"type":"Polygon","arcs":[[275,276,277,278,279,280]],"properties":{"name":"小野大宅石郡町"}},{"type":"Polygon","arcs":[[281,282,283,284,285,286,287,288,289,290]],"properties":{"name":"大塚大塚元屋敷町"}},{"type":"Polygon","arcs":[[291,292,-238,293,-230,294]],"properties":{"name":"音羽川音羽沢町"}},{"type":"Polygon","arcs":[[295,296]],"properties":{"name":"西野西野櫃川町"}},{"type":"Polygon","arcs":[[297,-227,298,-221,299]],"properties":{"name":"音羽川小山中ノ川町"}},{"type":"Polygon","arcs":[[300,301,302,303,304,305]],"properties":{"name":"大塚大塚丹田"}},{"type":"Polygon","arcs":[[306,307,308,309,310,311,312,313]],"properties":{"name":"小野勧修寺本堂山町"}},{"type":"Polygon","arcs":[[-57,314,315,316,317,-70]],"properties":{"name":"小野勧修寺冷尻"}},{"type":"Polygon","arcs":[[318,319,320,321]],"properties":{"name":"小野小野荘司町"}},{"type":"Polygon","arcs":[[322,323,324,325,326,327,-270]],"properties":{"name":"鏡山北花山大林町"}},{"type":"Polygon","arcs":[[328,329,-176,330,331,332,333,334]],"properties":{"name":"音羽四ノ宮神田町"}},{"type":"Polygon","arcs":[[335,336,337,338,339,340,-327]],"properties":{"name":"鏡山上花山講田町"}},{"type":"Polygon","arcs":[[-191,341,-247,342]],"properties":{"name":"音羽四ノ宮熊ケ谷"}},{"type":"Polygon","arcs":[[343,344,345,346,347,348,-146,349,-144,350,351]],"properties":{"name":"鏡山北花山六反田町"}},{"type":"Polygon","arcs":[[352,353,354,-225]],"properties":{"name":"大塚音羽稲芝"}},{"type":"Polygon","arcs":[[355,-141,-239,356,357,358]],"properties":{"name":"鏡山西野岸ノ下町"}},{"type":"Polygon","arcs":[[359,360,361,362,363]],"properties":{"name":"山階竹鼻地蔵寺南町"}},{"type":"Polygon","arcs":[[364,365,366,367,368]],"properties":{"name":"大塚音羽八ノ坪"}},{"type":"Polygon","arcs":[[369,370,-360,371,372,-216]],"properties":{"name":"山階竹鼻サイカシ町"}},{"type":"Polygon","arcs":[[373,374,375,-280,376,377,378]],"properties":{"name":"小野大宅神納町"}},{"type":"Polygon","arcs":[[-368,379,380,381,382,383,384,385,386,-261,387]],"properties":{"name":"大塚音羽珍事町"}},{"type":"Polygon","arcs":[[388,-126,-114,389,390,-214,391]],"properties":{"name":"山階西野離宮町"}},{"type":"Polygon","arcs":[[392,393]],"properties":{"name":"大塚小山谷田山"}},{"type":"Polygon","arcs":[[394,-358,395,396,397,398,399,400,401]],"properties":{"name":"鏡山西野今屋敷町"}},{"type":"Polygon","arcs":[[402,403,404,405]],"properties":{"name":"山階東野片下リ町"}},{"type":"Polygon","arcs":[[406,407,408,409,410]],"properties":{"name":"大宅大宅辻脇町"}},{"type":"Polygon","arcs":[[411,412,413,414]],"properties":{"name":"小野勧修寺西北出町"}},{"type":"Polygon","arcs":[[415,416,417,418,419]],"properties":{"name":"小野勧修寺御所内町"}},{"type":"Polygon","arcs":[[420,421,422,423,424]],"properties":{"name":"大塚小山西御所町"}},{"type":"Polygon","arcs":[[-294,-237,425,426,427,428,-202,-231]],"properties":{"name":"音羽川音羽前出町"}},{"type":"Polygon","arcs":[[429,430,431,-403]],"properties":{"name":"大宅東野片下リ町"}},{"type":"Polygon","arcs":[[-426,-236,432,433,-335,434,435]],"properties":{"name":"音羽川竹鼻扇町"}},{"type":"Polygon","arcs":[[436,437,438,439,440]],"properties":{"name":"大塚大塚向畑町"}},{"type":"Polygon","arcs":[[-437,441,442,443,444,445,-422,446]],"properties":{"name":"大塚小山中島町"}},{"type":"Polygon","arcs":[[447,-331,-175,-188]],"properties":{"name":"音羽四ノ宮垣ノ内町"}},{"type":"Polygon","arcs":[[448,449,450,451,-340,452]],"properties":{"name":"鏡山北花山西ノ野町"}},{"type":"Polygon","arcs":[[453,454,455,-400,456,-361,-371]],"properties":{"name":"山階西野今屋敷町"}},{"type":"Polygon","arcs":[[457,-363,458,459,460,461,462,463,464,465]],"properties":{"name":"山階竹鼻西ノ口町"}},{"type":"Polygon","arcs":[[-396,-357,-243,466,467]],"properties":{"name":"鏡山厨子奥尾上町"}},{"type":"Polygon","arcs":[[468,469,-303,470,471,-291,472,-289]],"properties":{"name":"大塚大塚南溝町"}},{"type":"Polygon","arcs":[[473,-374,474,475,476,477]],"properties":{"name":"大宅大宅向山"}},{"type":"Polygon","arcs":[[478,479,480,481,482]],"properties":{"name":"小野勧修寺東出町"}},{"type":"Polygon","arcs":[[483,-410,484,485,486,487]],"properties":{"name":"大宅大宅坂ノ辻町"}},{"type":"Polygon","arcs":[[-77,488,489,490]],"properties":{"name":"大宅東野百拍子町"}},{"type":"Polygon","arcs":[[491,492,-480,493,494,495]],"properties":{"name":"小野小野西浦"}},{"type":"Polygon","arcs":[[496,-416,497,498,499,-482]],"properties":{"name":"小野勧修寺風呂尻町"}},{"type":"Polygon","arcs":[[500,501,502,-228,-205]],"properties":{"name":"音羽川音羽乙出町"}},{"type":"Polygon","arcs":[[503,504,-401,-456,505,506,507]],"properties":{"name":"西野西野様子見町"}},{"type":"Polygon","arcs":[[508,509,-507,-211]],"properties":{"name":"西野西野阿芸沢町"}},{"type":"Polygon","arcs":[[-320,-495,510,511,512,513]],"properties":{"name":"小野小野葛篭尻町"}},{"type":"Polygon","arcs":[[514,515,-477,516]],"properties":{"name":"大宅大宅堂ノ山"}},{"type":"Polygon","arcs":[[517,518,519,-344,520,521,522]],"properties":{"name":"鏡山北花山寺内町"}},{"type":"Polygon","arcs":[[-277,523,524,525,526,527]],"properties":{"name":"小野大宅細田町"}},{"type":"Polygon","arcs":[[528,529,530,531]],"properties":{"name":"大宅大宅山田"}},{"type":"Polygon","arcs":[[532,-397,-468,533,534,-166,535]],"properties":{"name":"鏡山厨子奥若林町"}},{"type":"Polygon","arcs":[[-498,-420,536,537,-313,538]],"properties":{"name":"小野勧修寺下ノ茶屋町"}},{"type":"Polygon","arcs":[[-154]],"properties":{"name":"鏡山日ノ岡石塚町"}},{"type":"Polygon","arcs":[[539,-217,540]],"properties":{"name":"山階音羽役出町"}},{"type":"Polygon","arcs":[[-326,541,542,-336]],"properties":{"name":"鏡山上花山久保町"}},{"type":"Polygon","arcs":[[-155,543,-390]],"properties":{"name":"山階西野山階町"}},{"type":"Polygon","arcs":[[-195,544,-193,545,546]],"properties":{"name":"音羽四ノ宮山田町"}},{"type":"Polygon","arcs":[[547,548,549,550,551,-439,552,553,554,555,-393,556]],"properties":{"name":"大塚小山大石山"}},{"type":"Polygon","arcs":[[-435,-334,557,558,-382,559]],"properties":{"name":"音羽四ノ宮泓"}},{"type":"Polygon","arcs":[[-372,-364,-458,560]],"properties":{"name":"山階竹鼻四丁野町"}},{"type":"Polygon","arcs":[[561,-207,-199,562]],"properties":{"name":"音羽川音羽中芝町"}},{"type":"Polygon","arcs":[[563,564,-137,565]],"properties":{"name":"鏡山御陵中筋町"}},{"type":"Polygon","arcs":[[566,-306,567,568,569]],"properties":{"name":"大塚大塚高岩"}},{"type":"Polygon","arcs":[[570,-245,571,572]],"properties":{"name":"大塚竹鼻忠兵衛谷"}},{"type":"Polygon","arcs":[[573,574,575,576]],"properties":{"name":"大塚西野東山"}},{"type":"Polygon","arcs":[[-185,-196,-547,577,578]],"properties":{"name":"音羽四ノ宮川原町"}},{"type":"Polygon","arcs":[[579,580,581,582,583]],"properties":{"name":"大塚大塚森町"}},{"type":"Polygon","arcs":[[-342,584,-248]],"properties":{"name":"音羽四ノ宮行者谷"}},{"type":"Polygon","arcs":[[585,586,-563,-198,-222,-299,-226,-355,587]],"properties":{"name":"音羽川音羽稲芝"}},{"type":"Polygon","arcs":[[-445,588,-298,-264,589]],"properties":{"name":"大塚小山中ノ川町"}},{"type":"Polygon","arcs":[[-432,-162,-128,-404]],"properties":{"name":"山階南東野片下リ町"}},{"type":"Polygon","arcs":[[-127,-389,590,-215,591,592,-405]],"properties":{"name":"山階東野狐薮町"}},{"type":"Polygon","arcs":[[-174,-182,-189,-183]],"properties":{"name":"音羽四ノ宮泉水町"}},{"type":"Polygon","arcs":[[593,-223,-203,594]],"properties":{"name":"音羽音羽森廻り町"}},{"type":"Polygon","arcs":[[595,-536,-165,596,597,-459,-362,-457,-399],[598],[599],[600],[601]],"properties":{"name":"山階御陵四丁野町"}},{"type":"Polygon","arcs":[[602,603,-453,-339]],"properties":{"name":"鏡山上花山花ノ岡町"}},{"type":"Polygon","arcs":[[604,-383,-559,605,606]],"properties":{"name":"大塚四ノ宮奈良野町"}},{"type":"Polygon","arcs":[[-38,607,608,-15]],"properties":{"name":"大宅椥辻東潰"}},{"type":"Polygon","arcs":[[-259,609,610,611]],"properties":{"name":"大塚音羽前田町"}},{"type":"Polygon","arcs":[[-385,612,613,614,615,616]],"properties":{"name":"大塚小山神無森町"}},{"type":"Polygon","arcs":[[-367,617,618,-380]],"properties":{"name":"大塚音羽草田町"}},{"type":"Polygon","arcs":[[619,-402,-505]],"properties":{"name":"西野西野今屋敷町"}},{"type":"Polygon","arcs":[[-168,-119,-124,620,621,-508,-510,622]],"properties":{"name":"西野西野広見町"}},{"type":"Polygon","arcs":[[-535,623,-566,-136,-103,624,-101,625,626,627,628,-597,-164]],"properties":{"name":"鏡山御陵中内町"}},{"type":"Polygon","arcs":[[629,630,-575,631]],"properties":{"name":"大塚椥辻東山"}},{"type":"Polygon","arcs":[[-163,-431,632,-489]],"properties":{"name":"大宅東野門口町"}},{"type":"Polygon","arcs":[[-429,633,-365,634,-611,635,-595]],"properties":{"name":"音羽音羽山等地"}},{"type":"Polygon","arcs":[[636,637,638,639,-324]],"properties":{"name":"百々北花山大林町"}},{"type":"Polygon","arcs":[[640,-208,-562,-587,641]],"properties":{"name":"音羽川音羽千本町"}},{"type":"Polygon","arcs":[[-373,-561,-466,642,-292,643,-541]],"properties":{"name":"山階竹鼻堂ノ前町"}},{"type":"Polygon","arcs":[[-293,-643,-465,644,-433,-235]],"properties":{"name":"音羽川竹鼻立原町"}},{"type":"Polygon","arcs":[[-392,-213,645,-454,-370,-591]],"properties":{"name":"山階西野大手先町"}},{"type":"Polygon","arcs":[[-444,646,-353,-224,-589]],"properties":{"name":"大塚小山南溝町"}},{"type":"Polygon","arcs":[[-252,-152,-158,-138,-565,647]],"properties":{"name":"鏡山御陵血洗町"}},{"type":"Polygon","arcs":[[-496,-319,648]],"properties":{"name":"小野小野御霊町"}},{"type":"Polygon","arcs":[[-279,649,650,651,652,-377]],"properties":{"name":"大宅大宅早稲ノ内町"}},{"type":"Polygon","arcs":[[-442,-441,653,654,655,-283,656,-570,657]],"properties":{"name":"大塚小山向山"}},{"type":"Polygon","arcs":[[658,659,660]],"properties":{"name":"大塚八軒屋敷町"}},{"type":"Polygon","arcs":[[661,662,-359,-395,-620,-504,-622]],"properties":{"name":"西野西野岸ノ下町"}},{"type":"Polygon","arcs":[[-470,-584,663,-304]],"properties":{"name":"大塚大塚中溝"}},{"type":"Polygon","arcs":[[-257,664,665,666,667]],"properties":{"name":"大宅大宅御所田町"}},{"type":"Polygon","arcs":[[-41,668,669,670,671,-62]],"properties":{"name":"百々西野山射庭ノ上町"}},{"type":"Polygon","arcs":[[-618,-366,-634,-428,672]],"properties":{"name":"音羽音羽八ノ坪"}},{"type":"Polygon","arcs":[[673,674,-16,675,-525,676]],"properties":{"name":"小野勧修寺平田町"}},{"type":"Polygon","arcs":[[-512,677,678,-276,679]],"properties":{"name":"小野小野弓田町"}},{"type":"Polygon","arcs":[[-282,-472,680,-301,-567,-657]],"properties":{"name":"大塚大塚大岩"}},{"type":"Polygon","arcs":[[-460,-598,-629,681,682]],"properties":{"name":"山階御陵大津畑町"}},{"type":"Polygon","arcs":[[683,-542,-325,-640,684,685,686]],"properties":{"name":"百々上花山久保町"}},{"type":"Polygon","arcs":[[-625,-102]],"properties":{"name":"鏡山御陵鳥ノ向町"}},{"type":"Polygon","arcs":[[687,-632,-574]],"properties":{"name":"大塚東野東山"}},{"type":"Polygon","arcs":[[-309,688,689,690]],"properties":{"name":"小野勧修寺北大日"}},{"type":"Polygon","arcs":[[-209,-641,691,-592,692,-501]],"properties":{"name":"音羽川音羽西林"}},{"type":"Polygon","arcs":[[693,694,695]],"properties":{"name":"百々川田土仏"}},{"type":"Polygon","arcs":[[696,-615,697,698,699]],"properties":{"name":"大塚髭茶屋桃燈町"}},{"type":"Polygon","arcs":[[700]],"properties":{"name":"百々上花山旭山町"}},{"type":"Polygon","arcs":[[-449,-604,701,702]],"properties":{"name":"百々上花山花ノ岡町"}},{"type":"Polygon","arcs":[[703,704,705,-24,-1,-675]],"properties":{"name":"小野勧修寺東金ケ崎町"}},{"type":"Polygon","arcs":[[-186,-579,706,707]],"properties":{"name":"音羽四ノ宮岩久保町"}},{"type":"Polygon","arcs":[[-605,708,709,710,-613,-384]],"properties":{"name":"大塚四ノ宮芝畑町"}},{"type":"Polygon","arcs":[[-464,-329,-434,-645]],"properties":{"name":"音羽川四ノ宮神田町"}},{"type":"Polygon","arcs":[[-690,711,-307,712,713,714,715,-316,716]],"properties":{"name":"小野勧修寺丸山町"}},{"type":"Polygon","arcs":[[717,718,-616,-697,719]],"properties":{"name":"大塚小山下ノ池"}},{"type":"Polygon","arcs":[[720,721,-518,722,-451]],"properties":{"name":"鏡山北花山大峰町"}},{"type":"Polygon","arcs":[[723,724,-550,725]],"properties":{"name":"大塚小山北谷"}},{"type":"Polygon","arcs":[[726,727,-713]],"properties":{"name":"小野勧修寺小松原町"}},{"type":"Polygon","arcs":[[728,729,-655,730,731,732,-666]],"properties":{"name":"大宅大宅御所山"}},{"type":"Polygon","arcs":[[-386,-617,-719,733]],"properties":{"name":"大塚小山鎮守町"}},{"type":"Polygon","arcs":[[-488,-254,-668,734,735]],"properties":{"name":"大宅大宅古海道町"}},{"type":"Polygon","arcs":[[736,-720,-700,737,-660,738,-557,-394,-556,739]],"properties":{"name":"大塚小山一石畑"}},{"type":"Polygon","arcs":[[-253,-648,-564,-624,-534,-467]],"properties":{"name":"鏡山厨子奥矢倉町"}},{"type":"Polygon","arcs":[[-683,740,-461]],"properties":{"name":"山階竹鼻竹ノ街道町"}},{"type":"Polygon","arcs":[[741,-250]],"properties":{"name":"音羽四ノ宮新開畑"}},{"type":"Polygon","arcs":[[742,743,744,745,-551,-725]],"properties":{"name":"大塚小山長尾"}},{"type":"Polygon","arcs":[[-646,-212,-506,-455]],"properties":{"name":"山階西野様子見町"}},{"type":"Polygon","arcs":[[-310,-691,-717,-315,-56,746]],"properties":{"name":"小野勧修寺福岡町"}},{"type":"Polygon","arcs":[[747,748,-554]],"properties":{"name":"大塚小山御坊ノ内町"}},{"type":"Polygon","arcs":[[749,750,751,752,753,754,755,756,757]],"properties":{"name":"百々川田中畑町"}},{"type":"Polygon","arcs":[[-483,758,759,760]],"properties":{"name":"小野勧修寺縄手町"}},{"type":"Polygon","arcs":[[761,762]],"properties":{"name":"安朱上野池ノ下"}},{"type":"Polygon","arcs":[[763,764,765]],"properties":{"name":"百々川田南山"}},{"type":"Polygon","arcs":[[766,-522,767,768,-271,-328]],"properties":{"name":"鏡山北花山中道町"}},{"type":"Polygon","arcs":[[769,770,771,772]],"properties":{"name":"小野勧修寺北大日町"}},{"type":"Polygon","arcs":[[773,774,775,776,777,778,779]],"properties":{"name":"陵ヶ岡御陵上御廟野町"}},{"type":"Polygon","arcs":[[-351,-143,-251,-241,-272,-769,780]],"properties":{"name":"鏡山北花山横田町"}},{"type":"Polygon","arcs":[[781,782,783,-757,784,-755,785,786],[787]],"properties":{"name":"百々川田南畑町"}},{"type":"Polygon","arcs":[[788,789,790]],"properties":{"name":"陵ヶ岡北花山上稚児ケ池"}},{"type":"Polygon","arcs":[[791,792,793,794,795]],"properties":{"name":"安朱安朱馬場ノ西町"}},{"type":"Polygon","arcs":[[796,797,798]],"properties":{"name":"安朱御陵田山町"}},{"type":"Polygon","arcs":[[-759,-500,799,800,801]],"properties":{"name":"小野勧修寺東北出町"}},{"type":"Polygon","arcs":[[802,803]],"properties":{"name":"陵ヶ岡御陵池堤町"}},{"type":"Polygon","arcs":[[804,805]],"properties":{"name":"百々川田欠ノ上"}},{"type":"Polygon","arcs":[[-552,-746,806,-731,-654,-440]],"properties":{"name":"大塚大塚葭ケ谷"}},{"type":"Polygon","arcs":[[807,808]],"properties":{"name":"陵ヶ岡御陵鴨戸町"}},{"type":"Polygon","arcs":[[-693,-219,809,-502]],"properties":{"name":"音羽川音羽野田町"}},{"type":"Polygon","arcs":[[810,811,812,813],[814]],"properties":{"name":"陵ヶ岡御陵山ノ谷"}},{"type":"Polygon","arcs":[[-676,-19,-526]],"properties":{"name":"小野大宅烏田町"}},{"type":"Polygon","arcs":[[815,816,817,818,819,820,821,822,823,824,825]],"properties":{"name":"安朱安朱毘沙門堂町"}},{"type":"Polygon","arcs":[[-779,826,827]],"properties":{"name":"陵ヶ岡御陵牛尾町"}},{"type":"Polygon","arcs":[[-627,828,-99,829,830,831,832,833,834,835]],"properties":{"name":"安朱御陵鳥ノ向町"}},{"type":"Polygon","arcs":[[836,837,838,839,840,841]],"properties":{"name":"陵ヶ岡日ノ岡朝田町"}},{"type":"Polygon","arcs":[[842,843,844,845,846,847,848,849,850]],"properties":{"name":"陵ヶ岡日ノ岡ホッパラ町"}},{"type":"Polygon","arcs":[[851,852,853,-820,854,-818,855,-816]],"properties":{"name":"安朱安朱稲荷山町"}},{"type":"Polygon","arcs":[[-749,856,857,858,-740,-555]],"properties":{"name":"大塚小山谷田町"}},{"type":"Polygon","arcs":[[-851,859,860]],"properties":{"name":"陵ヶ岡御陵岡ノ西町"}},{"type":"Polygon","arcs":[[-427,-436,-560,-381,-619,-673]],"properties":{"name":"音羽音羽草田町"}},{"type":"Polygon","arcs":[[-425,861,-858,862]],"properties":{"name":"大塚小山松原畑町"}},{"type":"Polygon","arcs":[[-258,-300,-220,-594,-636,-610]],"properties":{"name":"音羽音羽前田町"}},{"type":"Polygon","arcs":[[-859,-862,-424,863,-262,-387,-734,-718,-737]],"properties":{"name":"大塚小山北林町"}},{"type":"Polygon","arcs":[[-514,864,-375,-474,865,-321]],"properties":{"name":"小野小野御所ノ内町"}},{"type":"Polygon","arcs":[[866,867,868,-732,-807,-745]],"properties":{"name":"大宅大宅奥山"}},{"type":"Polygon","arcs":[[869,-771,870,871,-537,-419]],"properties":{"name":"小野勧修寺南大日"}},{"type":"Polygon","arcs":[[-388,-260,-612,-635,-369]],"properties":{"name":"大塚音羽山等地"}},{"type":"Polygon","arcs":[[-753,872,873,-685,-639,-638,874],[875],[876]],"properties":{"name":"百々川田西浦町"}},{"type":"Polygon","arcs":[[-109,877,-798,878,-830]],"properties":{"name":"安朱御陵天徳町"}},{"type":"Polygon","arcs":[[-652,879,880,-408,881]],"properties":{"name":"大宅大宅沢町"}},{"type":"Polygon","arcs":[[-758,-784,882,883]],"properties":{"name":"百々西野山中畑町"}},{"type":"Polygon","arcs":[[-446,-590,-263,-864,-423]],"properties":{"name":"大塚小山姫子町"}},{"type":"Polygon","arcs":[[884,-311,-747,-55,885,-413]],"properties":{"name":"小野勧修寺泉玉町"}},{"type":"Polygon","arcs":[[-487,886,887,888,889,890,-255]],"properties":{"name":"大宅大宅打明町"}},{"type":"Polygon","arcs":[[-333,891,892,-606,-558]],"properties":{"name":"音羽四ノ宮鎌手町"}},{"type":"Polygon","arcs":[[-602]],"properties":{"name":"山階厨子奥若林町"}},{"type":"Polygon","arcs":[[-538,-872,893,-773,894,-727,-314]],"properties":{"name":"小野勧修寺南谷町"}},{"type":"Polygon","arcs":[[-553,-438,-447,-421,-863,-857,-748]],"properties":{"name":"大塚小山小川町"}},{"type":"Polygon","arcs":[[895,-268]],"properties":{"name":"百々西野楳本町"}},{"type":"Polygon","arcs":[[-576,-631,896,-867,-744,897]],"properties":{"name":"大塚音羽南谷"}},{"type":"Polygon","arcs":[[898,899,-80,-491]],"properties":{"name":"大宅東野八反畑町"}},{"type":"Polygon","arcs":[[900,-33,-900,901]],"properties":{"name":"大宅椥辻東浦町"}},{"type":"Polygon","arcs":[[902,-475,-379,903,904,-529]],"properties":{"name":"大宅大宅鳥井脇町"}},{"type":"Polygon","arcs":[[-889,905,906,907,908]],"properties":{"name":"大宅東野南井ノ上町"}},{"type":"Polygon","arcs":[[909,-23,-901,910,-906,-888]],"properties":{"name":"大宅椥辻中在家町"}},{"type":"Polygon","arcs":[[-806,911,912,-687,913,-873,914,915,916],[917]],"properties":{"name":"百々川田御輿塚町"}},{"type":"Polygon","arcs":[[-256,-891,918,-287,919,-285,920,-729,-665]],"properties":{"name":"大塚大塚檀ノ浦"}},{"type":"Polygon","arcs":[[-869,921,-515,922,-531,923,-735,-667,-733]],"properties":{"name":"大宅大宅岩屋殿"}},{"type":"Polygon","arcs":[[924,-106,-161,925,926,-780,-828,927]],"properties":{"name":"陵ヶ岡御陵別所町"}},{"type":"Polygon","arcs":[[-494,-479,-761,928,929,-678,-511]],"properties":{"name":"小野小野鐘付田町"}},{"type":"Polygon","arcs":[[-588,-354,-647,-443,-658,-569,930]],"properties":{"name":"大塚大塚野溝町"}},{"type":"Polygon","arcs":[[-911,-902,-899,931,-907]],"properties":{"name":"大宅東野井ノ上町"}},{"type":"Polygon","arcs":[[-651,932,-527,-18,-609,933,934,-880]],"properties":{"name":"小野大宅御供田町"}},{"type":"Polygon","arcs":[[935,-671,936,937,938,939,940,941,942,943,-694,944]],"properties":{"name":"百々西野山百々町"}},{"type":"Polygon","arcs":[[945,-93,946]],"properties":{"name":"百々西野山欠ノ上町"}},{"type":"Polygon","arcs":[[947,-837,948,949,950,-849,951,-847]],"properties":{"name":"陵ヶ岡日ノ岡坂脇町"}},{"type":"Polygon","arcs":[[-934,-608,-37,-46,-910,-887,-486,952]],"properties":{"name":"大宅椥辻草海道町"}},{"type":"Polygon","arcs":[[-919,-890,-909,953,-580,-469,-288]],"properties":{"name":"大塚大塚西浦町"}},{"type":"Polygon","arcs":[[-160,-65,954,955,-90]],"properties":{"name":"百々東野竹田"}},{"type":"Polygon","arcs":[[-865,-513,-680,-281,-376]],"properties":{"name":"小野小野高芝町"}},{"type":"Polygon","arcs":[[956,-411,-484,-736,-924,-530,-905]],"properties":{"name":"大宅大宅中小路町"}},{"type":"Polygon","arcs":[[957,958,959,960,-825,961,-813,962]],"properties":{"name":"陵ヶ岡御陵黒岩"}},{"type":"Polygon","arcs":[[963,-348,964,-233]],"properties":{"name":"鏡山厨子奥長通"}},{"type":"Polygon","arcs":[[-932,-490,-633,-430,965,-581,-954,-908]],"properties":{"name":"大宅東野中井ノ上町"}},{"type":"Polygon","arcs":[[-332,-448,-187,-708,966,-892]],"properties":{"name":"音羽四ノ宮大将軍町"}},{"type":"Polygon","arcs":[[-777,967,-811,968]],"properties":{"name":"陵ヶ岡御陵檀ノ後"}},{"type":"Polygon","arcs":[[-966,-406,-593,-692,-642,-586,-582]],"properties":{"name":"山階東野北井ノ上町"}},{"type":"Polygon","arcs":[[-123,-173,969,970,-662,-621]],"properties":{"name":"西野西野小柳町"}},{"type":"Polygon","arcs":[[-835,971,972,973,974,975]],"properties":{"name":"安朱上野御所ノ内町"}},{"type":"Polygon","arcs":[[976,-698,-614,-711]],"properties":{"name":"大塚音羽平林町"}},{"type":"Polygon","arcs":[[977,978,979,980,981]],"properties":{"name":"安朱安朱山田"}},{"type":"Polygon","arcs":[[-935,-953,-485,-409,-881]],"properties":{"name":"大宅大宅桟敷"}},{"type":"Polygon","arcs":[[982,983,984,985,-765,986,987,988,989,990,991,992]],"properties":{"name":"百々川田清水焼団地町"}},{"type":"Polygon","arcs":[[993,994,-297,995,-273,-142,-356,-663,-971]],"properties":{"name":"西野西野野色町"}},{"type":"Polygon","arcs":[[-266,996]],"properties":{"name":"百々川田前畑町"}},{"type":"Polygon","arcs":[[-669,-40,997]],"properties":{"name":"百々西野山中鳥井町"}},{"type":"Polygon","arcs":[[998,-799,999,-822,1000,1001,1002,1003]],"properties":{"name":"安朱御陵安祥寺町"}},{"type":"Polygon","arcs":[[-317,-716,1004]],"properties":{"name":"百々勧修寺冷尻"}},{"type":"Polygon","arcs":[[1005,1006,1007,1008,1009,-519,-722,1010,1011,-791,1012,1013,1014,-845,1015]],"properties":{"name":"陵ヶ岡北花山大峰町"}},{"type":"Polygon","arcs":[[1016,-573,1017,-726,-549]],"properties":{"name":"大塚竹鼻火打谷"}},{"type":"Polygon","arcs":[[-278,-528,-933,-650]],"properties":{"name":"小野大宅関生町"}},{"type":"Polygon","arcs":[[-463,1018,1019,1020,1021,-179,-177,-330]],"properties":{"name":"安朱竹鼻外田町"}},{"type":"Polygon","arcs":[[-664,-583,-931,-568,-305]],"properties":{"name":"大塚大塚北溝町"}},{"type":"Polygon","arcs":[[-274,-996,-296,-995,1022]],"properties":{"name":"鏡山西野櫃川町"}},{"type":"Polygon","arcs":[[1023,-789,-1012]],"properties":{"name":"陵ヶ岡北花山下稚児ケ池"}},{"type":"Polygon","arcs":[[-941,1024,-987,-764,1025]],"properties":{"name":"百々川田山田"}},{"type":"Polygon","arcs":[[-338,1026,1027,-702,-603],[-701],[1028]],"properties":{"name":"百々上花山桜谷"}},{"type":"Polygon","arcs":[[1029,-1016,-844]],"properties":{"name":"陵ヶ岡北花山山田町"}},{"type":"Polygon","arcs":[[-723,-523,-767,-341,-452]],"properties":{"name":"鏡山北花山市田町"}},{"type":"Polygon","arcs":[[1030,1031,-988,-1025,-940,1032,-938,1033]],"properties":{"name":"百々西野山岩ケ谷町"}},{"type":"Polygon","arcs":[[1034,-661,-738,-699,-977,-710]],"properties":{"name":"大塚髭茶屋屋敷町"}},{"type":"Polygon","arcs":[[-414,-886,-60,1035,-705,1036]],"properties":{"name":"小野勧修寺東堂田町"}},{"type":"Polygon","arcs":[[-653,-882,-407,-957,-904,-378]],"properties":{"name":"大宅大宅甲ノ辻町"}},{"type":"Polygon","arcs":[[-989,-1032,1037,1038]],"properties":{"name":"百々川田梅ケ谷町"}},{"type":"Polygon","arcs":[[-544,-157,-169,-623,-509,-210,-391]],"properties":{"name":"西野西野山階町"}},{"type":"Polygon","arcs":[[1039,-990,-1039,1040]],"properties":{"name":"百々川田岩ケ谷"}},{"type":"Polygon","arcs":[[-345,1041,1042,1043,1044]],"properties":{"name":"陵ヶ岡北花山六反田町"}},{"type":"Polygon","arcs":[[-792,1045,1046,-1021,1047,1048,1049,1050]],"properties":{"name":"安朱安朱北屋敷町"}},{"type":"Polygon","arcs":[[-930,1051,-524,-679]],"properties":{"name":"小野小野河原町"}},{"type":"Polygon","arcs":[[-1044,1052,-1008,1053,-1006,-1030,-843,-861,1054,1055],[1056]],"properties":{"name":"陵ヶ岡日ノ岡石塚町"}},{"type":"Polygon","arcs":[[1057,1058]],"properties":{"name":"陵ヶ岡御陵岡町"}},{"type":"Polygon","arcs":[[-831,-879,-797,-999,1059,-833,1060]],"properties":{"name":"安朱上野寺井町"}},{"type":"Polygon","arcs":[[-768,-521,-352,-781]],"properties":{"name":"鏡山北花山河原町"}},{"type":"Polygon","arcs":[[1061,1062,1063]],"properties":{"name":"陵ヶ岡日ノ岡一切経谷町"}},{"type":"Polygon","arcs":[[1064,1065,1066,-960,1067,1068,-839,1069,1070,-1064]],"properties":{"name":"陵ヶ岡日ノ岡夷谷町"}},{"type":"Polygon","arcs":[[-993,1071]],"properties":{"name":"百々川田岡ノ西"}},{"type":"Polygon","arcs":[[1072,-976,1073,1074,-1019,-462,-741]],"properties":{"name":"安朱竹鼻竹ノ街道町"}},{"type":"Polygon","arcs":[[-417,-497,-481,-493,1075]],"properties":{"name":"小野勧修寺閑林寺"}},{"type":"Polygon","arcs":[[1076,-955,-64]],"properties":{"name":"百々西野山中臣町"}},{"type":"Polygon","arcs":[[1077,1078,1079,-1002,1080,1081]],"properties":{"name":"安朱安朱川向町"}},{"type":"Polygon","arcs":[[-945,-696,1082,1083,-916,1084,-751,1085]],"properties":{"name":"百々川田菱尾田"}},{"type":"Polygon","arcs":[[-1046,-796,1086,1087]],"properties":{"name":"安朱安朱馬場ノ東町"}},{"type":"Polygon","arcs":[[-134,1088,-926]],"properties":{"name":"陵ヶ岡御陵進藤町"}},{"type":"Polygon","arcs":[[-841,1089,-1068,-959,1090,1091,-804,1092]],"properties":{"name":"陵ヶ岡御陵封ジ山町"}},{"type":"Polygon","arcs":[[-1022,-1047,-1088,1093,1094,1095,-180]],"properties":{"name":"安朱安朱東海道町"}},{"type":"Polygon","arcs":[[-819,-855]],"properties":{"name":"安朱安朱東谷"}},{"type":"Polygon","arcs":[[-973,1096,-763,1097,-1003,-1080,1098,1099]],"properties":{"name":"安朱御陵平林町"}},{"type":"Polygon","arcs":[[1100,-1091,-958,1101]],"properties":{"name":"陵ヶ岡日ノ岡堤谷町"}},{"type":"Polygon","arcs":[[-520,-1010,1102,-1042]],"properties":{"name":"陵ヶ岡北花山寺内町"}},{"type":"Polygon","arcs":[[-794,1103,-1082,1104,1105,1106]],"properties":{"name":"安朱安朱奥ノ田"}},{"type":"Polygon","arcs":[[-939,-1033]],"properties":{"name":"百々西野山山田"}},{"type":"Polygon","arcs":[[-856,-817]],"properties":{"name":"安朱御陵沢ノ川町"}},{"type":"Polygon","arcs":[[1107,-979,1108,-1050]],"properties":{"name":"安朱安朱中小路町"}},{"type":"Polygon","arcs":[[-1026,-766,-986,1109,-984,1110,-942]],"properties":{"name":"百々川田御出町"}},{"type":"Polygon","arcs":[[-108,1111,-928,-827,1112,-823,-1000,-878]],"properties":{"name":"陵ヶ岡御陵大谷町"}},{"type":"Polygon","arcs":[[-760,-802,-677,-1052,-929]],"properties":{"name":"小野小野蚊ケ瀬町"}},{"type":"Polygon","arcs":[[-982,1113,-1099,-1079,1114]],"properties":{"name":"安朱安朱山川町"}},{"type":"Polygon","arcs":[[-92,1115,-883,-783,1116,-787,1117,-947]],"properties":{"name":"百々西野山南畑町"}},{"type":"Polygon","arcs":[[1118,-1014,1119,-1066,1120,-1062,-1071]],"properties":{"name":"陵ヶ岡厨子奥花鳥町"}},{"type":"Polygon","arcs":[[-503,-810,-218,-540,-644,-295,-229]],"properties":{"name":"音羽川音羽役出町"}},{"type":"Polygon","arcs":[[-1059,1121,1122,-774,-927,-1089,-133,-159,-150,1123]],"properties":{"name":"陵ヶ岡御陵久保町"}},{"type":"Polygon","arcs":[[-981,1124,-974,-1100,-1114]],"properties":{"name":"安朱上野山田"}},{"type":"Polygon","arcs":[[-871,-770,-894]],"properties":{"name":"小野勧修寺南大日町"}},{"type":"Polygon","arcs":[[-312,-885,-412,-800,-499,-539]],"properties":{"name":"小野勧修寺仁王堂町"}},{"type":"Polygon","arcs":[[-778,-969,-814,-962,-824,-1113]],"properties":{"name":"陵ヶ岡御陵大岩"}},{"type":"Polygon","arcs":[[-950,1125]],"properties":{"name":"陵ヶ岡日ノ岡鴨土町"}},{"type":"Polygon","arcs":[[-346,-1045,-1056,1126]],"properties":{"name":"陵ヶ岡厨子奥長通"}},{"type":"Polygon","arcs":[[-1051,-1109,-978,-1115,-1078,-1104,-793]],"properties":{"name":"安朱安朱中溝町"}},{"type":"Polygon","arcs":[[-107,-925,-1112]],"properties":{"name":"陵ヶ岡御陵天徳町"}},{"type":"Polygon","arcs":[[-913,1127,-991,-1040,1128,-1027,-337,-543,-684]],"properties":{"name":"百々上花山坂尻"}},{"type":"Polygon","arcs":[[1129,1130,-808,1131,-775,-1123]],"properties":{"name":"陵ヶ岡御陵下御廟野町"}},{"type":"Polygon","arcs":[[-1102,-963,-812,-968,-776,-1132,-809,-1131,1132]],"properties":{"name":"陵ヶ岡御陵原西町"}},{"type":"Polygon","arcs":[[-674,-801,-415,-1037,-704]],"properties":{"name":"小野勧修寺瀬戸河原町"}},{"type":"Polygon","arcs":[[-695,-944,1133,-1083]],"properties":{"name":"百々川田百々"}},{"type":"Polygon","arcs":[[-1049,-1074,-975,-1125,-980,-1108]],"properties":{"name":"安朱安朱桟敷町"}},{"type":"Polygon","arcs":[[-1075,-1048,-1020]],"properties":{"name":"安朱安朱南屋敷町"}},{"type":"Polygon","arcs":[[1134,-1034,-937,-670,-998,-39,-71,-318,-1005,-715]],"properties":{"name":"百々西野山桜ノ馬場町"}},{"type":"Polygon","arcs":[[-1095,1135,-1106,1136,-853,1137]],"properties":{"name":"安朱安朱屋敷町"}},{"type":"Polygon","arcs":[[-682,-628,-836,-1073]],"properties":{"name":"安朱御陵大津畑町"}},{"type":"Polygon","arcs":[[-795,-1107,-1136,-1094,-1087]],"properties":{"name":"安朱安朱堂ノ後町"}},{"type":"Polygon","arcs":[[-476,-903,-532,-923,-517]],"properties":{"name":"大宅大宅奥山田"}}]}},"arcs":[[[135.81104026206822,34.96780443829318],[135.8096178807076,34.967638147951895]],[[135.8096178807076,34.967638147951895],[135.80974858602184,34.97145617418782]],[[135.80974858602184,34.97145617418782],[135.80986391424025,34.97172889034753]],[[135.80986391424025,34.97172889034753],[135.8105943262903,34.97174219357483]],[[135.8105943262903,34.97174219357483],[135.81136318107983,34.97097060639127]],[[135.81136318107983,34.97097060639127],[135.81104026206822,34.96780443829318]],[[135.80986391424025,34.97172889034753],[135.8094871753934,34.97579967790221]],[[135.8094871753934,34.97579967790221],[135.81228580682725,34.9745691293767]],[[135.81228580682725,34.9745691293767],[135.81228580682725,34.97387070994329]],[[135.81228580682725,34.97387070994329],[135.81147850929824,34.973052561464165]],[[135.81147850929824,34.973052561464165],[135.8105943262903,34.97174219357483]],[[135.8135005973947,34.96987974175243],[135.81341602336784,34.969893044979734]],[[135.81341602336784,34.969893044979734],[135.81240113504566,34.97207477425741]],[[135.81240113504566,34.97207477425741],[135.81434633766315,34.97180870971135]],[[135.81434633766315,34.97180870971135],[135.8135005973947,34.96987974175243]],[[135.81278556244044,34.968003986702726],[135.81104026206822,34.96780443829318]],[[135.81136318107983,34.97097060639127],[135.81341602336784,34.969893044979734]],[[135.8135005973947,34.96987974175243],[135.813477531751,34.96802394154368]],[[135.813477531751,34.96802394154368],[135.81278556244044,34.968003986702726]],[[135.8157225877364,34.97408356158014],[135.81463850248318,34.97394387769346]],[[135.81463850248318,34.97394387769346],[135.81466925667476,34.975008135877694]],[[135.81466925667476,34.975008135877694],[135.81579947321535,34.97500148426404]],[[135.81579947321535,34.97500148426404],[135.8157225877364,34.97408356158014]],[[135.8096178807076,34.967638147951895],[135.8086798778644,34.96783104474778]],[[135.8086798778644,34.96783104474778],[135.80856454964598,34.968482902885626]],[[135.80856454964598,34.968482902885626],[135.80656552719321,34.97109698705064]],[[135.80656552719321,34.97109698705064],[135.8086798778644,34.971622464529105]],[[135.8086798778644,34.971622464529105],[135.80974858602184,34.97145617418782]],[[135.81228580682725,34.9745691293767],[135.81310079290412,34.97722977483727],[135.81474614215372,34.97695040706391]],[[135.81474614215372,34.97695040706391],[135.81466925667476,34.975008135877694]],[[135.81463850248318,34.97394387769346],[135.81228580682725,34.97387070994329]],[[135.81474614215372,34.97695040706391],[135.81583022740693,34.97697036190487]],[[135.81583022740693,34.97697036190487],[135.81579947321535,34.97500148426404]],[[135.80249059680875,34.96940082556952],[135.80249059680875,34.96940082556952]],[[135.81240113504566,34.97207477425741],[135.81147850929824,34.973052561464165]],[[135.81463850248318,34.97394387769346],[135.81463081393528,34.97232753557616]],[[135.81463081393528,34.97232753557616],[135.8146154368395,34.97180870971135]],[[135.8146154368395,34.97180870971135],[135.81434633766315,34.97180870971135]],[[135.80085293610708,34.96715923176899],[135.79933060362382,34.96914141263712]],[[135.79933060362382,34.96914141263712],[135.7987616510796,34.97145617418782]],[[135.7987616510796,34.97145617418782],[135.8013142489808,34.97155594839259]],[[135.8013142489808,34.97155594839259],[135.80297497532615,34.96942743202413]],[[135.80297497532615,34.96942743202413],[135.80264436776665,34.96851616095388]],[[135.80264436776665,34.96851616095388],[135.80220612053662,34.96803059315733]],[[135.80220612053662,34.96803059315733],[135.80085293610708,34.96715923176899]],[[135.8157225877364,34.97408356158014],[135.81463081393528,34.97232753557616]],[[135.80656552719321,34.97109698705064],[135.80645019897477,34.97121006448272]],[[135.80645019897477,34.97121006448272],[135.80392835526516,34.973578038942634]],[[135.80392835526516,34.973578038942634],[135.8067500523427,34.97335188407848]],[[135.8067500523427,34.97335188407848],[135.80822625353858,34.97262020657682]],[[135.80822625353858,34.97262020657682],[135.8086798778644,34.971622464529105]],[[135.80856454964598,34.968482902885626],[135.8070806599022,34.96839643190816],[135.80484329246468,34.96964028366098]],[[135.80484329246468,34.96964028366098],[135.80635793640005,34.97107038059604]],[[135.80635793640005,34.97107038059604],[135.80645019897477,34.97121006448272]],[[135.80581973804738,34.96503736701418],[135.80442811087835,34.96467152826335]],[[135.80442811087835,34.96467152826335],[135.8038284041425,34.96504401862783]],[[135.8038284041425,34.96504401862783],[135.80390528962147,34.96512383799165]],[[135.80390528962147,34.96512383799165],[135.8053046053384,34.96515044444625],[135.80220612053662,34.96803059315733]],[[135.80264436776665,34.96851616095388],[135.80395142090885,34.96876892227264],[135.80584280369106,34.96669361881339]],[[135.80584280369106,34.96669361881339],[135.80581973804738,34.96503736701418]],[[135.80484329246468,34.96964028366098],[135.80297497532615,34.96942743202413]],[[135.8013142489808,34.97155594839259],[135.80139882300764,34.97234083880346]],[[135.80139882300764,34.97234083880346],[135.80206772667452,34.97345165828325]],[[135.80206772667452,34.97345165828325],[135.80281351582036,34.9745957358313]],[[135.80281351582036,34.9745957358313],[135.80283658146405,34.97463564551321]],[[135.80283658146405,34.97463564551321],[135.80284427001195,34.974622342285905]],[[135.80284427001195,34.974622342285905],[135.80363619044513,34.97379089057948]],[[135.80363619044513,34.97379089057948],[135.80392835526516,34.973578038942634]],[[135.80392835526516,34.973578038942634],[135.80456650474045,34.97138965805131],[135.80635793640005,34.97107038059604]],[[135.80390528962147,34.96512383799165],[135.8014526428429,34.96664040590418]],[[135.8014526428429,34.96664040590418],[135.80085293610708,34.96715923176899]],[[135.8067500523427,34.97335188407848],[135.8080186627454,34.97371107121566]],[[135.8080186627454,34.97371107121566],[135.80822625353858,34.97262020657682]],[[135.81584560450273,34.977948149111626],[135.81303928452098,34.97775525231574]],[[135.81303928452098,34.97775525231574],[135.81343908901152,34.97883946534092]],[[135.81343908901152,34.97883946534092],[135.81586098159852,34.978912633091085]],[[135.81586098159852,34.978912633091085],[135.81584560450273,34.977948149111626]],[[135.8094871753934,34.97579967790221],[135.8097793402134,34.977349503883]],[[135.8097793402134,34.977349503883],[135.81303928452098,34.97775525231574]],[[135.81584560450273,34.977948149111626],[135.81583022740693,34.97697036190487]],[[135.80509701454523,34.977482536156025],[135.80406674912726,34.977083439336944]],[[135.80406674912726,34.977083439336944],[135.8027366303414,34.97861996209043]],[[135.8027366303414,34.97861996209043],[135.8025982364793,34.97890598147744]],[[135.8025982364793,34.97890598147744],[135.80398217510043,34.98050236875378]],[[135.80398217510043,34.98050236875378],[135.80742664455747,34.98080169136809]],[[135.80742664455747,34.98080169136809],[135.80759579261118,34.9792119557054]],[[135.80759579261118,34.9792119557054],[135.8080340398412,34.97864656854503]],[[135.8080340398412,34.97864656854503],[135.80502012906626,34.97848027820374],[135.80509701454523,34.977482536156025]],[[135.80363619044513,34.97379089057948],[135.80508163744943,34.975127864923415],[135.80695764313586,34.974828542309105],[135.8067500523427,34.97335188407848]],[[135.80249828535665,34.975087955241506],[135.80247521971296,34.975167774605325]],[[135.80247521971296,34.975167774605325],[135.80235220294665,34.975746464993]],[[135.80235220294665,34.975746464993],[135.80299804096984,34.97774194908843]],[[135.80299804096984,34.97774194908843],[135.80285195855984,34.97842706529453]],[[135.80285195855984,34.97842706529453],[135.8027366303414,34.97861996209043]],[[135.80406674912726,34.977083439336944],[135.80249828535665,34.975087955241506]],[[135.80284427001195,34.974622342285905],[135.80506626035364,34.975573523038065]],[[135.80506626035364,34.975573523038065],[135.80775725211697,34.97568660047014]],[[135.80775725211697,34.97568660047014],[135.8080186627454,34.97371107121566]],[[135.81182449395354,34.99155069902883],[135.8114093123672,34.99141101514215]],[[135.8114093123672,34.99141101514215],[135.81114021319087,34.991238073187205]],[[135.81114021319087,34.991238073187205],[135.81087111401453,34.99125137641451]],[[135.81087111401453,34.99125137641451],[135.81017914470397,34.991444273210405]],[[135.81017914470397,34.991444273210405],[135.80993311117132,34.991583957097085]],[[135.80993311117132,34.991583957097085],[135.80909505945073,34.99165712484725]],[[135.80909505945073,34.99165712484725],[135.80918732202548,34.992368847507954]],[[135.80918732202548,34.992368847507954],[135.80924883040865,34.992368847507954]],[[135.80924883040865,34.992368847507954],[135.81028678437448,34.992388802348906]],[[135.81028678437448,34.992388802348906],[135.8118706252409,34.992428712030815]],[[135.8118706252409,34.992428712030815],[135.81182449395354,34.99155069902883]],[[135.81117865593035,34.9780612265437],[135.81095568804136,34.9780346200891]],[[135.81095568804136,34.9780346200891],[135.8102560301829,34.97822086527134]],[[135.8102560301829,34.97822086527134],[135.80984853714446,34.97971747834291]],[[135.80984853714446,34.97971747834291],[135.81174760847458,34.981307214005604]],[[135.81174760847458,34.981307214005604],[135.81303928452098,34.98128725916465]],[[135.81303928452098,34.98128725916465],[135.8120551503904,34.97881951049997]],[[135.8120551503904,34.97881951049997],[135.81117865593035,34.9780612265437]],[[135.80784951469172,34.979278471841916],[135.80759579261118,34.9792119557054]],[[135.80742664455747,34.98080169136809],[135.80742664455747,34.98134712368751]],[[135.80742664455747,34.98134712368751],[135.8077188093775,34.98134047207386]],[[135.8077188093775,34.98134047207386],[135.80784951469172,34.979278471841916]],[[135.8120551503904,34.97881951049997],[135.81117865593035,34.9780612265437]],[[135.80398217510043,34.98050236875378],[135.80375920721147,34.98140033659673]],[[135.80375920721147,34.98140033659673],[135.807388201818,34.98134712368751]],[[135.807388201818,34.98134712368751],[135.80742664455747,34.98134712368751]],[[135.8097793402134,34.977349503883],[135.81095568804136,34.9780346200891]],[[135.81303928452098,34.98128725916465],[135.81320843257467,34.98128725916465]],[[135.81320843257467,34.98128725916465],[135.81378507366682,34.981280607551]],[[135.81378507366682,34.981280607551],[135.81366205690048,34.97997689127532]],[[135.81366205690048,34.97997689127532],[135.81343908901152,34.97883946534092]],[[135.80506626035364,34.975573523038065],[135.80509701454523,34.977482536156025]],[[135.8080340398412,34.97864656854503],[135.80775725211697,34.97568660047014]],[[135.80619647689423,34.991643821619945],[135.80631949366057,34.99229567975779]],[[135.80631949366057,34.99229567975779],[135.80651170735794,34.99230233137144]],[[135.80651170735794,34.99230233137144],[135.80712679118957,34.99232228621239]],[[135.80712679118957,34.99232228621239],[135.80909505945073,34.99165712484725]],[[135.80993311117132,34.991583957097085],[135.80903355106759,34.99138440868754]],[[135.80903355106759,34.99138440868754],[135.80680387217797,34.99142431836945]],[[135.80680387217797,34.99142431836945],[135.80619647689423,34.991643821619945]],[[135.8040206178399,34.986468866199125],[135.80396679800464,34.98744000179224]],[[135.80396679800464,34.98744000179224],[135.80523540840736,34.987453305019535]],[[135.80523540840736,34.987453305019535],[135.80522003131156,34.98654203394929]],[[135.80522003131156,34.98654203394929],[135.8040206178399,34.986468866199125]],[[135.8033747798167,34.98942218266036],[135.802398334234,34.98935566652385]],[[135.802398334234,34.98935566652385],[135.80242908842558,34.98968824720642]],[[135.80242908842558,34.98968824720642],[135.80242908842558,34.989794673024846]],[[135.80242908842558,34.989794673024846],[135.80233682585086,34.990020827889]],[[135.80233682585086,34.990020827889],[135.8022445632761,34.99032015050331]],[[135.8022445632761,34.99032015050331],[135.80236758004244,34.991058479618616]],[[135.80236758004244,34.991058479618616],[135.80360543625355,34.991723640983764]],[[135.80360543625355,34.991723640983764],[135.80446655361783,34.99201631198443]],[[135.80446655361783,34.99201631198443],[135.80488942375206,34.99173029259742]],[[135.80488942375206,34.99173029259742],[135.8045203734531,34.98945544072862]],[[135.8045203734531,34.98945544072862],[135.8033747798167,34.98942218266036]],[[135.80361312480144,34.99041992470808],[135.80361312480144,34.99041992470808]],[[135.81116327883456,34.981313865619256],[135.81174760847458,34.981307214005604]],[[135.80984853714446,34.97971747834291],[135.80904892816335,34.981333820460215]],[[135.80904892816335,34.981333820460215],[135.81116327883456,34.981313865619256]],[[135.80619647689423,34.991643821619945],[135.80488942375206,34.99173029259742]],[[135.80446655361783,34.99201631198443],[135.80631949366057,34.99229567975779]],[[135.80283658146405,34.97463564551321],[135.80249828535665,34.975087955241506]],[[135.80712679118957,34.99232228621239],[135.80918732202548,34.992368847507954]],[[135.81366205690048,34.97997689127532],[135.81613776932275,34.98014983323026]],[[135.81613776932275,34.98014983323026],[135.81586098159852,34.978912633091085]],[[135.810248341635,34.989102905205094],[135.81137855817562,34.98932240845559]],[[135.81137855817562,34.98932240845559],[135.81134780398403,34.98783244699767]],[[135.81134780398403,34.98783244699767],[135.810248341635,34.989102905205094]],[[135.8102560301829,34.97822086527134],[135.80784951469172,34.979278471841916]],[[135.8077188093775,34.98134047207386],[135.80842615578385,34.981333820460215]],[[135.80842615578385,34.981333820460215],[135.80904892816335,34.981333820460215]],[[135.8025982364793,34.97890598147744],[135.8025674822877,34.97904566536412]],[[135.8025674822877,34.97904566536412],[135.8025982364793,34.98142029143768]],[[135.8025982364793,34.98142029143768],[135.80375151866357,34.98140033659673]],[[135.80375151866357,34.98140033659673],[135.80375920721147,34.98140033659673]],[[135.82122758802936,34.99133119577833],[135.82222709925574,34.99129128609642]],[[135.82222709925574,34.99129128609642],[135.82125834222094,34.990113950480115]],[[135.82125834222094,34.990113950480115],[135.82055868436248,34.990074040798206]],[[135.82055868436248,34.990074040798206],[135.82064325838934,34.99133119577833]],[[135.82064325838934,34.99133119577833],[135.82122758802936,34.99133119577833]],[[135.82064325838934,34.99133119577833],[135.820374159213,34.99133784739198]],[[135.820374159213,34.99133784739198],[135.8210046201404,34.99261495721306],[135.8206970782246,34.99547515108318]],[[135.8206970782246,34.99547515108318],[135.82141980172676,34.993579441192516]],[[135.82141980172676,34.993579441192516],[135.82122758802936,34.99133119577833]],[[135.82222709925574,34.99129128609642],[135.82345726691898,34.99216929909841]],[[135.82345726691898,34.99216929909841],[135.8245490407201,34.99267482173592]],[[135.8245490407201,34.99267482173592],[135.82460286055536,34.99249522816733]],[[135.82460286055536,34.99249522816733],[135.82417999042113,34.99129793771007]],[[135.82417999042113,34.99129793771007],[135.8239032026969,34.99127133125547]],[[135.8239032026969,34.99127133125547],[135.82222709925574,34.99129128609642]],[[135.82345726691898,34.99216929909841],[135.82141980172676,34.993579441192516]],[[135.8206970782246,34.99547515108318],[135.82308052807213,34.99561483496986],[135.82306515097633,34.99955259025151],[135.823895514149,35.000783138777024],[135.82683253944498,35.00196047439333]],[[135.82683253944498,35.00196047439333],[135.82939282589408,34.999798699956614],[135.8301463035878,34.995847641447654]],[[135.8301463035878,34.995847641447654],[135.83007710665674,34.995794428538446]],[[135.83007710665674,34.995794428538446],[135.828370249024,34.995348770423796]],[[135.828370249024,34.995348770423796],[135.82827029790138,34.99506940265044]],[[135.82827029790138,34.99506940265044],[135.82735536070186,34.99365260894268]],[[135.82735536070186,34.99365260894268],[135.8245490407201,34.99267482173592]],[[135.82627896399651,34.997424073883046],[135.82627896399651,34.997424073883046]],[[135.82497959940224,34.9845132917856],[135.82451059798063,34.98479265955896]],[[135.82451059798063,34.98479265955896],[135.82287293727893,34.98542456285585]],[[135.82287293727893,34.98542456285585],[135.8224731327884,34.98549107899236]],[[135.8224731327884,34.98549107899236],[135.82248850988418,34.986688369449624]],[[135.82248850988418,34.986688369449624],[135.8240492851069,34.98662185331311]],[[135.8240492851069,34.98662185331311],[135.82530251841382,34.98552433706062]],[[135.82530251841382,34.98552433706062],[135.82497959940224,34.9845132917856]],[[135.820228076803,34.983242833578174],[135.82019732261142,34.98473944664975]],[[135.82019732261142,34.98473944664975],[135.8224731327884,34.98549107899236]],[[135.82287293727893,34.98542456285585],[135.82299595404527,34.98361532394266]],[[135.82299595404527,34.98361532394266],[135.8219426229836,34.98329604648739]],[[135.8219426229836,34.98329604648739],[135.820228076803,34.983242833578174]],[[135.81102488497243,34.983282743260084],[135.81100950787663,34.983482291669624]],[[135.81100950787663,34.983482291669624],[135.8112324757656,34.984859175695476]],[[135.8112324757656,34.984859175695476],[135.81289320211096,34.984473382103694]],[[135.81289320211096,34.984473382103694],[135.81256259455148,34.98344238198772]],[[135.81256259455148,34.98344238198772],[135.81102488497243,34.983282743260084]],[[135.816852804277,34.98326944003278],[135.81532278324585,34.98409424012556]],[[135.81532278324585,34.98409424012556],[135.81656832800488,34.98532478865108]],[[135.81656832800488,34.98532478865108],[135.81709114926176,34.98501881442311]],[[135.81709114926176,34.98501881442311],[135.81706808361807,34.98494564667295]],[[135.81706808361807,34.98494564667295],[135.816852804277,34.98326944003278]],[[135.8253717153449,34.98552433706062],[135.8274014919892,34.98522501444631]],[[135.8274014919892,34.98522501444631],[135.8263097181881,34.984253878853195]],[[135.8263097181881,34.984253878853195],[135.82497959940224,34.9845132917856]],[[135.82530251841382,34.98552433706062],[135.8253717153449,34.98552433706062]],[[135.82719390119604,34.984074285284606],[135.827124704265,34.9838015691249]],[[135.827124704265,34.9838015691249],[135.82710163862131,34.98370179492012]],[[135.82710163862131,34.98370179492012],[135.8264250464065,34.984154104648425]],[[135.8264250464065,34.984154104648425],[135.82719390119604,34.984074285284606]],[[135.82019732261142,34.98473944664975],[135.82010506003667,34.98473944664975]],[[135.82010506003667,34.98473944664975],[135.8208508491825,34.98679479526805]],[[135.8208508491825,34.98679479526805],[135.82128909641253,34.9868014468817]],[[135.82128909641253,34.9868014468817],[135.82248850988418,34.986688369449624]],[[135.8022445632761,34.99032015050331],[135.80206772667452,34.990313498889655]],[[135.80206772667452,34.990313498889655],[135.80194470990818,34.99080571829987]],[[135.80194470990818,34.99080571829987],[135.80236758004244,34.991058479618616]],[[135.81899022059187,34.98732692436016],[135.82095080030513,34.988178330907544]],[[135.82095080030513,34.988178330907544],[135.8218119176694,34.98847765352186]],[[135.8218119176694,34.98847765352186],[135.82175809783413,34.987839098611325]],[[135.82175809783413,34.987839098611325],[135.81899022059187,34.98732692436016]],[[135.80742664455747,34.9870342533595],[135.80523540840736,34.987453305019535]],[[135.80396679800464,34.98744000179224],[135.8025674822877,34.98737348565572]],[[135.8025674822877,34.98737348565572],[135.8036746331846,34.98843774383995]],[[135.8036746331846,34.98843774383995],[135.80599657464896,34.988457698680904]],[[135.80599657464896,34.988457698680904],[135.80742664455747,34.9870342533595]],[[135.84792222632151,34.991404363528495],[135.84901400012265,34.991909886166006],[135.8503671845522,34.98912286004605]],[[135.8503671845522,34.98912286004605],[135.84792222632151,34.991404363528495]],[[135.8351515482676,34.99935969345562],[135.8325758847227,35.00047716454906]],[[135.8325758847227,35.00047716454906],[135.83252206488743,35.00267219705404]],[[135.83252206488743,35.00267219705404],[135.83260663891429,35.004594513399304],[135.83399057753542,35.00486722955901]],[[135.83399057753542,35.00486722955901],[135.83595115724867,35.002100158280015],[135.83651242124503,35.000204448389354],[135.83532838486917,34.99941290636483]],[[135.83532838486917,34.99941290636483],[135.8351515482676,34.99935969345562]],[[135.8036746331846,34.98843774383995],[135.8033747798167,34.98942218266036]],[[135.8045203734531,34.98945544072862],[135.80538917936525,34.98929580200099]],[[135.80538917936525,34.98929580200099],[135.80599657464896,34.988457698680904]],[[135.82411079349006,34.97218785168948],[135.82161201542414,34.97221445814409]],[[135.82161201542414,34.97221445814409],[135.82301901968896,34.975227639128185]],[[135.82301901968896,34.975227639128185],[135.82431069573533,34.97450261324018]],[[135.82431069573533,34.97450261324018],[135.82411079349006,34.97218785168948]],[[135.82748606601606,34.98523166605996],[135.82751682020765,34.98533809187838]],[[135.82751682020765,34.98533809187838],[135.8288469389935,34.986748233972484]],[[135.8288469389935,34.986748233972484],[135.82953121975618,34.98716728563252]],[[135.82953121975618,34.98716728563252],[135.8298156960283,34.98686131140456]],[[135.8298156960283,34.98686131140456],[135.83089978128154,34.98622275649402]],[[135.83089978128154,34.98622275649402],[135.83144566818208,34.9854312144695]],[[135.83144566818208,34.9854312144695],[135.82748606601606,34.98523166605996]],[[135.8025674822877,34.97904566536412],[135.80228300601559,34.97911218150063]],[[135.80228300601559,34.97911218150063],[135.80218305489294,34.97942480734225]],[[135.80218305489294,34.97942480734225],[135.8017986274982,34.97981060093403]],[[135.8017986274982,34.97981060093403],[135.80196777555187,34.981353775301166],[135.800637656766,34.98140698821038]],[[135.800637656766,34.98140698821038],[135.80045313161654,34.98142029143768]],[[135.80045313161654,34.98142029143768],[135.80050695145178,34.983409123919465],[135.8016525450882,34.98531148542377]],[[135.8016525450882,34.98531148542377],[135.80253672809613,34.98737348565572]],[[135.80253672809613,34.98737348565572],[135.8025674822877,34.98737348565572]],[[135.8040206178399,34.986468866199125],[135.80377458430726,34.98591013065241]],[[135.80377458430726,34.98591013065241],[135.80250597390454,34.98529818219647],[135.8025751708356,34.98340247230581]],[[135.8025751708356,34.98340247230581],[135.8025982364793,34.98142029143768]],[[135.81516901228795,34.965097231537044],[135.81386964769365,34.965117186377995]],[[135.81386964769365,34.965117186377995],[135.8145769941,34.96544311544692]],[[135.8145769941,34.96544311544692],[135.81666059057963,34.966387644585424]],[[135.81666059057963,34.966387644585424],[135.8166759676754,34.96639429619908]],[[135.8166759676754,34.96639429619908],[135.81706808361807,34.96511053476435]],[[135.81706808361807,34.96511053476435],[135.81516901228795,34.965097231537044]],[[135.8282549208056,34.977688736179225],[135.82893151302036,34.97659121992673]],[[135.82893151302036,34.97659121992673],[135.82794737888977,34.97509460685516]],[[135.82794737888977,34.97509460685516],[135.82783205067136,34.97490836167292]],[[135.82783205067136,34.97490836167292],[135.82666339139126,34.97564669078823]],[[135.82666339139126,34.97564669078823],[135.82635584947548,34.97631185215337]],[[135.82635584947548,34.97631185215337],[135.82334193870054,34.97635176183528]],[[135.82334193870054,34.97635176183528],[135.8237340546432,34.9778417232932]],[[135.8237340546432,34.9778417232932],[135.82738611489341,34.97770203940652]],[[135.82738611489341,34.97770203940652],[135.82754757439923,34.97770203940652]],[[135.82754757439923,34.97770203940652],[135.8282549208056,34.977688736179225]],[[135.81832900547286,34.9868413565636],[135.818613481745,34.987193892087134]],[[135.818613481745,34.987193892087134],[135.81899022059187,34.98732692436016]],[[135.82175809783413,34.987839098611325],[135.82128909641253,34.9868014468817]],[[135.8208508491825,34.98679479526805],[135.8190747946187,34.98593673710701],[135.81832900547286,34.9868413565636]],[[135.8035669935141,34.98484587246817],[135.80380533849885,34.985504382219666]],[[135.80380533849885,34.985504382219666],[135.8035669935141,34.98484587246817]],[[135.82748606601606,34.98523166605996],[135.82719390119604,34.984074285284606]],[[135.8264250464065,34.984154104648425],[135.8263097181881,34.984253878853195]],[[135.8274014919892,34.98522501444631],[135.82748606601606,34.98523166605996]],[[135.82794737888977,34.978772949204405],[135.8272938523187,34.978752994363454]],[[135.8272938523187,34.978752994363454],[135.82650962043337,34.97872638790885]],[[135.82650962043337,34.97872638790885],[135.8266557028434,34.9799103751388]],[[135.8266557028434,34.9799103751388],[135.8293159404151,34.98086155589096]],[[135.8293159404151,34.98086155589096],[135.8307998301589,34.98136707852847]],[[135.8307998301589,34.98136707852847],[135.8312457659368,34.980928072027474],[135.82794737888977,34.978772949204405]],[[135.80249059680875,34.96059408909502],[135.80251366245244,34.96086015364107]],[[135.80251366245244,34.96086015364107],[135.80267512195823,34.96101979236871]],[[135.80267512195823,34.96101979236871],[135.80440504523466,34.96276916675904]],[[135.80440504523466,34.96276916675904],[135.80545837629631,34.961272553687465],[135.80650401881005,34.96175146987037]],[[135.80650401881005,34.96175146987037],[135.80683462636955,34.96190445698435]],[[135.80683462636955,34.96190445698435],[135.80666547831584,34.9605408761858]],[[135.80666547831584,34.9605408761858],[135.80375151866357,34.9605142697312]],[[135.80375151866357,34.9605142697312],[135.80249059680875,34.96059408909502]],[[135.8038284041425,34.96504401862783],[135.8017986274982,34.965662618697415]],[[135.8017986274982,34.965662618697415],[135.8006530338618,34.96655393492671]],[[135.8006530338618,34.96655393492671],[135.80089906739445,34.966713573654346]],[[135.80089906739445,34.966713573654346],[135.8014526428429,34.96664040590418]],[[135.81707577216596,34.960248205185145],[135.81483840472845,34.96093332139124]],[[135.81483840472845,34.96093332139124],[135.81531509469795,34.961678302120205]],[[135.81531509469795,34.961678302120205],[135.81785231550336,34.961651695665594],[135.8190594175229,34.962602876417755]],[[135.8190594175229,34.962602876417755],[135.82013581422825,34.960966579459495],[135.8174755766565,34.961092960118876],[135.81707577216596,34.960248205185145]],[[135.80045313161654,34.98142029143768],[135.8001840324402,34.98142694305133]],[[135.8001840324402,34.98142694305133],[135.7987462739838,34.98152006564245]],[[135.7987462739838,34.98152006564245],[135.79828496111008,34.98162649146087]],[[135.79828496111008,34.98162649146087],[135.79857712593008,34.982863691600045]],[[135.79857712593008,34.982863691600045],[135.79893079913327,34.985218362832654]],[[135.79893079913327,34.985218362832654],[135.8016525450882,34.98531148542377]],[[135.82252695262366,34.989428834274015],[135.82008968294087,34.98972150527468]],[[135.82008968294087,34.98972150527468],[135.82055868436248,34.990074040798206]],[[135.82125834222094,34.990113950480115],[135.823895514149,34.99034675695791]],[[135.823895514149,34.99034675695791],[135.82563312597333,34.99042657632173]],[[135.82563312597333,34.99042657632173],[135.8256869458086,34.990433227935384]],[[135.8256869458086,34.990433227935384],[135.8242184331606,34.989668292365465]],[[135.8242184331606,34.989668292365465],[135.82252695262366,34.989428834274015]],[[135.79857712593008,34.982863691600045],[135.79651659509418,34.98289029805465]],[[135.79651659509418,34.98289029805465],[135.7964781523547,34.982943510963864]],[[135.7964781523547,34.982943510963864],[135.79641664397155,34.98303663355498]],[[135.79641664397155,34.98303663355498],[135.79689333394106,34.985258272514564]],[[135.79689333394106,34.985258272514564],[135.79690102248895,34.985258272514564]],[[135.79690102248895,34.985258272514564],[135.79893079913327,34.985218362832654]],[[135.82683253944498,35.00196047439333],[135.82857783981717,35.00277862287246],[135.83252206488743,35.00267219705404]],[[135.8325758847227,35.00047716454906],[135.8301463035878,34.995847641447654]],[[135.79959970280015,34.98913616327335],[135.79958432570436,34.98940222781941]],[[135.79958432570436,34.98940222781941],[135.80049926290388,34.98990775045692]],[[135.80049926290388,34.98990775045692],[135.8011451009271,34.99030684727601]],[[135.8011451009271,34.99030684727601],[135.8016064138008,34.99059951827667]],[[135.8016064138008,34.99059951827667],[135.80206772667452,34.99026028598045]],[[135.80206772667452,34.99026028598045],[135.80233682585086,34.990020827889]],[[135.80242908842558,34.989794673024846],[135.80242908842558,34.98968824720642]],[[135.802398334234,34.98935566652385],[135.80228300601559,34.989349014910196]],[[135.80228300601559,34.989349014910196],[135.79959970280015,34.98913616327335]],[[135.827124704265,34.9838015691249],[135.8274245576329,34.983242833578174]],[[135.8274245576329,34.983242833578174],[135.82697862185498,34.98320957550992]],[[135.82697862185498,34.98320957550992],[135.82710163862131,34.98370179492012]],[[135.80536611372156,34.98635578876705],[135.80522003131156,34.98654203394929]],[[135.80742664455747,34.9870342533595],[135.807534284228,34.98702095013219]],[[135.807534284228,34.98702095013219],[135.80751890713222,34.98643560813087]],[[135.80751890713222,34.98643560813087],[135.80536611372156,34.98635578876705]],[[135.81514594664426,34.9863624403807],[135.81360054851731,34.986369091994355]],[[135.81360054851731,34.986369091994355],[135.813623614161,34.986788143654394]],[[135.813623614161,34.986788143654394],[135.81368512254417,34.98770606633829]],[[135.81368512254417,34.98770606633829],[135.81551499694322,34.98769941472464]],[[135.81551499694322,34.98769941472464],[135.81514594664426,34.9863624403807]],[[135.82809346129977,34.98732692436016],[135.82810883839556,34.98736683404207]],[[135.82810883839556,34.98736683404207],[135.82840869176349,34.988457698680904]],[[135.82840869176349,34.988457698680904],[135.8293620717025,34.98833796963518]],[[135.8293620717025,34.98833796963518],[135.82904684123878,34.9872803630646]],[[135.82904684123878,34.9872803630646],[135.82809346129977,34.98732692436016]],[[135.81532278324585,34.98409424012556],[135.81353904013417,34.9854312144695]],[[135.81353904013417,34.9854312144695],[135.81360054851731,34.986369091994355]],[[135.81514594664426,34.9863624403807],[135.81623772044537,34.98549107899236]],[[135.81623772044537,34.98549107899236],[135.81656832800488,34.98532478865108]],[[135.8197283211898,34.966128231653016],[135.8195437960403,34.965296779946584]],[[135.8195437960403,34.965296779946584],[135.81930545105556,34.96515044444625]],[[135.81930545105556,34.96515044444625],[135.81706808361807,34.96511053476435]],[[135.8166759676754,34.96639429619908],[135.8187749412508,34.96732552211028]],[[135.8187749412508,34.96732552211028],[135.82024345389877,34.96799733508907]],[[135.82024345389877,34.96799733508907],[135.8197283211898,34.966128231653016]],[[135.8293620717025,34.98833796963518],[135.82860090546086,34.98923593747812]],[[135.82860090546086,34.98923593747812],[135.82864703674824,34.989428834274015]],[[135.82864703674824,34.989428834274015],[135.82866241384403,34.98950200202418]],[[135.82866241384403,34.98950200202418],[135.83309101743166,34.989788021411194]],[[135.83309101743166,34.989788021411194],[135.83426736525965,34.990133905321066]],[[135.83426736525965,34.990133905321066],[135.83247593360005,34.98839118254439]],[[135.83247593360005,34.98839118254439],[135.8312918972242,34.98732692436016]],[[135.8312918972242,34.98732692436016],[135.8298156960283,34.98686131140456]],[[135.82953121975618,34.98716728563252],[135.82904684123878,34.9872803630646]],[[135.81334682643677,34.98201228505266],[135.81320843257467,34.98128725916465]],[[135.81174760847458,34.981307214005604],[135.8110863933556,34.98232491089428]],[[135.8110863933556,34.98232491089428],[135.81102488497243,34.983282743260084]],[[135.81256259455148,34.98344238198772],[135.81334682643677,34.98201228505266]],[[135.83956477475942,34.989408879433064],[135.8405950401774,34.988643943863146],[135.83730434167825,34.986834704949956]],[[135.83730434167825,34.986834704949956],[135.83711212798087,34.988098511543726],[135.83956477475942,34.989408879433064]],[[135.80749584148853,34.986023208084475],[135.80751890713222,34.98643560813087]],[[135.807534284228,34.98702095013219],[135.80896435413652,34.986874614631866]],[[135.80896435413652,34.986874614631866],[135.81167072299561,34.98667506622232]],[[135.81167072299561,34.98667506622232],[135.81177067411826,34.98668171783597]],[[135.81177067411826,34.98668171783597],[135.81327762950573,34.98676818881344]],[[135.81327762950573,34.98676818881344],[135.811201721574,34.98618284681211]],[[135.811201721574,34.98618284681211],[135.80955637232444,34.98610967906195]],[[135.80955637232444,34.98610967906195],[135.80749584148853,34.986023208084475]],[[135.81739869117754,34.98123404625544],[135.81645299978643,34.98124069786909]],[[135.81645299978643,34.98124069786909],[135.81378507366682,34.981280607551]],[[135.81378507366682,34.981280607551],[135.81566107935325,34.98281047869083]],[[135.81566107935325,34.98281047869083],[135.81739869117754,34.98123404625544]],[[135.82056637291038,34.96916136747807],[135.81819061161076,34.969287748137454]],[[135.81819061161076,34.969287748137454],[135.81817523451497,34.9699795159572]],[[135.81817523451497,34.9699795159572],[135.81819830015866,34.97049169020836]],[[135.81819830015866,34.97049169020836],[135.8209815544967,34.97042517407185]],[[135.8209815544967,34.97042517407185],[135.82056637291038,34.96916136747807]],[[135.80877214043915,34.96279577321364],[135.80811092532014,34.96248979898568]],[[135.80811092532014,34.96248979898568],[135.80684231491745,34.96240332800821],[135.80632718220846,34.964817863763685]],[[135.80632718220846,34.964817863763685],[135.80859530383754,34.9648976831275]],[[135.80859530383754,34.9648976831275],[135.80877214043915,34.96279577321364]],[[135.80966401199498,34.958997701818674],[135.81113252464297,34.95832588883987]],[[135.81113252464297,34.95832588883987],[135.81088649111032,34.95561868208374]],[[135.81088649111032,34.95561868208374],[135.80936415862706,34.95396243028453]],[[135.80936415862706,34.95396243028453],[135.8096101921597,34.956423527335566],[135.80752659568012,34.95958969543365]],[[135.80752659568012,34.95958969543365],[135.80966401199498,34.958997701818674]],[[135.8362279449729,34.98391464655697],[135.8362586991645,34.98383482719316]],[[135.8362586991645,34.98383482719316],[135.83517461391128,34.98404102721635]],[[135.83517461391128,34.98404102721635],[135.83201462072634,34.98613628551655]],[[135.83201462072634,34.98613628551655],[135.8346287270107,34.985823659674935]],[[135.8346287270107,34.985823659674935],[135.8362279449729,34.98391464655697]],[[135.8218119176694,34.98847765352186],[135.82419536751692,34.98851091159012]],[[135.82419536751692,34.98851091159012],[135.8242184331606,34.98841113738535]],[[135.8242184331606,34.98841113738535],[135.82411079349006,34.98753977599701]],[[135.82411079349006,34.98753977599701],[135.8240492851069,34.98662185331311]],[[135.81739869117754,34.98123404625544],[135.81720647748017,34.98024960743503]],[[135.81720647748017,34.98024960743503],[135.81613776932275,34.98014983323026]],[[135.81613776932275,34.98014983323026],[135.81645299978643,34.98124069786909]],[[135.82095080030513,34.988178330907544],[135.82125065367305,34.98912286004605]],[[135.82125065367305,34.98912286004605],[135.82252695262366,34.989428834274015]],[[135.8242184331606,34.989668292365465],[135.8242184331606,34.98958847300165]],[[135.8242184331606,34.98958847300165],[135.82419536751692,34.98851091159012]],[[135.83725821039087,34.98170631082469],[135.83887280544886,34.981280607551]],[[135.83887280544886,34.981280607551],[135.84087182790162,34.98105445268685]],[[135.84087182790162,34.98105445268685],[135.8415637972122,34.980282865503284]],[[135.8415637972122,34.980282865503284],[135.83737353860928,34.98138703336942]],[[135.83737353860928,34.98138703336942],[135.83725821039087,34.98170631082469]],[[135.83725821039087,34.98170631082469],[135.83494395747442,34.98364193039726]],[[135.83494395747442,34.98364193039726],[135.83435962783437,34.98391464655697]],[[135.83435962783437,34.98391464655697],[135.83436731638227,34.98408758851191]],[[135.83436731638227,34.98408758851191],[135.83485169489967,34.9840609820573]],[[135.83485169489967,34.9840609820573],[135.83517461391128,34.98404102721635]],[[135.8362586991645,34.98383482719316],[135.83887280544886,34.981280607551]],[[135.8239032026969,34.99127133125547],[135.823895514149,34.99034675695791]],[[135.79539406710148,34.98555094351523],[135.7953633129099,34.985823659674935]],[[135.7953633129099,34.985823659674935],[135.7953710014578,34.98790561474784]],[[135.7953710014578,34.98790561474784],[135.79734695826687,34.987519821156056]],[[135.79734695826687,34.987519821156056],[135.79625518446574,34.98757968567892],[135.79690102248895,34.985258272514564]],[[135.79689333394106,34.985258272514564],[135.79539406710148,34.98555094351523]],[[135.81353904013417,34.9854312144695],[135.81345446610732,34.98504542087772]],[[135.81345446610732,34.98504542087772],[135.8112247872177,34.98549773060601]],[[135.8112247872177,34.98549773060601],[135.811201721574,34.98618284681211]],[[135.81327762950573,34.98676818881344],[135.813623614161,34.986788143654394]],[[135.81692968975594,34.988504259976466],[135.81551499694322,34.98769941472464]],[[135.81368512254417,34.98770606633829],[135.81372356528365,34.98889005356825]],[[135.81372356528365,34.98889005356825],[135.8144693544295,34.988863447113644]],[[135.8144693544295,34.988863447113644],[135.8189517778524,34.98974146011563]],[[135.8189517778524,34.98974146011563],[135.81949766475296,34.98972815688833]],[[135.81949766475296,34.98972815688833],[135.82008968294087,34.98972150527468]],[[135.82008968294087,34.98972150527468],[135.8200666172972,34.989202679409864]],[[135.8200666172972,34.989202679409864],[135.81902866333135,34.98877032452253]],[[135.81902866333135,34.98877032452253],[135.81692968975594,34.988504259976466]],[[135.80599657464896,34.988457698680904],[135.80835695885278,34.988584079340285]],[[135.80835695885278,34.988584079340285],[135.80896435413652,34.986874614631866]],[[135.8237340546432,34.9778417232932],[135.82394164543638,34.97989042029785]],[[135.82394164543638,34.97989042029785],[135.8266557028434,34.9799103751388]],[[135.82650962043337,34.97872638790885],[135.8264404235023,34.97860665886312]],[[135.8264404235023,34.97860665886312],[135.8282549208056,34.977688736179225]],[[135.82754757439923,34.97770203940652],[135.82738611489341,34.97770203940652]],[[135.82023576535087,34.9642258701487],[135.8195437960403,34.965296779946584]],[[135.8197283211898,34.966128231653016],[135.82222709925574,34.96597524453903]],[[135.82222709925574,34.96597524453903],[135.82268841212945,34.96590872840252]],[[135.82268841212945,34.96590872840252],[135.82287293727893,34.96442541855825],[135.82138904753518,34.96408618626202]],[[135.82138904753518,34.96408618626202],[135.82023576535087,34.9642258701487]],[[135.8120167076509,34.96123929561921],[135.81270867696148,34.961232644005555]],[[135.81270867696148,34.961232644005555],[135.81223967553987,34.95912408247805]],[[135.81223967553987,34.95912408247805],[135.8110633277119,34.95884471470469]],[[135.8110633277119,34.95884471470469],[135.81067121176926,34.961272553687465]],[[135.81067121176926,34.961272553687465],[135.8120167076509,34.96123929561921]],[[135.8209969315925,34.970458432140106],[135.8209815544967,34.97042517407185]],[[135.81819830015866,34.97049169020836],[135.81819830015866,34.971116941891594]],[[135.81819830015866,34.971116941891594],[135.81868267867605,34.972892922736534],[135.82009737148877,34.973178942123546]],[[135.82009737148877,34.973178942123546],[135.82161201542414,34.97221445814409]],[[135.82161201542414,34.97221445814409],[135.8209969315925,34.970458432140106]],[[135.81586098159852,34.978912633091085],[135.8173525598902,34.97924521377366]],[[135.8173525598902,34.97924521377366],[135.8182982512813,34.97793484588433]],[[135.8182982512813,34.97793484588433],[135.81584560450273,34.977948149111626]],[[135.81487684746793,34.958651817908795],[135.81340833481994,34.959077521182486]],[[135.81340833481994,34.959077521182486],[135.81223967553987,34.95912408247805]],[[135.81270867696148,34.961232644005555],[135.8136466798047,34.96113952141444]],[[135.8136466798047,34.96113952141444],[135.81483840472845,34.96093332139124]],[[135.81483840472845,34.96093332139124],[135.81487684746793,34.958651817908795]],[[135.8110633277119,34.95884471470469],[135.81113252464297,34.95832588883987]],[[135.80966401199498,34.958997701818674],[135.80924114186075,34.96021494711689]],[[135.80924114186075,34.96021494711689],[135.8090258625197,34.96121934077825]],[[135.8090258625197,34.96121934077825],[135.81067121176926,34.961272553687465]],[[135.820228076803,34.983242833578174],[135.8173525598902,34.98335591101025]],[[135.8173525598902,34.98335591101025],[135.8187980068945,34.9847194918088]],[[135.8187980068945,34.9847194918088],[135.82010506003667,34.98473944664975]],[[135.807534284228,34.983927949784274],[135.80744971020115,34.98551103383332]],[[135.80744971020115,34.98551103383332],[135.80955637232444,34.98610967906195]],[[135.8112247872177,34.98549773060601],[135.8112324757656,34.984859175695476]],[[135.8112324757656,34.984859175695476],[135.80893359994494,34.98451994339925]],[[135.80893359994494,34.98451994339925],[135.807534284228,34.983927949784274]],[[135.81100950787663,34.983482291669624],[135.80957174942023,34.983508898124235]],[[135.80957174942023,34.983508898124235],[135.80893359994494,34.98451994339925]],[[135.8136466798047,34.96113952141444],[135.81452317426474,34.96277581837269]],[[135.81452317426474,34.96277581837269],[135.81529202905426,34.962742560304434]],[[135.81529202905426,34.962742560304434],[135.81593017852958,34.96273590869078]],[[135.81593017852958,34.96273590869078],[135.81531509469795,34.961678302120205]],[[135.82600986482018,34.96579565097044],[135.82600217627228,34.964718089558914]],[[135.82600217627228,34.964718089558914],[135.82138904753518,34.96408618626202]],[[135.82268841212945,34.96590872840252],[135.82600986482018,34.96579565097044]],[[135.79782364823637,34.98761294374717],[135.79781595968848,34.98891666002285]],[[135.79781595968848,34.98891666002285],[135.79879240527117,34.98910955681875]],[[135.79879240527117,34.98910955681875],[135.79958432570436,34.98940222781941]],[[135.79959970280015,34.98913616327335],[135.8002070980839,34.987533124383354]],[[135.8002070980839,34.987533124383354],[135.79901537316013,34.98755307922431]],[[135.79901537316013,34.98755307922431],[135.79782364823637,34.98761294374717]],[[135.81386964769365,34.965117186377995],[135.81333144934098,34.96487107667289]],[[135.81333144934098,34.96487107667289],[135.81343140046363,34.96631447683526]],[[135.81343140046363,34.96631447683526],[135.813477531751,34.96802394154368]],[[135.813477531751,34.96802394154368],[135.8149537329469,34.968017289930025]],[[135.8149537329469,34.968017289930025],[135.8145769941,34.96544311544692]],[[135.82211945958522,34.96716588338264],[135.82299595404527,34.968802180340894]],[[135.82299595404527,34.968802180340894],[135.82654806317285,34.96932765781936]],[[135.82654806317285,34.96932765781936],[135.82813190403925,34.96897512229583],[135.82809346129977,34.9674319479287],[135.82577151983543,34.96712597370073]],[[135.82577151983543,34.96712597370073],[135.82211945958522,34.96716588338264]],[[135.81166303444772,34.98726040822365],[135.81167072299561,34.98667506622232]],[[135.80835695885278,34.988584079340285],[135.81018683325186,34.98905634390954]],[[135.81018683325186,34.98905634390954],[135.810248341635,34.989102905205094]],[[135.81134780398403,34.98783244699767],[135.81166303444772,34.98726040822365]],[[135.80752659568012,34.95958969543365],[135.80583511514317,34.95968281802477]],[[135.80583511514317,34.95968281802477],[135.80375151866357,34.9605142697312]],[[135.80666547831584,34.9605408761858],[135.80924114186075,34.96021494711689]],[[135.81719110038438,34.985597504810784],[135.81709114926176,34.98501881442311]],[[135.81656832800488,34.98532478865108],[135.81719110038438,34.985597504810784]],[[135.79828496111008,34.98162649146087],[135.79672418588734,34.98260427866764]],[[135.79672418588734,34.98260427866764],[135.79651659509418,34.98289029805465]],[[135.81116327883456,34.981313865619256],[135.8110863933556,34.98232491089428]],[[135.82827029790138,34.99506940265044],[135.828370249024,34.995348770423796]],[[135.83007710665674,34.995794428538446],[135.82957735104355,34.993818899283966]],[[135.82957735104355,34.993818899283966],[135.82735536070186,34.99365260894268]],[[135.83968779152576,34.989468743955925],[135.8431476380786,34.99014720854837]],[[135.8431476380786,34.99014720854837],[135.8425018000554,34.98504542087772],[135.84487756135502,34.983429078760416],[135.8460308435393,34.98350224651058]],[[135.8460308435393,34.98350224651058],[135.84679969832882,34.9798970719115]],[[135.84679969832882,34.9798970719115],[135.84258637408226,34.97995693643436]],[[135.84258637408226,34.97995693643436],[135.8415637972122,34.980282865503284]],[[135.84087182790162,34.98105445268685],[135.8405873516295,34.98118748495988]],[[135.8405873516295,34.98118748495988],[135.8376964576209,34.98462636921767],[135.83821927887777,34.98493234344564]],[[135.83821927887777,34.98493234344564],[135.83731971877404,34.98676153719979]],[[135.83731971877404,34.98676153719979],[135.83730434167825,34.986834704949956]],[[135.83956477475942,34.989408879433064],[135.83968779152576,34.989468743955925]],[[135.8256869458086,34.990433227935384],[135.82899302140353,34.990579563435716]],[[135.82899302140353,34.990579563435716],[135.82866241384403,34.98950200202418]],[[135.82864703674824,34.989428834274015],[135.8242184331606,34.98958847300165]],[[135.81692968975594,34.988504259976466],[135.81623772044537,34.98549107899236]],[[135.8243798926664,34.983788265897594],[135.82299595404527,34.98361532394266]],[[135.82451059798063,34.98479265955896],[135.8243798926664,34.983788265897594]],[[135.80843384433174,34.989189376182566],[135.80741895600957,34.98932240845559]],[[135.80741895600957,34.98932240845559],[135.80680387217797,34.99142431836945]],[[135.80903355106759,34.99138440868754],[135.80843384433174,34.989189376182566]],[[135.83056917372204,34.977788510383995],[135.82794737888977,34.978772949204405]],[[135.8307998301589,34.98136707852847],[135.8316301933316,34.9822118334622]],[[135.8316301933316,34.9822118334622],[135.8341443484933,34.98363527878361]],[[135.8341443484933,34.98363527878361],[135.83289880373428,34.98099458816399],[135.83502853150125,34.9792119557054],[135.83056917372204,34.977788510383995]],[[135.84606159773088,34.99109173768688],[135.84792222632151,34.991404363528495]],[[135.8503671845522,34.98912286004605],[135.8492292794637,34.987074163041406]],[[135.8492292794637,34.987074163041406],[135.84717643717568,34.987293666291905],[135.84606159773088,34.99109173768688]],[[135.8505055784143,34.96461831535414],[135.85543393761515,34.968988425523136],[135.85400386770664,34.969573767524466]],[[135.85400386770664,34.969573767524466],[135.8529351595492,34.96941412879683]],[[135.8529351595492,34.96941412879683],[135.85402693335033,34.97080431604998]],[[135.85402693335033,34.97080431604998],[135.85608746418623,34.96966689011558],[135.8562719893357,34.96672022526799],[135.8588553414285,34.96489103151385],[135.86343002742615,34.960168385821326],[135.8616232186708,34.96052092134485],[135.85617972676096,34.96327468939655],[135.85342722661449,34.96337446360132],[135.8505055784143,34.96461831535414]],[[135.82957735104355,34.993818899283966],[135.82754757439923,34.992508531394634]],[[135.82754757439923,34.992508531394634],[135.82460286055536,34.99249522816733]],[[135.82394164543638,34.97989042029785],[135.8226115266505,34.97979729770673]],[[135.8226115266505,34.97979729770673],[135.82307283952423,34.981167530118924]],[[135.82307283952423,34.981167530118924],[135.82459517200746,34.98215196893934]],[[135.82459517200746,34.98215196893934],[135.82411079349006,34.98116087850527]],[[135.82411079349006,34.98116087850527],[135.82394164543638,34.97989042029785]],[[135.82683253944498,35.00196047439333],[135.8266326371997,35.008399236407925],[135.83150717656525,35.00997566884332],[135.83289880373428,35.009463494592154],[135.83399057753542,35.00486722955901]],[[135.82459517200746,34.98215196893934],[135.8245490407201,34.98247124639461]],[[135.8245490407201,34.98247124639461],[135.8243798926664,34.983788265897594]],[[135.82697862185498,34.98320957550992],[135.82459517200746,34.98215196893934]],[[135.83436731638227,34.98408758851191],[135.8306306821052,34.9845132917856],[135.82719390119604,34.984074285284606]],[[135.83144566818208,34.9854312144695],[135.83485169489967,34.9840609820573]],[[135.81334682643677,34.98201228505266],[135.81532278324585,34.98409424012556]],[[135.816852804277,34.98326944003278],[135.816852804277,34.98302998194133]],[[135.816852804277,34.98302998194133],[135.81566107935325,34.98281047869083]],[[135.8254716664675,34.98656198879024],[135.8253717153449,34.98552433706062]],[[135.8240492851069,34.98662185331311],[135.8254716664675,34.98656198879024]],[[135.81177067411826,34.98668171783597],[135.81166303444772,34.98726040822365]],[[135.81137855817562,34.98932240845559],[135.81137855817562,34.98941553104671]],[[135.81137855817562,34.98941553104671],[135.81372356528365,34.98889005356825]],[[135.8128470708236,34.98793222120244],[135.8128470708236,34.98793222120244]],[[135.81322380967046,34.98737348565572],[135.81322380967046,34.98737348565572]],[[135.81180911685775,34.987839098611325],[135.81180911685775,34.987839098611325]],[[135.81278556244044,34.98841113738535],[135.81278556244044,34.98841113738535]],[[135.79641664397155,34.98303663355498],[135.79542482129307,34.98534474349203]],[[135.79542482129307,34.98534474349203],[135.79539406710148,34.98555094351523]],[[135.83289111518638,34.99086558282273],[135.83309101743166,34.989788021411194]],[[135.82899302140353,34.990579563435716],[135.8293466946067,34.99090549250464]],[[135.8293466946067,34.99090549250464],[135.83289111518638,34.99086558282273]],[[135.8146154368395,34.97180870971135],[135.81429251782788,34.969932954661644]],[[135.81429251782788,34.969932954661644],[135.8135005973947,34.96987974175243]],[[135.82751682020765,34.98533809187838],[135.82779360793188,34.98628262101688]],[[135.82779360793188,34.98628262101688],[135.82798582162926,34.98694778238203]],[[135.82798582162926,34.98694778238203],[135.8288469389935,34.986748233972484]],[[135.83426736525965,34.990133905321066],[135.83518999100707,34.990533002140154]],[[135.83518999100707,34.990533002140154],[135.83594346870078,34.98982127947945]],[[135.83594346870078,34.98982127947945],[135.83589733741343,34.989202679409864]],[[135.83589733741343,34.989202679409864],[135.8346210384628,34.98867055031775]],[[135.8346210384628,34.98867055031775],[135.83247593360005,34.98839118254439]],[[135.82840869176349,34.988457698680904],[135.82841638031138,34.98847100190821]],[[135.82841638031138,34.98847100190821],[135.82860090546086,34.98923593747812]],[[135.80744971020115,34.98551103383332],[135.80749584148853,34.986023208084475]],[[135.807388201818,34.98134712368751],[135.8072344308601,34.98279052384988]],[[135.8072344308601,34.98279052384988],[135.807534284228,34.983927949784274]],[[135.80957174942023,34.983508898124235],[135.80842615578385,34.981333820460215]],[[135.81018683325186,34.98905634390954],[135.80843384433174,34.989189376182566]],[[135.81017914470397,34.991444273210405],[135.81087111401453,34.99125137641451]],[[135.81114021319087,34.991238073187205],[135.8114016238193,34.991218118346254]],[[135.8114016238193,34.991218118346254],[135.81144775510666,34.99120481511895]],[[135.81144775510666,34.99120481511895],[135.81138624672352,34.989847885934054]],[[135.81138624672352,34.989847885934054],[135.81137855817562,34.98941553104671]],[[135.84895249173948,34.96463161858144],[135.8468688952599,34.96503071540053],[135.8455464650219,34.966573889767666]],[[135.8455464650219,34.966573889767666],[135.84918314817634,34.968742315818034],[135.8529351595492,34.96941412879683]],[[135.85400386770664,34.969573767524466],[135.85335034113552,34.96848955449928],[135.85015190521113,34.967272309201064],[135.84895249173948,34.96463161858144]],[[135.81720647748017,34.98024960743503],[135.8173525598902,34.97924521377366]],[[135.82411079349006,34.98753977599701],[135.82810883839556,34.98736683404207]],[[135.82809346129977,34.98732692436016],[135.82798582162926,34.98694778238203]],[[135.82779360793188,34.98628262101688],[135.8254716664675,34.98656198879024]],[[135.8001840324402,34.98142694305133],[135.80026860646703,34.980967981709384]],[[135.80026860646703,34.980967981709384],[135.79949975167753,34.980967981709384]],[[135.79949975167753,34.980967981709384],[135.7987616510796,34.98086155589096]],[[135.7987616510796,34.98086155589096],[135.7987462739838,34.98152006564245]],[[135.8219810657231,34.98219187862125],[135.8219426229836,34.98329604648739]],[[135.8245490407201,34.98247124639461],[135.8219810657231,34.98219187862125]],[[135.81902866333135,34.98877032452253],[135.818613481745,34.987193892087134]],[[135.81832900547286,34.9868413565636],[135.81719110038438,34.985597504810784]],[[135.8200666172972,34.989202679409864],[135.82125065367305,34.98912286004605]],[[135.81289320211096,34.984473382103694],[135.81345446610732,34.98504542087772]],[[135.83435962783437,34.98391464655697],[135.8274245576329,34.983242833578174]],[[135.80741895600957,34.98932240845559],[135.80538917936525,34.98929580200099]],[[135.81707577216596,34.960248205185145],[135.8176447247102,34.95784032104332],[135.81487684746793,34.958651817908795]],[[135.81666059057963,34.966387644585424],[135.8159224899817,34.96801063831637]],[[135.8159224899817,34.96801063831637],[135.81593017852958,34.96853611579484]],[[135.81593017852958,34.96853611579484],[135.81816754596707,34.96853611579484]],[[135.81816754596707,34.96853611579484],[135.8187749412508,34.96732552211028]],[[135.83737353860928,34.98138703336942],[135.83810395065933,34.97977069125212],[135.8371890134598,34.9773761103376],[135.8385037551499,34.97450261324018],[135.8365585525324,34.97265346464508]],[[135.8365585525324,34.97265346464508],[135.83323709984168,34.97329867116927],[135.83104586369154,34.972793148531764],[135.82989258150727,34.97395718092076]],[[135.82989258150727,34.97395718092076],[135.82794737888977,34.97509460685516]],[[135.82893151302036,34.97659121992673],[135.83056917372204,34.977788510383995]],[[135.8341443484933,34.98363527878361],[135.83494395747442,34.98364193039726]],[[135.83761188359404,34.990838976368124],[135.8388112970657,34.990353408571565]],[[135.8388112970657,34.990353408571565],[135.83764263778562,34.99062612473128]],[[135.83764263778562,34.99062612473128],[135.83761188359404,34.990838976368124]],[[135.8072344308601,34.98279052384988],[135.80618878834633,34.982724007713365]],[[135.80618878834633,34.982724007713365],[135.80536611372156,34.98635578876705]],[[135.82411079349006,34.98116087850527],[135.8293159404151,34.98086155589096]],[[135.82431069573533,34.97450261324018],[135.82800888727294,34.97440949064906]],[[135.82800888727294,34.97440949064906],[135.82706319588183,34.9738840131706],[135.8269324905676,34.97109033543699]],[[135.8269324905676,34.97109033543699],[135.82684022799288,34.971057077368734]],[[135.82684022799288,34.971057077368734],[135.82411079349006,34.97218785168948]],[[135.7987616510796,34.97145617418782],[135.7969471537763,34.970518296662966]],[[135.7969471537763,34.970518296662966],[135.79544788693676,34.97256699366761],[135.79288760048763,34.97426980676238],[135.79313363402028,34.97535401978757]],[[135.79313363402028,34.97535401978757],[135.79660116912103,34.97524094235549],[135.79740077810212,34.97439618742176],[135.8004761972602,34.974362929353504]],[[135.8004761972602,34.974362929353504],[135.80139882300764,34.97234083880346]],[[135.8242184331606,34.98841113738535],[135.82841638031138,34.98847100190821]],[[135.81089417965822,34.9637602571931],[135.8109403109456,34.9644187669446]],[[135.8109403109456,34.9644187669446],[135.81104026206822,34.96780443829318]],[[135.81278556244044,34.968003986702726],[135.81343140046363,34.96631447683526]],[[135.81333144934098,34.96487107667289],[135.81089417965822,34.9637602571931]],[[135.81452317426474,34.96277581837269],[135.81373125383155,34.963587315238165]],[[135.81373125383155,34.963587315238165],[135.81386964769365,34.965117186377995]],[[135.81516901228795,34.965097231537044],[135.81529202905426,34.962742560304434]],[[135.8264404235023,34.97860665886312],[135.8272938523187,34.978752994363454]],[[135.81138624672352,34.989847885934054],[135.8144462887858,34.989807976252145]],[[135.8144462887858,34.989807976252145],[135.8144693544295,34.988863447113644]],[[135.7964781523547,34.98063540102681],[135.79672418588734,34.98260427866764]],[[135.7987616510796,34.98086155589096],[135.7987232083401,34.98085490427731]],[[135.7987232083401,34.98085490427731],[135.7984002893285,34.98082164620905]],[[135.7984002893285,34.98082164620905],[135.7964781523547,34.98063540102681]],[[135.8505055784143,34.96461831535414],[135.84895249173948,34.96463161858144]],[[135.80267512195823,34.96101979236871],[135.80282120436826,34.96172486341576]],[[135.80282120436826,34.96172486341576],[135.80366694463672,34.96310174744161]],[[135.80366694463672,34.96310174744161],[135.80440504523466,34.96276916675904]],[[135.8219810657231,34.98219187862125],[135.816852804277,34.98302998194133]],[[135.816852804277,34.98326944003278],[135.8173525598902,34.98335591101025]],[[135.79784671388006,34.9766643876769],[135.79690102248895,34.9778151168386]],[[135.79690102248895,34.9778151168386],[135.79755454906004,34.97822751688499]],[[135.79755454906004,34.97822751688499],[135.79784671388006,34.9766643876769]],[[135.83640478157452,34.9893357116829],[135.83589733741343,34.989202679409864]],[[135.83594346870078,34.98982127947945],[135.83600497708395,34.990020827889]],[[135.83600497708395,34.990020827889],[135.8372274561993,34.9900607375709]],[[135.8372274561993,34.9900607375709],[135.83640478157452,34.9893357116829]],[[135.79339504464872,34.98423392401224],[135.79339504464872,34.98423392401224]],[[135.79542482129307,34.98534474349203],[135.79445606425827,34.98583696290224]],[[135.79445606425827,34.98583696290224],[135.7953633129099,34.985823659674935]],[[135.8109403109456,34.9644187669446],[135.80857992674174,34.96610162519841]],[[135.80857992674174,34.96610162519841],[135.80628873946898,34.96691977367754]],[[135.80628873946898,34.96691977367754],[135.80633487075636,34.96785099958874],[135.8086798778644,34.96783104474778]],[[135.82754757439923,34.992508531394634],[135.82684791654077,34.99145092482406]],[[135.82684791654077,34.99145092482406],[135.82417999042113,34.99129793771007]],[[135.83289111518638,34.99086558282273],[135.83616643658976,34.99085227959542]],[[135.83616643658976,34.99085227959542],[135.83589733741343,34.990772460231604]],[[135.83589733741343,34.990772460231604],[135.83518999100707,34.990533002140154]],[[135.80282120436826,34.96172486341576],[135.80251366245244,34.96086015364107]],[[135.80249059680875,34.96059408909502],[135.79928447233647,34.961591831142734]],[[135.79928447233647,34.961591831142734],[135.7979312879069,34.96443872178555],[135.79833109239746,34.96552958642439]],[[135.79833109239746,34.96552958642439],[135.80007639276965,34.966853257541025]],[[135.80007639276965,34.966853257541025],[135.8006530338618,34.96655393492671]],[[135.8017986274982,34.965662618697415],[135.80366694463672,34.96310174744161]],[[135.83503622004915,34.986848008177255],[135.83470561248967,34.98710742110966]],[[135.83470561248967,34.98710742110966],[135.8346210384628,34.98867055031775]],[[135.83640478157452,34.9893357116829],[135.83503622004915,34.986848008177255]],[[135.7953710014578,34.98790561474784],[135.79274151807763,34.98918272456891]],[[135.79274151807763,34.98918272456891],[135.79781595968848,34.98891666002285]],[[135.79782364823637,34.98761294374717],[135.79734695826687,34.987519821156056]],[[135.84943687025688,34.984619717604026],[135.8508284974259,34.98414745303477],[135.85514177279512,34.984759401490706],[135.85647189158098,34.98307654323689]],[[135.85647189158098,34.98307654323689],[135.8529197824534,34.9810344978459],[135.8487910322337,34.98120743980083],[135.84679969832882,34.9798970719115]],[[135.8460308435393,34.98350224651058],[135.84943687025688,34.984619717604026]],[[135.80249059680875,34.96059408909502],[135.80216767779714,34.960347979389915]],[[135.80216767779714,34.960347979389915],[135.79928447233647,34.961591831142734]],[[135.82800888727294,34.97440949064906],[135.8282164780661,34.974462703558274]],[[135.8282164780661,34.974462703558274],[135.82989258150727,34.97395718092076]],[[135.8365585525324,34.97265346464508],[135.83712750507667,34.9720481678028]],[[135.83712750507667,34.9720481678028],[135.83668925784661,34.97074445152712]],[[135.83668925784661,34.97074445152712],[135.83189160396003,34.9706646321633],[135.83010017230043,34.96986643852512],[135.8269324905676,34.97109033543699]],[[135.83470561248967,34.98710742110966],[135.8312918972242,34.98732692436016]],[[135.82684022799288,34.971057077368734],[135.82654806317285,34.9704318256855]],[[135.82654806317285,34.9704318256855],[135.8258484053144,34.97000612241181],[135.8209969315925,34.970458432140106]],[[135.83546677873127,34.98597664678892],[135.83503622004915,34.986848008177255]],[[135.8372274561993,34.9900607375709],[135.83764263778562,34.99062612473128]],[[135.8388112970657,34.990353408571565],[135.83968779152576,34.989468743955925]],[[135.83731971877404,34.98676153719979],[135.83546677873127,34.98597664678892]],[[135.8144462887858,34.989807976252145],[135.8189517778524,34.98974146011563]],[[135.83532838486917,34.99941290636483],[135.8351515482676,34.99935969345562]],[[135.85647189158098,34.98307654323689],[135.85625661223992,34.97894589115934],[135.85392698222768,34.97699696835947],[135.8548496079751,34.97514116815072]],[[135.8548496079751,34.97514116815072],[135.85071316920747,34.97374432928392],[135.84948300154426,34.97232088396251],[135.8440856409218,34.97147612902877]],[[135.8440856409218,34.97147612902877],[135.84199435589431,34.97314568405529]],[[135.84199435589431,34.97314568405529],[135.84427016607128,34.97738941356491],[135.84258637408226,34.97995693643436]],[[135.80442811087835,34.96467152826335],[135.80650401881005,34.96175146987037]],[[135.8405873516295,34.98118748495988],[135.83653548688872,34.98481926601357]],[[135.83653548688872,34.98481926601357],[135.83821927887777,34.98493234344564]],[[135.8006453453139,34.976923800609306],[135.79943055474646,34.97821421365769]],[[135.79943055474646,34.97821421365769],[135.79911532428275,34.97890598147744]],[[135.79911532428275,34.97890598147744],[135.79914607847434,34.97914543956889]],[[135.79914607847434,34.97914543956889],[135.80052232854757,34.979418155728595]],[[135.80052232854757,34.979418155728595],[135.80054539419126,34.97930507829652]],[[135.80054539419126,34.97930507829652],[135.80072991934074,34.97821421365769]],[[135.80072991934074,34.97821421365769],[135.80074529643653,34.97814769752117]],[[135.80074529643653,34.97814769752117],[135.80076836208022,34.97800801363449]],[[135.80076836208022,34.97800801363449],[135.8006453453139,34.976923800609306]],[[135.81067121176926,34.961272553687465],[135.81077885143978,34.96280907644095]],[[135.81077885143978,34.96280907644095],[135.8123626923062,34.96277581837269]],[[135.8123626923062,34.96277581837269],[135.8120167076509,34.96123929561921]],[[135.81532278324585,34.99527560267363],[135.8154304229164,34.99560153174255]],[[135.8154304229164,34.99560153174255],[135.81532278324585,34.99527560267363]],[[135.79351806141506,34.97861996209043],[135.79304137144555,34.978207562044034]],[[135.79304137144555,34.978207562044034],[135.7933181591698,34.97878625243171]],[[135.7933181591698,34.97878625243171],[135.79351806141506,34.97861996209043]],[[135.79893079913327,34.985218362832654],[135.79901537316013,34.98755307922431]],[[135.8002070980839,34.987533124383354],[135.80106821544814,34.98737348565572]],[[135.80106821544814,34.98737348565572],[135.80253672809613,34.98737348565572]],[[135.8003070492065,34.95898439859137],[135.79514803356884,34.956982262882285],[135.79140371074388,34.95672284994988]],[[135.79140371074388,34.95672284994988],[135.79124225123806,34.95672284994988]],[[135.79124225123806,34.95672284994988],[135.79111923447175,34.95764077263378],[135.7942484734651,34.95784032104332],[135.79417158798614,34.95968946963842],[135.7953710014578,34.95887132115929],[135.79720856440474,34.95964955995651],[135.79752379486845,34.958332540453526],[135.80023785227547,34.95915068893265]],[[135.80023785227547,34.95915068893265],[135.8003070492065,34.95898439859137]],[[135.80618109979847,34.99322025405534],[135.8057889838558,34.993579441192516]],[[135.8057889838558,34.993579441192516],[135.80447424216572,34.9946636542177]],[[135.80447424216572,34.9946636542177],[135.80415132315412,34.9969784157684]],[[135.80415132315412,34.9969784157684],[135.80616572270267,34.99852159013554]],[[135.80616572270267,34.99852159013554],[135.80788795743118,34.99832204172599]],[[135.80788795743118,34.99832204172599],[135.80668854395952,34.99526229944633]],[[135.80668854395952,34.99526229944633],[135.80618109979847,34.99322025405534]],[[135.80106821544814,34.98737348565572],[135.80228300601559,34.989349014910196]],[[135.8011451009271,34.97773529747478],[135.80106821544814,34.97772864586113]],[[135.80106821544814,34.97772864586113],[135.80093751013393,34.97772199424748]],[[135.80093751013393,34.97772199424748],[135.80076836208022,34.97800801363449]],[[135.80074529643653,34.97814769752117],[135.80072991934074,34.97821421365769]],[[135.80054539419126,34.97930507829652],[135.80173711911502,34.97848027820374]],[[135.80173711911502,34.97848027820374],[135.8011451009271,34.97773529747478]],[[135.80094519868183,34.97875964597711],[135.80094519868183,34.97875964597711]],[[135.79043495370908,34.99475677680882],[135.79018892017643,34.99475012519517]],[[135.79018892017643,34.99475012519517],[135.79068098724173,34.99598732533434]],[[135.79068098724173,34.99598732533434],[135.79043495370908,34.99475677680882]],[[135.8195361074924,34.991770202279326],[135.81898253204398,34.991603911938036]],[[135.81898253204398,34.991603911938036],[135.81865961303237,34.99731099645098]],[[135.81865961303237,34.99731099645098],[135.81864423593657,34.997483938405914]],[[135.81864423593657,34.997483938405914],[135.8193900250824,34.99735755774653]],[[135.8193900250824,34.99735755774653],[135.8195361074924,34.991770202279326]],[[135.81383120495417,34.993492970215044],[135.81257797164727,34.99244201525812]],[[135.81257797164727,34.99244201525812],[135.81257028309938,34.99276794432704]],[[135.81257028309938,34.99276794432704],[135.81383120495417,34.993492970215044]],[[135.8090258625197,34.96121934077825],[135.80877214043915,34.96279577321364]],[[135.80877214043915,34.96279577321364],[135.81089417965822,34.9637602571931]],[[135.81089417965822,34.9637602571931],[135.81077885143978,34.96280907644095]],[[135.79943055474646,34.99779656424753],[135.7996996539228,34.99842181593076]],[[135.7996996539228,34.99842181593076],[135.79943055474646,34.99779656424753]],[[135.7968164484621,34.980329426798846],[135.79661654621682,34.980509020367435]],[[135.79661654621682,34.980509020367435],[135.7968164484621,34.980329426798846]],[[135.84199435589431,34.97314568405529],[135.83712750507667,34.9720481678028]],[[135.80426665137256,34.994770080036126],[135.80391297816936,34.994962976832014]],[[135.80391297816936,34.994962976832014],[135.80426665137256,34.994770080036126]],[[135.81706808361807,34.98494564667295],[135.8187980068945,34.9847194918088]],[[135.80408981477095,34.998049325566285],[135.80411288041464,34.99738416420114]],[[135.80411288041464,34.99738416420114],[135.8027520074372,34.998049325566285]],[[135.8027520074372,34.998049325566285],[135.8028673356556,34.99942620959213]],[[135.8028673356556,34.99942620959213],[135.80489711229995,35.00057028714018],[135.80408981477095,34.998049325566285]],[[135.80281351582036,34.99858810627205],[135.80281351582036,34.99858810627205]],[[135.82090466901778,35.00200038407524],[135.81978214102506,35.00153477111964],[135.81832900547286,35.00279192609976],[135.8189517778524,35.00444152628532],[135.81660677074436,35.00384288105669]],[[135.81660677074436,35.00384288105669],[135.81128629560087,35.00468763599042],[135.81611470367906,35.00279192609976]],[[135.81611470367906,35.00279192609976],[135.81642993414275,35.0024859518718]],[[135.81642993414275,35.0024859518718],[135.81692200120804,35.00196047439333]],[[135.81692200120804,35.00196047439333],[135.8184597107871,35.00021775161665]],[[135.8184597107871,35.00021775161665],[135.81786769259915,35.000044809661716]],[[135.81786769259915,35.000044809661716],[135.81623772044537,35.00078979039068],[135.8131699898352,35.00059689359479]],[[135.8131699898352,35.00059689359479],[135.81117096738245,35.002885048690885],[135.8101099477729,35.00208020343906]],[[135.8101099477729,35.00208020343906],[135.8096332578034,35.00333070680553],[135.80728056214747,35.00276531964516],[135.8047894726294,35.00454130049009]],[[135.8047894726294,35.00454130049009],[135.80489711229995,35.005678726424485],[135.8002070980839,35.00585166837943],[135.7984079778764,35.006949184631914]],[[135.7984079778764,35.006949184631914],[135.80088369029866,35.00778728795199],[135.80343628819986,35.01020182370747],[135.80295190968246,35.01229043039402],[135.8043281597557,35.01457193387647],[135.8107404087003,35.01663393410841],[135.8109172453019,35.01549650817402],[135.8155765053264,35.0149776823092],[135.81779849566811,35.00910430745498],[135.82116607964622,35.0091974300461],[135.82290369147051,35.00787375892946],[135.82272685486893,35.00311120355503],[135.82090466901778,35.00200038407524]],[[135.80788795743118,34.99832204172599],[135.8086798778644,34.99808258363454],[135.80937184717496,34.9951425704006]],[[135.80937184717496,34.9951425704006],[135.80668854395952,34.99526229944633]],[[135.8114016238193,34.991218118346254],[135.8114093123672,34.99141101514215]],[[135.81182449395354,34.99155069902883],[135.81277018534465,34.99149083450596]],[[135.81277018534465,34.99149083450596],[135.81335451498467,34.9914309699831]],[[135.81335451498467,34.9914309699831],[135.8141233697742,34.99184337002949]],[[135.8141233697742,34.99184337002949],[135.81463081393528,34.99257504753115]],[[135.81463081393528,34.99257504753115],[135.81534584888954,34.9925950023721]],[[135.81534584888954,34.9925950023721],[135.81521514357533,34.99117155705069]],[[135.81521514357533,34.99117155705069],[135.81144775510666,34.99120481511895]],[[135.79918452121382,34.99633320924421],[135.79698559651578,34.996699047995044]],[[135.79698559651578,34.996699047995044],[135.7963320699447,34.99808258363454]],[[135.7963320699447,34.99808258363454],[135.79650121799838,34.99880760952255]],[[135.79650121799838,34.99880760952255],[135.79716243311736,34.99870118370413]],[[135.79716243311736,34.99870118370413],[135.7977621398532,34.99800276427072]],[[135.7977621398532,34.99800276427072],[135.79918452121382,34.99633320924421]],[[135.7991998983096,34.993492970215044],[135.79899999606434,34.993519576669655]],[[135.79899999606434,34.993519576669655],[135.7983926007806,34.994543925171975]],[[135.7983926007806,34.994543925171975],[135.7982695840143,34.99506940265044]],[[135.7982695840143,34.99506940265044],[135.79830802675377,34.995109312332346]],[[135.79830802675377,34.995109312332346],[135.79951512877332,34.99453062194467]],[[135.79951512877332,34.99453062194467],[135.7997227195665,34.994484060649114]],[[135.7997227195665,34.994484060649114],[135.80062227967022,34.99429781546687]],[[135.80062227967022,34.99429781546687],[135.80056845983495,34.993293421805504]],[[135.80056845983495,34.993293421805504],[135.7991998983096,34.993492970215044]],[[135.82090466901778,35.00200038407524],[135.8200435516535,35.00062350004939]],[[135.8200435516535,35.00062350004939],[135.818321316925,34.99976544188836]],[[135.818321316925,34.99976544188836],[135.8184597107871,35.00021775161665]],[[135.81692200120804,35.00196047439333],[135.81642993414275,35.0024859518718]],[[135.81611470367906,35.00279192609976],[135.81660677074436,35.00384288105669]],[[135.83653548688872,34.98481926601357],[135.83582045193447,34.98495229828659]],[[135.83582045193447,34.98495229828659],[135.83542833599182,34.985823659674935]],[[135.83542833599182,34.985823659674935],[135.83546677873127,34.98597664678892]],[[135.80056845983495,34.993293421805504],[135.8006914766013,34.99286106691816]],[[135.8006914766013,34.99286106691816],[135.7991998983096,34.993492970215044]],[[135.8346287270107,34.985823659674935],[135.83542833599182,34.985823659674935]],[[135.83582045193447,34.98495229828659],[135.8362279449729,34.98391464655697]],[[135.83201462072634,34.98613628551655],[135.83089978128154,34.98622275649402]],[[135.81593017852958,34.96273590869078],[135.81930545105556,34.96515044444625]],[[135.82023576535087,34.9642258701487],[135.8190594175229,34.962602876417755]],[[135.8440856409218,34.97147612902877],[135.84483143006764,34.96827005124878]],[[135.84483143006764,34.96827005124878],[135.84062579436898,34.96567592192472],[135.83746580118404,34.966447509108285],[135.83585889467395,34.96977996754766]],[[135.83585889467395,34.96977996754766],[135.83668925784661,34.97074445152712]],[[135.80936415862706,34.95396243028453],[135.8085261069065,34.95283830757744],[135.8051354572847,34.953057810827936],[135.80126042914551,34.95562533369739],[135.79962276844384,34.95525284333291],[135.79926909524067,34.953563333465446],[135.79723163004843,34.951641017120174],[135.7950173282546,34.95139490741507],[135.7935795697982,34.95019096534416],[135.79154979315388,34.954388133558226],[135.79124225123806,34.95672284994988]],[[135.79140371074388,34.95672284994988],[135.79176507249494,34.95533931431038],[135.79510190228146,34.9556652433793],[135.79737002391056,34.95723502420104],[135.79869245414852,34.95672284994988],[135.80056845983495,34.95848552756751]],[[135.80056845983495,34.95848552756751],[135.8028673356556,34.95974933416129],[135.80583511514317,34.95968281802477]],[[135.79914607847434,34.97914543956889],[135.79890773348959,34.97981060093403]],[[135.79890773348959,34.97981060093403],[135.7987232083401,34.98085490427731]],[[135.80026860646703,34.980967981709384],[135.80052232854757,34.979418155728595]],[[135.79949975167753,34.980967981709384],[135.79949975167753,34.980967981709384]],[[135.79990724471597,34.97981060093403],[135.79990724471597,34.97981060093403]],[[135.8118706252409,34.992428712030815],[135.81257028309938,34.99276794432704]],[[135.81257797164727,34.99244201525812],[135.81277018534465,34.99149083450596]],[[135.81593017852958,34.96853611579484],[135.81596093272114,34.97006598693467]],[[135.81596093272114,34.97006598693467],[135.81817523451497,34.9699795159572]],[[135.81819061161076,34.969287748137454],[135.81816754596707,34.96853611579484]],[[135.80093751013393,34.97772199424748],[135.80122967495393,34.977302942587436]],[[135.80122967495393,34.977302942587436],[135.8006453453139,34.976923800609306]],[[135.80811092532014,34.96248979898568],[135.80683462636955,34.96190445698435]],[[135.80581973804738,34.96503736701418],[135.80632718220846,34.964817863763685]],[[135.82009737148877,34.973178942123546],[135.8200666172972,34.973192245350845]],[[135.8200666172972,34.973192245350845],[135.82156588413676,34.97521433590089]],[[135.82156588413676,34.97521433590089],[135.82259614955473,34.975207684287234]],[[135.82259614955473,34.975207684287234],[135.82301133114106,34.975227639128185]],[[135.82301133114106,34.975227639128185],[135.82301901968896,34.975227639128185]],[[135.82563312597333,34.99042657632173],[135.8268094738013,34.99132454416468]],[[135.8268094738013,34.99132454416468],[135.8293466946067,34.99090549250464]],[[135.80056845983495,34.95848552756751],[135.8003070492065,34.95898439859137]],[[135.80023785227547,34.95915068893265],[135.80216767779714,34.960347979389915]],[[135.8017986274982,34.97981060093403],[135.800637656766,34.98140698821038]],[[135.8455464650219,34.966573889767666],[135.84483143006764,34.96827005124878]],[[135.8548496079751,34.97514116815072],[135.85260455198969,34.97273993562255],[135.85238927264862,34.97117680641446],[135.85402693335033,34.97080431604998]],[[135.8182982512813,34.97793484588433],[135.81630691737644,34.97697701351852]],[[135.81630691737644,34.97697701351852],[135.81583022740693,34.97697036190487]],[[135.8168681813728,34.97508130362786],[135.81579947321535,34.97500148426404]],[[135.81630691737644,34.97697701351852],[135.8168681813728,34.97508130362786]],[[135.82211945958522,34.96716588338264],[135.82222709925574,34.96597524453903]],[[135.82024345389877,34.96799733508907],[135.82059712710196,34.96915471586442]],[[135.82059712710196,34.96915471586442],[135.82299595404527,34.968802180340894]],[[135.82156588413676,34.97521433590089],[135.81914399154977,34.97508130362786]],[[135.81914399154977,34.97508130362786],[135.81899022059187,34.97790158781607]],[[135.81899022059187,34.97790158781607],[135.8227806747042,34.97798140717988]],[[135.8227806747042,34.97798140717988],[135.82259614955473,34.975207684287234]],[[135.8200666172972,34.973192245350845],[135.8182905627334,34.9741168196484],[135.8157225877364,34.97408356158014]],[[135.8168681813728,34.97508130362786],[135.81912861445397,34.9741567293303],[135.81914399154977,34.97508130362786]],[[135.79661654621682,34.980509020367435],[135.79657041492945,34.98054227843569]],[[135.79657041492945,34.98054227843569],[135.7964781523547,34.98063540102681]],[[135.7984002893285,34.98082164620905],[135.79890773348959,34.97981060093403]],[[135.79914607847434,34.97914543956889],[135.7982465183706,34.97901905890951]],[[135.7982465183706,34.97901905890951],[135.7974238437458,34.978939239545696]],[[135.7974238437458,34.978939239545696],[135.7968164484621,34.980329426798846]],[[135.79758530325162,34.97983055577499],[135.79758530325162,34.97983055577499]],[[135.82301133114106,34.975227639128185],[135.82334193870054,34.97635176183528]],[[135.82635584947548,34.97631185215337],[135.82666339139126,34.97564669078823]],[[135.82783205067136,34.97490836167292],[135.8282164780661,34.974462703558274]],[[135.83585889467395,34.96977996754766],[135.83248362214795,34.96840973513546],[135.8292236778404,34.96580895419775],[135.8279012476024,34.96399971528456],[135.82600217627228,34.964718089558914]],[[135.82600986482018,34.96579565097044],[135.82577151983543,34.96712597370073]],[[135.82654806317285,34.96932765781936],[135.82654806317285,34.9704318256855]],[[135.8094794868455,34.99358609280617],[135.80924883040865,34.992368847507954]],[[135.80712679118957,34.99232228621239],[135.80645019897477,34.99300075080484]],[[135.80645019897477,34.99300075080484],[135.80618109979847,34.99322025405534]],[[135.80937184717496,34.9951425704006],[135.8094794868455,34.99358609280617]],[[135.8123626923062,34.96277581837269],[135.81303928452098,34.96294876032763]],[[135.81303928452098,34.96294876032763],[135.81373125383155,34.963587315238165]],[[135.8316301933316,34.9822118334622],[135.82459517200746,34.98215196893934]],[[135.8182982512813,34.97793484588433],[135.81899022059187,34.97790158781607]],[[135.8159224899817,34.96801063831637],[135.8149537329469,34.968017289930025]],[[135.81429251782788,34.969932954661644],[135.8155765053264,34.97003938048007]],[[135.8155765053264,34.97003938048007],[135.81596093272114,34.97006598693467]],[[135.79963814553963,34.9764049747445],[135.8004761972602,34.974362929353504]],[[135.79313363402028,34.97535401978757],[135.79128069397754,34.976478142494656]],[[135.79128069397754,34.976478142494656],[135.79116536575913,34.97749583938333]],[[135.79116536575913,34.97749583938333],[135.79153441605808,34.97792154265702]],[[135.79153441605808,34.97792154265702],[135.7918265808781,34.97792154265702]],[[135.7918265808781,34.97792154265702],[135.7940793254114,34.97720981999632]],[[135.7940793254114,34.97720981999632],[135.79620905317836,34.97777520715669]],[[135.79620905317836,34.97777520715669],[135.79691639958472,34.97807452977101]],[[135.79691639958472,34.97807452977101],[135.79690102248895,34.9778151168386]],[[135.79784671388006,34.9766643876769],[135.79963814553963,34.9764049747445]],[[135.80198315264767,34.978353897544366],[135.80285195855984,34.97842706529453]],[[135.80299804096984,34.97774194908843],[135.80198315264767,34.978353897544366]],[[135.79830802675377,34.995109312332346],[135.79698559651578,34.996699047995044]],[[135.79918452121382,34.99633320924421],[135.80043006597285,34.99471021551326]],[[135.80043006597285,34.99471021551326],[135.80062227967022,34.994364331603386]],[[135.80062227967022,34.994364331603386],[135.80062227967022,34.99429781546687]],[[135.7997227195665,34.994484060649114],[135.79951512877332,34.99453062194467]],[[135.81819830015866,34.971116941891594],[135.8155380625869,34.971143548346205],[135.8155765053264,34.97003938048007]],[[135.8227806747042,34.97798140717988],[135.8226115266505,34.97979729770673]],[[135.80281351582036,34.9745957358313],[135.80205234957873,34.97370441960201]],[[135.80205234957873,34.97370441960201],[135.80247521971296,34.975167774605325]],[[135.82059712710196,34.96915471586442],[135.82056637291038,34.96916136747807]],[[135.80222149763242,34.99665248669948],[135.8021369236056,34.99705823513222]],[[135.8021369236056,34.99705823513222],[135.80237526859034,34.999353041841964],[135.80087600175077,35.00176757759744],[135.79956126006067,35.0024859518718],[135.79876933962748,35.00516655217333],[135.79788515661951,35.005479178014944]],[[135.79788515661951,35.005479178014944],[135.79798510774216,35.00635719101693]],[[135.79798510774216,35.00635719101693],[135.7984079778764,35.006949184631914]],[[135.8047894726294,35.00454130049009],[135.80263667921875,35.00085630652719],[135.8028673356556,34.99942620959213]],[[135.8027520074372,34.998049325566285],[135.80222149763242,34.99665248669948]],[[135.80206772667452,34.990313498889655],[135.80206772667452,34.99026028598045]],[[135.8016064138008,34.99059951827667],[135.80194470990818,34.99080571829987]],[[135.81739869117754,34.98123404625544],[135.82307283952423,34.981167530118924]],[[135.82684791654077,34.99145092482406],[135.8268094738013,34.99132454416468]],[[135.80415132315412,34.9969784157684],[135.80411288041464,34.99738416420114]],[[135.80408981477095,34.998049325566285],[135.80616572270267,34.99852159013554]],[[135.80375151866357,34.98140033659673],[135.8038437812383,34.98249120123556]],[[135.8038437812383,34.98249120123556],[135.80618878834633,34.982724007713365]],[[135.81534584888954,34.9925950023721],[135.8158917357901,34.99383220251127]],[[135.8158917357901,34.99383220251127],[135.81597630981693,34.993838854124924]],[[135.81597630981693,34.993838854124924],[135.8168374271812,34.99369251862459]],[[135.8168374271812,34.99369251862459],[135.81629922882854,34.9912114667326]],[[135.81629922882854,34.9912114667326],[135.81521514357533,34.99117155705069]],[[135.83589733741343,34.990772460231604],[135.83600497708395,34.990020827889]],[[135.81800608646128,34.994523970331024],[135.8180906604881,34.99411157028463]],[[135.8180906604881,34.99411157028463],[135.8174755766565,34.99400514446621]],[[135.8174755766565,34.99400514446621],[135.81717572328859,34.9939652347843]],[[135.81717572328859,34.9939652347843],[135.8178369384076,34.995009538127576]],[[135.8178369384076,34.995009538127576],[135.81800608646128,34.994523970331024]],[[135.79635513558839,34.97953123316067],[135.7959860852894,34.97793484588433]],[[135.7959860852894,34.97793484588433],[135.79562472353834,34.97836054915802]],[[135.79562472353834,34.97836054915802],[135.79526336178725,34.9787463427498]],[[135.79526336178725,34.9787463427498],[135.7933181591698,34.97878625243171]],[[135.79304137144555,34.978207562044034],[135.79239553342234,34.97832729108976]],[[135.79239553342234,34.97832729108976],[135.792933731775,34.980023452570876]],[[135.792933731775,34.980023452570876],[135.79238784487444,34.98062874941316]],[[135.79238784487444,34.98062874941316],[135.79362570108557,34.9808149945954]],[[135.79362570108557,34.9808149945954],[135.79491737713198,34.98138703336942],[135.79607834786415,34.9803493816398]],[[135.79607834786415,34.9803493816398],[135.79607834786415,34.98031612357154]],[[135.79607834786415,34.98031612357154],[135.79635513558839,34.97953123316067]],[[135.8038437812383,34.98249120123556],[135.80329020578986,34.984433472421784]],[[135.80329020578986,34.984433472421784],[135.8035669935141,34.98484587246817]],[[135.80380533849885,34.985504382219666],[135.80377458430726,34.98591013065241]],[[135.80228300601559,34.97911218150063],[135.80218305489294,34.97942480734225]],[[135.79933060362382,34.96914141263712],[135.7977852054969,34.96895516745488],[135.7969471537763,34.970518296662966]],[[135.81390040188523,34.99370582185189],[135.81383120495417,34.993492970215044]],[[135.81257028309938,34.99276794432704],[135.81179373976195,34.99506940265044],[135.81296239904202,34.997869731997696],[135.8131699898352,35.00059689359479]],[[135.81786769259915,35.000044809661716],[135.81771392164126,34.99825552558948]],[[135.81771392164126,34.99825552558948],[135.8173218056986,34.99737086097384]],[[135.8173218056986,34.99737086097384],[135.8154073572727,34.996353164085164]],[[135.8154073572727,34.996353164085164],[135.81390040188523,34.99370582185189]],[[135.80007639276965,34.966853257541025],[135.80089906739445,34.966713573654346]],[[135.7989000449417,34.9925816991448],[135.79890773348959,34.992229163621275]],[[135.79890773348959,34.992229163621275],[135.79884622510642,34.992102782961894]],[[135.79884622510642,34.992102782961894],[135.79896155332486,34.99197640230252]],[[135.79896155332486,34.99197640230252],[135.7977621398532,34.99139771191484],[135.7987462739838,34.99004078272995]],[[135.7987462739838,34.99004078272995],[135.79879240527117,34.98910955681875]],[[135.79274151807763,34.98918272456891],[135.79078093836435,34.990579563435716],[135.7902273629159,34.993379892782976]],[[135.7902273629159,34.993379892782976],[135.79043495370908,34.99475677680882]],[[135.79068098724173,34.99598732533434],[135.79091933222648,34.997364209360185]],[[135.79091933222648,34.997364209360185],[135.79206492586286,34.997483938405914],[135.7921494998897,34.99956589347881],[135.79319514240345,34.99944616443309]],[[135.79319514240345,34.99944616443309],[135.79622443027415,34.997344254519234],[135.7982695840143,34.99506940265044]],[[135.7983926007806,34.994543925171975],[135.7989000449417,34.9925816991448]],[[135.8431476380786,34.99014720854837],[135.84606159773088,34.99109173768688]],[[135.8492292794637,34.987074163041406],[135.84943687025688,34.984619717604026]],[[135.81949766475296,34.98972815688833],[135.81948228765717,34.99056626020841]],[[135.81948228765717,34.99056626020841],[135.81970525554613,34.991317892551024]],[[135.81970525554613,34.991317892551024],[135.8200281745577,34.99132454416468]],[[135.8200281745577,34.99132454416468],[135.820374159213,34.99133784739198]],[[135.80329020578986,34.984433472421784],[135.8025751708356,34.98340247230581]],[[135.7902273629159,34.993379892782976],[135.79018892017643,34.99475012519517]],[[135.7918265808781,34.97792154265702],[135.79239553342234,34.97832729108976]],[[135.79351806141506,34.97861996209043],[135.7940793254114,34.97720981999632]],[[135.7964781523547,34.982943510963864],[135.79337197900503,34.983382517464854]],[[135.79337197900503,34.983382517464854],[135.79170356411177,34.983987814307135],[135.79357188125033,34.986103027448294],[135.79445606425827,34.98583696290224]],[[135.79417158798614,34.984413517580826],[135.79417158798614,34.984413517580826]],[[135.79899999606434,34.993519576669655],[135.7989000449417,34.9925816991448]],[[135.7980850588648,34.966208051016835],[135.7954786411283,34.96523691542372],[135.79201879457548,34.96564931547011],[135.78914327766267,34.96733882533758],[135.78837442287315,34.971057077368734],[135.78659067976147,34.97407690996649],[135.78829753739421,34.976557961858475],[135.78676751636306,34.97881951049997],[135.7884743739958,34.97993032997976]],[[135.7884743739958,34.97993032997976],[135.79036575677802,34.979497975092414],[135.792933731775,34.980023452570876]],[[135.79153441605808,34.97792154265702],[135.79116536575913,34.97749583938333]],[[135.79128069397754,34.976478142494656],[135.79068098724173,34.97440283903541],[135.79576311740044,34.96978661916131],[135.79640126687576,34.968203535112266],[135.79831571530167,34.96737873501949],[135.7980850588648,34.966208051016835]],[[135.83616643658976,34.99085227959542],[135.83761188359404,34.990838976368124]],[[135.80584280369106,34.96669361881339],[135.80628873946898,34.96691977367754]],[[135.80857992674174,34.96610162519841],[135.80859530383754,34.9648976831275]],[[135.7884743739958,34.97993032997976],[135.78931242571636,34.98217192378029]],[[135.78931242571636,34.98217192378029],[135.79075018417277,34.9805821881176],[135.79238784487444,34.98062874941316]],[[135.79381022623508,34.9815001108015],[135.79362570108557,34.9808149945954]],[[135.78931242571636,34.98217192378029],[135.78968147601535,34.98330934971469],[135.79238784487444,34.98134712368751],[135.79381022623508,34.9815001108015]],[[135.79958432570436,34.98940222781941],[135.79963814553963,34.990213724684885]],[[135.79963814553963,34.990213724684885],[135.79977653940173,34.99059951827667]],[[135.79977653940173,34.99059951827667],[135.79994568745545,34.99056626020841]],[[135.79994568745545,34.99056626020841],[135.80049926290388,34.98990775045692]],[[135.8195361074924,34.991770202279326],[135.8200127974619,34.99153074418787]],[[135.8200127974619,34.99153074418787],[135.8200281745577,34.99132454416468]],[[135.81970525554613,34.991317892551024],[135.81739100262965,34.991238073187205]],[[135.81739100262965,34.991238073187205],[135.81739869117754,34.99159060871074]],[[135.81739869117754,34.99159060871074],[135.81805990629655,34.991723640983764]],[[135.81805990629655,34.991723640983764],[135.81898253204398,34.991603911938036]],[[135.81303928452098,34.96294876032763],[135.81333144934098,34.96487107667289]],[[135.79977653940173,34.99059951827667],[135.79896155332486,34.99197640230252]],[[135.79884622510642,34.992102782961894],[135.79890773348959,34.992229163621275]],[[135.8006914766013,34.99286106691816],[135.80103746125656,34.99125137641451]],[[135.80103746125656,34.99125137641451],[135.79994568745545,34.99056626020841]],[[135.79999181874282,34.991224769959906],[135.79999181874282,34.991224769959906]],[[135.80344397674776,34.992089479734595],[135.80339784546038,34.992189253939365]],[[135.80339784546038,34.992189253939365],[135.80344397674776,34.992089479734595]],[[135.81390040188523,34.99370582185189],[135.81463081393528,34.99257504753115]],[[135.8141233697742,34.99184337002949],[135.81335451498467,34.9914309699831]],[[135.79272614098184,35.00140173884661],[135.79213412279393,35.00242608734893]],[[135.79213412279393,35.00242608734893],[135.79201879457548,35.00268550028134]],[[135.79201879457548,35.00268550028134],[135.79272614098184,35.00140173884661]],[[135.79201879457548,35.00268550028134],[135.7919957289318,35.00268550028134]],[[135.7919957289318,35.00268550028134],[135.79111923447175,35.00524637153714]],[[135.79111923447175,35.00524637153714],[135.79116536575913,35.00704230722303],[135.79547095258044,35.005705332879096],[135.79574774030465,35.00772742342913],[135.79798510774216,35.00635719101693]],[[135.79788515661951,35.005479178014944],[135.79464827795564,35.00454130049009],[135.79572467466096,35.00286509384993],[135.79624749591784,34.99981200318392]],[[135.79624749591784,34.99981200318392],[135.79650121799838,34.99880760952255]],[[135.7963320699447,34.99808258363454],[135.79371796366033,34.999519332183255]],[[135.79371796366033,34.999519332183255],[135.79272614098184,35.00140173884661]],[[135.79607834786415,34.98031612357154],[135.79635513558839,34.97953123316067]],[[135.8144462887858,34.989807976252145],[135.81521514357533,34.99117155705069]],[[135.81629922882854,34.9912114667326],[135.81739100262965,34.991238073187205]],[[135.81739100262965,34.991238073187205],[135.81948228765717,34.99056626020841]],[[135.81340833481994,34.959077521182486],[135.81406954993892,34.95472071424079],[135.81088649111032,34.95561868208374]],[[135.80206772667452,34.97345165828325],[135.80205234957873,34.97370441960201]],[[135.81802146355707,34.99735755774653],[135.8181137261318,34.9969917189957]],[[135.8181137261318,34.9969917189957],[135.81742175682123,34.99658597056297]],[[135.81742175682123,34.99658597056297],[135.8173218056986,34.99737086097384]],[[135.81771392164126,34.99825552558948],[135.81779849566811,34.99826217720313]],[[135.81779849566811,34.99826217720313],[135.81802146355707,34.99735755774653]],[[135.79755454906004,34.97822751688499],[135.79750841777266,34.978473626590095]],[[135.79750841777266,34.978473626590095],[135.7974238437458,34.978939239545696]],[[135.7982465183706,34.97901905890951],[135.79911532428275,34.97890598147744]],[[135.79943055474646,34.97821421365769],[135.79963814553963,34.9764049747445]],[[135.8193900250824,34.99735755774653],[135.81971294409402,34.99810253847549]],[[135.81971294409402,34.99810253847549],[135.82025114244666,34.99443749935355],[135.8200127974619,34.99153074418787]],[[135.80651170735794,34.99230233137144],[135.80645019897477,34.99300075080484]],[[135.79716243311736,34.99870118370413],[135.79624749591784,34.99981200318392]],[[135.8021369236056,34.99705823513222],[135.80099132996918,34.99687864156363]],[[135.80099132996918,34.99687864156363],[135.79943055474646,34.99779656424753]],[[135.7996996539228,34.99842181593076],[135.79960739134805,35.00110241623229],[135.79818500998744,35.00051042261732],[135.7977621398532,34.99800276427072]],[[135.81971294409402,34.99810253847549],[135.8200127974619,34.99942620959213]],[[135.8200127974619,34.99942620959213],[135.82012812568036,34.99942620959213]],[[135.82012812568036,34.99942620959213],[135.82103537433198,34.99731099645098],[135.8206970782246,34.99547515108318]],[[135.8158917357901,34.99383220251127],[135.81532278324585,34.99527560267363]],[[135.8154304229164,34.99560153174255],[135.8154073572727,34.996353164085164]],[[135.81742175682123,34.99658597056297],[135.81766010180598,34.995654744651766]],[[135.81766010180598,34.995654744651766],[135.81597630981693,34.993838854124924]],[[135.80135269172027,34.99622678342579],[135.80099132996918,34.99687864156363]],[[135.80222149763242,34.99665248669948],[135.80135269172027,34.99622678342579]],[[135.7987462739838,34.99004078272995],[135.79963814553963,34.990213724684885]],[[135.81865961303237,34.99731099645098],[135.81802146355707,34.99735755774653]],[[135.81779849566811,34.99826217720313],[135.81807528339235,34.99944616443309]],[[135.81807528339235,34.99944616443309],[135.8185827275534,34.99943286120578]],[[135.8185827275534,34.99943286120578],[135.81864423593657,34.997483938405914]],[[135.81739869117754,34.99159060871074],[135.8174755766565,34.99400514446621]],[[135.8180906604881,34.99411157028463],[135.81805990629655,34.991723640983764]],[[135.79526336178725,34.9787463427498],[135.79562472353834,34.97836054915802]],[[135.7959860852894,34.97793484588433],[135.79620905317836,34.97777520715669]],[[135.81028678437448,34.992388802348906],[135.8094794868455,34.99358609280617]],[[135.80788795743118,34.99832204172599],[135.8101099477729,35.00208020343906]],[[135.8178369384076,34.995009538127576],[135.81766010180598,34.995654744651766]],[[135.8181137261318,34.9969917189957],[135.81800608646128,34.994523970331024]],[[135.80235220294665,34.975746464993],[135.80122967495393,34.977302942587436]],[[135.80106821544814,34.97772864586113],[135.8011451009271,34.97773529747478]],[[135.80173711911502,34.97848027820374],[135.80198315264767,34.978353897544366]],[[135.79371796366033,34.999519332183255],[135.79319514240345,34.99944616443309]],[[135.79091933222648,34.997364209360185],[135.78769014211048,35.00129531302819],[135.78659836830937,35.00578515224291],[135.78856663657055,35.00742144920117],[135.79008896905378,35.00744805565577],[135.79111923447175,35.00524637153714]],[[135.7919957289318,35.00268550028134],[135.79213412279393,35.00242608734893]],[[135.80339784546038,34.992189253939365],[135.80361312480144,34.993679215397286]],[[135.80361312480144,34.993679215397286],[135.8057889838558,34.993579441192516]],[[135.80360543625355,34.991723640983764],[135.80344397674776,34.992089479734595]],[[135.81717572328859,34.9939652347843],[135.8168374271812,34.99369251862459]],[[135.80043006597285,34.99471021551326],[135.80062227967022,34.994364331603386]],[[135.80103746125656,34.99125137641451],[135.8011451009271,34.99030684727601]],[[135.79657041492945,34.98054227843569],[135.79607834786415,34.9803493816398]],[[135.79381022623508,34.9815001108015],[135.79337197900503,34.983382517464854]],[[135.80361312480144,34.993679215397286],[135.80340553400828,34.995229041378074]],[[135.80340553400828,34.995229041378074],[135.80391297816936,34.994962976832014]],[[135.80426665137256,34.994770080036126],[135.80447424216572,34.9946636542177]],[[135.80340553400828,34.995229041378074],[135.80135269172027,34.99622678342579]],[[135.79691639958472,34.97807452977101],[135.79750841777266,34.978473626590095]],[[135.79833109239746,34.96552958642439],[135.7980850588648,34.966208051016835]],[[135.8200127974619,34.99942620959213],[135.8185827275534,34.99943286120578]],[[135.81807528339235,34.99944616443309],[135.818321316925,34.99976544188836]],[[135.8200435516535,35.00062350004939],[135.82012812568036,34.99942620959213]]]}