{"type":"Topology","bbox":[135.40050482950946,34.54561653719868,135.50247805113506,34.60851334644983],"objects":{"town":{"type":"GeometryCollection","geometries":[{"type":"MultiPolygon","arcs":[[[5,8,0,1,2,3,9,10,7]]],"properties":{"name":"浅香山町"}},{"type":"MultiPolygon","arcs":[[[13,-51,-19,63,60,61,64,11,15,16,17]]],"properties":{"name":"旭ケ丘中町"}},{"type":"MultiPolygon","arcs":[[[69,52,20,67,65,66,-64,18,50,-14,-18,72,73]]],"properties":{"name":"旭ケ丘北町"}},{"type":"MultiPolygon","arcs":[[[198,199,70,29,22,23,-16,-12,-65,-62]]],"properties":{"name":"旭ケ丘南町"}},{"type":"MultiPolygon","arcs":[[[222,28,25,26,221,205,206,207,208]]],"properties":{"name":"綾之町西"}},{"type":"Polygon","arcs":[[31,32,-24,33,34,35,36,37,38,39,40,41,42,43]],"properties":{"name":"石津北町"}},{"type":"MultiPolygon","arcs":[[[47,48,244,242,243,44,45,218,219,-158,220]]],"properties":{"name":"市之町西"}},{"type":"MultiPolygon","arcs":[[[214,-38,-37,191,192,59,53,54,55,241]]],"properties":{"name":"石津町"}},{"type":"Polygon","arcs":[[74,75,76]],"properties":{"name":"旭通"}},{"type":"MultiPolygon","arcs":[[[121,122,123,580,78,87,88,89,80,581,125,126,127]]],"properties":{"name":"大町東"}},{"type":"MultiPolygon","arcs":[[[85,86,81,82,-42,-41,-40,94,95,96,97]]],"properties":{"name":"老松町"}},{"type":"MultiPolygon","arcs":[[[-89,550,551,91,577,578,579,-566,93,-445]]],"properties":{"name":"大町西"}},{"type":"MultiPolygon","arcs":[[[106,141,142,143,144,100,101,112,108,109,110,111,98,140,103,104,537,538]]],"properties":{"name":"大浜北町"}},{"type":"MultiPolygon","arcs":[[[-99,-112,-111,657,658,-637,113,-536,-646,-583,-104,-141]]],"properties":{"name":"大浜中町"}},{"type":"MultiPolygon","arcs":[[[558,559,622,623,620,621,173,174,118,119,612,613,614,628]]],"properties":{"name":"榎元町"}},{"type":"MultiPolygon","arcs":[[[665,663,664,594,-386,-461,128,-460,589]]],"properties":{"name":"遠里小野町"}},{"type":"MultiPolygon","arcs":[[[134,138,139,611,606,607,602,-466,603,604,610,137,132,547,-540,-411]]],"properties":{"name":"戎之町東"}},{"type":"MultiPolygon","arcs":[[[555,157,158,161,162,163,153,154,155,150,151,164,165,160,147,148,149,-423,-550,556]]],"properties":{"name":"戎島町"}},{"type":"MultiPolygon","arcs":[[[200,201,274,186,256,255,250,251,252,253,166,167,168,169,257,188,275,203,-2]]],"properties":{"name":"今池町"}},{"type":"MultiPolygon","arcs":[[[212,249,247,179,180,268,264,265,266,267,177,245,248,210,262,-243,263]]],"properties":{"name":"市之町東"}},{"type":"MultiPolygon","arcs":[[[258,259,260,184,563,561,554,272,278,279,276,-234,277,269,270,552,562,182,261]]],"properties":{"name":"永代町"}},{"type":"MultiPolygon","arcs":[[[215,216,195,196,-26,197,193,217]]],"properties":{"name":"綾之町東"}},{"type":"Polygon","arcs":[[223,224,225,226,227,228,229,230,231,232,233,234,235,236,237,238,239,240]],"properties":{"name":"一条通"}},{"type":"MultiPolygon","arcs":[[[-316,398,399,502,281,282,283,503,401]]],"properties":{"name":"九間町西"}},{"type":"MultiPolygon","arcs":[[[668,517,285,286,438,-73,-17,-33,-32,-44,666,667,317,318,319,320,321,322]]],"properties":{"name":"協和町"}},{"type":"MultiPolygon","arcs":[[[307,308,289,314,315,316,291,309,310]]],"properties":{"name":"九間町東"}},{"type":"MultiPolygon","arcs":[[[294,426,-168,425,292,-370,521,522,523]]],"properties":{"name":"錦綾町"}},{"type":"MultiPolygon","arcs":[[[372,415,416,618,630,300,312,598,304,305,306,302,597,311,296,297,298,629,616,617,418,413,414,374,375,376,377]]],"properties":{"name":"北三国ケ丘町"}},{"type":"Polygon","arcs":[[-228,324,-77,325,326,327]],"properties":{"name":"京町通"}},{"type":"Polygon","arcs":[[328,329,330,-155,331]],"properties":{"name":"北波止町"}},{"type":"Polygon","arcs":[[332,333,-123,334,335,336]],"properties":{"name":"北安井町"}},{"type":"MultiPolygon","arcs":[[[338,339,345,342,343,344,341,433,434,435,436,437]]],"properties":{"name":"北花田口町"}},{"type":"MultiPolygon","arcs":[[[468,469,347,348,349,-363]]],"properties":{"name":"北旅籠町東"}},{"type":"MultiPolygon","arcs":[[[527,-507,528,-253,-252,-251,647,648,646,350,529]]],"properties":{"name":"北田出井町"}},{"type":"MultiPolygon","arcs":[[[506,507,508,353,354,355,509]]],"properties":{"name":"北向陽町"}},{"type":"MultiPolygon","arcs":[[[359,360,505,-448,504,357,543,544,545,546]]],"properties":{"name":"北清水町"}},{"type":"Polygon","arcs":[[362,-350,363,364,365,366]],"properties":{"name":"北半町東"}},{"type":"MultiPolygon","arcs":[[[515,510,371,367,-311,368,369,-293,-426,-167,-254]]],"properties":{"name":"北庄町"}},{"type":"MultiPolygon","arcs":[[[609,608,532,634,633,380,524,525,526,-148,-161,-166,-165,-152,-151,-156,-331,494,495,496]]],"properties":{"name":"神南辺町"}},{"type":"MultiPolygon","arcs":[[[-189,-258,-170,446,447,448,449,450,458,459,-129,460,385,386,-10,-4,-3,-204,-276]]],"properties":{"name":"香ケ丘町"}},{"type":"Polygon","arcs":[[387,388,389,390,391,392]],"properties":{"name":"北丸保園"}},{"type":"MultiPolygon","arcs":[[[649,659,660,661,439,396,397,393,394,440,441,662,651,652,653]]],"properties":{"name":"春日通"}},{"type":"MultiPolygon","arcs":[[[430,431,429,404,-349,402,427,432]]],"properties":{"name":"北旅籠町西"}},{"type":"MultiPolygon","arcs":[[[406,407,499,500,501,497,-54,-60,-193,656,588]]],"properties":{"name":"霞ケ丘町"}},{"type":"MultiPolygon","arcs":[[[-436,794,-608,-607,-612,-140,-139,-135,410,411,412,-782,-921,796]]],"properties":{"name":"櫛屋町東"}},{"type":"Polygon","arcs":[[419,-412,420,421,422,-150,423,424]],"properties":{"name":"櫛屋町西"}},{"type":"MultiPolygon","arcs":[[[-46,-45,-244,443,444,-94,565,566,-219]]],"properties":{"name":"甲斐町西"}},{"type":"MultiPolygon","arcs":[[[470,-283,471,640,475,654,479,491,455,456,457,492,490,481,655,477,641,642,473,474]]],"properties":{"name":"海山町"}},{"type":"MultiPolygon","arcs":[[[518,463,464,465,466,519,520]]],"properties":{"name":"北瓦町"}},{"type":"MultiPolygon","arcs":[[[575,-572,-128,-127,-126,-582,-81,-90,-444,-263,-211,-249,-246,-178,-268,-267]]],"properties":{"name":"甲斐町東"}},{"type":"MultiPolygon","arcs":[[[569,486,487,488,625,626,627,624,484,567,599,600,601]]],"properties":{"name":"柏木町"}},{"type":"Polygon","arcs":[[512,-364,-405,-430,-432,513,514]],"properties":{"name":"北半町西"}},{"type":"MultiPolygon","arcs":[[[535,-114,636,637,638,639,635,533,643,644,-584,645]]],"properties":{"name":"大浜南町"}},{"type":"MultiPolygon","arcs":[[[-421,539,540,541,548,549,-422]]],"properties":{"name":"戎之町西"}},{"type":"MultiPolygon","arcs":[[[631,570,-335,-122,571,572,573,632,-237]]],"properties":{"name":"翁橋町"}},{"type":"Polygon","arcs":[[-538,-105,582,583,584,585,586]],"properties":{"name":"大浜西町"}},{"type":"Polygon","arcs":[[-55,-498,596]],"properties":{"name":"神石市之町"}},{"type":"MultiPolygon","arcs":[[[-706,-714,675,-259,669,670,671,672,673,735,901,902,895,-689,-775,-862]]],"properties":{"name":"新在家町東"}},{"type":"MultiPolygon","arcs":[[[881,812,805,679,-870,904,905,903,676,677,806,803,810,-97,-96,807,808]]],"properties":{"name":"昭和通"}},{"type":"MultiPolygon","arcs":[[[828,-29,-223,-209,-935,-433,-428,-403]]],"properties":{"name":"桜之町西"}},{"type":"MultiPolygon","arcs":[[[-885,772,687,688,683,684,685,770,921,951,952,-638,-659,-822]]],"properties":{"name":"新在家町西"}},{"type":"MultiPolygon","arcs":[[[-9,-6,947,693,-306,689,753,-201,-1]]],"properties":{"name":"東雲西町"}},{"type":"MultiPolygon","arcs":[[[919,-437,-797,920,781,-413,695,696,782,-836,-918]]],"properties":{"name":"車之町東"}},{"type":"MultiPolygon","arcs":[[[-79,-581,-124,-334,763,764,699,825,826,948,-798,-88]]],"properties":{"name":"宿院町東"}},{"type":"MultiPolygon","arcs":[[[-503,-400,-399,888,889,700,701,818,819,820,-282]]],"properties":{"name":"神明町西"}},{"type":"MultiPolygon","arcs":[[[777,-260,-676,713,705,861,-774,862,863,707,714,778,779]]],"properties":{"name":"少林寺町東"}},{"type":"MultiPolygon","arcs":[[[-848,918,792,912,913,850,848,708,761,-753]]],"properties":{"name":"向陵中町"}},{"type":"MultiPolygon","arcs":[[[729,-355,730,731,732,754,755,716,717,718,756,734]]],"properties":{"name":"宿屋町東"}},{"type":"MultiPolygon","arcs":[[[916,917,835,-783,-697,720,-717,-756,-755,-733,-732]]],"properties":{"name":"材木町東"}},{"type":"Polygon","arcs":[[-515,721,722,723,724]],"properties":{"name":"七道西町"}},{"type":"MultiPolygon","arcs":[[[726,727,923,758,759,760,-626,-489,-488,-487,-570,-602,789,790]]],"properties":{"name":"楠町"}},{"type":"MultiPolygon","arcs":[[[743,844,842,936,957,958,740,741,953,954,955,852,839,933,-722,-514,-431,934,-208,932,-474,-643,-642,-478,-656,-482,-491,-493,-458,745,746]]],"properties":{"name":"三宝町"}},{"type":"MultiPolygon","arcs":[[[911,846,847,752,747,748,749,-621,-624,-623,-560,815,816]]],"properties":{"name":"向陵西町"}},{"type":"MultiPolygon","arcs":[[[769,-245,-49,-48,-221,-556,-557,-549,-542,-541]]],"properties":{"name":"熊野町西"}},{"type":"MultiPolygon","arcs":[[[-133,-138,-611,-605,-604,-465,882,-269,-181,-180,-248,-250,-213,-264,-770,-548]]],"properties":{"name":"熊野町東"}},{"type":"MultiPolygon","arcs":[[[885,787,776,773,774,-688,-773,884,821,-658,822]]],"properties":{"name":"少林寺町西"}},{"type":"MultiPolygon","arcs":[[[-696,-420,-425,-424,-149,-527,783,887,-900]]],"properties":{"name":"車之町西"}},{"type":"MultiPolygon","arcs":[[[-578,-92,-552,-551,797,798,799,949,950,928,930,931,-579]]],"properties":{"name":"宿院町西"}},{"type":"MultiPolygon","arcs":[[[-290,-309,-308,-368,801,-735,-757,-719,-889,-315]]],"properties":{"name":"神明町東"}},{"type":"MultiPolygon","arcs":[[[-470,-546,-218,-194,-198,-829,-348]]],"properties":{"name":"桜之町東"}},{"type":"MultiPolygon","arcs":[[[-162,-159,-220,-567,829,938,-143,939,-163]]],"properties":{"name":"栄橋町"}},{"type":"Polygon","arcs":[[-457,831,-496,832,833]],"properties":{"name":"塩浜町"}},{"type":"MultiPolygon","arcs":[[[-718,-901,-898,836,837,-820,-819,-702,-701,-890]]],"properties":{"name":"宿屋町西"}},{"type":"Polygon","arcs":[[853,854,855,856,-240,857,-120,858,859,860]],"properties":{"name":"五月町"}},{"type":"Polygon","arcs":[[864,865,-856,866]],"properties":{"name":"三条通"}},{"type":"MultiPolygon","arcs":[[[-397,-440,-662,-661,-660,-650,-654,868,869,-680,-806,-813,-882,-809,1080,-398]]],"properties":{"name":"菅原通"}},{"type":"Polygon","arcs":[[-226,870,871,872,873,874,875,-326,-76,876]],"properties":{"name":"御陵通"}},{"type":"MultiPolygon","arcs":[[[879,883,877,940,-851,-914,941]]],"properties":{"name":"向陵東町"}},{"type":"Polygon","arcs":[[-227,-877,-75,-325]],"properties":{"name":"神保通"}},{"type":"Polygon","arcs":[[890,-231,891,-670,-262,892,893]],"properties":{"name":"幸通"}},{"type":"MultiPolygon","arcs":[[[897,900,-721,899,-888,-784,-526,-837]]],"properties":{"name":"材木町西"}},{"type":"Polygon","arcs":[[906,907,908,909]],"properties":{"name":"五条通"}},{"type":"Polygon","arcs":[[914,-238,-633,-574,915]],"properties":{"name":"新町"}},{"type":"Polygon","arcs":[[924,-861,925,926]],"properties":{"name":"七条通"}},{"type":"Polygon","arcs":[[942,-867,-855,943,-908]],"properties":{"name":"四条通"}},{"type":"Polygon","arcs":[[-366,944,945,-664,946]],"properties":{"name":"七道東町"}},{"type":"MultiPolygon","arcs":[[[-449,-506,-361,-360,-547,-469,960,-972,980,1016]]],"properties":{"name":"高須町"}},{"type":"MultiPolygon","arcs":[[[972,-759,-924,-728,973,962,963,-1122,1138,1156,1023,-1252,-1244,-1213,-1105,-1255,-1123,-976,-975,-1138,-905,-869,-653]]],"properties":{"name":"西湊町"}},{"type":"MultiPolygon","arcs":[[[-225,1030,-439,-287,-286,-518,-669,-323,-322,996,997,-978,998,999,1000,1075,-875,-874,-873,-872,-871]]],"properties":{"name":"大仙西町"}},{"type":"MultiPolygon","arcs":[[[-563,-553,-271,-270,-278,-233,-232,-891,-894,-893,-183]]],"properties":{"name":"賑町"}},{"type":"MultiPolygon","arcs":[[[-451,-450,-1017,-981,971,-961,-367,-947,-666,-590,-459]]],"properties":{"name":"砂道町"}},{"type":"MultiPolygon","arcs":[[[977,-998,-997,-321,-320,-1212,1133,-807,-678,-677,-904,-906,1137,974,975,1122,1123,-1090,-1046,-1114,-999]]],"properties":{"name":"東湊町"}},{"type":"MultiPolygon","arcs":[[[1248,-1222,-764,-333,-337,-336,-571,-632,-236,1011,1012,1010,982,983,-1070]]],"properties":{"name":"中安井町"}},{"type":"MultiPolygon","arcs":[[[987,988,-1201,-475,-933,-207,-206,-222,-27,-1027,1232]]],"properties":{"name":"錦之町西"}},{"type":"Polygon","arcs":[[-622,991,-391,992,-174]],"properties":{"name":"東永山園"}},{"type":"MultiPolygon","arcs":[[[1129,-1194,1173,-1035,1182,-1056,994,-1059,-1226,1249,-375,-415,-414,-419,-618,-617,-630,-299,-298,-297,-312,-598,-303,1131]]],"properties":{"name":"中三国ケ丘町"}},{"type":"MultiPolygon","arcs":[[[-929,-951,-950,-800,1274,-1062,-1186,1042,1002,-1067,-109,-931]]],"properties":{"name":"中之町西"}},{"type":"MultiPolygon","arcs":[[[1007,1008,-959,-958,1115,1116,1117]]],"properties":{"name":"松屋町"}},{"type":"MultiPolygon","arcs":[[[1211,-319,-318,-668,-667,-43,-83,-82,-87,-86,-98,-811,-804,-1134]]],"properties":{"name":"高砂町"}},{"type":"MultiPolygon","arcs":[[[1230,-501,-500,-408,-407,-589,-657,-192,1014,1250,-1144,1177,1178]]],"properties":{"name":"南陵町"}},{"type":"Polygon","arcs":[[-305,-599,-313,-301,-631,1017,1018,-648,-256,-257,-187,-275,-202,-754,-690]],"properties":{"name":"田出井町"}},{"type":"MultiPolygon","arcs":[[[-196,-217,-523,1019,1025,1026,-197]]],"properties":{"name":"錦之町東"}},{"type":"MultiPolygon","arcs":[[[1028,-932,-113,-102,-101,-145,1157]]],"properties":{"name":"住吉橋町"}},{"type":"MultiPolygon","arcs":[[[1031,-265,-883,-464,-519,1201,1202]]],"properties":{"name":"中瓦町"}},{"type":"MultiPolygon","arcs":[[[1058,-995,1055,-1183,1034,-1174,1193,-1130,1194,-847,-912,-817,-816,-559,-629,-615,-614,1224,1225]]],"properties":{"name":"南三国ケ丘町"}},{"type":"MultiPolygon","arcs":[[[-601,1279,-1206,-1246,1037,1218,1096,-644,-534,1097,1098,1219,-1120,1217,1039,1040,-790]]],"properties":{"name":"出島海岸通"}},{"type":"MultiPolygon","arcs":[[[-530,-351,-647,-649,-1019,1044,1195,-1084,1228,-1168,-1185,-528]]],"properties":{"name":"中田出井町"}},{"type":"MultiPolygon","arcs":[[[1047,1048,1045,1089,1090,1091]]],"properties":{"name":"南半町東"}},{"type":"MultiPolygon","arcs":[[[1051,1052,1180,-749,1181,1054,1049,1127,-66,-1066]]],"properties":{"name":"百舌鳥夕雲町"}},{"type":"MultiPolygon","arcs":[[[1085,-780,-779,-715,-708,-864,1060,1061,1062,1191,-1171,1087,1088]]],"properties":{"name":"寺地町東"}},{"type":"Polygon","arcs":[[-21,-53,-70,-74,-1031,-224,1063,-865,-943,-907,1064,-1052,1065,-68]],"properties":{"name":"大仙中町"}},{"type":"MultiPolygon","arcs":[[[-1061,-863,-777,-788,-886,-823,-110,1066,-1003,-1043,1185]]],"properties":{"name":"寺地町西"}},{"type":"MultiPolygon","arcs":[[[1069,-984,-983,-1011,-1013,-1012,-235,-277,-280,-279,-273,-555,-562,-564,-185,-261,-778,-1086,-1223,-1249]]],"properties":{"name":"南安井町"}},{"type":"Polygon","arcs":[[1073,1074]],"properties":{"name":"匠町"}},{"type":"Polygon","arcs":[[-840,-853,1078,1079,-723,-934]],"properties":{"name":"鉄砲町"}},{"type":"MultiPolygon","arcs":[[[1083,-1196,-1045,-1018,-619,-417,-416,-373,-378,-377,-1263,-343,-1169,-1229]]],"properties":{"name":"南田出井町"}},{"type":"MultiPolygon","arcs":[[[-1270,1093,-1135,-1116,-937,-843,-845,-744,-747,-1235,1253]]],"properties":{"name":"緑町"}},{"type":"MultiPolygon","arcs":[[[-427,-295,-524,-216,-545,-544,-358,-505,-447,-169]]],"properties":{"name":"南清水町"}},{"type":"MultiPolygon","arcs":[[[-1091,-1124,1254,1104,1212,1213,-1243,-640,-1276,1215,1106,-1221]]],"properties":{"name":"南半町西"}},{"type":"MultiPolygon","arcs":[[[-742,-741,-1009,1140,1208,1110,1128,-1079,-956,-955,-954]]],"properties":{"name":"南島町"}},{"type":"MultiPolygon","arcs":[[[-876,-1076,-1001,-1000,1113,-1049,-1048,-1092,1151,-684,-896,-903,-902,-736,-674,-673,1237,-327]]],"properties":{"name":"南旅篭町東"}},{"type":"MultiPolygon","arcs":[[[-727,-791,-1041,-1040,-1218,1119,-1220,-1099,-1098,-636,1242,-1214,1243,1251,-1024,-1157,-1139,1121,-964,-963,-974]]],"properties":{"name":"出島町"}},{"type":"MultiPolygon","arcs":[[[-30,-71,-200,1247,-1161,1124,1265,-1240,-34,-23]]],"properties":{"name":"緑ケ丘北町"}},{"type":"MultiPolygon","arcs":[[[1267,1276,1136,-1117,1134,-1094,1269,-1254,-1234,1259,1260]]],"properties":{"name":"松屋大和川通"}},{"type":"MultiPolygon","arcs":[[[-1273,1145,-1159,1278,-1178,1143,-1251,-1015,-36,-1239]]],"properties":{"name":"緑ケ丘南町"}},{"type":"Polygon","arcs":[[-230,1147,-671,-892]],"properties":{"name":"八千代通"}},{"type":"Polygon","arcs":[[1148,-926,-860,1149,-388,1150]],"properties":{"name":"陵西通"}},{"type":"MultiPolygon","arcs":[[[-467,-603,-795,-435,-434,-342,-345,1172,-520]]],"properties":{"name":"南花田口町"}},{"type":"MultiPolygon","arcs":[[[-492,-480,-655,-476,-641,-472,-821,-838,-525,-381,-634,-635,-533,-609,-610,-497,-832,-456]]],"properties":{"name":"山本町"}},{"type":"MultiPolygon","arcs":[[[-1266,-1125,1160,1161,1158,-1146,1272,1238,-35,1239]]],"properties":{"name":"緑ケ丘中町"}},{"type":"MultiPolygon","arcs":[[[-1152,1220,-1107,-1216,1275,-639,-953,-952,-922,-771,-686,-685]]],"properties":{"name":"南旅篭町西"}},{"type":"MultiPolygon","arcs":[[[1165,1166,1167,1168,-346,-340,-339,-438,-920,1257]]],"properties":{"name":"南向陽町"}},{"type":"MultiPolygon","arcs":[[[1221,1222,-1089,-1088,1170,-1192,-1063,-1275,-799,-949,-827,-826,-700,-765]]],"properties":{"name":"中之町東"}},{"type":"Polygon","arcs":[[-389,-1150,-859,-119,1175]],"properties":{"name":"西永山園"}},{"type":"MultiPolygon","arcs":[[[-917,-731,-354,-509,-508,1184,-1167,-1166,-1258]]],"properties":{"name":"中向陽町"}},{"type":"MultiPolygon","arcs":[[[-652,-663,-442,-441,-395,1264,-628,-627,-761,-760,-973]]],"properties":{"name":"八幡通"}},{"type":"Polygon","arcs":[[1189,-909,-944,-854,-925]],"properties":{"name":"六条通"}},{"type":"MultiPolygon","arcs":[[[1271,-402,-504,-284,-471,1200,-989,-988,-1233]]],"properties":{"name":"柳之町西"}},{"type":"Polygon","arcs":[[1204,1205,1206,1207,-586]],"properties":{"name":"出島西町"}},{"type":"Polygon","arcs":[[-390,-1176,-175,-993]],"properties":{"name":"中永山園"}},{"type":"Polygon","arcs":[[-365,-513,-725,1223,-945]],"properties":{"name":"並松町"}},{"type":"Polygon","arcs":[[1227,-1151,-393]],"properties":{"name":"南丸保園"}},{"type":"MultiPolygon","arcs":[[[-730,-802,-372,-511,-516,-529,-510,-356]]],"properties":{"name":"南庄町"}},{"type":"Polygon","arcs":[[1233,1234,-746,-834,1235,-1075,1236]],"properties":{"name":"築港八幡町"}},{"type":"Polygon","arcs":[[1245,-1205,-585,-645,-1097,-1219,-1038]],"properties":{"name":"出島浜通"}},{"type":"Polygon","arcs":[[-329,1246]],"properties":{"name":"築港南町"}},{"type":"Polygon","arcs":[[-613,-858,-239,-915,1261,-1202,-521,-1173,-344,1262,-376,-1250,-1225]],"properties":{"name":"三国ケ丘御幸通"}},{"type":"Polygon","arcs":[[-1203,-1262,-916,-573,-576,-266,-1032]],"properties":{"name":"南瓦町"}},{"type":"MultiPolygon","arcs":[[[-830,-580,-1029,-1158,-144,-939]]],"properties":{"name":"竜神橋町"}},{"type":"Polygon","arcs":[[-910,-1190,-927,-1149,-1228,-392,-992,-750,-1181,-1053,-1065]],"properties":{"name":"大仙町"}},{"type":"Polygon","arcs":[[-229,-328,-1238,-672,-1148]],"properties":{"name":"文珠橋通"}},{"type":"MultiPolygon","arcs":[[[-1020,-522,-369,-310,-292,-317,-1272,-1026]]],"properties":{"name":"柳之町東"}},{"type":"Polygon","arcs":[[-1064,-241,-857,-866]],"properties":{"name":"二条通"}},{"type":"Polygon","arcs":[[-1128,-1050,1280]],"properties":{"name":"東上野芝町"}},{"type":"Polygon","arcs":[[-1260,-1237,-1074,-1236,-833,-495,-330,-1247,-332,-154,-164,-940,-142,-107,-539,-587,-1208,1281]],"properties":{"name":"堺泉北港"}}]}},"arcs":[[[135.49786840055253,34.58281743027912],[135.49639983930498,34.583006139577805]],[[135.49639983930498,34.583006139577805],[135.49696074811482,34.58594371432731]],[[135.49696074811482,34.58594371432731],[135.49711372324475,34.58652871315323]],[[135.49711372324475,34.58652871315323],[135.4982253425224,34.586843228651034]],[[135.4982253425224,34.586843228651034],[135.49786840055253,34.58281743027912]],[[135.50122365506945,34.5823896892021],[135.49935735848405,34.58261614036053]],[[135.49935735848405,34.58261614036053],[135.49995906066187,34.58600661742687],[135.50091770480955,34.58671742245191]],[[135.50091770480955,34.58671742245191],[135.50247805113506,34.586157584865816],[135.50122365506945,34.5823896892021]],[[135.49935735848405,34.58261614036053],[135.49786840055253,34.58281743027912]],[[135.4982253425224,34.586843228651034],[135.49986727558388,34.5873212922077]],[[135.49986727558388,34.5873212922077],[135.50091770480955,34.58671742245191]],[[135.47470796587788,34.55790151254297],[135.4736575366522,34.55849280167884]],[[135.4736575366522,34.55849280167884],[135.4750037177958,34.56002134699818]],[[135.4750037177958,34.56002134699818],[135.47606434536345,34.5594300578623]],[[135.47606434536345,34.5594300578623],[135.47470796587788,34.55790151254297]],[[135.4736575366522,34.55849280167884],[135.4721583803787,34.55936715476274]],[[135.4721583803787,34.55936715476274],[135.47348416483828,34.56092715163186]],[[135.47348416483828,34.56092715163186],[135.4750037177958,34.56002134699818]],[[135.47866492257262,34.55792667378279],[135.47702298951114,34.55886392996625]],[[135.47702298951114,34.55886392996625],[135.47823659220876,34.56031699156611]],[[135.47823659220876,34.56031699156611],[135.47923602972443,34.55972570243024]],[[135.47923602972443,34.55972570243024],[135.47866492257262,34.55792667378279]],[[135.47283147095047,34.55756183580534],[135.47137310804493,34.55841731795937]],[[135.47137310804493,34.55841731795937],[135.4721583803787,34.55936715476274]],[[135.4736575366522,34.55849280167884],[135.47283147095047,34.55756183580534]],[[135.48323377978718,34.58890016000668],[135.4828156477653,34.587868549173876]],[[135.4828156477653,34.587868549173876],[135.48174482185564,34.58848499954958]],[[135.48174482185564,34.58848499954958],[135.48200997874756,34.589214675504486]],[[135.48200997874756,34.589214675504486],[135.48323377978718,34.58890016000668]],[[135.47391249520214,34.55693909511968],[135.47283147095047,34.55756183580534]],[[135.47470796587788,34.55790151254297],[135.47391249520214,34.55693909511968]],[[135.46943542306556,34.56083279698252],[135.4705470423432,34.56024150784664]],[[135.4705470423432,34.56024150784664],[135.4721583803787,34.55936715476274]],[[135.47137310804493,34.55841731795937],[135.47034307550328,34.55724102999758]],[[135.47034307550328,34.55724102999758],[135.46927224959362,34.5559326455267]],[[135.46927224959362,34.5559326455267],[135.46848697725986,34.5550016796532]],[[135.46848697725986,34.5550016796532],[135.4651521194269,34.55677554706082]],[[135.4651521194269,34.55677554706082],[135.46254134387576,34.55820344742086]],[[135.46254134387576,34.55820344742086],[135.46341840128747,34.560323281876066]],[[135.46341840128747,34.560323281876066],[135.46374474823136,34.56101521597124]],[[135.46374474823136,34.56101521597124],[135.46474418574704,34.56044279776523]],[[135.46474418574704,34.56044279776523],[135.46665127570043,34.55935457414283],[135.46757932482214,34.56045537838515]],[[135.46757932482214,34.56045537838515],[135.46839519218187,34.561424086118386]],[[135.46839519218187,34.561424086118386],[135.46943542306556,34.56083279698252]],[[135.4724745289806,34.57855260012888],[135.47157707488486,34.579106147405014]],[[135.47157707488486,34.579106147405014],[135.47155667820087,34.57911243771497]],[[135.47155667820087,34.57911243771497],[135.4723827439026,34.57998679079887]],[[135.4723827439026,34.57998679079887],[135.4724031405866,34.579967919869006]],[[135.4724031405866,34.579967919869006],[135.47326999965634,34.57940808228291]],[[135.47326999965634,34.57940808228291],[135.4724745289806,34.57855260012888]],[[135.47702298951114,34.55886392996625],[135.47606434536345,34.5594300578623]],[[135.47606434536345,34.5594300578623],[135.47734933645503,34.56083908729247]],[[135.47734933645503,34.56083908729247],[135.47823659220876,34.56031699156611]],[[135.4661515569426,34.55344168278408],[135.464886962535,34.55146023514791]],[[135.464886962535,34.55146023514791],[135.46224559195784,34.552189911102815]],[[135.46224559195784,34.552189911102815],[135.46156230304405,34.55227168513225]],[[135.46156230304405,34.55227168513225],[135.46186825330395,34.553825391691404]],[[135.46186825330395,34.553825391691404],[135.46346939299744,34.5542279715286]],[[135.46346939299744,34.5542279715286],[135.46534588792485,34.55483184128438],[135.46727337456224,34.55419651997882]],[[135.46727337456224,34.55419651997882],[135.4661515569426,34.55344168278408]],[[135.47939920319638,34.55647361218293],[135.47767568339893,34.5564924831128]],[[135.47767568339893,34.5564924831128],[135.47572780007755,34.55731022340709]],[[135.47572780007755,34.55731022340709],[135.47702298951114,34.55886392996625]],[[135.47866492257262,34.55792667378279],[135.47939920319638,34.55647361218293]],[[135.47572780007755,34.55731022340709],[135.47470796587788,34.55790151254297]],[[135.48109212796786,34.55956844468134],[135.48177541688165,34.55635409629377]],[[135.48177541688165,34.55635409629377],[135.47939920319638,34.55647361218293]],[[135.47923602972443,34.55972570243024],[135.48109212796786,34.55956844468134]],[[135.4750037177958,34.56002134699818],[135.47627851054537,34.56144924735821]],[[135.47627851054537,34.56144924735821],[135.47734933645503,34.56083908729247]],[[135.47491193271782,34.55635409629377],[135.47391249520214,34.55693909511968]],[[135.47572780007755,34.55731022340709],[135.47491193271782,34.55635409629377]],[[135.47348416483828,34.56092715163186],[135.47467737085188,34.562373922921765]],[[135.47467737085188,34.562373922921765],[135.47627851054537,34.56144924735821]],[[135.4749833211118,34.565764399988105],[135.47210738866872,34.566682785241696]],[[135.47210738866872,34.566682785241696],[135.47136290970295,34.56752568677582]],[[135.47136290970295,34.56752568677582],[135.4749833211118,34.565764399988105]],[[135.47417765209406,34.575841476537796],[135.4733209913663,34.57491051066429]],[[135.4733209913663,34.57491051066429],[135.47253571903258,34.575426316080694]],[[135.47253571903258,34.575426316080694],[135.4734025781023,34.576338411024324]],[[135.4734025781023,34.576338411024324],[135.47417765209406,34.575841476537796]],[[135.46561104481677,34.5615373116976],[135.4665186972545,34.561059248140936]],[[135.4665186972545,34.561059248140936],[135.46757932482214,34.56045537838515]],[[135.46474418574704,34.56044279776523],[135.46561104481677,34.5615373116976]],[[135.46374474823136,34.56101521597124],[135.46465240066908,34.56208456866378]],[[135.46465240066908,34.56208456866378],[135.46465240066908,34.56209085897374]],[[135.46465240066908,34.56209085897374],[135.46561104481677,34.5615373116976]],[[135.47253571903258,34.575426316080694],[135.47156687654288,34.57606163738626]],[[135.47156687654288,34.57606163738626],[135.47241333892862,34.5769737323299]],[[135.47241333892862,34.5769737323299],[135.4734025781023,34.576338411024324]],[[135.4715464798589,34.577533569915985],[135.47072041415714,34.57662147497235]],[[135.47072041415714,34.57662147497235],[135.46983315840342,34.577212764108225]],[[135.46983315840342,34.577212764108225],[135.47066942244717,34.57809340750208]],[[135.47066942244717,34.57809340750208],[135.4715464798589,34.577533569915985]],[[135.46341840128747,34.560323281876066],[135.461756071542,34.56151844076773]],[[135.461756071542,34.56151844076773],[135.4626535256377,34.56183295626553]],[[135.4626535256377,34.56183295626553],[135.46341840128747,34.562751341519125]],[[135.46341840128747,34.562751341519125],[135.46465240066908,34.56208456866378]],[[135.4636529631534,34.57659002342257],[135.4620722201439,34.57751469898612]],[[135.4620722201439,34.57751469898612],[135.4642546653312,34.579766629950406]],[[135.4642546653312,34.579766629950406],[135.46541727631885,34.57901808306563]],[[135.46541727631885,34.57901808306563],[135.4651827144529,34.57865324508818]],[[135.4651827144529,34.57865324508818],[135.4636529631534,34.57659002342257]],[[135.4608280224203,34.57787953696357],[135.4592166843848,34.57828840711072]],[[135.4592166843848,34.57828840711072],[135.45870676728495,34.57978550088028]],[[135.45870676728495,34.57978550088028],[135.46095040252425,34.58318855856653]],[[135.46095040252425,34.58318855856653],[135.46384673165133,34.58142098146887]],[[135.46384673165133,34.58142098146887],[135.4611135759962,34.579382921043084],[135.4608280224203,34.57787953696357]],[[135.46702861435432,34.577445505576605],[135.46545806968683,34.57698002263985]],[[135.46545806968683,34.57698002263985],[135.4645402189071,34.57601760521656]],[[135.4645402189071,34.57601760521656],[135.4636325664694,34.576571152492704]],[[135.4636325664694,34.576571152492704],[135.4636529631534,34.57659002342257]],[[135.4651827144529,34.57865324508818],[135.46702861435432,34.577445505576605]],[[135.46271471568969,34.575074058723146],[135.4607872290523,34.57593583118714]],[[135.4607872290523,34.57593583118714],[135.4620722201439,34.57751469898612]],[[135.4636325664694,34.576571152492704],[135.46271471568969,34.575074058723146]],[[135.4863340757542,34.571067131281104],[135.48697657129998,34.57058906772444]],[[135.48697657129998,34.57058906772444],[135.4856405884984,34.56967068247085]],[[135.4856405884984,34.56967068247085],[135.48460035761474,34.5709098735322]],[[135.48460035761474,34.5709098735322],[135.48422301896085,34.5722434192429]],[[135.48422301896085,34.5722434192429],[135.4863340757542,34.571067131281104]],[[135.47711477458913,34.573885190141446],[135.47586037852352,34.57339454596487]],[[135.47586037852352,34.57339454596487],[135.47581958515553,34.57335051379518]],[[135.47581958515553,34.57335051379518],[135.47422864380403,34.57431922152841]],[[135.47422864380403,34.57431922152841],[135.47509550287376,34.57525018740192]],[[135.47509550287376,34.57525018740192],[135.47582978349752,34.5747658335353]],[[135.47582978349752,34.5747658335353],[135.47616632878342,34.57453309206692]],[[135.47616632878342,34.57453309206692],[135.47711477458913,34.573885190141446]],[[135.49310577484005,34.59286305527903],[135.4926060560822,34.5921082180843]],[[135.4926060560822,34.5921082180843],[135.48960774353515,34.59273095876995]],[[135.48960774353515,34.59273095876995],[135.48988309876907,34.593586440923985]],[[135.48988309876907,34.593586440923985],[135.49310577484005,34.59286305527903]],[[135.47671703925124,34.5785777613687],[135.47593176691748,34.57908098616519]],[[135.47593176691748,34.57908098616519],[135.47676803096124,34.579980500488915]],[[135.47676803096124,34.579980500488915],[135.47755330329497,34.579489856312335]],[[135.47755330329497,34.579489856312335],[135.47671703925124,34.5785777613687]],[[135.47848135241668,34.578911147796376],[135.47763489003094,34.578005343162694]],[[135.47763489003094,34.578005343162694],[135.47671703925124,34.5785777613687]],[[135.47755330329497,34.579489856312335],[135.47757369997896,34.579477275692426]],[[135.47757369997896,34.579477275692426],[135.47848135241668,34.578911147796376]],[[135.4620722201439,34.57751469898612],[135.4608280224203,34.57787953696357]],[[135.46384673165133,34.58142098146887],[135.46634532544053,34.581949367505175]],[[135.46634532544053,34.581949367505175],[135.46559064813277,34.58113791752084]],[[135.46559064813277,34.58113791752084],[135.464876764193,34.58040195125597]],[[135.464876764193,34.58040195125597],[135.4642546653312,34.579766629950406]],[[135.474320428882,34.58188646440561],[135.47157707488486,34.58332065507561]],[[135.47157707488486,34.58332065507561],[135.47258671074255,34.58439000776815]],[[135.47258671074255,34.58439000776815],[135.4746263791419,34.58368549305306]],[[135.4746263791419,34.58368549305306],[135.474340825566,34.58298097833798]],[[135.474340825566,34.58298097833798],[135.474320428882,34.58188646440561]],[[135.4654886647128,34.58653500346318],[135.46650849891248,34.58622677827533]],[[135.46650849891248,34.58622677827533],[135.4695985965375,34.58533355426157]],[[135.4695985965375,34.58533355426157],[135.46670226741043,34.58231420548263]],[[135.46670226741043,34.58231420548263],[135.46578441663073,34.58272307562978],[135.4664371105185,34.58461645892657],[135.4639283183873,34.58508823217328]],[[135.4639283183873,34.58508823217328],[135.46379573994136,34.58705080887958]],[[135.46379573994136,34.58705080887958],[135.4654886647128,34.58653500346318]],[[135.47157707488486,34.58332065507561],[135.47049605063322,34.58115049814075]],[[135.47049605063322,34.58115049814075],[135.46981276171942,34.58043340280575]],[[135.46981276171942,34.58043340280575],[135.46807904358,34.58139582022904]],[[135.46807904358,34.58139582022904],[135.47159747156886,34.58469194264604]],[[135.47159747156886,34.58469194264604],[135.47258671074255,34.58439000776815]],[[135.46807904358,34.58139582022904],[135.46797706016002,34.58143985239873]],[[135.46797706016002,34.58143985239873],[135.46652889559647,34.58213807680386]],[[135.46652889559647,34.58213807680386],[135.46670226741043,34.58231420548263]],[[135.4695985965375,34.58533355426157],[135.4714954881489,34.58472339419582]],[[135.4714954881489,34.58472339419582],[135.47159747156886,34.58469194264604]],[[135.48844513254753,34.58344017096478],[135.48855731430947,34.58369178336302]],[[135.48855731430947,34.58369178336302],[135.4894139750372,34.58567952130915]],[[135.4894139750372,34.58567952130915],[135.48998508218904,34.58700048639994]],[[135.48998508218904,34.58700048639994],[135.4910049163887,34.586704841831995]],[[135.4910049163887,34.586704841831995],[135.4903624208429,34.583786138012364]],[[135.4903624208429,34.583786138012364],[135.48844513254753,34.58344017096478]],[[135.48921000819726,34.56934987666309],[135.48841453752152,34.56831197552033]],[[135.48841453752152,34.56831197552033],[135.48717033979793,34.568896974346245]],[[135.48717033979793,34.568896974346245],[135.4856405884984,34.56967068247085]],[[135.48697657129998,34.57058906772444],[135.48832275244357,34.56979648866997]],[[135.48832275244357,34.56979648866997],[135.48921000819726,34.56934987666309]],[[135.47791024526487,34.57506776841319],[135.47709437790513,34.57559615444951]],[[135.47709437790513,34.57559615444951],[135.47790004692285,34.57647050753341]],[[135.47790004692285,34.57647050753341],[135.47822639386678,34.57626921761481]],[[135.47822639386678,34.57626921761481],[135.4787261126246,34.57594212149709]],[[135.4787261126246,34.57594212149709],[135.47791024526487,34.57506776841319]],[[135.47512609789976,34.56904165147524],[135.47388190017614,34.569066812715064]],[[135.47388190017614,34.569066812715064],[135.47386150349215,34.570180197577294]],[[135.47386150349215,34.570180197577294],[135.47520768463573,34.569997778588565]],[[135.47520768463573,34.569997778588565],[135.47512609789976,34.56904165147524]],[[135.49334033670596,34.583220010116314],[135.49182078374844,34.58339613879508]],[[135.49182078374844,34.58339613879508],[135.49241228758424,34.58654129377314]],[[135.49241228758424,34.58654129377314],[135.49399303059374,34.5863462941645]],[[135.49399303059374,34.5863462941645],[135.49334033670596,34.583220010116314]],[[135.46346939299744,34.5542279715286],[135.4651521194269,34.55677554706082]],[[135.46848697725986,34.5550016796532],[135.46813003528996,34.55475635756491]],[[135.46813003528996,34.55475635756491],[135.46727337456224,34.55419651997882]],[[135.48447797751078,34.588585644508875],[135.48455956424675,34.588554192959094]],[[135.48455956424675,34.588554192959094],[135.48402925046292,34.587057099189536]],[[135.48402925046292,34.587057099189536],[135.48358052341507,34.58735274375748]],[[135.48358052341507,34.58735274375748],[135.4828156477653,34.587868549173876]],[[135.48323377978718,34.58890016000668],[135.48447797751078,34.588585644508875]],[[135.47767568339893,34.5564924831128],[135.4762275188354,34.55562442033885]],[[135.4762275188354,34.55562442033885],[135.47491193271782,34.55635409629377]],[[135.49639983930498,34.583006139577805],[135.496369244279,34.58280484965921]],[[135.496369244279,34.58280484965921],[135.49498226976743,34.582993558957895]],[[135.49498226976743,34.582993558957895],[135.4954615918413,34.58614500424591]],[[135.4954615918413,34.58614500424591],[135.49696074811482,34.58594371432731]],[[135.48126549978178,34.589409675113124],[135.48108192962584,34.58890016000668]],[[135.48108192962584,34.58890016000668],[135.48078617770796,34.589088869305364]],[[135.48078617770796,34.589088869305364],[135.4796847567723,34.58978709371049]],[[135.4796847567723,34.58978709371049],[135.47980713687625,34.58989402897974]],[[135.47980713687625,34.58989402897974],[135.48126549978178,34.589409675113124]],[[135.4759113702335,34.57772227921467],[135.47511589955775,34.57684163582081]],[[135.47511589955775,34.57684163582081],[135.474330627224,34.57733227999739]],[[135.474330627224,34.57733227999739],[135.47513629624174,34.5782192137012]],[[135.47513629624174,34.5782192137012],[135.4759113702335,34.57772227921467]],[[135.46186825330395,34.553825391691404],[135.4614297245981,34.5552595823614]],[[135.4614297245981,34.5552595823614],[135.46254134387576,34.55820344742086]],[[135.48518166310856,34.588403225520146],[135.48457996093074,34.58675516431165]],[[135.48457996093074,34.58675516431165],[135.48402925046292,34.587057099189536]],[[135.48455956424675,34.588554192959094],[135.48518166310856,34.588403225520146]],[[135.47155667820087,34.57911243771497],[135.46970057995748,34.58024469350707]],[[135.46970057995748,34.58024469350707],[135.46981276171942,34.58043340280575]],[[135.47049605063322,34.58115049814075],[135.4723827439026,34.57998679079887]],[[135.48174482185564,34.58848499954958],[135.48108192962584,34.58890016000668]],[[135.48126549978178,34.589409675113124],[135.48200997874756,34.589214675504486]],[[135.47671703925124,34.564116338779606],[135.47627851054537,34.56429246745837]],[[135.47627851054537,34.56429246745837],[135.47570740339356,34.56450633799688]],[[135.47570740339356,34.56450633799688],[135.4759011718915,34.5647327891553]],[[135.4759011718915,34.5647327891553],[135.4762479155194,34.56514794961241]],[[135.4762479155194,34.56514794961241],[135.47664565085728,34.5656071422392]],[[135.47664565085728,34.5656071422392],[135.47694140277517,34.56594681897683]],[[135.47694140277517,34.56594681897683],[135.47720655966708,34.5662802054045]],[[135.47720655966708,34.5662802054045],[135.477522708269,34.566638753072006]],[[135.477522708269,34.566638753072006],[135.47765528671493,34.566789720510954]],[[135.47765528671493,34.566789720510954],[135.47924622806644,34.56873342628739]],[[135.47924622806644,34.56873342628739],[135.4800518970842,34.569695843710676]],[[135.4800518970842,34.569695843710676],[135.48078617770796,34.57053874524479]],[[135.48078617770796,34.57053874524479],[135.4812043097298,34.570532454934835]],[[135.4812043097298,34.570532454934835],[135.48131649149178,34.57257680567057]],[[135.48131649149178,34.57257680567057],[135.48313179636722,34.57239438668184]],[[135.48313179636722,34.57239438668184],[135.483753895229,34.57235035451215]],[[135.483753895229,34.57235035451215],[135.48199978040557,34.57009842354787]],[[135.48199978040557,34.57009842354787],[135.47671703925124,34.564116338779606]],[[135.46156230304405,34.55227168513225],[135.4598387832466,34.554989099033286],[135.4614297245981,34.5552595823614]],[[135.47414705706805,34.57882937376694],[135.4733413880503,34.577980181922875]],[[135.4733413880503,34.577980181922875],[135.4724745289806,34.57855260012888]],[[135.47326999965634,34.57940808228291],[135.47414705706805,34.57882937376694]],[[135.47709437790513,34.57559615444951],[135.47604394867946,34.57626292730485]],[[135.47604394867946,34.57626292730485],[135.4768394193552,34.577137280388754]],[[135.4768394193552,34.577137280388754],[135.47790004692285,34.57647050753341]],[[135.47604394867946,34.57626292730485],[135.47511589955775,34.57684163582081]],[[135.4759113702335,34.57772227921467],[135.4768394193552,34.577137280388754]],[[135.4906479744188,34.58176694851645],[135.48893465296337,34.58162227138746]],[[135.48893465296337,34.58162227138746],[135.48805759555165,34.581892754715575]],[[135.48805759555165,34.581892754715575],[135.48764966187176,34.5820185609147]],[[135.48764966187176,34.5820185609147],[135.48844513254753,34.58344017096478]],[[135.4903624208429,34.583786138012364],[135.4907397594968,34.583591138403726]],[[135.4907397594968,34.583591138403726],[135.4906479744188,34.58176694851645]],[[135.49182078374844,34.58339613879508],[135.4907397594968,34.583591138403726]],[[135.4910049163887,34.586704841831995],[135.49241228758424,34.58654129377314]],[[135.47229095882466,34.56958890844142],[135.47239294224462,34.569708424330585]],[[135.47239294224462,34.569708424330585],[135.47318841292036,34.57057019679457]],[[135.47318841292036,34.57057019679457],[135.47386150349215,34.570180197577294]],[[135.47388190017614,34.569066812715064],[135.47229095882466,34.56958890844142]],[[135.474330627224,34.57733227999739],[135.4733413880503,34.577980181922875]],[[135.47414705706805,34.57882937376694],[135.47513629624174,34.5782192137012]],[[135.48006209542618,34.57506776841319],[135.47990912029624,34.57483502694482]],[[135.47990912029624,34.57483502694482],[135.47886888941255,34.5744513180375]],[[135.47886888941255,34.5744513180375],[135.47793064194886,34.57505518779328]],[[135.47793064194886,34.57505518779328],[135.47791024526487,34.57506776841319]],[[135.4787261126246,34.57594212149709],[135.48006209542618,34.57506776841319]],[[135.47861393086265,34.568808910006865],[135.477522708269,34.56889068403629]],[[135.477522708269,34.56889068403629],[135.477492113243,34.56889068403629]],[[135.477492113243,34.56889068403629],[135.47759409666295,34.56985939176953]],[[135.47759409666295,34.56985939176953],[135.47864452588863,34.56978390805006]],[[135.47864452588863,34.56978390805006],[135.47861393086265,34.568808910006865]],[[135.49498226976743,34.582993558957895],[135.49334033670596,34.583220010116314]],[[135.49399303059374,34.5863462941645],[135.4954615918413,34.58614500424591]],[[135.4796031700363,34.5697210049505],[135.4800518970842,34.569695843710676]],[[135.47924622806644,34.56873342628739],[135.47861393086265,34.568808910006865]],[[135.47864452588863,34.56978390805006],[135.47865472423064,34.5697776177401]],[[135.47865472423064,34.5697776177401],[135.4796031700363,34.5697210049505]],[[135.47913404630447,34.587277260038],[135.47826718723476,34.58628339106494]],[[135.47826718723476,34.58628339106494],[135.47742072484903,34.58677403524151]],[[135.47742072484903,34.58677403524151],[135.4780428237108,34.588006935992915]],[[135.4780428237108,34.588006935992915],[135.47913404630447,34.587277260038]],[[135.46943542306556,34.56083279698252],[135.471240529599,34.564355370557934]],[[135.471240529599,34.564355370557934],[135.47223996711466,34.56381440390171]],[[135.47223996711466,34.56381440390171],[135.47302523944842,34.563336340345046]],[[135.47302523944842,34.563336340345046],[135.4705470423432,34.56024150784664]],[[135.48256068921538,34.58509452248323],[135.48170402848766,34.58418871784955]],[[135.48170402848766,34.58418871784955],[135.48103093791588,34.58460387830666]],[[135.48103093791588,34.58460387830666],[135.4818774003016,34.585515973250295]],[[135.4818774003016,34.585515973250295],[135.48256068921538,34.58509452248323]],[[135.48736410829585,34.58396226669113],[135.4862320923342,34.58422016939933]],[[135.4862320923342,34.58422016939933],[135.486894984564,34.58625822982511]],[[135.486894984564,34.58625822982511],[135.48803719886766,34.58601290773682]],[[135.48803719886766,34.58601290773682],[135.48736410829585,34.58396226669113]],[[135.49334033670596,34.57494196221407],[135.49330974167998,34.57457083392666]],[[135.49330974167998,34.57457083392666],[135.4922083207443,34.574665188576]],[[135.4922083207443,34.574665188576],[135.4922491141123,34.575011155623585]],[[135.4922491141123,34.575011155623585],[135.49249387432022,34.5770869579091]],[[135.49249387432022,34.5770869579091],[135.4935748985719,34.57699260325976]],[[135.4935748985719,34.57699260325976],[135.49334033670596,34.57494196221407]],[[135.4969301530888,34.574658898266044],[135.4954309968153,34.57475954322534]],[[135.4954309968153,34.57475954322534],[135.4956757570232,34.57682276489095]],[[135.4956757570232,34.57682276489095],[135.49757264863462,34.57689824861042]],[[135.49757264863462,34.57689824861042],[135.49816415247042,34.576891958300465]],[[135.49816415247042,34.576891958300465],[135.4969301530888,34.574658898266044]],[[135.48332556486514,34.583264042286004],[135.4819181936696,34.58405033103052]],[[135.4819181936696,34.58405033103052],[135.48170402848766,34.58418871784955]],[[135.48256068921538,34.58509452248323],[135.483733498545,34.58437113683828]],[[135.483733498545,34.58437113683828],[135.48332556486514,34.583264042286004]],[[135.49438056758962,34.57484760756473],[135.49334033670596,34.57494196221407]],[[135.4935748985719,34.57699260325976],[135.49463552613955,34.576891958300465]],[[135.49463552613955,34.576891958300465],[135.49438056758962,34.57484760756473]],[[135.48103093791588,34.58460387830666],[135.48010288879416,34.58516371589275]],[[135.48010288879416,34.58516371589275],[135.4809493511799,34.586113552696126]],[[135.4809493511799,34.586113552696126],[135.4818774003016,34.585515973250295]],[[135.46719178782627,34.562097149283694],[135.4664269121765,34.56253747098062]],[[135.4664269121765,34.56253747098062],[135.46608016854861,34.562719889969344]],[[135.46608016854861,34.562719889969344],[135.46718158948428,34.564713918225436]],[[135.46718158948428,34.564713918225436],[135.4677221016101,34.56564488409894]],[[135.4677221016101,34.56564488409894],[135.46783428337207,34.565613432549156]],[[135.46783428337207,34.565613432549156],[135.46877253083576,34.56528004612149]],[[135.46877253083576,34.56528004612149],[135.46719178782627,34.562097149283694]],[[135.4762479155194,34.56514794961241],[135.4749833211118,34.565764399988105]],[[135.47136290970295,34.56752568677582],[135.47049605063322,34.567689234834674]],[[135.47049605063322,34.567689234834674],[135.47113854617902,34.568299394900414]],[[135.47113854617902,34.568299394900414],[135.47664565085728,34.5656071422392]],[[135.4598387832466,34.58428936280885],[135.46088921247227,34.58767983987519]],[[135.46088921247227,34.58767983987519],[135.46368355817938,34.58708855073932]],[[135.46368355817938,34.58708855073932],[135.46379573994136,34.58705080887958]],[[135.4639283183873,34.58508823217328],[135.46429545869918,34.5831508167068],[135.4598387832466,34.58428936280885]],[[135.4765232707533,34.57196664560483],[135.4752892713717,34.57277809558917]],[[135.4752892713717,34.57277809558917],[135.47581958515553,34.57335051379518]],[[135.47586037852352,34.57339454596487],[135.47793064194886,34.572199387073205]],[[135.47793064194886,34.572199387073205],[135.4777674684769,34.5718848715754]],[[135.4777674684769,34.5718848715754],[135.4765232707533,34.57196664560483]],[[135.4827646560553,34.57743292495669],[135.48290743284326,34.57844566485962]],[[135.48290743284326,34.57844566485962],[135.48421282061886,34.57829469742068]],[[135.48421282061886,34.57829469742068],[135.48422301896085,34.578300987730636]],[[135.48422301896085,34.578300987730636],[135.4841108371989,34.57731969937748]],[[135.4841108371989,34.57731969937748],[135.4827646560553,34.57743292495669]],[[135.48563039015642,34.578087117192126],[135.48546721668447,34.57740147340691]],[[135.48546721668447,34.57740147340691],[135.48459015927273,34.5772882478277]],[[135.48459015927273,34.5772882478277],[135.4841108371989,34.57731969937748]],[[135.48422301896085,34.578300987730636],[135.48563039015642,34.578087117192126]],[[135.4852938448705,34.590755801443734],[135.48489610953266,34.589699029371104]],[[135.48489610953266,34.589699029371104],[135.48363151512504,34.590007254558955]],[[135.48363151512504,34.590007254558955],[135.48402925046292,34.591095478181366]],[[135.48402925046292,34.591095478181366],[135.4852938448705,34.590755801443734]],[[135.4890672314093,34.58021953226725],[135.48802700052565,34.580257274126986]],[[135.48802700052565,34.580257274126986],[135.48805759555165,34.581892754715575]],[[135.48893465296337,34.58162227138746],[135.4890672314093,34.58021953226725]],[[135.48489610953266,34.58021324195729],[135.48244850745343,34.58077936985334]],[[135.48244850745343,34.58077936985334],[135.48284624279128,34.581949367505175]],[[135.48284624279128,34.581949367505175],[135.4852938448705,34.58133291712948]],[[135.4852938448705,34.58133291712948],[135.48489610953266,34.58021324195729]],[[135.48860830601947,34.58765467863537],[135.48744569503182,34.58792516196348]],[[135.48744569503182,34.58792516196348],[135.4877924386597,34.58917064333479]],[[135.4877924386597,34.58917064333479],[135.4878434303697,34.589164353024834]],[[135.4878434303697,34.589164353024834],[135.48899584301535,34.588950482486325]],[[135.48899584301535,34.588950482486325],[135.48860830601947,34.58765467863537]],[[135.4859465387583,34.59059854369483],[135.4852938448705,34.590755801443734]],[[135.48402925046292,34.591095478181366],[135.48421282061886,34.591579832047984]],[[135.48421282061886,34.591579832047984],[135.48490630787464,34.591384832439346]],[[135.48490630787464,34.591384832439346],[135.48543662165847,34.59124644562031]],[[135.48543662165847,34.59124644562031],[135.4859465387583,34.59059854369483]],[[135.4831215980252,34.582716785319825],[135.48332556486514,34.583264042286004]],[[135.483733498545,34.58437113683828],[135.48385587864897,34.584673071716175]],[[135.48385587864897,34.584673071716175],[135.4862320923342,34.58422016939933]],[[135.4862320923342,34.58422016939933],[135.48563039015642,34.58242114075188]],[[135.48563039015642,34.58242114075188],[135.4831215980252,34.582716785319825]],[[135.48798620715766,34.57749582805625],[135.48873068612343,34.577395183096954]],[[135.48873068612343,34.577395183096954],[135.48717033979793,34.575457767630475]],[[135.48717033979793,34.575457767630475],[135.4862728857022,34.57566534785902]],[[135.4862728857022,34.57566534785902],[135.48602812549427,34.577533569915985]],[[135.48602812549427,34.577533569915985],[135.4872213315079,34.57750840867617]],[[135.4872213315079,34.57750840867617],[135.48798620715766,34.57749582805625]],[[135.4695985965375,34.58533355426157],[135.47005752192734,34.585805327508275]],[[135.47005752192734,34.585805327508275],[135.4714546947809,34.587239518178265]],[[135.4714546947809,34.587239518178265],[135.4733209913663,34.586308552304764]],[[135.4733209913663,34.586308552304764],[135.4714954881489,34.58472339419582]],[[135.49711372324475,34.58652871315323],[135.49557377360324,34.588692579778126]],[[135.49557377360324,34.588692579778126],[135.49488028634747,34.59033435067667]],[[135.49488028634747,34.59033435067667],[135.4935952952559,34.593599021543895]],[[135.4935952952559,34.593599021543895],[135.49428878251166,34.59464950330656]],[[135.49428878251166,34.59464950330656],[135.49585932717915,34.59397644014126],[135.4982457392064,34.59096967198224],[135.49986727558388,34.5873212922077]],[[135.48392726704296,34.56737471933687],[135.48416182890887,34.568865522796465]],[[135.48416182890887,34.568865522796465],[135.48486551450665,34.568469233269234]],[[135.48486551450665,34.568469233269234],[135.48600772881028,34.56782762165371]],[[135.48600772881028,34.56782762165371],[135.4872315298499,34.567475364296165]],[[135.4872315298499,34.567475364296165],[135.48557939844642,34.56656955966249]],[[135.48557939844642,34.56656955966249],[135.48392726704296,34.56737471933687]],[[135.46098099755025,34.561606505107115],[135.46045068376642,34.561669408206676]],[[135.46045068376642,34.561669408206676],[135.46120536107418,34.56262553532001]],[[135.46120536107418,34.56262553532001],[135.46159289807005,34.5624116647815]],[[135.46159289807005,34.5624116647815],[135.46162349309603,34.56239279385163]],[[135.46162349309603,34.56239279385163],[135.46098099755025,34.561606505107115]],[[135.48010288879416,34.58516371589275],[135.47947059159037,34.58555371511003]],[[135.47947059159037,34.58555371511003],[135.47917483967245,34.58573613409876]],[[135.47917483967245,34.58573613409876],[135.48004169874218,34.58668597090213]],[[135.48004169874218,34.58668597090213],[135.4809493511799,34.586113552696126]],[[135.48363151512504,34.590007254558955],[135.48240771408544,34.59030289912689]],[[135.48240771408544,34.59030289912689],[135.4828156477653,34.591416283989126]],[[135.4828156477653,34.591416283989126],[135.48402925046292,34.591095478181366]],[[135.4665186972545,34.55308942542654],[135.4686297540478,34.553265554105316]],[[135.4686297540478,34.553265554105316],[135.4695476048275,34.55334103782479]],[[135.4695476048275,34.55334103782479],[135.47015950534734,34.55307684480663]],[[135.47015950534734,34.55307684480663],[135.46653909393848,34.55224652389242],[135.4665186972545,34.55308942542654]],[[135.47757369997896,34.580835982642945],[135.47676803096124,34.579980500488915]],[[135.47676803096124,34.579980500488915],[135.47578899012953,34.580590660554655]],[[135.47578899012953,34.580590660554655],[135.47659465914728,34.5814587233286]],[[135.47659465914728,34.5814587233286],[135.47757369997896,34.580835982642945]],[[135.48853691762548,34.57465260795609],[135.48702756300997,34.57485389787468]],[[135.48702756300997,34.57485389787468],[135.48717033979793,34.575457767630475]],[[135.48873068612343,34.577395183096954],[135.4893935783532,34.5773448606173]],[[135.4893935783532,34.5773448606173],[135.4897505203231,34.57731969937748]],[[135.4897505203231,34.57731969937748],[135.49018904902897,34.57491051066429]],[[135.49018904902897,34.57491051066429],[135.48853691762548,34.57465260795609]],[[135.47571760173557,34.58202485122465],[135.47659465914728,34.5814587233286]],[[135.47578899012953,34.580590660554655],[135.4745957841159,34.58133291712948]],[[135.4745957841159,34.58133291712948],[135.474269437172,34.58176065820649]],[[135.474269437172,34.58176065820649],[135.474320428882,34.58188646440561]],[[135.474340825566,34.58298097833798],[135.47485074266584,34.58259726943066]],[[135.47485074266584,34.58259726943066],[135.47571760173557,34.58202485122465]],[[135.48855731430947,34.58369178336302],[135.48736410829585,34.58396226669113]],[[135.48803719886766,34.58601290773682],[135.4894139750372,34.58567952130915]],[[135.48240771408544,34.59030289912689],[135.48167343346168,34.59048531811562]],[[135.48167343346168,34.59048531811562],[135.48209156548353,34.59160499328781]],[[135.48209156548353,34.59160499328781],[135.4828156477653,34.591416283989126]],[[135.4803068556341,34.59079354330347],[135.48073518599796,34.591932089405525]],[[135.48073518599796,34.591932089405525],[135.48209156548353,34.59160499328781]],[[135.48167343346168,34.59048531811562],[135.4803068556341,34.59079354330347]],[[135.4827646560553,34.57743292495669],[135.48275445771333,34.57743292495669]],[[135.48275445771333,34.57743292495669],[135.48121450807182,34.57755873115581]],[[135.48121450807182,34.57755873115581],[135.4816122434097,34.57864066446826]],[[135.4816122434097,34.57864066446826],[135.48169383014567,34.57862808384835]],[[135.48169383014567,34.57862808384835],[135.48290743284326,34.57844566485962]],[[135.47302523944842,34.563336340345046],[135.47467737085188,34.562373922921765]],[[135.46233737703582,34.56336150158487],[135.46159289807005,34.5624116647815]],[[135.46120536107418,34.56262553532001],[135.46121555941616,34.562631825629964]],[[135.46121555941616,34.562631825629964],[135.46197023672391,34.563562791503465]],[[135.46197023672391,34.563562791503465],[135.46233737703582,34.56336150158487]],[[135.4733413880503,34.577980181922875],[135.47241333892862,34.5769737323299]],[[135.47241333892862,34.5769737323299],[135.4715464798589,34.577533569915985]],[[135.4715464798589,34.577533569915985],[135.4724745289806,34.57855260012888]],[[135.48998508218904,34.58700048639994],[135.49011766063498,34.5873212922077]],[[135.49011766063498,34.5873212922077],[135.49079075120676,34.588862418146945]],[[135.49079075120676,34.588862418146945],[135.49105590809867,34.58949144914256]],[[135.49105590809867,34.58949144914256],[135.49107630478267,34.5895417716222]],[[135.49107630478267,34.5895417716222],[135.49149443680454,34.59038467315632]],[[135.49149443680454,34.59038467315632],[135.49325874996998,34.589944351459394]],[[135.49325874996998,34.589944351459394],[135.4935443035459,34.58813903250199]],[[135.4935443035459,34.58813903250199],[135.49399303059374,34.5863462941645]],[[135.46516231776891,34.594391600598364],[135.46528469787287,34.591334509959694]],[[135.46528469787287,34.591334509959694],[135.46341840128747,34.59192579909557]],[[135.46341840128747,34.59192579909557],[135.46323483113153,34.59499547035415]],[[135.46323483113153,34.59499547035415],[135.46516231776891,34.594391600598364]],[[135.49149443680454,34.59038467315632],[135.49206554395636,34.591290477790004]],[[135.49206554395636,34.591290477790004],[135.4926060560822,34.5921082180843]],[[135.49310577484005,34.59286305527903],[135.4935952952559,34.593599021543895]],[[135.49488028634747,34.59033435067667],[135.49325874996998,34.589944351459394]],[[135.49557377360324,34.588692579778126],[135.4935443035459,34.58813903250199]],[[135.48267287097735,34.57536341298113],[135.48042923573806,34.575608735069416]],[[135.48042923573806,34.575608735069416],[135.480623004236,34.57610566955595]],[[135.480623004236,34.57610566955595],[135.4809493511799,34.576904538920374]],[[135.4809493511799,34.576904538920374],[135.48270346600333,34.57659631373253]],[[135.48270346600333,34.57659631373253],[135.48267287097735,34.57536341298113]],[[135.4859465387583,34.59059854369483],[135.48558959678843,34.589548061932156]],[[135.48558959678843,34.589548061932156],[135.48489610953266,34.589699029371104]],[[135.4784609557327,34.58911403054519],[135.4780428237108,34.588006935992915]],[[135.47742072484903,34.58677403524151],[135.47546264318564,34.58816419374182]],[[135.47546264318564,34.58816419374182],[135.47798163365883,34.59029031850698]],[[135.47798163365883,34.59029031850698],[135.4796541617463,34.589761932470665]],[[135.4796541617463,34.589761932470665],[135.4784609557327,34.58911403054519]],[[135.47297424773842,34.588893869696726],[135.47126092628298,34.58944741697286]],[[135.47126092628298,34.58944741697286],[135.47311702452637,34.59186289599601]],[[135.47311702452637,34.59186289599601],[135.47515669292574,34.59116467159088]],[[135.47515669292574,34.59116467159088],[135.47297424773842,34.588893869696726]],[[135.46973117498345,34.58993806114944],[135.46823201870993,34.59037838284637]],[[135.46823201870993,34.59037838284637],[135.46860935736382,34.59330337697596]],[[135.46860935736382,34.59330337697596],[135.47094477768107,34.59255483009118]],[[135.47094477768107,34.59255483009118],[135.46973117498345,34.58993806114944]],[[135.474330627224,34.57733227999739],[135.4734025781023,34.576338411024324]],[[135.4589515274929,34.56227956827242],[135.4582172468691,34.56277650275895]],[[135.4582172468691,34.56277650275895],[135.45907390759686,34.56419811280903]],[[135.45907390759686,34.56419811280903],[135.45950223796072,34.564877466284294]],[[135.45950223796072,34.564877466284294],[135.46070564231633,34.564355370557934]],[[135.46070564231633,34.564355370557934],[135.46032830366244,34.56372004925237]],[[135.46032830366244,34.56372004925237],[135.4589515274929,34.56227956827242]],[[135.46696742430234,34.59381918239236],[135.46860935736382,34.59330337697596]],[[135.46823201870993,34.59037838284637],[135.46528469787287,34.591334509959694]],[[135.46516231776891,34.594391600598364],[135.46696742430234,34.59381918239236]],[[135.46542747466083,34.58915806271488],[135.4654886647128,34.58653500346318]],[[135.46368355817938,34.58708855073932],[135.4636427648114,34.58771758173493]],[[135.4636427648114,34.58771758173493],[135.4635713764174,34.58907628868545]],[[135.4635713764174,34.58907628868545],[135.46542747466083,34.58915806271488]],[[135.46629433373056,34.55155458979725],[135.464886962535,34.55146023514791]],[[135.4661515569426,34.55344168278408],[135.4665186972545,34.55308942542654]],[[135.47015950534734,34.55307684480663],[135.47061843073718,34.55285039364821]],[[135.47061843073718,34.55285039364821],[135.46981276171942,34.55178733126563]],[[135.46981276171942,34.55178733126563],[135.46629433373056,34.55155458979725]],[[135.47917483967245,34.58573613409876],[135.47826718723476,34.58628339106494]],[[135.47913404630447,34.587277260038],[135.48004169874218,34.58668597090213]],[[135.49011766063498,34.5873212922077],[135.48860830601947,34.58765467863537]],[[135.48899584301535,34.588950482486325],[135.49079075120676,34.588862418146945]],[[135.48701736466796,34.58095549853211],[135.48638506746417,34.57989872645948]],[[135.48638506746417,34.57989872645948],[135.48491650621665,34.580206951647334]],[[135.48491650621665,34.580206951647334],[135.48489610953266,34.58021324195729]],[[135.4852938448705,34.58133291712948],[135.48701736466796,34.58095549853211]],[[135.48678280280205,34.5821758186636],[135.48563039015642,34.58242114075188]],[[135.48736410829585,34.58396226669113],[135.48678280280205,34.5821758186636]],[[135.4840598454889,34.59160499328781],[135.48421282061886,34.591579832047984]],[[135.48073518599796,34.591932089405525],[135.48108192962584,34.59235354017258]],[[135.48108192962584,34.59235354017258],[135.4840598454889,34.59160499328781]],[[135.48764966187176,34.5820185609147],[135.48678280280205,34.5821758186636]],[[135.46839519218187,34.561424086118386],[135.46997593519137,34.56482085349469]],[[135.46997593519137,34.56482085349469],[135.471240529599,34.564355370557934]],[[135.4840802421729,34.57523760678201],[135.48267287097735,34.57536341298113]],[[135.48270346600333,34.57659631373253],[135.4843759940908,34.57643905598363]],[[135.4843759940908,34.57643905598363],[135.4840802421729,34.57523760678201]],[[135.48385587864897,34.584673071716175],[135.48414143222487,34.585541134490114]],[[135.48414143222487,34.585541134490114],[135.48457996093074,34.58675516431165]],[[135.48457996093074,34.58675516431165],[135.486894984564,34.58625822982511]],[[135.4733209913663,34.586308552304764],[135.47577879178755,34.584993877523935]],[[135.47577879178755,34.584993877523935],[135.47491193271782,34.58403146010065]],[[135.47491193271782,34.58403146010065],[135.4746263791419,34.58368549305306]],[[135.4874864883998,34.58003082296857],[135.48638506746417,34.57989872645948]],[[135.48701736466796,34.58095549853211],[135.48764966187176,34.5820185609147]],[[135.48802700052565,34.580257274126986],[135.4874864883998,34.58003082296857]],[[135.46912947280566,34.587994355373],[135.47005752192734,34.585805327508275]],[[135.46650849891248,34.58622677827533],[135.46760991984814,34.588478709239624]],[[135.46760991984814,34.588478709239624],[135.46912947280566,34.587994355373]],[[135.46101159257623,34.57235035451215],[135.4592472794108,34.57314293356662]],[[135.4592472794108,34.57314293356662],[135.46075663402632,34.575898089327396]],[[135.46075663402632,34.575898089327396],[135.4607872290523,34.57593583118714]],[[135.46271471568969,34.575074058723146],[135.46101159257623,34.57235035451215]],[[135.45870676728495,34.57978550088028],[135.458523197129,34.581829851616014],[135.4573401894574,34.58252178571119]],[[135.4573401894574,34.58252178571119],[135.4589311308089,34.583528235304165],[135.46095040252425,34.58318855856653]],[[135.47578899012953,34.580590660554655],[135.4749527260858,34.57969743654089]],[[135.4749527260858,34.57969743654089],[135.4740756686741,34.58024469350707]],[[135.4740756686741,34.58024469350707],[135.4740552719901,34.580257274126986]],[[135.4740552719901,34.580257274126986],[135.4745957841159,34.58133291712948]],[[135.48744569503182,34.58792516196348],[135.48742529834783,34.58793145227344]],[[135.48742529834783,34.58793145227344],[135.48518166310856,34.588403225520146]],[[135.48518166310856,34.588403225520146],[135.48558959678843,34.589548061932156]],[[135.48558959678843,34.589548061932156],[135.4877924386597,34.58917064333479]],[[135.47593176691748,34.57908098616519],[135.4749527260858,34.57969743654089]],[[135.4740552719901,34.580257274126986],[135.4730354377904,34.58089259543255]],[[135.4730354377904,34.58089259543255],[135.474269437172,34.58176065820649]],[[135.47156687654288,34.57606163738626],[135.47101616607506,34.576420185053756]],[[135.47101616607506,34.576420185053756],[135.47072041415714,34.57662147497235]],[[135.477492113243,34.56889068403629],[135.47629890722936,34.568959877445806]],[[135.47629890722936,34.568959877445806],[135.47636009728134,34.56994745610892]],[[135.47636009728134,34.56994745610892],[135.47759409666295,34.56985939176953]],[[135.47233175219264,34.58038937063606],[135.47049605063322,34.58115049814075]],[[135.4730354377904,34.58089259543255],[135.47233175219264,34.58038937063606]],[[135.48832275244357,34.56979648866997],[135.48812898394561,34.57202325839444]],[[135.48812898394561,34.57202325839444],[135.490036073899,34.57191632312518]],[[135.490036073899,34.57191632312518],[135.49015845400297,34.56978390805006]],[[135.49015845400297,34.56978390805006],[135.48921000819726,34.56934987666309]],[[135.47520768463573,34.570029230138346],[135.47636009728134,34.56994745610892]],[[135.47629890722936,34.568959877445806],[135.47512609789976,34.56904165147524]],[[135.47520768463573,34.569997778588565],[135.47520768463573,34.570029230138346]],[[135.47157707488486,34.579106147405014],[135.47066942244717,34.57809340750208]],[[135.47066942244717,34.57809340750208],[135.4690070927017,34.579169050504575]],[[135.4690070927017,34.579169050504575],[135.46970057995748,34.58024469350707]],[[135.4582172468691,34.56277650275895],[135.45711582593347,34.56324827600566]],[[135.45711582593347,34.56324827600566],[135.45786030489924,34.564726498845346]],[[135.45786030489924,34.564726498845346],[135.45907390759686,34.56419811280903]],[[135.47853234412668,34.571897452195316],[135.47793064194886,34.572199387073205]],[[135.47711477458913,34.573885190141446],[135.47869551759862,34.574400995557845]],[[135.47869551759862,34.574400995557845],[135.47985812858624,34.57350148123412]],[[135.47985812858624,34.57350148123412],[135.47932781480242,34.57287874054847]],[[135.47932781480242,34.57287874054847],[135.47853234412668,34.571897452195316]],[[135.47886888941255,34.5744513180375],[135.47869551759862,34.574400995557845]],[[135.47616632878342,34.57453309206692],[135.47793064194886,34.57505518779328]],[[135.46983315840342,34.577212764108225],[135.46879292751976,34.57789840789344]],[[135.46879292751976,34.57789840789344],[135.46821162202593,34.578282116800764]],[[135.46821162202593,34.578282116800764],[135.4690070927017,34.579169050504575]],[[135.47422864380403,34.57431922152841],[135.4733209913663,34.57491051066429]],[[135.47417765209406,34.575841476537796],[135.47509550287376,34.57525018740192]],[[135.4592166843848,34.57828840711072],[135.4591860893588,34.57644534629358]],[[135.4591860893588,34.57644534629358],[135.45839061868307,34.57340083627482]],[[135.45839061868307,34.57340083627482],[135.45743197453538,34.57213019366369]],[[135.45743197453538,34.57213019366369],[135.45666709888562,34.572734063419475]],[[135.45666709888562,34.572734063419475],[135.45755435463934,34.57379712580206],[135.45677928064757,34.57645163660354],[135.45274073721686,34.57654599125288],[135.4517005063332,34.57708066759915],[135.4500891682977,34.58342130003491],[135.45338323276266,34.58263501129039],[135.4573401894574,34.58252178571119]],[[135.4665186972545,34.55308942542654],[135.46852777062784,34.55411474594939]],[[135.46852777062784,34.55411474594939],[135.4686297540478,34.553265554105316]],[[135.49206554395636,34.591290477790004],[135.48934258664323,34.591919508785615]],[[135.48934258664323,34.591919508785615],[135.48960774353515,34.59273095876995]],[[135.47582978349752,34.5747658335353],[135.47709437790513,34.57559615444951]],[[135.47511589955775,34.57684163582081],[135.47417765209406,34.575841476537796]],[[135.48988309876907,34.593586440923985],[135.49054599099884,34.59541063081125]],[[135.49054599099884,34.59541063081125],[135.49428878251166,34.59464950330656]],[[135.47509550287376,34.57525018740192],[135.47604394867946,34.57626292730485]],[[135.46629433373056,34.55155458979725],[135.46726317622026,34.548723950317004],[135.46695722596036,34.54747846894569],[135.46496854927096,34.54708217941845],[135.46342859962945,34.54561653719868],[135.46342859962945,34.54808862901143],[135.46224559195784,34.552189911102815]],[[135.4954309968153,34.57475954322534],[135.49438056758962,34.57484760756473]],[[135.49463552613955,34.576891958300465],[135.4956757570232,34.57682276489095]],[[135.45711582593347,34.56324827600566],[135.45591242157786,34.5639590810307]],[[135.45591242157786,34.5639590810307],[135.45666709888562,34.56521085271197]],[[135.45666709888562,34.56521085271197],[135.45786030489924,34.564726498845346]],[[135.48116351636182,34.577445505576605],[135.4809493511799,34.576904538920374]],[[135.480623004236,34.57610566955595],[135.47902186454252,34.57711840945888]],[[135.47902186454252,34.57711840945888],[135.4786853192566,34.5773448606173]],[[135.4786853192566,34.5773448606173],[135.47954197998433,34.57824437494103]],[[135.47954197998433,34.57824437494103],[135.47955217832634,34.578238084631074]],[[135.47955217832634,34.578238084631074],[135.48116351636182,34.577445505576605]],[[135.46542747466083,34.58917693364475],[135.46760991984814,34.588478709239624]],[[135.46542747466083,34.58915806271488],[135.46542747466083,34.58917693364475]],[[135.4786853192566,34.5773448606173],[135.47763489003094,34.578005343162694]],[[135.47848135241668,34.578911147796376],[135.47954197998433,34.57824437494103]],[[135.48422301896085,34.5722434192429],[135.4843453990648,34.57318696573631]],[[135.4843453990648,34.57318696573631],[135.48620149730823,34.57243841885154]],[[135.48620149730823,34.57243841885154],[135.48680319948605,34.57219309676325]],[[135.48680319948605,34.57219309676325],[135.4863340757542,34.571067131281104]],[[135.49072956115478,34.57509921996297],[135.4906683711028,34.5748664784946]],[[135.4906683711028,34.5748664784946],[135.49018904902897,34.57491051066429]],[[135.4897505203231,34.57731969937748],[135.49113749483465,34.57721905441818]],[[135.49113749483465,34.57721905441818],[135.49072956115478,34.57509921996297]],[[135.49086213960075,34.56809181467187],[135.4888122728594,34.567783589484016]],[[135.4888122728594,34.567783589484016],[135.48841453752152,34.56831197552033]],[[135.49015845400297,34.56978390805006],[135.49048480094686,34.56890955496616]],[[135.49048480094686,34.56890955496616],[135.49086213960075,34.56809181467187]],[[135.46008354345452,34.56173860161619],[135.4589515274929,34.56227956827242]],[[135.46032830366244,34.56372004925237],[135.46127674946814,34.56321682445588]],[[135.46127674946814,34.56321682445588],[135.46094020418226,34.562782793068905]],[[135.46094020418226,34.562782793068905],[135.46008354345452,34.56173860161619]],[[135.48680319948605,34.57219309676325],[135.48812898394561,34.57202325839444]],[[135.4922491141123,34.575011155623585],[135.49072956115478,34.57509921996297]],[[135.49113749483465,34.57721905441818],[135.49249387432022,34.5770869579091]],[[135.4812043097298,34.570532454934835],[135.47853234412668,34.571897452195316]],[[135.47932781480242,34.57287874054847],[135.48131649149178,34.57257680567057]],[[135.46966998493147,34.58781193638427],[135.4714546947809,34.587239518178265]],[[135.46912947280566,34.587994355373],[135.46966998493147,34.58781193638427]],[[135.4620722201439,34.571897452195316],[135.46101159257623,34.57235035451215]],[[135.46271471568969,34.575074058723146],[135.46352038470744,34.57454567268684]],[[135.46352038470744,34.57454567268684],[135.46322463278952,34.57405502851026]],[[135.46322463278952,34.57405502851026],[135.46259233558573,34.572979385507765]],[[135.46259233558573,34.572979385507765],[135.4620722201439,34.571897452195316]],[[135.47546264318564,34.58816419374182],[135.47297424773842,34.588893869696726]],[[135.47515669292574,34.59116467159088],[135.47732893977104,34.590497898735535]],[[135.47732893977104,34.590497898735535],[135.47798163365883,34.59029031850698]],[[135.4592472794108,34.57314293356662],[135.4592064860428,34.57306744984715]],[[135.4592064860428,34.57306744984715],[135.45839061868307,34.57340083627482]],[[135.4591860893588,34.57644534629358],[135.46075663402632,34.575898089327396]],[[135.48907742975132,34.580206951647334],[135.4890672314093,34.58021953226725]],[[135.4906479744188,34.58176694851645],[135.49080094954877,34.58035162877633]],[[135.49080094954877,34.58035162877633],[135.48907742975132,34.580206951647334]],[[135.4632960211835,34.56510391744271],[135.46307165765958,34.56427988683846]],[[135.46307165765958,34.56427988683846],[135.46264332729572,34.564481176757056]],[[135.46264332729572,34.564481176757056],[135.46240876542979,34.56459440233627]],[[135.46240876542979,34.56459440233627],[135.46289828584563,34.56521085271197]],[[135.46289828584563,34.56521085271197],[135.4632960211835,34.56510391744271]],[[135.47126092628298,34.58944741697286],[135.46973117498345,34.58993806114944]],[[135.47094477768107,34.59255483009118],[135.47311702452637,34.59186289599601]],[[135.46813003528996,34.55475635756491],[135.46852777062784,34.55411474594939]],[[135.4645402189071,34.57601760521656],[135.46384673165133,34.57511809089284]],[[135.46384673165133,34.57511809089284],[135.46352038470744,34.57454567268684]],[[135.46307165765958,34.56427988683846],[135.46309205434358,34.56427359652851]],[[135.46309205434358,34.56427359652851],[135.4623475753778,34.56335521127492]],[[135.4623475753778,34.56335521127492],[135.46233737703582,34.56336150158487]],[[135.46197023672391,34.563562791503465],[135.46264332729572,34.564481176757056]],[[135.4859975304683,34.592819023109335],[135.48726212487588,34.59609627459647]],[[135.48726212487588,34.59609627459647],[135.49054599099884,34.59541063081125]],[[135.48934258664323,34.591919508785615],[135.486966372958,34.59176854134667],[135.4859975304683,34.592819023109335]],[[135.46839519218187,34.561424086118386],[135.46729377124623,34.56204053649409]],[[135.46729377124623,34.56204053649409],[135.46719178782627,34.562097149283694]],[[135.46877253083576,34.56528004612149],[135.46997593519137,34.56482085349469]],[[135.47229095882466,34.56958890844142],[135.47201560359073,34.56927439294361]],[[135.47201560359073,34.56927439294361],[135.47176064504083,34.56899761930555]],[[135.47176064504083,34.56899761930555],[135.47156687654288,34.56877116814712]],[[135.47156687654288,34.56877116814712],[135.47042466223925,34.56948197317217]],[[135.47042466223925,34.56948197317217],[135.47000653021738,34.56974616619032]],[[135.47000653021738,34.56974616619032],[135.4708427942611,34.57067713206383]],[[135.4708427942611,34.57067713206383],[135.47239294224462,34.569708424330585]],[[135.46474418574704,34.565487626350034],[135.46464220232707,34.56514165930245]],[[135.46464220232707,34.56514165930245],[135.4645606155911,34.56484601473451]],[[135.4645606155911,34.56484601473451],[135.46374474823136,34.565015853103326]],[[135.46374474823136,34.565015853103326],[135.4639997067813,34.56587762556732]],[[135.4639997067813,34.56587762556732],[135.46474418574704,34.565487626350034]],[[135.48240771408544,34.59030289912689],[135.48200997874756,34.589214675504486]],[[135.48126549978178,34.589409675113124],[135.48167343346168,34.59048531811562]],[[135.46731416793023,34.5714697111183],[135.46729377124623,34.571450840188426]],[[135.46729377124623,34.571450840188426],[135.4664371105185,34.57200438746457]],[[135.4664371105185,34.57200438746457],[135.4664269121765,34.57201067777452]],[[135.4664269121765,34.57201067777452],[135.46725297787825,34.572935353338075]],[[135.46725297787825,34.572935353338075],[135.46814023363197,34.57238809637189]],[[135.46814023363197,34.57238809637189],[135.46731416793023,34.5714697111183]],[[135.49757264863462,34.57689824861042],[135.49597150894112,34.580534047765056]],[[135.49597150894112,34.580534047765056],[135.49740947516267,34.5803264675365]],[[135.49740947516267,34.5803264675365],[135.4988780364102,34.58014404854777]],[[135.4988780364102,34.58014404854777],[135.49989787060989,34.580024532658605]],[[135.49989787060989,34.580024532658605],[135.49816415247042,34.576891958300465]],[[135.47850174910067,34.581829851616014],[135.47757369997896,34.580835982642945]],[[135.47659465914728,34.5814587233286],[135.47751250992698,34.582452592301664]],[[135.47751250992698,34.582452592301664],[135.47850174910067,34.581829851616014]],[[135.4724643306386,34.5739921254107],[135.4733209913663,34.57491051066429]],[[135.47422864380403,34.57431922152841],[135.4733719830763,34.57341970720469]],[[135.4733719830763,34.57341970720469],[135.4724643306386,34.5739921254107]],[[135.47864452588863,34.58462903954648],[135.47830798060275,34.58483661977503]],[[135.47830798060275,34.58483661977503],[135.47744112153302,34.5853712961213]],[[135.47744112153302,34.5853712961213],[135.47826718723476,34.58628339106494]],[[135.47947059159037,34.58555371511003],[135.47864452588863,34.58462903954648]],[[135.47073061249915,34.57211132273382],[135.46993514182338,34.57125584057979]],[[135.46993514182338,34.57125584057979],[135.46913967114764,34.57175906537628]],[[135.46913967114764,34.57175906537628],[135.46993514182338,34.57262083784027]],[[135.46993514182338,34.57262083784027],[135.47073061249915,34.57211132273382]],[[135.49446215432562,34.56387730700127],[135.49337093173196,34.564713918225436]],[[135.49337093173196,34.564713918225436],[135.49468651784954,34.56696584918972]],[[135.49468651784954,34.56696584918972],[135.4960326989931,34.56647520501315]],[[135.4960326989931,34.56647520501315],[135.49446215432562,34.56387730700127]],[[135.47162806659486,34.571557775457684],[135.4708427942611,34.57067713206383]],[[135.4708427942611,34.57067713206383],[135.46993514182338,34.57125584057979]],[[135.47073061249915,34.57211132273382],[135.47162806659486,34.571557775457684]],[[135.48017427718815,34.5836666221232],[135.47930741811842,34.58273565624969]],[[135.47930741811842,34.58273565624969],[135.47833857562873,34.58337726786522]],[[135.47833857562873,34.58337726786522],[135.47921563304044,34.58427678218894]],[[135.47921563304044,34.58427678218894],[135.48017427718815,34.5836666221232]],[[135.47930741811842,34.58273565624969],[135.47850174910067,34.581829851616014]],[[135.47751250992698,34.582452592301664],[135.47833857562873,34.58337726786522]],[[135.48108192962584,34.59235354017258],[135.48076578102396,34.59261773319074]],[[135.48076578102396,34.59261773319074],[135.4822241439295,34.593907246731746],[135.48359072175705,34.59684482148125]],[[135.48359072175705,34.59684482148125],[135.48528364652853,34.59649256412371]],[[135.48528364652853,34.59649256412371],[135.4840598454889,34.59160499328781]],[[135.45786030489924,34.564726498845346],[135.45871696562696,34.56611036703569]],[[135.45871696562696,34.56611036703569],[135.45972660148465,34.56569520657859]],[[135.45972660148465,34.56569520657859],[135.45994076666656,34.56560085192925]],[[135.45994076666656,34.56560085192925],[135.45950223796072,34.564877466284294]],[[135.48290743284326,34.582119205873994],[135.48284624279128,34.581949367505175]],[[135.48244850745343,34.58077936985334],[135.48243830911142,34.580760498923475]],[[135.48243830911142,34.580760498923475],[135.48106153294185,34.58163485200737]],[[135.48106153294185,34.58163485200737],[135.48017427718815,34.5821758186636]],[[135.48017427718815,34.5821758186636],[135.48106153294185,34.58311936515702]],[[135.48106153294185,34.58311936515702],[135.48290743284326,34.582119205873994]],[[135.47000653021738,34.56974616619032],[135.46907848109566,34.57035003594611]],[[135.46907848109566,34.57035003594611],[135.46993514182338,34.57125584057979]],[[135.49740947516267,34.5803264675365],[135.49786840055253,34.58281743027912]],[[135.49935735848405,34.58261614036053],[135.4988780364102,34.58014404854777]],[[135.47094477768107,34.59255483009118],[135.4721889754047,34.595127566863226]],[[135.4721889754047,34.595127566863226],[135.47321900794634,34.59479418043556]],[[135.47321900794634,34.59479418043556],[135.474340825566,34.594435632768054]],[[135.474340825566,34.594435632768054],[135.47311702452637,34.59186289599601]],[[135.4635509797334,34.59775062611493],[135.4657946149727,34.59706498232971]],[[135.4657946149727,34.59706498232971],[135.46516231776891,34.594391600598364]],[[135.46323483113153,34.59499547035415],[135.46312264936955,34.59788901293396]],[[135.46312264936955,34.59788901293396],[135.4635509797334,34.59775062611493]],[[135.49236129587428,34.56538698139074],[135.49175959369646,34.56407230660991]],[[135.49175959369646,34.56407230660991],[135.49110689980867,34.56434908024798]],[[135.49110689980867,34.56434908024798],[135.49137205670058,34.565978270526614],[135.4888122728594,34.567783589484016]],[[135.49086213960075,34.56809181467187],[135.49182078374844,34.56795971816279]],[[135.49182078374844,34.56795971816279],[135.49330974167998,34.56746907398621]],[[135.49330974167998,34.56746907398621],[135.49236129587428,34.56538698139074]],[[135.49597150894112,34.580534047765056],[135.496369244279,34.58280484965921]],[[135.48017427718815,34.5821758186636],[135.4800722937682,34.5822324314532]],[[135.4800722937682,34.5822324314532],[135.47930741811842,34.58273565624969]],[[135.48017427718815,34.5836666221232],[135.48106153294185,34.58311936515702]],[[135.46070564231633,34.564355370557934],[135.46117476604817,34.56508504651285]],[[135.46117476604817,34.56508504651285],[135.4623883687458,34.5645755314064]],[[135.4623883687458,34.5645755314064],[135.461684683148,34.56369488801254]],[[135.461684683148,34.56369488801254],[135.46127674946814,34.56321682445588]],[[135.49337093173196,34.564713918225436],[135.49236129587428,34.56538698139074]],[[135.49330974167998,34.56746907398621],[135.49468651784954,34.56696584918972]],[[135.4752892713717,34.57277809558917],[135.4749425277438,34.57239438668184]],[[135.4749425277438,34.57239438668184],[135.4733719830763,34.57341970720469]],[[135.4740756686741,34.58024469350707],[135.47326999965634,34.57940808228291]],[[135.4724031405866,34.579967919869006],[135.47233175219264,34.58038937063606]],[[135.4768394193552,34.577137280388754],[135.47763489003094,34.578005343162694]],[[135.47902186454252,34.57711840945888],[135.47822639386678,34.57626921761481]],[[135.4749527260858,34.57969743654089],[135.47414705706805,34.57882937376694]],[[135.4664269121765,34.57201067777452],[135.4655396564228,34.57258938629049]],[[135.4655396564228,34.57258938629049],[135.46638611880851,34.57349519092416]],[[135.46638611880851,34.57349519092416],[135.46725297787825,34.572935353338075]],[[135.46894590264972,34.573256159145835],[135.46816063031596,34.57240696730176]],[[135.46816063031596,34.57240696730176],[135.46814023363197,34.57238809637189]],[[135.46725297787825,34.572935353338075],[135.46806884523798,34.57378454518214]],[[135.46806884523798,34.57378454518214],[135.46894590264972,34.573256159145835]],[[135.47319861126235,34.57057648710453],[135.47318841292036,34.57057019679457]],[[135.47162806659486,34.571557775457684],[135.47164846327885,34.57154519483777]],[[135.47164846327885,34.57154519483777],[135.47319861126235,34.57057648710453]],[[135.47926662475044,34.58132033650956],[135.47834877397074,34.58033904815641]],[[135.47834877397074,34.58033904815641],[135.47757369997896,34.580835982642945]],[[135.47850174910067,34.581829851616014],[135.47926662475044,34.58132033650956]],[[135.47491193271782,34.58403146010065],[135.47573799841956,34.5835659771639]],[[135.47573799841956,34.5835659771639],[135.47485074266584,34.58259726943066]],[[135.4759113702335,34.57772227921467],[135.47671703925124,34.5785777613687]],[[135.46638611880851,34.57349519092416],[135.46718158948428,34.57436325369811]],[[135.46718158948428,34.57436325369811],[135.46806884523798,34.57378454518214]],[[135.47834877397074,34.58033904815641],[135.47757369997896,34.579477275692426]],[[135.45666709888562,34.56521085271197],[135.45754415629733,34.56659472090231]],[[135.45754415629733,34.56659472090231],[135.45871696562696,34.56611036703569]],[[135.49468651784954,34.56696584918972],[135.49620607080706,34.56976503712019]],[[135.49620607080706,34.56976503712019],[135.49750126024063,34.56922407046397]],[[135.49750126024063,34.56922407046397],[135.4960326989931,34.56647520501315]],[[135.48121450807182,34.57755873115581],[135.48116351636182,34.577445505576605]],[[135.47955217832634,34.578238084631074],[135.4803272523181,34.57908098616519]],[[135.4803272523181,34.57908098616519],[135.4816122434097,34.57864066446826]],[[135.47156687654288,34.57606163738626],[135.47066942244717,34.57511180058289]],[[135.47066942244717,34.57511180058289],[135.47065922410516,34.57511809089284]],[[135.47065922410516,34.57511809089284],[135.47010851363734,34.575470348250384]],[[135.47010851363734,34.575470348250384],[135.47101616607506,34.576420185053756]],[[135.4831215980252,34.582716785319825],[135.48290743284326,34.582119205873994]],[[135.48106153294185,34.58311936515702],[135.4819181936696,34.58405033103052]],[[135.4642546653312,34.56372633956232],[135.46419347527922,34.563764081422065]],[[135.46419347527922,34.563764081422065],[135.46347959133945,34.56412262908956]],[[135.46347959133945,34.56412262908956],[135.46374474823136,34.565015853103326]],[[135.4645606155911,34.56484601473451],[135.4642546653312,34.56372633956232]],[[135.461756071542,34.56151844076773],[135.46146031962408,34.56155618262747]],[[135.46146031962408,34.56155618262747],[135.46197023672391,34.56221666517286]],[[135.46197023672391,34.56221666517286],[135.4626535256377,34.56183295626553]],[[135.46419347527922,34.563764081422065],[135.46341840128747,34.562751341519125]],[[135.46341840128747,34.562751341519125],[135.46271471568969,34.56314134073641]],[[135.46271471568969,34.56314134073641],[135.46347959133945,34.56412262908956]],[[135.48017427718815,34.5836666221232],[135.48103093791588,34.58460387830666]],[[135.48447797751078,34.588585644508875],[135.48489610953266,34.589699029371104]],[[135.490036073899,34.57191632312518],[135.49185137877444,34.57175906537628]],[[135.49185137877444,34.57175906537628],[135.49185137877444,34.57153890452781]],[[135.49185137877444,34.57153890452781],[135.49048480094686,34.56890955496616]],[[135.47744112153302,34.5853712961213],[135.47731874142906,34.58525807054209]],[[135.47731874142906,34.58525807054209],[135.47647227904332,34.585773875958495]],[[135.47647227904332,34.585773875958495],[135.47742072484903,34.58677403524151]],[[135.4652541028469,34.574218576569116],[135.46384673165133,34.57511809089284]],[[135.4645402189071,34.57601760521656],[135.46605977186462,34.57508034903311]],[[135.46605977186462,34.57508034903311],[135.4652541028469,34.574218576569116]],[[135.4800722937682,34.5822324314532],[135.47926662475044,34.58132033650956]],[[135.4724643306386,34.5739921254107],[135.4724541322966,34.57400470603061]],[[135.4724541322966,34.57400470603061],[135.47167905830483,34.57448276958728]],[[135.47167905830483,34.57448276958728],[135.47253571903258,34.575426316080694]],[[135.48363151512504,34.590007254558955],[135.48323377978718,34.58890016000668]],[[135.4690070927017,34.579169050504575],[135.46679405248838,34.58038937063606]],[[135.46679405248838,34.58038937063606],[135.46797706016002,34.58143985239873]],[[135.46341840128747,34.59192579909557],[135.4635713764174,34.58907628868545]],[[135.4636427648114,34.58771758173493],[135.46283709579365,34.587994355373],[135.4626535256377,34.59156096111811],[135.46095040252425,34.59210192777434],[135.46060365889636,34.59485708353512]],[[135.46060365889636,34.59485708353512],[135.46323483113153,34.59499547035415]],[[135.48106153294185,34.58163485200737],[135.48019467387215,34.58074791830356]],[[135.48019467387215,34.58074791830356],[135.47926662475044,34.58132033650956]],[[135.47661505583127,34.58450952365732],[135.47577879178755,34.584993877523935]],[[135.47577879178755,34.584993877523935],[135.47647227904332,34.585773875958495]],[[135.47731874142906,34.58525807054209],[135.47661505583127,34.58450952365732]],[[135.47832837728674,34.593076925817535],[135.48010288879416,34.59208934715443]],[[135.48010288879416,34.59208934715443],[135.47798163365883,34.59029031850698]],[[135.47732893977104,34.590497898735535],[135.47832837728674,34.593076925817535]],[[135.46813003528996,34.596366757924585],[135.46815043197395,34.59636046761463]],[[135.46815043197395,34.59636046761463],[135.46696742430234,34.59381918239236]],[[135.4657946149727,34.59706498232971],[135.46813003528996,34.596366757924585]],[[135.49182078374844,34.56795971816279],[135.49333013836397,34.571419388638645]],[[135.49333013836397,34.571419388638645],[135.4951352448974,34.57138164677891]],[[135.4951352448974,34.57138164677891],[135.49330974167998,34.56746907398621]],[[135.49553298023525,34.5630847279468],[135.49446215432562,34.56387730700127]],[[135.4960326989931,34.56647520501315],[135.49689955806284,34.56624246354477]],[[135.49689955806284,34.56624246354477],[135.49553298023525,34.5630847279468]],[[135.47515669292574,34.59116467159088],[135.477451319875,34.593536118444334]],[[135.477451319875,34.593536118444334],[135.47832837728674,34.593076925817535]],[[135.48320318476118,34.569406489452696],[135.48288703615927,34.56958890844142]],[[135.48288703615927,34.56958890844142],[135.4825504908734,34.569771327430146]],[[135.4825504908734,34.569771327430146],[135.48216295387752,34.56999148827861]],[[135.48216295387752,34.56999148827861],[135.48199978040557,34.57009842354787]],[[135.483753895229,34.57235035451215],[135.48422301896085,34.5722434192429]],[[135.48460035761474,34.5709098735322],[135.48393746538494,34.5690039096155]],[[135.48393746538494,34.5690039096155],[135.48368250683504,34.56913600612458]],[[135.48368250683504,34.56913600612458],[135.48320318476118,34.569406489452696]],[[135.46913967114764,34.57175906537628],[135.46816063031596,34.57240696730176]],[[135.46894590264972,34.573256159145835],[135.4689561009917,34.57326244945579]],[[135.4689561009917,34.57326244945579],[135.46993514182338,34.57262083784027]],[[135.47754310495299,34.563808113591755],[135.4771249729311,34.56396537134066]],[[135.4771249729311,34.56396537134066],[135.48216295387752,34.56999148827861]],[[135.4825504908734,34.569771327430146],[135.47754310495299,34.563808113591755]],[[135.46374474823136,34.565015853103326],[135.4632960211835,34.56510391744271]],[[135.46289828584563,34.56521085271197],[135.46349998802344,34.56597198021666]],[[135.46349998802344,34.56597198021666],[135.4639997067813,34.56587762556732]],[[135.47570740339356,34.56450633799688],[135.47441221395997,34.56499698217346]],[[135.47441221395997,34.56499698217346],[135.47350456152228,34.565349239531]],[[135.47350456152228,34.565349239531],[135.4721379836947,34.56589020618723]],[[135.4721379836947,34.56589020618723],[135.47065922410516,34.56670794648152]],[[135.47065922410516,34.56670794648152],[135.46995553850738,34.56723004220788]],[[135.46995553850738,34.56723004220788],[135.47049605063322,34.567689234834674]],[[135.47210738866872,34.566682785241696],[135.4759011718915,34.5647327891553]],[[135.49927577174807,34.56013457257738],[135.4972565000327,34.56172602099628]],[[135.4972565000327,34.56172602099628],[135.49910239993412,34.56488375659425]],[[135.49910239993412,34.56488375659425],[135.50024461423777,34.56368859770259]],[[135.50024461423777,34.56368859770259],[135.49927577174807,34.56013457257738]],[[135.46197023672391,34.56221666517286],[135.46271471568969,34.56314134073641]],[[135.48042923573806,34.575608735069416],[135.48006209542618,34.57506776841319]],[[135.50024461423777,34.56368859770259],[135.5016927788013,34.56207198804387],[135.50025481257975,34.55935457414283],[135.49927577174807,34.56013457257738]],[[135.46638611880851,34.57349519092416],[135.4652541028469,34.574218576569116]],[[135.46605977186462,34.57508034903311],[135.46718158948428,34.57436325369811]],[[135.47662525417329,34.58299984926785],[135.47571760173557,34.58202485122465]],[[135.47573799841956,34.5835659771639],[135.47662525417329,34.58299984926785]],[[135.48010288879416,34.58516371589275],[135.47921563304044,34.58427678218894]],[[135.47921563304044,34.58427678218894],[135.47864452588863,34.58462903954648]],[[135.47630910557137,34.567324396857224],[135.477522708269,34.566638753072006]],[[135.47720655966708,34.5662802054045],[135.47201560359073,34.56927439294361]],[[135.47388190017614,34.569066812715064],[135.47507510618976,34.568041492192215]],[[135.47507510618976,34.568041492192215],[135.47630910557137,34.567324396857224]],[[135.46913967114764,34.57175906537628],[135.46828301041992,34.570853260742595]],[[135.46828301041992,34.570853260742595],[135.46731416793023,34.5714697111183]],[[135.47573799841956,34.5835659771639],[135.47661505583127,34.58450952365732]],[[135.47661505583127,34.58450952365732],[135.477492113243,34.58394339576127]],[[135.477492113243,34.58394339576127],[135.47662525417329,34.58299984926785]],[[135.47751250992698,34.582452592301664],[135.47662525417329,34.58299984926785]],[[135.477492113243,34.58394339576127],[135.47833857562873,34.58337726786522]],[[135.46907848109566,34.57035003594611],[135.4689866960177,34.57040664873571]],[[135.4689866960177,34.57040664873571],[135.46828301041992,34.570853260742595]],[[135.4651317227429,34.5661229476556],[135.46474418574704,34.565487626350034]],[[135.46349998802344,34.56597198021666],[135.4639487150713,34.566512946872884]],[[135.4639487150713,34.566512946872884],[135.4651317227429,34.5661229476556]],[[135.47939920319638,34.56310359887667],[135.47800203034282,34.56363827522294]],[[135.47800203034282,34.56363827522294],[135.48209156548353,34.56851955574888]],[[135.48209156548353,34.56851955574888],[135.4800518970842,34.56536811046087]],[[135.4800518970842,34.56536811046087],[135.47939920319638,34.56310359887667]],[[135.47593176691748,34.57908098616519],[135.47513629624174,34.5782192137012]],[[135.49185137877444,34.57153890452781],[135.49333013836397,34.571419388638645]],[[135.49750126024063,34.56922407046397],[135.4985414911243,34.568865522796465],[135.49782760718455,34.567141977868495]],[[135.49782760718455,34.567141977868495],[135.49689955806284,34.56624246354477]],[[135.48356012673108,34.572935353338075],[135.48313179636722,34.57239438668184]],[[135.47985812858624,34.57350148123412],[135.48356012673108,34.572935353338075]],[[135.48243830911142,34.580760498923475],[135.48202017708957,34.5796093722015]],[[135.48202017708957,34.5796093722015],[135.48019467387215,34.58074791830356]],[[135.4951352448974,34.57138164677891],[135.49620607080706,34.56976503712019]],[[135.48202017708957,34.5796093722015],[135.48169383014567,34.57862808384835]],[[135.4803272523181,34.57908098616519],[135.47834877397074,34.58033904815641]],[[135.4655396564228,34.57258938629049],[135.46442803714515,34.57330648162548]],[[135.46442803714515,34.57330648162548],[135.4652541028469,34.574218576569116]],[[135.45994076666656,34.56560085192925],[135.46117476604817,34.56508504651285]],[[135.48047002910604,34.56511020775267],[135.48320318476118,34.569406489452696]],[[135.48368250683504,34.56913600612458],[135.4821833505615,34.56619843137508]],[[135.4821833505615,34.56619843137508],[135.48047002910604,34.56511020775267]],[[135.46983315840342,34.577212764108225],[135.46891530762372,34.57622518544512]],[[135.46891530762372,34.57622518544512],[135.46778329166207,34.576935990470155]],[[135.46778329166207,34.576935990470155],[135.46879292751976,34.57789840789344]],[[135.46778329166207,34.576935990470155],[135.46702861435432,34.577445505576605]],[[135.46702861435432,34.577445505576605],[135.46821162202593,34.578282116800764]],[[135.4796847567723,34.58978709371049],[135.4796541617463,34.589761932470665]],[[135.48010288879416,34.59208934715443],[135.48076578102396,34.59261773319074]],[[135.4803068556341,34.59079354330347],[135.47980713687625,34.58989402897974]],[[135.4695476048275,34.59593901684757],[135.46860935736382,34.59330337697596]],[[135.46815043197395,34.59636046761463],[135.4695476048275,34.59593901684757]],[[135.47830798060275,34.58483661977503],[135.477492113243,34.58394339576127]],[[135.46679405248838,34.58038937063606],[135.46559064813277,34.58113791752084]],[[135.46634532544053,34.581949367505175],[135.46652889559647,34.58213807680386]],[[135.4972565000327,34.56172602099628],[135.49553298023525,34.5630847279468]],[[135.49782760718455,34.567141977868495],[135.49910239993412,34.56488375659425]],[[135.47800203034282,34.56363827522294],[135.47754310495299,34.563808113591755]],[[135.48288703615927,34.56958890844142],[135.48209156548353,34.56851955574888]],[[135.48490630787464,34.591384832439346],[135.48577316694437,34.596398209474366]],[[135.48577316694437,34.596398209474366],[135.48726212487588,34.59609627459647]],[[135.4859975304683,34.592819023109335],[135.48543662165847,34.59124644562031]],[[135.50122365506945,34.5823896892021],[135.49989787060989,34.580024532658605]],[[135.47167905830483,34.57448276958728],[135.47066942244717,34.57511180058289]],[[135.47010851363734,34.575470348250384],[135.46981276171942,34.57565276723911]],[[135.46981276171942,34.57565276723911],[135.46891530762372,34.57622518544512]],[[135.46442803714515,34.57330648162548],[135.46415268191123,34.57345744906443]],[[135.46415268191123,34.57345744906443],[135.46322463278952,34.57405502851026]],[[135.474340825566,34.594435632768054],[135.47531986639768,34.594133697890165]],[[135.47531986639768,34.594133697890165],[135.47634989893936,34.59381918239236]],[[135.47634989893936,34.59381918239236],[135.477451319875,34.593536118444334]],[[135.46347959133945,34.56412262908956],[135.46309205434358,34.56427359652851]],[[135.4695476048275,34.59593901684757],[135.47105695944305,34.59547353391081]],[[135.47105695944305,34.59547353391081],[135.4721889754047,34.595127566863226]],[[135.48815957897162,34.59013306075808],[135.4878434303697,34.589164353024834]],[[135.4859465387583,34.59059854369483],[135.48815957897162,34.59013306075808]],[[135.46289828584563,34.56521085271197],[135.46040989039844,34.56680230113086]],[[135.46040989039844,34.56680230113086],[135.46087901413028,34.56748794491608]],[[135.46087901413028,34.56748794491608],[135.46089941081428,34.56746907398621]],[[135.46089941081428,34.56746907398621],[135.4639487150713,34.566512946872884]],[[135.47350456152228,34.565349239531],[135.47223996711466,34.56381440390171]],[[135.471240529599,34.564355370557934],[135.4721379836947,34.56589020618723]],[[135.47507510618976,34.568041492192215],[135.47512609789976,34.56904165147524]],[[135.47629890722936,34.568959877445806],[135.47630910557137,34.567324396857224]],[[135.48934258664323,34.591919508785615],[135.4890876280933,34.591152090970965]],[[135.4890876280933,34.591152090970965],[135.48871028943944,34.59001354486891]],[[135.48871028943944,34.59001354486891],[135.48815957897162,34.59013306075808]],[[135.46240876542979,34.56459440233627],[135.4623883687458,34.5645755314064]],[[135.45972660148465,34.56569520657859],[135.46040989039844,34.56680230113086]],[[135.4645402189071,34.56721117127801],[135.46473398740505,34.56746907398621]],[[135.46473398740505,34.56746907398621],[135.46526430118888,34.56855729760862]],[[135.46526430118888,34.56855729760862],[135.46759972150613,34.56783391196367]],[[135.46759972150613,34.56783391196367],[135.46728357290425,34.56680230113086]],[[135.46728357290425,34.56680230113086],[135.4645402189071,34.56721117127801]],[[135.48931199161723,34.58987515804988],[135.48899584301535,34.588950482486325]],[[135.48871028943944,34.59001354486891],[135.48931199161723,34.58987515804988]],[[135.47765528671493,34.566789720510954],[135.477522708269,34.56889068403629]],[[135.47767568339893,34.57086584136251],[135.47644168401732,34.57094761539194]],[[135.47644168401732,34.57094761539194],[135.47641108899134,34.5709539057019]],[[135.47641108899134,34.5709539057019],[135.4765232707533,34.57196664560483]],[[135.4777674684769,34.5718848715754],[135.47767568339893,34.57086584136251]],[[135.48174482185564,34.58848499954958],[135.48090855781192,34.58758548522585]],[[135.48090855781192,34.58758548522585],[135.480572012526,34.58778677514445]],[[135.480572012526,34.58778677514445],[135.47997031034822,34.58818935498164]],[[135.47997031034822,34.58818935498164],[135.48078617770796,34.589088869305364]],[[135.49107630478267,34.5895417716222],[135.4890876280933,34.591152090970965]],[[135.4888122728594,34.567783589484016],[135.4872315298499,34.567475364296165]],[[135.48600772881028,34.56782762165371],[135.48717033979793,34.568896974346245]],[[135.48853691762548,34.57465260795609],[135.48835334746954,34.57395438355096]],[[135.48835334746954,34.57395438355096],[135.486935777932,34.57398583510074]],[[135.486935777932,34.57398583510074],[135.48702756300997,34.57485389787468]],[[135.4677221016101,34.56564488409894],[135.46697762264435,34.565827303087666]],[[135.46697762264435,34.565827303087666],[135.46728357290425,34.56680230113086]],[[135.46759972150613,34.56783391196367],[135.46830340710392,34.568286814280505]],[[135.46830340710392,34.568286814280505],[135.46921105954164,34.5677143960745]],[[135.46921105954164,34.5677143960745],[135.46957819985352,34.567475364296165]],[[135.46957819985352,34.567475364296165],[135.46783428337207,34.565613432549156]],[[135.468058646896,34.57533196143135],[135.46696742430234,34.57604276645639]],[[135.46696742430234,34.57604276645639],[135.46778329166207,34.576935990470155]],[[135.46891530762372,34.57622518544512],[135.468058646896,34.57533196143135]],[[135.47441221395997,34.56499698217346],[135.47302523944842,34.563336340345046]],[[135.47105695944305,34.59547353391081],[135.47279067758248,34.600675620244516]],[[135.47279067758248,34.600675620244516],[135.47455499074792,34.600046589248905]],[[135.47455499074792,34.600046589248905],[135.4721889754047,34.595127566863226]],[[135.4665186972545,34.561059248140936],[135.46729377124623,34.56204053649409]],[[135.4787363109666,34.57078406733308],[135.47767568339893,34.57086584136251]],[[135.48078617770796,34.57053874524479],[135.4796745584303,34.57062051927422]],[[135.4796745584303,34.57062051927422],[135.4787363109666,34.57078406733308]],[[135.46997593519137,34.56482085349469],[135.47065922410516,34.56670794648152]],[[135.46848697725986,34.5550016796532],[135.47015950534734,34.55419651997882]],[[135.47015950534734,34.55419651997882],[135.4695476048275,34.55334103782479]],[[135.48931199161723,34.58987515804988],[135.49105590809867,34.58949144914256]],[[135.49113749483465,34.57721905441818],[135.49096412302072,34.578835664076905]],[[135.49096412302072,34.578835664076905],[135.49080094954877,34.58035162877633]],[[135.48414143222487,34.585541134490114],[135.48272386268732,34.586428068193925]],[[135.48272386268732,34.586428068193925],[135.48358052341507,34.58735274375748]],[[135.46271471568969,34.56314134073641],[135.4623475753778,34.56335521127492]],[[135.46473398740505,34.56746907398621],[135.46323483113153,34.56922407046397]],[[135.46323483113153,34.56922407046397],[135.46377534325737,34.569676972780805]],[[135.46377534325737,34.569676972780805],[135.46526430118888,34.56855729760862]],[[135.48272386268732,34.586428068193925],[135.48178561522363,34.58703822825967]],[[135.48178561522363,34.58703822825967],[135.4828156477653,34.587868549173876]],[[135.46541727631885,34.57901808306563],[135.46609036689063,34.579672275301064]],[[135.46609036689063,34.579672275301064],[135.46821162202593,34.578282116800764]],[[135.46561104481677,34.5615373116976],[135.4664269121765,34.56253747098062]],[[135.47627851054537,34.56429246745837],[135.47467737085188,34.562373922921765]],[[135.48267287097735,34.574388414937935],[135.47990912029624,34.57483502694482]],[[135.48267287097735,34.57536341298113],[135.48267287097735,34.574388414937935]],[[135.490036073899,34.57191632312518],[135.4903420241589,34.57360212619342]],[[135.4903420241589,34.57360212619342],[135.49204514727236,34.57339454596487]],[[135.49204514727236,34.57339454596487],[135.49185137877444,34.57175906537628]],[[135.45754415629733,34.56659472090231],[135.45600420665582,34.5672552034477]],[[135.45600420665582,34.5672552034477],[135.45707503256548,34.56919890922414]],[[135.45707503256548,34.56919890922414],[135.45872716396894,34.568544716988704]],[[135.45872716396894,34.568544716988704],[135.4582172468691,34.5677143960745]],[[135.4582172468691,34.5677143960745],[135.45754415629733,34.56659472090231]],[[135.46981276171942,34.57565276723911],[135.4689561009917,34.57475954322534]],[[135.4689561009917,34.57475954322534],[135.468058646896,34.57533196143135]],[[135.48924060322327,34.57872243849769],[135.48907742975132,34.580206951647334]],[[135.49096412302072,34.578835664076905],[135.48924060322327,34.57872243849769]],[[135.4677221016101,34.568645361948],[135.4668042508304,34.56923665108388]],[[135.4668042508304,34.56923665108388],[135.46745694471818,34.569934875489004]],[[135.46745694471818,34.569934875489004],[135.46821162202593,34.56922407046397]],[[135.46821162202593,34.56922407046397],[135.4677221016101,34.568645361948]],[[135.48611991057226,34.55543571104017],[135.48522245647655,34.556014419556135]],[[135.48522245647655,34.556014419556135],[135.4815714500417,34.559297961353224]],[[135.4815714500417,34.559297961353224],[135.48385587864897,34.55978231521984],[135.48478392777068,34.56093973225177]],[[135.48478392777068,34.56093973225177],[135.4884961242575,34.55924763887357]],[[135.4884961242575,34.55924763887357],[135.4894037766952,34.559040058645024]],[[135.4894037766952,34.559040058645024],[135.48611991057226,34.55543571104017]],[[135.48835334746954,34.57395438355096],[135.48856751265149,34.573878899831485]],[[135.48856751265149,34.573878899831485],[135.48812898394561,34.57202325839444]],[[135.48620149730823,34.57243841885154],[135.48641566249017,34.57401728665052]],[[135.48641566249017,34.57401728665052],[135.486935777932,34.57398583510074]],[[135.47083259591912,34.57359583588346],[135.46993514182338,34.57262083784027]],[[135.4689561009917,34.57326244945579],[135.46982296006144,34.57421228625916]],[[135.46982296006144,34.57421228625916],[135.46984335674543,34.57423744749899]],[[135.46984335674543,34.57423744749899],[135.47083259591912,34.57359583588346]],[[135.47671703925124,34.564116338779606],[135.4771249729311,34.56396537134066]],[[135.47939920319638,34.56310359887667],[135.48478392777068,34.56093973225177]],[[135.4815714500417,34.559297961353224],[135.48109212796786,34.55956844468134]],[[135.46545806968683,34.57698002263985],[135.46696742430234,34.57604276645639]],[[135.46696742430234,34.57604276645639],[135.46605977186462,34.57508034903311]],[[135.47520768463573,34.570029230138346],[135.4753096680557,34.571035679731324]],[[135.4753096680557,34.571035679731324],[135.47641108899134,34.5709539057019]],[[135.47644168401732,34.57094761539194],[135.47636009728134,34.56994745610892]],[[135.47767568339893,34.57086584136251],[135.47759409666295,34.56985939176953]],[[135.4787363109666,34.57078406733308],[135.47865472423064,34.5697776177401]],[[135.44323588247588,34.59040354408619],[135.43763699271966,34.588661128228345],[135.42571513092545,34.59330337697596],[135.4237264542361,34.604908998844984],[135.43362904431493,34.6023551330028],[135.43328230068704,34.60082029737351],[135.44116561905054,34.598675301678476]],[[135.44116561905054,34.598675301678476],[135.442868742164,34.59688885365094],[135.44090046215862,34.59187547661592],[135.44118601573453,34.58991289990961],[135.44323588247588,34.59040354408619]],[[135.46957819985352,34.567475364296165],[135.46995553850738,34.56723004220788]],[[135.4689561009917,34.57475954322534],[135.46806884523798,34.57378454518214]],[[135.46718158948428,34.57436325369811],[135.468058646896,34.57533196143135]],[[135.477451319875,34.593536118444334],[135.48048022744806,34.59768143270541]],[[135.48048022744806,34.59768143270541],[135.48359072175705,34.59684482148125]],[[135.46146031962408,34.56155618262747],[135.46098099755025,34.561606505107115]],[[135.46162349309603,34.56239279385163],[135.46197023672391,34.56221666517286]],[[135.4872213315079,34.57750840867617],[135.486966372958,34.57887340593664]],[[135.486966372958,34.57887340593664],[135.4881901739976,34.57874130942756]],[[135.4881901739976,34.57874130942756],[135.48798620715766,34.57749582805625]],[[135.47404507364809,34.5714697111183],[135.47319861126235,34.57057648710453]],[[135.47164846327885,34.57154519483777],[135.4724949256646,34.572476160711275]],[[135.4724949256646,34.572476160711275],[135.47250512400657,34.572488741331185]],[[135.47250512400657,34.572488741331185],[135.47404507364809,34.5714697111183]],[[135.4668042508304,34.56923665108388],[135.4658354083407,34.56982794021975]],[[135.4658354083407,34.56982794021975],[135.4664779038865,34.570551325864706]],[[135.4664779038865,34.570551325864706],[135.46745694471818,34.569934875489004]],[[135.4657946149727,34.59706498232971],[135.46663087901644,34.598964655936456]],[[135.46663087901644,34.598964655936456],[135.4689561009917,34.59820981874172]],[[135.4689561009917,34.59820981874172],[135.46813003528996,34.596366757924585]],[[135.4596042213807,34.57010471385782],[135.4580030816872,34.570884712292376]],[[135.4580030816872,34.570884712292376],[135.4592064860428,34.57306744984715]],[[135.46101159257623,34.57235035451215],[135.46054246884438,34.57164583979707]],[[135.46054246884438,34.57164583979707],[135.4596042213807,34.57010471385782]],[[135.48742529834783,34.58793145227344],[135.486894984564,34.58625822982511]],[[135.46718158948428,34.564713918225436],[135.46623314367858,34.56488375659425]],[[135.46623314367858,34.56488375659425],[135.46464220232707,34.56514165930245]],[[135.4651317227429,34.5661229476556],[135.46697762264435,34.565827303087666]],[[135.4655804497908,34.5711111634508],[135.46476458243103,34.570261971606726]],[[135.46476458243103,34.570261971606726],[135.46385692999334,34.57080293826295]],[[135.46385692999334,34.57080293826295],[135.46469319403707,34.57167100103689]],[[135.46469319403707,34.57167100103689],[135.4655804497908,34.5711111634508]],[[135.48860830601947,34.58765467863537],[135.48803719886766,34.58601290773682]],[[135.47531986639768,34.594133697890165],[135.4749833211118,34.59578804940862]],[[135.4749833211118,34.59578804940862],[135.47517708960973,34.59617175831595]],[[135.47517708960973,34.59617175831595],[135.47654366743728,34.59678820869164]],[[135.47654366743728,34.59678820869164],[135.47755330329497,34.594976599424285],[135.47634989893936,34.59381918239236]],[[135.47042466223925,34.56948197317217],[135.46921105954164,34.5677143960745]],[[135.46830340710392,34.568286814280505],[135.4677221016101,34.568645361948]],[[135.46821162202593,34.56922407046397],[135.4689866960177,34.57040664873571]],[[135.4695476048275,34.59593901684757],[135.47035327384526,34.59802110944304]],[[135.47035327384526,34.59802110944304],[135.47153628151688,34.60110965163149]],[[135.47153628151688,34.60110965163149],[135.47279067758248,34.600675620244516]],[[135.46087901413028,34.56748794491608],[135.4589413291509,34.568896974346245]],[[135.4589413291509,34.568896974346245],[135.4595634280127,34.570029230138346]],[[135.4595634280127,34.570029230138346],[135.46200083174992,34.568544716988704]],[[135.46200083174992,34.568544716988704],[135.46089941081428,34.56746907398621]],[[135.46526430118888,34.56855729760862],[135.46574362326274,34.569664392160895]],[[135.46574362326274,34.569664392160895],[135.4658354083407,34.56982794021975]],[[135.4739634869121,34.55517780833197],[135.47293345437043,34.555756516847936]],[[135.47293345437043,34.555756516847936],[135.47391249520214,34.55693909511968]],[[135.47491193271782,34.55635409629377],[135.4739634869121,34.55517780833197]],[[135.48522245647655,34.556014419556135],[135.48177541688165,34.55635409629377]],[[135.47654366743728,34.59678820869164],[135.477502311585,34.59880739818755],[135.48048022744806,34.59768143270541]],[[135.4960530956771,34.57308003046706],[135.49522702997535,34.57314922387658]],[[135.49522702997535,34.57314922387658],[135.4954309968153,34.57475954322534]],[[135.4969301530888,34.574658898266044],[135.4960530956771,34.57308003046706]],[[135.46623314367858,34.56488375659425],[135.46543767300284,34.56306585701693]],[[135.46543767300284,34.56306585701693],[135.4642546653312,34.56372633956232]],[[135.47035327384526,34.59802110944304],[135.4689561009917,34.59820981874172]],[[135.4689561009917,34.59820981874172],[135.47047565394922,34.60149336053881]],[[135.47047565394922,34.60149336053881],[135.47153628151688,34.60110965163149]],[[135.4639487150713,34.566512946872884],[135.4645402189071,34.56721117127801]],[[135.46200083174992,34.568544716988704],[135.46225579029985,34.56838116892985]],[[135.46225579029985,34.56838116892985],[135.4645402189071,34.56721117127801]],[[135.47455499074792,34.600046589248905],[135.47552383323762,34.5996314287918]],[[135.47552383323762,34.5996314287918],[135.47321900794634,34.59479418043556]],[[135.46745694471818,34.569934875489004],[135.46828301041992,34.570853260742595]],[[135.47228076048265,34.553215231625664],[135.47123033125698,34.55373103704206]],[[135.47123033125698,34.55373103704206],[135.47191362017077,34.5545424870264]],[[135.47191362017077,34.5545424870264],[135.47296404939644,34.553995230060224]],[[135.47296404939644,34.553995230060224],[135.47228076048265,34.553215231625664]],[[135.47694140277517,34.56594681897683],[135.47176064504083,34.56899761930555]],[[135.48273406102933,34.566022302696304],[135.4821833505615,34.56619843137508]],[[135.48393746538494,34.5690039096155],[135.48416182890887,34.568865522796465]],[[135.48392726704296,34.56737471933687],[135.48273406102933,34.566022302696304]],[[135.4664779038865,34.570551325864706],[135.46729377124623,34.571450840188426]],[[135.48275445771333,34.57743292495669],[135.48270346600333,34.57659631373253]],[[135.4733209913663,34.586308552304764],[135.47546264318564,34.58816419374182]],[[135.4903420241589,34.57360212619342],[135.4906683711028,34.5748664784946]],[[135.4922083207443,34.574665188576],[135.49204514727236,34.57339454596487]],[[135.46225579029985,34.56838116892985],[135.46323483113153,34.56922407046397]],[[135.464876764193,34.58040195125597],[135.46609036689063,34.579672275301064]],[[135.47366773499422,34.55310200604645],[135.47296404939644,34.553995230060224]],[[135.47296404939644,34.553995230060224],[135.4739634869121,34.55517780833197]],[[135.4739634869121,34.55517780833197],[135.47531986639768,34.554360068037674]],[[135.47531986639768,34.554360068037674],[135.47366773499422,34.55310200604645]],[[135.4664371105185,34.57200438746457],[135.4655804497908,34.5711111634508]],[[135.46469319403707,34.57167100103689],[135.4655396564228,34.57258938629049]],[[135.48421282061886,34.57829469742068],[135.48421282061886,34.57938921135304]],[[135.48421282061886,34.57938921135304],[135.48462075429873,34.579338888873394]],[[135.48462075429873,34.579338888873394],[135.48598733212629,34.579062115235324]],[[135.48598733212629,34.579062115235324],[135.4859771337843,34.57904324430545]],[[135.4859771337843,34.57904324430545],[135.48563039015642,34.578087117192126]],[[135.4733719830763,34.57341970720469],[135.47250512400657,34.572488741331185]],[[135.4724949256646,34.572476160711275],[135.47160766991087,34.57309261108698]],[[135.47160766991087,34.57309261108698],[135.4724541322966,34.57400470603061]],[[135.48459015927273,34.5772882478277],[135.4843759940908,34.57643905598363]],[[135.4935443035459,34.57321212697614],[135.49204514727236,34.57339454596487]],[[135.49330974167998,34.57457083392666],[135.4935443035459,34.57321212697614]],[[135.4856405884984,34.56967068247085],[135.48486551450665,34.568469233269234]],[[135.47125072794097,34.55177475064571],[135.47228076048265,34.553215231625664]],[[135.47228076048265,34.553215231625664],[135.47360654494224,34.55257362001014]],[[135.47360654494224,34.55257362001014],[135.4733413880503,34.551567170417165],[135.47125072794097,34.55177475064571]],[[135.47191362017077,34.5545424870264],[135.47293345437043,34.555756516847936]],[[135.4884961242575,34.55924763887357],[135.49110689980867,34.56434908024798]],[[135.49175959369646,34.56407230660991],[135.4894037766952,34.559040058645024]],[[135.4903420241589,34.57360212619342],[135.48856751265149,34.573878899831485]],[[135.48462075429873,34.579338888873394],[135.48491650621665,34.580206951647334]],[[135.48638506746417,34.57989872645948],[135.48598733212629,34.579062115235324]],[[135.4689561009917,34.57475954322534],[135.46982296006144,34.57421228625916]],[[135.4893935783532,34.5773448606173],[135.48924060322327,34.57872243849769]],[[135.461684683148,34.56369488801254],[135.46197023672391,34.563562791503465]],[[135.46121555941616,34.562631825629964],[135.46094020418226,34.562782793068905]],[[135.48047002910604,34.56511020775267],[135.4800518970842,34.56536811046087]],[[135.47160766991087,34.57309261108698],[135.47073061249915,34.57211132273382]],[[135.47083259591912,34.57359583588346],[135.47160766991087,34.57309261108698]],[[135.49333013836397,34.571419388638645],[135.4935443035459,34.57321212697614]],[[135.4935443035459,34.57321212697614],[135.49522702997535,34.57314922387658]],[[135.4960530956771,34.57308003046706],[135.4951352448974,34.57138164677891]],[[135.48924060322327,34.57872243849769],[135.4881901739976,34.57874130942756]],[[135.4881901739976,34.57874130942756],[135.4874864883998,34.58003082296857]],[[135.46542747466083,34.58917693364475],[135.46528469787287,34.591334509959694]],[[135.46823201870993,34.59037838284637],[135.46912947280566,34.587994355373]],[[135.47997031034822,34.58818935498164],[135.47913404630447,34.587277260038]],[[135.4784609557327,34.58911403054519],[135.47997031034822,34.58818935498164]],[[135.4840802421729,34.57523760678201],[135.48384568030698,34.57419970563925]],[[135.48384568030698,34.57419970563925],[135.48267287097735,34.574388414937935]],[[135.4796745584303,34.57062051927422],[135.4796031700363,34.5697210049505]],[[135.45743197453538,34.57213019366369],[135.45582063649988,34.56731810654726]],[[135.45582063649988,34.56731810654726],[135.45501496748213,34.56582101277771]],[[135.45501496748213,34.56582101277771],[135.4494364744099,34.568041492192215]],[[135.4494364744099,34.568041492192215],[135.4513945560733,34.574985994383766],[135.4526693488229,34.57587921839753],[135.45548409121398,34.57581631529797],[135.455433099504,34.57363986805316],[135.45666709888562,34.572734063419475]],[[135.47552383323762,34.5996314287918],[135.4766048574893,34.59917223616501],[135.47517708960973,34.59617175831595]],[[135.4749833211118,34.59578804940862],[135.474340825566,34.594435632768054]],[[135.46465240066908,34.56209085897374],[135.46543767300284,34.56306585701693]],[[135.46543767300284,34.56306585701693],[135.46608016854861,34.562719889969344]],[[135.46385692999334,34.57080293826295],[135.46370395486338,34.57089100260234]],[[135.46370395486338,34.57089100260234],[135.46253114553375,34.571601807627374]],[[135.46253114553375,34.571601807627374],[135.4632858228415,34.57256422505066]],[[135.4632858228415,34.57256422505066],[135.46469319403707,34.57167100103689]],[[135.480572012526,34.58778677514445],[135.48004169874218,34.58668597090213]],[[135.4589413291509,34.568896974346245],[135.45872716396894,34.568544716988704]],[[135.45707503256548,34.56919890922414],[135.4580030816872,34.570884712292376]],[[135.4596042213807,34.57010471385782],[135.4595634280127,34.570029230138346]],[[135.4664779038865,34.570551325864706],[135.4655804497908,34.5711111634508]],[[135.4749425277438,34.57239438668184],[135.47441221395997,34.57182196847584]],[[135.47441221395997,34.57182196847584],[135.47404507364809,34.5714697111183]],[[135.48528364652853,34.59649256412371],[135.48577316694437,34.596398209474366]],[[135.4843453990648,34.57318696573631],[135.4847329360607,34.574187125019336]],[[135.4847329360607,34.574187125019336],[135.48641566249017,34.57401728665052]],[[135.46040989039844,34.56680230113086],[135.4582172468691,34.5677143960745]],[[135.48557939844642,34.56656955966249],[135.48425361398685,34.5656071422392],[135.48273406102933,34.566022302696304]],[[135.486966372958,34.57887340593664],[135.4859771337843,34.57904324430545]],[[135.4852938448705,34.58133291712948],[135.48563039015642,34.58242114075188]],[[135.47125072794097,34.55177475064571],[135.46981276171942,34.55178733126563]],[[135.47061843073718,34.55285039364821],[135.47123033125698,34.55373103704206]],[[135.48178561522363,34.58703822825967],[135.48090855781192,34.58758548522585]],[[135.4623679720618,34.60266964850061],[135.461725476516,34.60041142722636]],[[135.461725476516,34.60041142722636],[135.46193964169794,34.59852433423953],[135.46312264936955,34.59788901293396]],[[135.46060365889636,34.59485708353512],[135.45972660148465,34.59481934167538],[135.45993056832458,34.59070547896408],[135.45905351091287,34.590051286728645],[135.45177189472716,34.591900637855744],[135.44397016309964,34.589334191393654],[135.44323588247588,34.59040354408619]],[[135.44116561905054,34.598675301678476],[135.44452087356748,34.59768772301537],[135.44657074030883,34.60186448882622],[135.43892198381124,34.603915129871915],[135.43706588556785,34.60476432171599],[135.43762679437765,34.606072706186865],[135.44654014528282,34.60621738331585],[135.4563917436517,34.60453787055757],[135.4623679720618,34.60266964850061]],[[135.47156687654288,34.56877116814712],[135.47113854617902,34.568299394900414]],[[135.4708529926031,34.55505200213285],[135.46927224959362,34.5559326455267]],[[135.47034307550328,34.55724102999758],[135.4718626284608,34.556366676913676]],[[135.4718626284608,34.556366676913676],[135.4708529926031,34.55505200213285]],[[135.46307165765958,34.5702368103669],[135.46054246884438,34.57164583979707]],[[135.4620722201439,34.571897452195316],[135.46253114553375,34.571601807627374]],[[135.46370395486338,34.57089100260234],[135.46307165765958,34.5702368103669]],[[135.4708529926031,34.55505200213285],[135.47015950534734,34.55419651997882]],[[135.45600420665582,34.5672552034477],[135.45582063649988,34.56731810654726]],[[135.4598387832466,34.58428936280885],[135.44938548269994,34.586962744540195],[135.4525775637449,34.5899569320793],[135.46088921247227,34.58767983987519]],[[135.4762275188354,34.55562442033885],[135.47531986639768,34.554360068037674]],[[135.4753096680557,34.571035679731324],[135.47441221395997,34.57182196847584]],[[135.4847329360607,34.574187125019336],[135.4862728857022,34.57566534785902]],[[135.47015950534734,34.55419651997882],[135.47123033125698,34.55373103704206]],[[135.46307165765958,34.5702368103669],[135.46377534325737,34.569676972780805]],[[135.46446883051314,34.59959997724202],[135.4635509797334,34.59775062611493]],[[135.461725476516,34.60041142722636],[135.46446883051314,34.59959997724202]],[[135.46574362326274,34.569664392160895],[135.46476458243103,34.570261971606726]],[[135.47297424773842,34.588893869696726],[135.4714546947809,34.587239518178265]],[[135.46966998493147,34.58781193638427],[135.47126092628298,34.58944741697286]],[[135.48202017708957,34.5796093722015],[135.48421282061886,34.57938921135304]],[[135.46638611880851,34.60280803531964],[135.46446883051314,34.59959997724202]],[[135.4623679720618,34.60266964850061],[135.46287788916163,34.60377674305288]],[[135.46287788916163,34.60377674305288],[135.46638611880851,34.60280803531964]],[[135.48356012673108,34.572935353338075],[135.48384568030698,34.57419970563925]],[[135.48546721668447,34.57740147340691],[135.48602812549427,34.577533569915985]],[[135.47283147095047,34.55756183580534],[135.4718626284608,34.556366676913676]],[[135.46045068376642,34.561669408206676],[135.46008354345452,34.56173860161619]],[[135.47293345437043,34.555756516847936],[135.4718626284608,34.556366676913676]],[[135.46609036689063,34.579672275301064],[135.46679405248838,34.58038937063606]],[[135.46638611880851,34.60280803531964],[135.46815043197395,34.602311100833106]],[[135.46815043197395,34.602311100833106],[135.46663087901644,34.598964655936456]],[[135.46663087901644,34.598964655936456],[135.46446883051314,34.59959997724202]],[[135.4632858228415,34.57256422505066],[135.46415268191123,34.57345744906443]],[[135.48178561522363,34.58703822825967],[135.4809493511799,34.586113552696126]],[[135.47191362017077,34.5545424870264],[135.4708529926031,34.55505200213285]],[[135.47083259591912,34.57359583588346],[135.47167905830483,34.57448276958728]],[[135.47065922410516,34.57511809089284],[135.46984335674543,34.57423744749899]],[[135.4632858228415,34.57256422505066],[135.46259233558573,34.572979385507765]],[[135.46815043197395,34.602311100833106],[135.47047565394922,34.60149336053881]],[[135.4818774003016,34.585515973250295],[135.48272386268732,34.586428068193925]],[[135.47366773499422,34.55310200604645],[135.47360654494224,34.55257362001014]],[[135.45591242157786,34.5639590810307],[135.45431128188437,34.56451262830684],[135.45501496748213,34.56582101277771]],[[135.48611991057226,34.55543571104017],[135.48179581356564,34.55226539482229],[135.4812756981238,34.55432232617794],[135.48177541688165,34.55635409629377]],[[135.4494364744099,34.568041492192215],[135.44733561595856,34.56855100729866],[135.4453673359532,34.584169846919686],[135.40063740795543,34.60210352060456],[135.40050482950946,34.60851334644983],[135.44630558341692,34.60835608870093],[135.45744217287736,34.605475126741034],[135.46287788916163,34.60377674305288]]]}