{"type":"Topology","bbox":[135.06185567710955,34.68616639715577,135.29296756381663,34.890673431574534],"objects":{"town":{"type":"GeometryCollection","geometries":[{"type":"MultiPolygon","arcs":[[[67,68,70,7,8,63,30,31,32,57,0,64]]],"properties":{"name":"有野台"}},{"type":"Polygon","arcs":[[4,5]],"properties":{"name":"青葉台"}},{"type":"MultiPolygon","arcs":[[[11,16,17,21,22,86,87,20,13,58,59,60,71,72,85]]],"properties":{"name":"泉台"}},{"type":"Polygon","arcs":[[24,25,26]],"properties":{"name":"淡河町木津"}},{"type":"Polygon","arcs":[[34,35,36]],"properties":{"name":"有馬町"}},{"type":"Polygon","arcs":[[37,38,39,40,-35,41,42,43,44],[45],[46,47,48,49,50,51]],"properties":{"name":"有野町唐櫃"}},{"type":"Polygon","arcs":[[52,53,54,55]],"properties":{"name":"淡河町勝雄"}},{"type":"Polygon","arcs":[[74,75,76,77,78,79,80,81,82,83],[84]],"properties":{"name":"有野町二郎"}},{"type":"Polygon","arcs":[[88,89,90,91,92,93,94,95,96,97,98,-75,99,-68,-65,-1,-58,-33,-32,100,101,102,-36,-41]],"properties":{"name":"有野町有野"}},{"type":"MultiPolygon","arcs":[[[299,296,297,298,169,170,171,157,411,412,413,221,107,162]]],"properties":{"name":"緑町"}},{"type":"MultiPolygon","arcs":[[[557,119,578,579,577,375,562,-312,563,274,275,276,277,111,755,-515,756,757]]],"properties":{"name":"筑紫が丘"}},{"type":"MultiPolygon","arcs":[[[122,123,124,125,-355,-354,-533,-224,702,528,529,530,250,-72,-61,-60,544,545]]],"properties":{"name":"北五葉"}},{"type":"MultiPolygon","arcs":[[[128,129,150,151,421,-623,494,495,496,764,-727,-193,-581,420,331,131,132,133,222,223,224,225,252]]],"properties":{"name":"鈴蘭台南町"}},{"type":"Polygon","arcs":[[137,138,139,140,141,142]],"properties":{"name":"八多町西畑"}},{"type":"MultiPolygon","arcs":[[[818,-594,-616,-615,846,847,-620,-619,-722,706,707,-504,704,439]]],"properties":{"name":"藤原台北町"}},{"type":"MultiPolygon","arcs":[[[155,-102,-101,-31,-64,-9,771,295]]],"properties":{"name":"東有野台"}},{"type":"MultiPolygon","arcs":[[[-48,-47,-52,-51,-50,-49]]],"properties":{"name":"唐櫃台"}},{"type":"MultiPolygon","arcs":[[[260,261,262,212,168,164,186,187]]],"properties":{"name":"ひよどり台"}},{"type":"MultiPolygon","arcs":[[[717,718,195,196,197,-560,229,230,231,232,233,234,235,-342,651,649,650,173,693]]],"properties":{"name":"星和台"}},{"type":"Polygon","arcs":[[177,178,179,180,181,182,183,184,185,-82]],"properties":{"name":"道場町日下部"}},{"type":"MultiPolygon","arcs":[[[191,192,726,727,367,795,340,341,-236,-243,342,518,519]]],"properties":{"name":"君影町"}},{"type":"MultiPolygon","arcs":[[[538,625,626,621,-495,622,-422,-152,-468,-467,-466,561,-242,-349,272,268,201,202,203,204,205,576]]],"properties":{"name":"鈴蘭台東町"}},{"type":"MultiPolygon","arcs":[[[208,627,206,329,-262,330]]],"properties":{"name":"ひよどり北町"}},{"type":"Polygon","arcs":[[213]],"properties":{"name":"道場町塩田"}},{"type":"Polygon","arcs":[[214,215,216,217,218,219,-90]],"properties":{"name":"八多町柳谷"}},{"type":"MultiPolygon","arcs":[[[465,466,467,-151,-130,462,319,320,321,322,566,517,350,280,351,374,-202,-269,-273,348,241,-562]]],"properties":{"name":"鈴蘭台北町"}},{"type":"MultiPolygon","arcs":[[[-529,-703,-223,-134,-133,-132,-332,-421,580,-192,-520,-519,-343,242,-235,243,-233,-232,-549,729,-530]]],"properties":{"name":"南五葉"}},{"type":"Polygon","arcs":[[254,255,256,257,258,259]],"properties":{"name":"大沢町市原"}},{"type":"MultiPolygon","arcs":[[[-44,417,418,264,265,571,-45]]],"properties":{"name":"東大池"}},{"type":"Polygon","arcs":[[281,282,283,284,285,286,287,-182,288,289,290,291]],"properties":{"name":"長尾町宅原"}},{"type":"MultiPolygon","arcs":[[[671,672,-428,304,305,300,301,-753]]],"properties":{"name":"松が枝町"}},{"type":"MultiPolygon","arcs":[[[373,369,383,384,741,-275,-564,311,306,660]]],"properties":{"name":"広陵町"}},{"type":"MultiPolygon","arcs":[[[-231,-230,559,-198,-197,316,547,548]]],"properties":{"name":"鳴子"}},{"type":"Polygon","arcs":[[325,326,327,328]],"properties":{"name":"谷上南町"}},{"type":"Polygon","arcs":[[333,334,335,336,337,338,339,-282]],"properties":{"name":"八多町下小名田"}},{"type":"Polygon","arcs":[[-257,345,346,347]],"properties":{"name":"大沢町簾"}},{"type":"MultiPolygon","arcs":[[[-322,-321,-320,-463,-129,-253,-226,-225,532,353,354,-126,-125,667,661,662,663]]],"properties":{"name":"鈴蘭台西町"}},{"type":"MultiPolygon","arcs":[[[804,-743,-761,805,359,360,361,860,861,862,823,807]]],"properties":{"name":"惣山町"}},{"type":"Polygon","arcs":[[380,381,-139,382]],"properties":{"name":"大沢町神付"}},{"type":"Polygon","arcs":[[386,-83,-186,387,388]],"properties":{"name":"道場町平田"}},{"type":"MultiPolygon","arcs":[[[-297,390,391,758,759,760,742,743,761,762,720,-170,-299,-298]]],"properties":{"name":"甲栄台"}},{"type":"Polygon","arcs":[[393,394,-336,395,396,397,-178,-81]],"properties":{"name":"八多町中"}},{"type":"Polygon","arcs":[[398,399,400,401,402]],"properties":{"name":"淡河町東畑"}},{"type":"MultiPolygon","arcs":[[[-260,-259,403,-657]]],"properties":{"name":"赤松台"}},{"type":"Polygon","arcs":[[405,406,407,-399,408,409,410]],"properties":{"name":"淡河町神影"}},{"type":"Polygon","arcs":[[-184,414],[-214]],"properties":{"name":"道場町道場"}},{"type":"Polygon","arcs":[[423,424,425,-54,426]],"properties":{"name":"山田町衝原"}},{"type":"Polygon","arcs":[[-305,427,428,-6,429,430,431,432,433,434,435,436]],"properties":{"name":"山田町下谷上"}},{"type":"MultiPolygon","arcs":[[[444,441,473,474,475,443,445,446]]],"properties":{"name":"幸陽町"}},{"type":"Polygon","arcs":[[447,448,-346,-256,449,450]],"properties":{"name":"大沢町日西原"}},{"type":"Polygon","arcs":[[451,452,453,454,455,456,457,-401,458,-407,459,460,461]],"properties":{"name":"淡河町野瀬"}},{"type":"Polygon","arcs":[[-138,468,-451,469,470,471,472,-383]],"properties":{"name":"大沢町上大沢"}},{"type":"MultiPolygon","arcs":[[[678,478,479,843,680]]],"properties":{"name":"ひよどり台南町"}},{"type":"MultiPolygon","arcs":[[[483,-659,-286,-285,505,652,772,-471,-656,-655]]],"properties":{"name":"上津台"}},{"type":"Polygon","arcs":[[-89,-40,486,487,488,489,490,-215]],"properties":{"name":"八多町附物"}},{"type":"Polygon","arcs":[[-458,491,-27,492,-402]],"properties":{"name":"淡河町行原"}},{"type":"MultiPolygon","arcs":[[[-98,-97,-96,500,501,502,503,-708,-707,721,618,619,620,-76,-99]]],"properties":{"name":"有野中町"}},{"type":"Polygon","arcs":[[508,-427,-53,509,-455,510,511]],"properties":{"name":"山田町坂本"}},{"type":"Polygon","arcs":[[512,513,514,515]],"properties":{"name":"桜森町"}},{"type":"Polygon","arcs":[[522,-431,523,-452,524,-461,-141,525,-488]],"properties":{"name":"八多町屏風"}},{"type":"Polygon","arcs":[[526,527]],"properties":{"name":"淡河町北僧尾"}},{"type":"Polygon","arcs":[[535,-435,536,-433,537,-326]],"properties":{"name":"谷上東町"}},{"type":"Polygon","arcs":[[-143,551,552,-448,-469]],"properties":{"name":"大沢町中大沢"}},{"type":"MultiPolygon","arcs":[[[-123,-546,-545,-59,-14,-21,-88,558]]],"properties":{"name":"杉尾台"}},{"type":"Polygon","arcs":[[554]],"properties":{"name":"大池見山台"}},{"type":"MultiPolygon","arcs":[[[709,570,-446,-444,-476,-791]]],"properties":{"name":"花山中尾台"}},{"type":"MultiPolygon","arcs":[[[-290,-289,-181,-180,-179,-398,745,-649,-726,-291]]],"properties":{"name":"鹿の子台北町"}},{"type":"Polygon","arcs":[[-537,-434]],"properties":{"name":"谷上西町"}},{"type":"MultiPolygon","arcs":[[[-265,-419,589,632,-38,-572,-266]]],"properties":{"name":"西大池"}},{"type":"MultiPolygon","arcs":[[[-502,-501,-95,-94,-93,676,590,591,-217,592,593,-819,-440,-705,-503]]],"properties":{"name":"藤原台中町"}},{"type":"MultiPolygon","arcs":[[[876,-843,-639,602,603,-171,604,-22,-18,598,599,800]]],"properties":{"name":"大原"}},{"type":"Polygon","arcs":[[605,-511,-454,606,607,608]],"properties":{"name":"山田町中"}},{"type":"Polygon","arcs":[[-403,-493,-26,609,610,-409]],"properties":{"name":"淡河町北畑"}},{"type":"Polygon","arcs":[[611,612,613,614,615,-593,-216,-491,616]],"properties":{"name":"八多町吉尾"}},{"type":"Polygon","arcs":[[628]],"properties":{"name":"花山台"}},{"type":"MultiPolygon","arcs":[[[731,-337,-395,-394,-80,-79,736,631,732,733]]],"properties":{"name":"菖蒲が丘"}},{"type":"MultiPolygon","arcs":[[[-218,-592,-591,-677,-92,-91,-220,-219]]],"properties":{"name":"藤原台南町"}},{"type":"MultiPolygon","arcs":[[[840,-820,-748,-301,871,-413,-412,-158,-172,-604,-603,638,842]]],"properties":{"name":"桂木"}},{"type":"MultiPolygon","arcs":[[[-396,-335,-334,-292,725,648,-746,-397]]],"properties":{"name":"鹿の子台南町"}},{"type":"Polygon","arcs":[[654,655,-470,-450,-255,656,-404,-258,-348,657,-287,658,-484]],"properties":{"name":"長尾町上津"}},{"type":"Polygon","arcs":[[-552,-142,-460,-406,659]],"properties":{"name":"淡河町神田"}},{"type":"Polygon","arcs":[[-510,-56,684,685,686,-456]],"properties":{"name":"淡河町淡河"}},{"type":"Polygon","arcs":[[-528,687,-410,-611,688,-686,689]],"properties":{"name":"淡河町南僧尾"}},{"type":"Polygon","arcs":[[-490,690,-381,-473,691,-283,-340,692,-617]],"properties":{"name":"八多町上小名田"}},{"type":"Polygon","arcs":[[-400,-408,-459]],"properties":{"name":"淡河町中山"}},{"type":"MultiPolygon","arcs":[[[-276,-742,-385,858,877,810,835,803,783,-277]]],"properties":{"name":"小倉台"}},{"type":"MultiPolygon","arcs":[[[-663,836,700,837,-762,-744,-805,838]]],"properties":{"name":"松宮台"}},{"type":"Polygon","arcs":[[701]],"properties":{"name":"柏尾台"}},{"type":"MultiPolygon","arcs":[[[-188,863,-718,-694,-174,-651,-854,-652,-341,-796,-368,-728,-765,-497,864,-627,-858,-846,-204,865,711,866,-757,-514,-788,786,-794,867,-681,-844,-480,868,-169,-213,-263,-330,-207,-628,-209,-331,-261]]],"properties":{"name":"山田町下谷上字中一里山"}},{"type":"MultiPolygon","arcs":[[[844,-205,845]]],"properties":{"name":"中里町"}},{"type":"MultiPolygon","arcs":[[[-832,850,-847,-614,-613,-612,-693,-339,-338,-732,827]]],"properties":{"name":"京地"}},{"type":"Polygon","arcs":[[737,738,739,-580,740]],"properties":{"name":"大脇台"}},{"type":"MultiPolygon","arcs":[[[878,779,751,-672,752,-302,747,819,820]]],"properties":{"name":"日の峰"}},{"type":"Polygon","arcs":[[-691,-489,-526,-140,-382]],"properties":{"name":"八多町深谷"}},{"type":"MultiPolygon","arcs":[[[-806,-760,-759,-392,856,781,-739,-738,870,-862,869,-361,-360]]],"properties":{"name":"若葉台"}},{"type":"Polygon","arcs":[[786,787,-513,788,-436,-536,-329,789,-447,-571,-710,790,-475,791,-327,-538,-432,-523,-487,-39,-633,-590,-418,-43,792,793],[-629],[-555]],"properties":{"name":"山田町上谷上"}},{"type":"Polygon","arcs":[[-389,794]],"properties":{"name":"道場町生野"}},{"type":"Polygon","arcs":[[-328,-792,-474,-442,-445,-790]],"properties":{"name":"花山東町"}},{"type":"Polygon","arcs":[[-46]],"properties":{"name":"唐櫃六甲台"}},{"type":"Polygon","arcs":[[-492,-457,-687,-689,-610,-25]],"properties":{"name":"淡河町萩原"}},{"type":"MultiPolygon","arcs":[[[833,831,-828,-734,-733,-632,-737,-78,852]]],"properties":{"name":"西山"}},{"type":"Polygon","arcs":[[853,-650]],"properties":{"name":"山田町藍那"}},{"type":"Polygon","arcs":[[-577,-206,-845,857,-626,-539]],"properties":{"name":"山田町小部"}},{"type":"Polygon","arcs":[[872,873,874,875,-512,-606]],"properties":{"name":"山田町東下"}},{"type":"Polygon","arcs":[[-875,879,-425,880]],"properties":{"name":"山田町小河"}},{"type":"Polygon","arcs":[[-608,881]],"properties":{"name":"山田町福地"}},{"type":"Polygon","arcs":[[-876,-881,-424,-509]],"properties":{"name":"山田町西下"}},{"type":"Polygon","arcs":[[-600,882,-873,-609,-882,-607,-453,-524,-430,-5,-429,-673,-752,-780,-879,-821,-841,-877,-801],[-702]],"properties":{"name":"山田町原野"}}]}},"arcs":[[[135.2233959287543,34.81246212048169],[135.2250601007558,34.81303479744576],[135.22503698725578,34.81432332061492]],[[135.22503698725578,34.81432332061492],[135.22903562275934,34.813259777681644]],[[135.22903562275934,34.813259777681644],[135.2278568342583,34.81072363684077]],[[135.2278568342583,34.81072363684077],[135.2233959287543,34.81246212048169]],[[135.15204455419035,34.76368231479225],[135.1495020691881,34.76607528639211],[135.15026481468877,34.767834222781744],[135.1518827596902,34.76883640746887],[135.15313088869132,34.767834222781744]],[[135.15313088869132,34.767834222781744],[135.1547719471928,34.76699566008436],[135.1532233426914,34.76292556308973],[135.15204455419035,34.76368231479225]],[[135.22903562275934,34.813259777681644],[135.23305737176295,34.813075702943195]],[[135.23305737176295,34.813075702943195],[135.2333347337632,34.81258483697399]],[[135.2333347337632,34.81258483697399],[135.2326644422626,34.81060092034846]],[[135.2326644422626,34.81060092034846],[135.2278568342583,34.81072363684077]],[[135.1365585091765,34.738034567901444],[135.1366740766766,34.74071387798334]],[[135.1366740766766,34.74071387798334],[135.14000242067956,34.742186475890946]],[[135.14000242067956,34.742186475890946],[135.13923967517889,34.738055020650165],[135.1365585091765,34.738034567901444]],[[135.13917033467882,34.73709374146048],[135.13766795717748,34.73729826894764]],[[135.13766795717748,34.73729826894764],[135.13651228217645,34.73735962719379]],[[135.13651228217645,34.73735962719379],[135.1365585091765,34.738034567901444]],[[135.14000242067956,34.742186475890946],[135.14187461418126,34.742309192383246]],[[135.14187461418126,34.742309192383246],[135.14240622468174,34.742247834137096]],[[135.14240622468174,34.742247834137096],[135.14263735968194,34.73922082732702]],[[135.14263735968194,34.73922082732702],[135.14101941468047,34.73875041410653]],[[135.14101941468047,34.73875041410653],[135.13917033467882,34.73709374146048]],[[135.14240622468174,34.742247834137096],[135.14425530468338,34.742943227593464],[135.14571145518468,34.74235009788068]],[[135.14571145518468,34.74235009788068],[135.14682090318567,34.74126610219869]],[[135.14682090318567,34.74126610219869],[135.14388548868305,34.73917992182958],[135.14263735968194,34.73922082732702]],[[135.1244932621657,34.802890234082255],[135.1224130471638,34.80278797033867],[135.1197087676614,34.8013562779285],[135.11607994815813,34.80192895489257],[135.11464691115685,34.80383106052322],[135.11522474865737,34.80900560594856],[135.11485493265704,34.81092816432793],[135.11275160415516,34.81238030948683],[135.1130058526554,34.81401652938416],[135.11117988615374,34.81642995373274],[135.11351434965584,34.8188229253326]],[[135.11351434965584,34.8188229253326],[135.1158256996579,34.81886383083003]],[[135.1158256996579,34.81886383083003],[135.1161492886582,34.81763666590703],[135.1182526171601,34.81786164614291],[135.12287531716422,34.8117462742766],[135.1247475106659,34.80593769364105],[135.1244932621657,34.802890234082255]],[[135.22297988575392,34.80667399259485],[135.22143128125253,34.809966885138245]],[[135.22143128125253,34.809966885138245],[135.22457471725534,34.80918968068701]],[[135.22457471725534,34.80918968068701],[135.22822665025862,34.80831021249219],[135.23134697276143,34.808167043251174]],[[135.23134697276143,34.808167043251174],[135.23183235626186,34.807962515764004]],[[135.23183235626186,34.807962515764004],[135.22993704926014,34.8068580673333],[135.22850401225887,34.807471649794806],[135.2235114962544,34.80593769364105],[135.22297988575392,34.80667399259485]],[[135.22297988575392,34.80667399259485],[135.2210614652522,34.80628539036923],[135.21835718574977,34.808289759743474],[135.22124637325237,34.809966885138245]],[[135.22124637325237,34.809966885138245],[135.22143128125253,34.809966885138245]],[[135.24949107027768,34.770615796607224],[135.24877455177705,34.77386778365319],[135.24782689827617,34.77427683862752],[135.24856653027686,34.77654709373508],[135.24350467377232,34.77867417960162],[135.24253390677143,34.78012632476051],[135.24389760327267,34.783132878821874],[135.24063859976974,34.78673256259602],[135.24112398327017,34.79233661574441],[135.24288060927177,34.79466822909812],[135.24408251127284,34.7976952359082],[135.2430192902719,34.797838405149214],[135.24086973476994,34.8022152933746]],[[135.24086973476994,34.8022152933746],[135.24066171326976,34.802747064841235]],[[135.24066171326976,34.802747064841235],[135.24667122327514,34.80391287151809],[135.24854341677684,34.80630584311795],[135.24875143827703,34.80826930699476],[135.25240337128028,34.80479233971291],[135.25559303428315,34.80616267387693],[135.25910628628628,34.804812792461625],[135.2611171607881,34.80485369795906],[135.26419125629084,34.802378915364336],[135.26973849629582,34.801908502143846],[135.26918377229532,34.79900421182607],[135.27103285229697,34.7967135039698],[135.26973849629582,34.79395238289303],[135.27089417129685,34.79194801351879],[135.2689295237951,34.790557226606055],[135.2695073612956,34.78955504191893],[135.26851348079472,34.786589393355],[135.26936868029549,34.78388963052439],[135.26539315829191,34.778162860883704],[135.2637058727904,34.77795833339654],[135.26384455379053,34.77658799923252],[135.2612327282882,34.77544264530438],[135.2583435407856,34.77200658351996],[135.2533279112811,34.77014538338674],[135.24949107027768,34.770615796607224]],[[135.1995196832329,34.78143530067838],[135.1988493917323,34.78114896219635]],[[135.1988493917323,34.78114896219635],[135.19778617073135,34.782355674370635],[135.1945040537284,34.78264201285267],[135.1897888997242,34.78080126546816],[135.18740820922204,34.77928776206313]],[[135.18740820922204,34.77928776206313],[135.1866916907214,34.7810876039502],[135.18800916022258,34.783521481047494],[135.19038985072473,34.784298685498726],[135.1921695902263,34.78879829021641],[135.19168420672588,34.79078220684194],[135.19302478972708,34.79260250147773],[135.1949663237288,34.79207073001109],[135.19836400823186,34.792950198205915]],[[135.19836400823186,34.792950198205915],[135.19898807273242,34.79123216731371],[135.20243198423552,34.791068545323974],[135.20497446923778,34.790045907888135],[135.21343401024538,34.79673395671851],[135.21646187874808,34.797081653446696],[135.21819539124962,34.797961121641514],[135.22156996225266,34.80186759664642],[135.22355772325443,34.80070178996956],[135.22748701825796,34.802951592328405],[135.23257198826252,34.802051671384866],[135.2341205927639,34.803258383559154],[135.23828102276764,34.80311521431814],[135.24086973476994,34.8022152933746]],[[135.24949107027768,34.770615796607224],[135.2483122817766,34.77096349333541],[135.24496082427362,34.769981761397005],[135.23982962726902,34.76914319869962],[135.23488333826458,34.76724109306896],[135.23405125226384,34.76556396767419],[135.22959034675984,34.763273259817915],[135.22811108275852,34.76429589725375],[135.2212926002524,34.76214835863849],[135.21630008424793,34.75834414737717]],[[135.21630008424793,34.75834414737717],[135.2147052527465,34.762046094894906],[135.21500572824678,34.76351869280251],[135.20987453124218,34.76781377003303],[135.20659241423922,34.76932727343807],[135.20238575723548,34.77380642540704]],[[135.20238575723548,34.77380642540704],[135.20273245973578,34.77838784111959]],[[135.20273245973578,34.77838784111959],[135.2037494537367,34.77883780159136],[135.20356454573653,34.783398764555194],[135.1995196832329,34.78143530067838]],[[135.20723959223983,34.78454411848333],[135.20636127923902,34.7810876039502],[135.208557061741,34.7804740214887],[135.20929669374166,34.78149665892453],[135.20846460774092,34.785219059190986],[135.20723959223983,34.78454411848333]],[[135.2160227222477,34.78679392084217],[135.21632319774795,34.787796105529296]],[[135.21632319774795,34.787796105529296],[135.21900436375037,34.78890055396],[135.2180567102495,34.790495868359905]],[[135.2180567102495,34.790495868359905],[135.21745575924896,34.79515909506732],[135.21398873424587,34.79290929270848]],[[135.21398873424587,34.79290929270848],[135.21234767574438,34.79180484427778],[135.2109146387431,34.78871647922155]],[[135.2109146387431,34.78871647922155],[135.21052170924276,34.78775520003186]],[[135.21052170924276,34.78775520003186],[135.2095740557419,34.7864666768627],[135.21109954674327,34.78427823275001],[135.2134571237454,34.78303061507829],[135.2167161272483,34.78442140199103],[135.21747887274898,34.78628260212425],[135.2160227222477,34.78679392084217]],[[135.11083318365343,34.797715688656915],[135.1027665721462,34.78924825068818]],[[135.1027665721462,34.78924825068818],[135.09888350414272,34.7886551209754],[135.09782028314177,34.787264334062655],[135.09809764514202,34.78143530067838],[135.0970806511411,34.778428746617024],[135.0945843931389,34.77865372685291]],[[135.0945843931389,34.77865372685291],[135.09308201563752,34.78033085224768],[135.09319758313762,34.78311242607316],[135.09241172413692,34.78556675591917],[135.09557827363977,34.78630305487297],[135.09569384113988,34.78781655827801],[135.09243483763694,34.79108899807269],[135.08903715313392,34.792418426739275],[135.08665646263177,34.792684312472595],[135.08372104812915,34.79699984245183],[135.0818026276274,34.80166306915925],[135.07748040312356,34.80368789128221],[135.07491480462124,34.80640810686153],[135.0766483171228,34.808044326758875],[135.075770004122,34.80890334220498],[135.07731860862341,34.811848538020186],[135.07648652262264,34.812932533702174],[135.07618604712238,34.8160208987584],[135.07759597062366,34.816818555958356],[135.08115544962683,34.817002630696805]],[[135.08115544962683,34.817002630696805],[135.08272716762826,34.81630723724044],[135.08439133962975,34.81426196236876],[135.08966121763447,34.81195080176377],[135.09090934663558,34.80951692466648],[135.0959480896401,34.80851473997936],[135.09488486863916,34.80730802780507],[135.0954858196397,34.80608086288206],[135.0983981206423,34.80683761458459],[135.09925332014305,34.80291068683097],[135.10193448614547,34.79869742059532],[135.10100994614464,34.79718391719028],[135.10188825914543,34.79634535449289],[135.10006229264377,34.795281811559626],[135.10047833564417,34.79364559166228],[135.10205005364557,34.79454551260582],[135.10695011564997,34.79601811051342],[135.10903033065182,34.797654330410765],[135.11083318365343,34.797715688656915]],[[135.2278568342583,34.81072363684077],[135.22457471725534,34.80918968068701]],[[135.22124637325237,34.809966885138245],[135.22156996225266,34.81176672702532],[135.2233959287543,34.81246212048169]],[[135.13766795717748,34.73729826894764],[135.13537972067542,34.73555978530672]],[[135.13537972067542,34.73555978530672],[135.13283723567315,34.73576431279389]],[[135.13283723567315,34.73576431279389],[135.13251364667286,34.73498710834265]],[[135.13251364667286,34.73498710834265],[135.13135797167183,34.73643925350154],[135.132652327673,34.73699147771689]],[[135.132652327673,34.73699147771689],[135.13651228217645,34.73735962719379]],[[135.2326644422626,34.81060092034846],[135.23134697276143,34.808167043251174]],[[135.22503698725578,34.81432332061492],[135.22600775425664,34.81716625268654]],[[135.22600775425664,34.81716625268654],[135.2295441197598,34.81608225700455]],[[135.2295441197598,34.81608225700455],[135.22903562275934,34.813259777681644]],[[135.22600775425664,34.81716625268654],[135.22838844475876,34.818557039599284],[135.23308048526297,34.81704353619424]],[[135.23308048526297,34.81704353619424],[135.2327800097627,34.81548912729177]],[[135.2327800097627,34.81548912729177],[135.2295441197598,34.81608225700455]],[[135.2327800097627,34.81548912729177],[135.23305737176295,34.813075702943195]],[[135.13251364667286,34.73498710834265],[135.1311961771717,34.734618958865745]],[[135.1311961771717,34.734618958865745],[135.12950889167016,34.73881177235268],[135.1327678951731,34.73934354381932]],[[135.1327678951731,34.73934354381932],[135.132652327673,34.73699147771689]],[[135.23171678876176,34.83510331331113],[135.23100027026112,34.83534874629573]],[[135.23100027026112,34.83534874629573],[135.22949789275975,34.835778254018784]],[[135.22949789275975,34.835778254018784],[135.2296596872599,34.83956201253138],[135.2273021102578,34.83974608726983],[135.22635445675695,34.840809630203104],[135.22471339825546,34.84013468949545]],[[135.22471339825546,34.84013468949545],[135.22455160375532,34.840564197218505]],[[135.22455160375532,34.840564197218505],[135.22637757025697,34.84344803478756],[135.22568416525635,34.8448388217003],[135.2240893337549,34.842998074315794]],[[135.2240893337549,34.842998074315794],[135.22108457875223,34.84363210952601]],[[135.22108457875223,34.84363210952601],[135.22163930275272,34.84856122196675],[135.2231879072541,34.850176989115376],[135.22261006975359,34.853715314643374]],[[135.22261006975359,34.853715314643374],[135.2244360362552,34.85381757838695],[135.22956723325981,34.85580149501248],[135.2321097182621,34.85365395639722]],[[135.2321097182621,34.85365395639722],[135.23296491776287,34.84543195141309]],[[135.23296491776287,34.84543195141309],[135.2335427552634,34.84283445232606],[135.23284935026277,34.8413004961723],[135.23291869076283,34.83714858818281],[135.23171678876176,34.83510331331113]],[[135.226400683757,34.8410550631877],[135.226400683757,34.8410550631877]],[[135.1327678951731,34.73934354381932],[135.13533349367538,34.73967078779879],[135.1366740766766,34.74071387798334]],[[135.14682090318567,34.74126610219869],[135.14714449218596,34.740611614239754],[135.14340010518262,34.737993662404016],[135.14180527368117,34.737482343686096]],[[135.14180527368117,34.737482343686096],[135.14101941468047,34.73875041410653]],[[135.19836400823186,34.792950198205915],[135.19787862473143,34.79491366208272],[135.19466584822854,34.795015925826306],[135.19233138472646,34.795915846769844],[135.19117570972543,34.79787931064665],[135.18930351622376,34.797777046903065],[135.1866916907214,34.79877923159019],[135.18676103122147,34.80102903394903],[135.1883789762229,34.8017244274054],[135.19263186022673,34.80158125816438]],[[135.19263186022673,34.80158125816438],[135.19700031173065,34.800354093241374],[135.19804041923157,34.80219484062588],[135.19827155423178,34.80503777269751],[135.19993572623326,34.80779889377427],[135.20818724574067,34.80892379495369]],[[135.20818724574067,34.80892379495369],[135.2126019242446,34.80824885424604],[135.21426609624612,34.81013050712798]],[[135.21426609624612,34.81013050712798],[135.21521374974697,34.811459935794566],[135.21396562074585,34.81205306550736]],[[135.21396562074585,34.81205306550736],[135.21574536024744,34.81389381289186]],[[135.21574536024744,34.81389381289186],[135.21807982374952,34.81683900870708]],[[135.21807982374952,34.81683900870708],[135.22101523825216,34.81683900870708]],[[135.22101523825216,34.81683900870708],[135.2225176157535,34.81808662637879],[135.22415867425497,34.82150223541449],[135.22635445675695,34.82340434104515]],[[135.22635445675695,34.82340434104515],[135.22704786175757,34.82542916316811],[135.22649313775707,34.82729036330133]],[[135.22649313775707,34.82729036330133],[135.22873514725907,34.83283305820357]],[[135.22873514725907,34.83283305820357],[135.23111583776122,34.83422384511631],[135.23100027026112,34.83534874629573]],[[135.23171678876176,34.83510331331113],[135.23236396676234,34.83414203412144],[135.23100027026112,34.8323830977318],[135.23074602176087,34.82825164249102],[135.22968280075992,34.82483603345532],[135.23065356776078,34.822954380573385],[135.230861589261,34.820438692481225],[135.2325488747625,34.81915016931207],[135.23308048526297,34.81704353619424]],[[135.23183235626186,34.807962515764004],[135.23416681976394,34.80712395306662]],[[135.23416681976394,34.80712395306662],[135.23439795476415,34.80601950463591],[135.24130889127034,34.805017319948796]],[[135.24130889127034,34.805017319948796],[135.24066171326976,34.802747064841235]],[[135.15181341919015,34.74793369828035],[135.15160539768996,34.74768826529575]],[[135.15160539768996,34.74768826529575],[135.15021858768873,34.74826094225982],[135.14899357218763,34.751144779828884]],[[135.14899357218763,34.751144779828884],[135.1513049221897,34.75245375574675]],[[135.1513049221897,34.75245375574675],[135.1518596461902,34.75106296883401],[135.15447147169255,34.749713087418705]],[[135.15447147169255,34.749713087418705],[135.15181341919015,34.74793369828035]],[[135.1701655382066,34.743659073798554],[135.1682702312049,34.74580661241381]],[[135.1682702312049,34.74580661241381],[135.16706832920383,34.74717694657783]],[[135.16706832920383,34.74717694657783],[135.16813155020478,34.74783143453677]],[[135.16813155020478,34.74783143453677],[135.1702811057067,34.74642019487531],[135.1701655382066,34.743659073798554]],[[135.15160539768996,34.74768826529575],[135.15128180868967,34.74723830482398]],[[135.15128180868967,34.74723830482398],[135.14855441568724,34.7479950565265]],[[135.14855441568724,34.7479950565265],[135.14797657818673,34.75032666988021]],[[135.14797657818673,34.75032666988021],[135.14899357218763,34.751144779828884]],[[135.1632546017004,34.74040708675259],[135.16297723970015,34.742943227593464]],[[135.16297723970015,34.742943227593464],[135.16487254670184,34.742881869347315]],[[135.16487254670184,34.742881869347315],[135.16531170320224,34.74065251973719]],[[135.16531170320224,34.74065251973719],[135.1632546017004,34.74040708675259]],[[135.1381302271779,34.732307798260756],[135.13674341717666,34.73220553451717]],[[135.13674341717666,34.73220553451717],[135.13861561067833,34.73416899839398]],[[135.13861561067833,34.73416899839398],[135.14002553417959,34.73390311266066]],[[135.14002553417959,34.73390311266066],[135.14263735968194,34.732635042240226]],[[135.14263735968194,34.732635042240226],[135.14053403118004,34.73122380257877]],[[135.14053403118004,34.73122380257877],[135.14051091768002,34.73122380257877]],[[135.14051091768002,34.73122380257877],[135.1381302271779,34.732307798260756]],[[135.14231377068165,34.722633648117736],[135.1422675436816,34.72453575374839]],[[135.1422675436816,34.72453575374839],[135.14564211468462,34.72486299772786]],[[135.14564211468462,34.72486299772786],[135.14582702268478,34.7235744745587]],[[135.14582702268478,34.7235744745587],[135.14231377068165,34.722633648117736]],[[135.13942458317905,34.72195870741008],[135.139355242679,34.721979160158796]],[[135.139355242679,34.721979160158796],[135.1358188771758,34.72373809654844]],[[135.1358188771758,34.72373809654844],[135.13625803367623,34.7249039032253]],[[135.13625803367623,34.7249039032253],[135.13840758917814,34.72396307678432]],[[135.13840758917814,34.72396307678432],[135.1406033716801,34.723001797594634]],[[135.1406033716801,34.723001797594634],[135.13942458317905,34.72195870741008]],[[135.16535793020228,34.83598278150595],[135.16880184170537,34.835900970511084],[135.17069714870706,34.83755764315714],[135.1730778392092,34.83643274197772]],[[135.1730778392092,34.83643274197772],[135.17247688820868,34.83246490872667]],[[135.17247688820868,34.83246490872667],[135.1738405847099,34.82919246893199],[135.1735169957096,34.82684040282957],[135.1745108762105,34.82598138738346],[135.17427974121028,34.821522688163206]],[[135.17427974121028,34.821522688163206],[135.17213018570837,34.81994782651202],[135.16933345220585,34.82195219588626]],[[135.16933345220585,34.82195219588626],[135.16706832920383,34.824631505968156],[135.16822400420486,34.82641089510651],[135.166143789203,34.82954016566018],[135.16332394220046,34.83070597233703],[135.16327771520042,34.83581915951622]],[[135.16327771520042,34.83581915951622],[135.16535793020228,34.83598278150595]],[[135.22170864325278,34.82612455662448],[135.21819539124962,34.82741307979364]],[[135.21819539124962,34.82741307979364],[135.21932795275066,34.82956061840889]],[[135.21932795275066,34.82956061840889],[135.2225176157535,34.828558433721774]],[[135.2225176157535,34.828558433721774],[135.22254072925352,34.828558433721774]],[[135.22254072925352,34.828558433721774],[135.22170864325278,34.82612455662448]],[[135.14335387818258,34.720690636989644],[135.14134300368076,34.722940439348484]],[[135.14134300368076,34.722940439348484],[135.14231377068165,34.722633648117736]],[[135.14582702268478,34.7235744745587],[135.14612749818505,34.7235744745587]],[[135.14612749818505,34.7235744745587],[135.14624306568516,34.72179508542035]],[[135.14624306568516,34.72179508542035],[135.14335387818258,34.720690636989644]],[[135.2351144732648,34.80679670908715],[135.2373564827668,34.80614222112821]],[[135.2373564827668,34.80614222112821],[135.24174804777073,34.80581497714875]],[[135.24174804777073,34.80581497714875],[135.24130889127034,34.805017319948796]],[[135.23416681976394,34.80712395306662],[135.2351144732648,34.80679670908715]],[[135.1461737251851,34.747279210321416],[135.1461737251851,34.74871090273159],[135.14767610268643,34.75053119736738]],[[135.14767610268643,34.75053119736738],[135.14797657818673,34.75032666988021]],[[135.14855441568724,34.7479950565265],[135.1461737251851,34.747279210321416]],[[135.1534544776916,34.745847517911244],[135.15144360318982,34.747197399326545]],[[135.15144360318982,34.747197399326545],[135.15128180868967,34.74723830482398]],[[135.15181341919015,34.74793369828035],[135.15403231519215,34.74672698610606],[135.1534544776916,34.745847517911244]],[[135.21052170924276,34.78775520003186],[135.2124863567445,34.78652803510885],[135.21486704724666,34.78607807463709],[135.2160227222477,34.78679392084217]],[[135.1216271881631,34.692690823996415],[135.1196163136613,34.69273172949385],[135.1178365741597,34.69451111863221]],[[135.1178365741597,34.69451111863221],[135.12130359916281,34.69723133421154]],[[135.12130359916281,34.69723133421154],[135.12546402916655,34.69506334284756]],[[135.12546402916655,34.69506334284756],[135.1242852406655,34.69336576470407]],[[135.1242852406655,34.69336576470407],[135.1216271881631,34.692690823996415]],[[135.14714449218596,34.74357726280368],[135.14647420068536,34.74343409356267]],[[135.14647420068536,34.74343409356267],[135.14568834168466,34.745602084926645]],[[135.14568834168466,34.745602084926645],[135.1461737251851,34.747279210321416]],[[135.15144360318982,34.747197399326545],[135.15049594968897,34.74597023440354],[135.1474218541862,34.74484533322412],[135.14714449218596,34.74357726280368]],[[135.12569516416676,34.71582288279506],[135.1234300411647,34.716825067482176],[135.12169652866316,34.71641601250784]],[[135.12169652866316,34.71641601250784],[135.12564893716672,34.720486109502474]],[[135.12564893716672,34.720486109502474],[135.12717442816808,34.71942256656921]],[[135.12717442816808,34.71942256656921],[135.12569516416676,34.71582288279506]],[[135.22261006975359,34.853715314643374],[135.22108457875223,34.85547425103301],[135.22145439475256,34.85670141595602],[135.21979022275107,34.85690594344318]],[[135.21979022275107,34.85690594344318],[135.22069164925188,34.85684458519703],[135.2236270637545,34.86189641413007]],[[135.2236270637545,34.86189641413007],[135.2249445332557,34.86250999659157],[135.22612332175675,34.86703005405797]],[[135.22612332175675,34.86703005405797],[135.22586907325652,34.86837993547328]],[[135.22586907325652,34.86837993547328],[135.2261926622568,34.86860491570916]],[[135.2261926622568,34.86860491570916],[135.228642693259,34.86615058586315]],[[135.228642693259,34.86615058586315],[135.2278799477583,34.86574153088882],[135.22982148176004,34.8619373196275],[135.2306766812608,34.86212139436596]],[[135.2306766812608,34.86212139436596],[135.233103598763,34.85819446661234]],[[135.233103598763,34.85819446661234],[135.2321097182621,34.85365395639722]],[[135.1178365741597,34.69451111863221],[135.1160337211581,34.695329228580874],[135.11601060765807,34.698499404631974]],[[135.11601060765807,34.698499404631974],[135.11607994815813,34.700176530026745]],[[135.11607994815813,34.700176530026745],[135.1193851786611,34.69890845960631],[135.12137293966288,34.69890845960631]],[[135.12137293966288,34.69890845960631],[135.12130359916281,34.69723133421154]],[[135.13942458317905,34.718502192876954],[135.13875429167845,34.719340755574336]],[[135.13875429167845,34.719340755574336],[135.141620365681,34.720486109502474],[135.1429147216822,34.71958618855894]],[[135.1429147216822,34.71958618855894],[135.14240622468174,34.71809313790261]],[[135.14240622468174,34.71809313790261],[135.14069582568018,34.71919758633332],[135.13942458317905,34.718502192876954]],[[135.11924649766098,34.721979160158796],[135.1189460221607,34.72232685688698]],[[135.1189460221607,34.72232685688698],[135.11850686566032,34.72373809654844],[135.12033283216195,34.724494848250956],[135.12134982616286,34.7264992176252],[135.1235224951648,34.72523114720476]],[[135.1235224951648,34.72523114720476],[135.12384608416508,34.72498571422016]],[[135.12384608416508,34.72498571422016],[135.1235456086648,34.72478118673299]],[[135.1235456086648,34.72478118673299],[135.11924649766098,34.721979160158796]],[[135.15514176319314,34.72171327442548],[135.15511864969312,34.72375854929716]],[[135.15511864969312,34.72375854929716],[135.15652857319438,34.725006166968875]],[[135.15652857319438,34.725006166968875],[135.15828519919594,34.72498571422016]],[[135.15828519919594,34.72498571422016],[135.15877058269638,34.724556206497105]],[[135.15877058269638,34.724556206497105],[135.15895549069654,34.72077244798451],[135.15775358869547,34.71923849183075],[135.157221978195,34.72118150295884]],[[135.157221978195,34.72118150295884],[135.15602007619393,34.7216110106819]],[[135.15602007619393,34.7216110106819],[135.15514176319314,34.72171327442548]],[[135.1210724641626,34.70661914587252],[135.12111869116265,34.70621009089819]],[[135.12111869116265,34.70621009089819],[135.12074887516232,34.70418526877523],[135.11878422766057,34.70477839848802]],[[135.11878422766057,34.70477839848802],[135.119269611161,34.70651688212894]],[[135.119269611161,34.70651688212894],[135.1210724641626,34.70661914587252]],[[135.12546402916655,34.69506334284756],[135.127081974168,34.6974358616987],[135.12694329316787,34.69909253434476],[135.12437769466558,34.70076965973953]],[[135.12437769466558,34.70076965973953],[135.12444703516564,34.70083101798568]],[[135.12444703516564,34.70083101798568],[135.12490930516606,34.701403694949754],[135.12793717366876,34.69956294756524],[135.130433431671,34.69894936510374],[135.12872303266946,34.697865369421756],[135.12615743416717,34.69375436692969],[135.1242852406655,34.69336576470407]],[[135.2293129847596,34.86471889345298],[135.2293129847596,34.86471889345298]],[[135.19263186022673,34.80158125816438],[135.191822887726,34.80311521431814],[135.19210024972625,34.80536501667698],[135.19619133922993,34.80976235765108],[135.19466584822854,34.81432332061492],[135.19776305723133,34.81655267022504],[135.2008833797341,34.81622542624557],[135.2006522447339,34.81941605504539],[135.20300982173603,34.82344524654258],[135.20414238323704,34.82397701800922]],[[135.20414238323704,34.82397701800922],[135.20714713823975,34.823056644316964],[135.20629193873896,34.82146132991706],[135.2086726292411,34.81663448121991]],[[135.2086726292411,34.81663448121991],[135.20818724574067,34.81622542624557]],[[135.20818724574067,34.81622542624557],[135.20497446923778,34.81827070111725],[135.2039805887369,34.81675719771221],[135.201854146735,34.81563229653278],[135.20106828773427,34.813198419435494],[135.2023164167354,34.81207351825607]],[[135.2023164167354,34.81207351825607],[135.20289425423593,34.81123495555869],[135.2054367392382,34.811848538020186],[135.20559853373834,34.810273676369],[135.20793299724045,34.8094146609229]],[[135.20793299724045,34.8094146609229],[135.20818724574067,34.80892379495369]],[[135.1513049221897,34.75245375574675],[135.1519752136903,34.75355820417746]],[[135.1519752136903,34.75355820417746],[135.1555346926935,34.751921984280116],[135.15447147169255,34.749713087418705]],[[135.13625803367623,34.7249039032253],[135.13630426067627,34.725128883461174]],[[135.13630426067627,34.725128883461174],[135.1364660551764,34.72561974943038]],[[135.1364660551764,34.72561974943038],[135.1413892306808,34.72666283961493]],[[135.1413892306808,34.72666283961493],[135.14141234418082,34.725987898907285]],[[135.14141234418082,34.725987898907285],[135.13840758917814,34.72396307678432]],[[135.12564893716672,34.720486109502474],[135.12567205066674,34.720506562251195]],[[135.12567205066674,34.720506562251195],[135.12588007216692,34.720690636989644]],[[135.12588007216692,34.720690636989644],[135.12837633016915,34.72187689641522]],[[135.12837633016915,34.72187689641522],[135.130410318171,34.721856443666496]],[[135.130410318171,34.721856443666496],[135.13089570167142,34.72183599091778]],[[135.13089570167142,34.72183599091778],[135.13094192867146,34.72165191617933]],[[135.13094192867146,34.72165191617933],[135.13135797167183,34.720874711728094]],[[135.13135797167183,34.720874711728094],[135.13230562517268,34.71882943685642]],[[135.13230562517268,34.71882943685642],[135.1327910086731,34.71637510701041]],[[135.1327910086731,34.71637510701041],[135.1299942751706,34.71705004771806],[135.12717442816808,34.71942256656921]],[[135.15088887918932,34.72645831212777],[135.15021858768873,34.727542307809756]],[[135.15021858768873,34.727542307809756],[135.1507501981892,34.72899445296864]],[[135.1507501981892,34.72899445296864],[135.15405542869217,34.728114984773825]],[[135.15405542869217,34.728114984773825],[135.1535469316917,34.72656057587135]],[[135.1535469316917,34.72656057587135],[135.15088887918932,34.72645831212777]],[[135.1341315916743,34.7191771335846],[135.13230562517268,34.71882943685642]],[[135.13135797167183,34.720874711728094],[135.13094192867146,34.72165191617933]],[[135.13089570167142,34.72183599091778],[135.13415470517432,34.72277681735875]],[[135.13415470517432,34.72277681735875],[135.13533349367538,34.72064973149221]],[[135.13533349367538,34.72064973149221],[135.1341315916743,34.7191771335846]],[[135.2180567102495,34.790495868359905],[135.2153755442471,34.78969821115995],[135.21398873424587,34.79290929270848]],[[135.13563396917564,34.73200100703001],[135.1346863156748,34.73099882234288]],[[135.1346863156748,34.73099882234288],[135.1320976036725,34.7313874245685]],[[135.1320976036725,34.7313874245685],[135.1311961771717,34.734618958865745]],[[135.13283723567315,34.73576431279389],[135.13563396917564,34.73200100703001]],[[135.14141234418082,34.725987898907285],[135.1422675436816,34.72453575374839]],[[135.14134300368076,34.722940439348484],[135.1406033716801,34.723001797594634]],[[135.18340957371848,34.87396353587295],[135.18285484971796,34.87058883233469],[135.18142181271668,34.869832080632165],[135.1769840207127,34.869627553145],[135.17624438871204,34.86690733756567]],[[135.17624438871204,34.86690733756567],[135.17427974121028,34.86788906950407],[135.1696108142061,34.86610968036572],[135.16741503170414,34.86723458154514]],[[135.16741503170414,34.86723458154514],[135.1669296482037,34.86899351793478],[135.16387866620096,34.870159324611635],[135.16540415720232,34.870813812570574],[135.1651499087021,34.872552296211495],[135.16706832920383,34.8742703271037],[135.16711455620387,34.87621333823179],[135.16600510820288,34.877276881165066]],[[135.16600510820288,34.877276881165066],[135.16857070670517,34.88073339569819],[135.17303161220917,34.88165376939045],[135.17525050821115,34.880426604467445]],[[135.17525050821115,34.880426604467445],[135.17321652020934,34.87885174281625],[135.17432596821033,34.87703144818046],[135.17730760971298,34.874822551319056],[135.17719204221288,34.87386127212937],[135.17957273271503,34.872347768724325]],[[135.17957273271503,34.872347768724325],[135.18340957371848,34.87396353587295]],[[135.11607994815813,34.700176530026745],[135.11818327666003,34.701076450970284],[135.11920027066094,34.702753576365055]],[[135.11920027066094,34.702753576365055],[135.1218583231633,34.70351032806757]],[[135.1218583231633,34.70351032806757],[135.12444703516564,34.70083101798568]],[[135.12437769466558,34.70076965973953],[135.12137293966288,34.69890845960631]],[[135.19933477523273,34.77529947606336],[135.19790173823145,34.777078865201716]],[[135.19790173823145,34.777078865201716],[135.1992885482327,34.77900142358109],[135.19945034273283,34.780760359970735]],[[135.19945034273283,34.780760359970735],[135.2017385792349,34.77904232907852]],[[135.2017385792349,34.77904232907852],[135.19972770473308,34.77699705420685],[135.19933477523273,34.77529947606336]],[[135.1563436651942,34.72555839118423],[135.15652857319438,34.725006166968875]],[[135.15511864969312,34.72375854929716],[135.15329268319147,34.72373809654844]],[[135.15329268319147,34.72373809654844],[135.15313088869132,34.725599296681665]],[[135.15313088869132,34.725599296681665],[135.1539860881921,34.726110615399584]],[[135.1539860881921,34.726110615399584],[135.1563436651942,34.72555839118423]],[[135.16431782270135,34.74656336411633],[135.1634626232006,34.74813822576752]],[[135.1634626232006,34.74813822576752],[135.165034341202,34.749467654434106]],[[135.165034341202,34.749467654434106],[135.1677155072044,34.750183500639196]],[[135.1677155072044,34.750183500639196],[135.16866316070525,34.74813822576752]],[[135.16866316070525,34.74813822576752],[135.16813155020478,34.74783143453677]],[[135.16706832920383,34.74717694657783],[135.16431782270135,34.74656336411633]],[[135.15874746919636,34.726049257153434],[135.15814651819582,34.72858539799431],[135.15664414069448,34.72870811448661]],[[135.15664414069448,34.72870811448661],[135.15627432469415,34.73091701134802],[135.1595795551971,34.730303428886515],[135.15955644169708,34.727583213307184],[135.15874746919636,34.726049257153434]],[[135.20781742974035,34.85072921333072],[135.20502069623782,34.850095178120505],[135.20183103323498,34.84684319107454]],[[135.20183103323498,34.84684319107454],[135.20083715273407,34.847068171310426]],[[135.20083715273407,34.847068171310426],[135.19984327223318,34.84794763950525],[135.19917298073258,34.855003837812525]],[[135.19917298073258,34.855003837812525],[135.198502689232,34.85664005770987],[135.20012063423343,34.85940117878663],[135.19984327223318,34.86038291072503],[135.2020852817352,34.862162299863385],[135.20381879423675,34.86478025169913]],[[135.20381879423675,34.86478025169913],[135.20157678473475,34.86637556609904]],[[135.20157678473475,34.86637556609904],[135.2025244382356,34.869913891627036],[135.20388813473681,34.87214324123716],[135.20159989823478,34.87582473600617]],[[135.20159989823478,34.87582473600617],[135.20686977623947,34.87748140865223],[135.2080947917406,34.87688827893945],[135.21005943924234,34.87844268784192],[135.21211654074418,34.878033632867584],[135.21493638774672,34.87502707880622],[135.22011381175136,34.87562020851901],[135.2258459597565,34.8736567446422],[135.22515255475588,34.870302493852655],[135.2261926622568,34.86860491570916]],[[135.22586907325652,34.86837993547328],[135.2222864807533,34.86948438390398],[135.22066853575186,34.868236766232265],[135.22006758475132,34.86617103861187]],[[135.22006758475132,34.86617103861187],[135.21833407224975,34.86954574215013],[135.2170397162486,34.86854355746301],[135.2172708512488,34.86711186505284],[135.2131335347451,34.865843794632404]],[[135.2131335347451,34.865843794632404],[135.21172361124383,34.86502568468373]],[[135.21172361124383,34.86502568468373],[135.2104754822427,34.860178383237866],[135.20728581923987,34.858030844622604],[135.20617637123885,34.8564355302227],[135.20682354923943,34.85408346412027],[135.20962028274195,34.85555606202788],[135.20790988374043,34.85246769697165],[135.20781742974035,34.85072921333072]],[[135.2373564827668,34.80614222112821],[135.23929801676854,34.8072262168102],[135.2360390132656,34.80890334220498]],[[135.2360390132656,34.80890334220498],[135.23594655926553,34.80894424770241]],[[135.23594655926553,34.80894424770241],[135.23666307776617,34.81053956210231]],[[135.23666307776617,34.81053956210231],[135.24177116127075,34.807860252020426],[135.24174804777073,34.80581497714875]],[[135.15329268319147,34.74419084526519],[135.15047283618895,34.74367952654727]],[[135.15047283618895,34.74367952654727],[135.14880866418747,34.74361816830112]],[[135.14880866418747,34.74361816830112],[135.14714449218596,34.74357726280368]],[[135.1534544776916,34.745847517911244],[135.15329268319147,34.74419084526519]],[[135.14980254468836,34.755214876823516],[135.1499643391885,34.75570574279271]],[[135.1499643391885,34.75570574279271],[135.15003367968856,34.75762830117209],[135.1483926211871,34.759223615572]],[[135.1483926211871,34.759223615572],[135.15296909419118,34.757975997900274],[135.15405542869217,34.75828278913102]],[[135.15405542869217,34.75828278913102],[135.15440213119248,34.757771470413104]],[[135.15440213119248,34.757771470413104],[135.1526455051909,34.75615570326448]],[[135.1526455051909,34.75615570326448],[135.15155917068992,34.75660566373625],[135.14980254468836,34.755214876823516]],[[135.16006493869756,34.74648155312146],[135.15726820519504,34.74887452472132]],[[135.15726820519504,34.74887452472132],[135.1590248311966,34.74801550927522]],[[135.1590248311966,34.74801550927522],[135.1608970246983,34.74846546974699]],[[135.1608970246983,34.74846546974699],[135.16172911069904,34.749467654434106]],[[135.16172911069904,34.749467654434106],[135.1626998776999,34.747708718044464]],[[135.1626998776999,34.747708718044464],[135.16006493869756,34.74648155312146]],[[135.13415470517432,34.72883083097891],[135.1346863156748,34.73099882234288]],[[135.13563396917564,34.73200100703001],[135.13674341717666,34.73220553451717]],[[135.1381302271779,34.732307798260756],[135.13669719017662,34.729342149696826]],[[135.13669719017662,34.729342149696826],[135.13415470517432,34.72883083097891]],[[135.1235224951648,34.72523114720476],[135.12537157516647,34.72631514288675],[135.12867680566941,34.72654012312263],[135.12925464316993,34.727521855061035],[135.13114995017165,34.72645831212777]],[[135.13114995017165,34.72645831212777],[135.1305258856711,34.725087977963746],[135.1280989681689,34.72441303725609]],[[135.1280989681689,34.72441303725609],[135.1253946886665,34.72418805702021],[135.12384608416508,34.72498571422016]],[[135.1456190011846,34.72621287914316],[135.14545720668445,34.72801272103024]],[[135.14545720668445,34.72801272103024],[135.1459657036849,34.72964894092758]],[[135.1459657036849,34.72964894092758],[135.14621995218513,34.730119354148066]],[[135.14621995218513,34.730119354148066],[135.14700581118584,34.72993527940962]],[[135.14700581118584,34.72993527940962],[135.1468671301857,34.72842177600457]],[[135.1468671301857,34.72842177600457],[135.1456190011846,34.72621287914316]],[[135.17286981770903,34.76182111465902],[135.17707647471278,34.763150543325615],[135.18075152121608,34.76492993246397]],[[135.18075152121608,34.76492993246397],[135.1812137912165,34.764623141233216]],[[135.1812137912165,34.764623141233216],[135.18130624521658,34.76415272801273]],[[135.18130624521658,34.76415272801273],[135.17915668971466,34.76186202015646],[135.17286981770903,34.76182111465902]],[[135.12111869116265,34.70621009089819],[135.1218583231633,34.70351032806757]],[[135.11920027066094,34.702753576365055],[135.11878422766057,34.70477839848802]],[[135.14312274318237,34.71956573581022],[135.13942458317905,34.72195870741008]],[[135.14335387818258,34.720690636989644],[135.14312274318237,34.71956573581022]],[[135.20781742974035,34.85072921333072],[135.2078867702404,34.848172619741135]],[[135.2078867702404,34.848172619741135],[135.20885753724127,34.847068171310426],[135.21116888724333,34.8483771472283],[135.21077595774298,34.84980883963847]],[[135.21077595774298,34.84980883963847],[135.21348023724542,34.84729315154631],[135.21463591224645,34.847763564766794],[135.21415052874602,34.845513762407954],[135.21586092774754,34.845656931648975],[135.2178255752493,34.84369346777216],[135.21736330524888,34.84154592915691]],[[135.21736330524888,34.84154592915691],[135.21657744624818,34.8397051817724],[135.21505195524682,34.84072781920823],[135.21465902574647,34.839071146562176]],[[135.21465902574647,34.839071146562176],[135.212994853745,34.83782352889046]],[[135.212994853745,34.83782352889046],[135.21061416324284,34.839664276274966]],[[135.21061416324284,34.839664276274966],[135.2087650832412,34.84097325219284],[135.2086495157411,34.84213905886969],[135.20525183123803,34.843325318295264],[135.20391124823684,34.8444706722234],[135.202963594736,34.84346848753628],[135.20183103323498,34.84684319107454]],[[135.1370207791769,34.7142889266413],[135.13720568717707,34.7131844782106],[135.13461697517474,34.71531156407714]],[[135.13461697517474,34.71531156407714],[135.1327910086731,34.71637510701041]],[[135.1341315916743,34.7191771335846],[135.13498679117507,34.71768408292828],[135.13683587117674,34.71780679942058]],[[135.13683587117674,34.71780679942058],[135.1364429416764,34.7156388080566]],[[135.1364429416764,34.7156388080566],[135.1370207791769,34.7142889266413]],[[135.16741503170414,34.86723458154514],[135.16612067570298,34.867582278273325],[135.16475697920174,34.8655983616478],[135.1614517486988,34.865577908899084],[135.15990314419741,34.86653918808877],[135.15960266869712,34.864800704447845],[135.15648234619434,34.86396214175046]],[[135.15648234619434,34.86396214175046],[135.15560403319355,34.86549609790422],[135.15625121119413,34.86825721898098],[135.15773047519545,34.8687685376989],[135.15606630319397,34.87155011152438],[135.1586781286963,34.87627469647794]],[[135.1586781286963,34.87627469647794],[135.16207581319935,34.87735869215993],[135.1634626232006,34.876745109698426],[135.16600510820288,34.877276881165066]],[[135.1539860881921,34.726110615399584],[135.1535469316917,34.72656057587135]],[[135.15405542869217,34.728114984773825],[135.15400920169213,34.72956712993271]],[[135.15400920169213,34.72956712993271],[135.15664414069448,34.72870811448661]],[[135.15874746919636,34.726049257153434],[135.1568983891947,34.72629469013803]],[[135.1568983891947,34.72629469013803],[135.1563436651942,34.72555839118423]],[[135.13688209817678,34.72729687482515],[135.13785286517765,34.72838087050714]],[[135.13785286517765,34.72838087050714],[135.14051091768002,34.73122380257877]],[[135.14053403118004,34.73122380257877],[135.14088073368035,34.73073293660957]],[[135.14088073368035,34.73073293660957],[135.1409500741804,34.7280945320251]],[[135.1409500741804,34.7280945320251],[135.1386849511784,34.72860585074302],[135.13688209817678,34.72729687482515]],[[135.1518596461902,34.73586657653747],[135.15190587319023,34.737911851409145]],[[135.15190587319023,34.737911851409145],[135.1552111036932,34.73936399656803]],[[135.1552111036932,34.73936399656803],[135.1554422386934,34.73875041410653]],[[135.1554422386934,34.73875041410653],[135.15602007619393,34.738116378896315]],[[135.15602007619393,34.738116378896315],[135.156112530194,34.7351711830811]],[[135.156112530194,34.7351711830811],[135.1518596461902,34.73586657653747]],[[135.13850004317823,34.71371624967723],[135.13933212917897,34.71619103227196]],[[135.13933212917897,34.71619103227196],[135.13933212917897,34.71662053999501]],[[135.13933212917897,34.71662053999501],[135.14254490568186,34.71686597297961]],[[135.14254490568186,34.71686597297961],[135.13990996667948,34.71377760792338],[135.13850004317823,34.71371624967723]],[[135.1608970246983,34.74846546974699],[135.15992625769744,34.752146964516]],[[135.15992625769744,34.752146964516],[135.1614517486988,34.752228775510865]],[[135.1614517486988,34.752228775510865],[135.16226072119952,34.75020395338791]],[[135.16226072119952,34.75020395338791],[135.16172911069904,34.749467654434106]],[[135.1590248311966,34.74801550927522],[135.1581234046958,34.752228775510865]],[[135.1581234046958,34.752228775510865],[135.15992625769744,34.752146964516]],[[135.1568983891947,34.72629469013803],[135.15828519919594,34.72498571422016]],[[135.15992625769744,34.74265688911143],[135.1602267331977,34.7442112980139]],[[135.1602267331977,34.7442112980139],[135.16219138069945,34.74597023440354],[135.16431782270135,34.74656336411633]],[[135.16431782270135,34.74656336411633],[135.16464141170164,34.74484533322412]],[[135.16464141170164,34.74484533322412],[135.16487254670184,34.742881869347315]],[[135.16297723970015,34.742943227593464],[135.16073523019816,34.74351590455753],[135.15992625769744,34.74265688911143]],[[135.19110636922537,34.844552483218266],[135.19038985072473,34.84289581057221],[135.1879167062225,34.840032425751865],[135.1888181327233,34.83561463202905],[135.18997380772436,34.835001049567545],[135.18731575522196,34.830562803096015]],[[135.18731575522196,34.830562803096015],[135.1796651867151,34.830031031629375],[135.17691468021263,34.832362644983085],[135.17566655121152,34.8318922317626],[135.17247688820868,34.83246490872667]],[[135.1730778392092,34.83643274197772],[135.17349388220958,34.838293942110944],[135.17668354521243,34.83894843006988],[135.17927225721476,34.84078917745438],[135.18003500271544,34.84211860612098],[135.18209210421728,34.842036795126106],[135.188494543723,34.84352984578243],[135.19110636922537,34.844552483218266]],[[135.1614517486988,34.752228775510865],[135.16309280720026,34.7525151139929]],[[135.16309280720026,34.7525151139929],[135.16422536870127,34.750878894095564]],[[135.16422536870127,34.750878894095564],[135.16226072119952,34.75020395338791]],[[135.24350467377232,34.84804990324883],[135.23996830826914,34.847702206520644],[135.23430550076407,34.84555466790539],[135.23296491776287,34.84543195141309]],[[135.233103598763,34.85819446661234],[135.23860461176793,34.860157930489144],[135.2432504252721,34.85150641778196]],[[135.2432504252721,34.85150641778196],[135.24417496527292,34.84931797366927],[135.24350467377232,34.84804990324883]],[[135.15068085768914,34.73995712628082],[135.15047283618895,34.74367952654727]],[[135.15329268319147,34.74419084526519],[135.1528766401911,34.743004585839614]],[[135.1528766401911,34.743004585839614],[135.15229880269058,34.73971169329622]],[[135.15229880269058,34.73971169329622],[135.15068085768914,34.73995712628082]],[[135.22108457875223,34.84363210952601],[135.21856520724995,34.84330486554654]],[[135.21856520724995,34.84330486554654],[135.21736330524888,34.84154592915691]],[[135.21077595774298,34.84980883963847],[135.21130756824346,34.85070876058201]],[[135.21130756824346,34.85070876058201],[135.21246324324449,34.85007472537179],[135.21454345824637,34.85195637825373],[135.21509818224686,34.85097464631533],[135.21865766125003,34.85420618061257]],[[135.21865766125003,34.85420618061257],[135.21979022275107,34.85690594344318]],[[135.13182024167224,34.827903945762834],[135.13295280317325,34.82579731264501],[135.13614246617612,34.82489739170148],[135.1391472211788,34.82240215635803]],[[135.1391472211788,34.82240215635803],[135.13715946017703,34.821011369445294],[135.13341507317367,34.816491311978886],[135.1362118066762,34.81117359731253],[135.1354721746755,34.80970099940493],[135.13537972067542,34.805467280420565],[135.13459386167472,34.80452645397959]],[[135.13459386167472,34.80452645397959],[135.12950889167016,34.80638765411282]],[[135.12950889167016,34.80638765411282],[135.13124240417173,34.80769663003069],[135.12964757267028,34.81205306550736],[135.12812208166892,34.8149164503277],[135.1288848271696,34.81692081970194],[135.1279834006688,34.81851613410185],[135.12745179016832,34.822606683845194],[135.12588007216692,34.8237111322759]],[[135.12588007216692,34.8237111322759],[135.12655036366752,34.82653361159881],[135.13094192867146,34.82821073699358],[135.13182024167224,34.827903945762834]],[[135.17525050821115,34.880426604467445],[135.17684533971257,34.87987438025209],[135.17647552371224,34.882492332087836],[135.1804279322158,34.882737765072434],[135.18153738021678,34.88224689910324]],[[135.18153738021678,34.88224689910324],[135.18165294771688,34.87954713627262],[135.1787637602143,34.8740248941191],[135.17957273271503,34.872347768724325]],[[135.1546563796927,34.84173000389536],[135.15148983018986,34.83827348936222],[135.15105067368947,34.83633047823413],[135.14910913968774,34.834960144070116],[135.1497332041883,34.831135480060084],[135.1475143081863,34.82708583581417],[135.14603504418497,34.82702447756802],[135.14446332618357,34.82461105321944]],[[135.14446332618357,34.82461105321944],[135.1427991541821,34.82409973450152]],[[135.1427991541821,34.82409973450152],[135.1417128196811,34.82303619156825],[135.1391472211788,34.82240215635803]],[[135.13182024167224,34.827903945762834],[135.1345707481747,34.829908315137075],[135.1346863156748,34.83451018359835]],[[135.1346863156748,34.83451018359835],[135.13494056417503,34.835655537526485]],[[135.13494056417503,34.835655537526485],[135.13762173017744,34.83620776174183],[135.14034912317987,34.834551089095775],[135.14289160818217,34.835082860562416],[135.14344633218266,34.83671908045975],[135.1458501361848,34.838048509126345],[135.1500799066886,34.84146411816204],[135.1546563796927,34.84173000389536]],[[135.14767610268643,34.75053119736738],[135.14811525918685,34.751656098546796]],[[135.14811525918685,34.751656098546796],[135.1476529891864,34.75271964148007],[135.1497332041883,34.75511261307993]],[[135.1497332041883,34.75511261307993],[135.1519752136903,34.75355820417746]],[[135.228642693259,34.86615058586315],[135.23028375176045,34.864821157196566],[135.2306766812608,34.86212139436596]],[[135.15370872619184,34.73400537640425],[135.1518596461902,34.73400537640425],[135.1518596461902,34.73586657653747]],[[135.156112530194,34.7351711830811],[135.15604318969395,34.73400537640425],[135.15370872619184,34.73400537640425]],[[135.20238575723548,34.77380642540704],[135.20148433073467,34.77413366938651]],[[135.20148433073467,34.77413366938651],[135.19933477523273,34.77529947606336]],[[135.2017385792349,34.77904232907852],[135.20273245973578,34.77838784111959]],[[135.14323831068248,34.719463472066636],[135.14312274318237,34.71956573581022]],[[135.14624306568516,34.72179508542035],[135.14642797368532,34.719790716046106]],[[135.14642797368532,34.719790716046106],[135.14490248268396,34.71858400387182],[135.14323831068248,34.719463472066636]],[[135.1065340726496,34.764889026966536],[135.10313638814654,34.76353914555123],[135.09980804414354,34.76452087748963],[135.09719621864122,34.76454133023835],[135.0934056046378,34.76241424437181]],[[135.0934056046378,34.76241424437181],[135.088043272633,34.76102345745907],[135.08619419263135,34.759223615572]],[[135.08619419263135,34.759223615572],[135.0844606801298,34.759469048556596],[135.0810167686267,34.757975997900274],[135.07858985112455,34.76000082002323],[135.07743417612352,34.76427544450503],[135.07449876162087,34.76593211715109],[135.0729501571195,34.76562532592034],[135.06768027911477,34.76247560261796],[135.06439816211181,34.762639224607696],[135.06185567710955,34.7641118225153],[135.06458307011198,34.76542079843317],[135.06650149061372,34.76812056126378],[135.06966804011654,34.767404715058696],[135.07100862311776,34.76928636794064],[135.07738794912348,34.77137254830974],[135.07771153812376,34.7740109528942],[135.0794219371253,34.77448136611469],[135.0817795141274,34.777774258658084],[135.08429888562966,34.77910368732468],[135.0867951436319,34.77853101036061],[135.09042396313515,34.77918549831954],[135.09308201563752,34.77820376638114],[135.0945843931389,34.77865372685291]],[[135.1027665721462,34.78924825068818],[135.1020731671456,34.785648566914034],[135.10549396514864,34.78458502398076],[135.1029745936464,34.781721639160416],[135.103667998647,34.780105872011795],[135.1028590261463,34.777835616904234],[135.10842937965128,34.7769356959607],[135.10715813715015,34.7693681789355],[135.10780531515073,34.767772864535594],[135.1065340726496,34.764889026966536]],[[135.15440213119248,34.757771470413104],[135.15380118019195,34.760103083766815],[135.15114312768955,34.76149387067956],[135.1517671921901,34.762618771858975]],[[135.1517671921901,34.762618771858975],[135.15204455419035,34.76368231479225]],[[135.15313088869132,34.767834222781744],[135.15715263769494,34.76744562055613],[135.15842388019607,34.768365994248384],[135.15833142619599,34.770124930638026],[135.16006493869756,34.77325420119168],[135.1596488956972,34.77439955511982],[135.16196024569925,34.775258570565924],[135.1648263197018,34.77370416166345],[135.1664904917033,34.776035775017164],[135.16933345220585,34.77648573548893],[135.16986506270632,34.778244671878575],[135.17136744020766,34.77928776206313],[135.17169102920798,34.78104669845277],[135.1671607832039,34.78114896219635],[135.16616690270303,34.78343967005262],[135.16607444870294,34.787775652780574]],[[135.16607444870294,34.787775652780574],[135.16785418820453,34.78742795605239],[135.17356322270965,34.78912553419588]],[[135.17356322270965,34.78912553419588],[135.17370190370977,34.78728478681138],[135.17233820720855,34.78530087018585],[135.1755278702114,34.78258065460652],[135.17582834571166,34.77846965211445],[135.1780703552137,34.77605622776588],[135.1763137292121,34.77079987134567],[135.17280047720897,34.769265915191916],[135.17102073770735,34.76693430183821],[135.17048912720688,34.764684499479365],[135.17122875920754,34.76353914555123]],[[135.17122875920754,34.76353914555123],[135.17060469470698,34.762884657592295]],[[135.17060469470698,34.762884657592295],[135.16723012370397,34.762291527879505],[135.16584331370274,34.76137115418725],[135.16445650370147,34.76214835863849],[135.16175222419906,34.76102345745907],[135.16697587520375,34.760491685992434],[135.16968015470616,34.76137115418725]],[[135.16968015470616,34.76137115418725],[135.17081271620717,34.76124843769495]],[[135.17081271620717,34.76124843769495],[135.17471889771068,34.759796292536066],[135.17446464921045,34.75838505287461]],[[135.17446464921045,34.75838505287461],[135.17189905070816,34.75865093860793],[135.1681546637048,34.757975997900274],[135.1569908431948,34.75402861739794],[135.15518799019318,34.7562988725055],[135.1532233426914,34.755398951561965],[135.1526455051909,34.75615570326448]],[[135.21643876524806,34.82424290374254],[135.21819539124962,34.82741307979364]],[[135.22170864325278,34.82612455662448],[135.22006758475132,34.822872569578514]],[[135.22006758475132,34.822872569578514],[135.21643876524806,34.82424290374254]],[[135.19235449822648,34.76699566008436],[135.18953465122397,34.7658298534075]],[[135.18953465122397,34.7658298534075],[135.1878242522224,34.76756833704843]],[[135.1878242522224,34.76756833704843],[135.18988135372427,34.76844780524325]],[[135.18988135372427,34.76844780524325],[135.19235449822648,34.76699566008436]],[[135.19087523422516,34.76347778730508],[135.18953465122397,34.7658298534075]],[[135.19235449822648,34.76699566008436],[135.19408801072802,34.76407091701787]],[[135.19408801072802,34.76407091701787],[135.19087523422516,34.76347778730508]],[[135.1781859227138,34.854819763074076],[135.17213018570837,34.854881121320226],[135.1692641117058,34.855392440038145],[135.1651730222021,34.85807175012004],[135.16512679520207,34.85921710404818],[135.159463987697,34.85846035234566],[135.15726820519504,34.85686503794575]],[[135.15726820519504,34.85686503794575],[135.1563436651942,34.85942163153534],[135.15784604269555,34.86130328441728],[135.15648234619434,34.86396214175046]],[[135.17624438871204,34.86690733756567],[135.17776987971342,34.866682357329786],[135.1792029167147,34.86504613743245],[135.18139869921666,34.86592560562727],[135.18502751871992,34.86565971989395],[135.18574403722056,34.86355308677613]],[[135.18574403722056,34.86355308677613],[135.18218455821736,34.862939504314625],[135.1779547877136,34.858235372109775],[135.17726138271294,34.85553560927916],[135.1781859227138,34.854819763074076]],[[135.17111319170743,34.795527244544225],[135.16977260870624,34.79321608393923],[135.16577397320268,34.79196846626751],[135.1635781907007,34.7923161629957],[135.16175222419906,34.791068545323974]],[[135.16175222419906,34.791068545323974],[135.16015739269764,34.790168624380435],[135.15645923269432,34.79121171456499],[135.1519983271903,34.79137533655472],[135.15033415518883,34.79202982451366],[135.14670533568557,34.79141624205216],[135.1412736631807,34.79108899807269]],[[135.1412736631807,34.79108899807269],[135.13782975167763,34.79141624205216],[135.13806088667783,34.79432053236994],[135.1341315916743,34.79560905553909],[135.1285381246693,34.79902466457479],[135.12546402916655,34.79718391719028],[135.12410033266534,34.794872756585285]],[[135.12410033266534,34.794872756585285],[135.1180677091599,34.796099921508294],[135.11265915015508,34.79636580724161],[135.11099497815357,34.797858857897936]],[[135.11099497815357,34.797858857897936],[135.11099497815357,34.79908602282094],[135.11432332215657,34.79949507779527]],[[135.11432332215657,34.79949507779527],[135.11612617515817,34.80002684926191],[135.1175129851594,34.79875877884147],[135.1209568966625,34.797961121641514],[135.12222813916364,34.79875877884147],[135.1231989061645,34.80180623840027],[135.1245163756657,34.802685706595085]],[[135.1245163756657,34.802685706595085],[135.1269895201679,34.80348336379504],[135.12950889167016,34.80638765411282]],[[135.13459386167472,34.80452645397959],[135.13341507317367,34.8033197418053],[135.13692832517683,34.80156080541566],[135.13896231317864,34.799924585518326],[135.14189772768128,34.802931139579684],[135.14379303468297,34.80317657256429],[135.14344633218266,34.804935508953925],[135.1446020071837,34.805589996912865],[135.147190719186,34.80383106052322],[135.14813837268687,34.80401513526167],[135.14769921618645,34.80655127610255],[135.14474068818382,34.808289759743474],[135.14363124018283,34.811971254512486],[135.14298406218225,34.81767757140446],[135.14430153168342,34.822115817875996],[135.1427991541821,34.82409973450152]],[[135.14446332618357,34.82461105321944],[135.1470751516859,34.82467241146559],[135.1488317776875,34.822811211332365],[135.15155917068992,34.82418154549639],[135.1559969626939,34.82477467520917],[135.15960266869712,34.82467241146559],[135.16300035320018,34.82348615204002],[135.16933345220585,34.82195219588626]],[[135.16933345220585,34.82195219588626],[135.16607444870294,34.81908881106592],[135.16417914170123,34.81960012978384]],[[135.16417914170123,34.81960012978384],[135.16085079769826,34.82139997167091],[135.1591403986967,34.81636859548659],[135.16048098169793,34.81283026995859],[135.1618909051992,34.8117462742766],[135.16172911069904,34.8101509598767],[135.16367064470077,34.80904651144599],[135.16320837470036,34.80667399259485],[135.16561217870253,34.80409694625654],[135.1663518107032,34.799270097559386],[135.16776173420445,34.79863606234917],[135.17111319170743,34.795527244544225]],[[135.14564211468462,34.72486299772786],[135.1456190011846,34.72621287914316]],[[135.1468671301857,34.72842177600457],[135.14848507518718,34.727787740794355]],[[135.14848507518718,34.727787740794355],[135.1490629126877,34.725087977963746]],[[135.1490629126877,34.725087977963746],[135.1483926211871,34.72457665924583]],[[135.1483926211871,34.72457665924583],[135.1470751516859,34.72375854929716]],[[135.1470751516859,34.72375854929716],[135.14612749818505,34.7235744745587]],[[135.16535793020228,34.83598278150595],[135.16679096720358,34.83872344983399],[135.16598199470286,34.843202601802965],[135.1651730222021,34.8436116567773],[135.16582020020272,34.847272698797596],[135.1675999397043,34.85058604408971],[135.1687325012053,34.850033819874355],[135.1720608452083,34.850606496838424],[135.17555098371142,34.84921570992569],[135.17959584621505,34.85109736280763],[135.1799887757154,34.85234498047935],[135.1781859227138,34.854819763074076]],[[135.18574403722056,34.86355308677613],[135.18745443622208,34.86085332394551],[135.19006626172444,34.86152826465317]],[[135.19006626172444,34.86152826465317],[135.19043607772477,34.860301099730165],[135.18888747322336,34.85989204475583],[135.1896733322241,34.85602647524836],[135.19082900722512,34.855515156530444]],[[135.19082900722512,34.855515156530444],[135.19346394622747,34.85083147707431],[135.19374130822771,34.84737496254118],[135.19480452922866,34.845247876674634]],[[135.19480452922866,34.845247876674634],[135.19156863922578,34.845186518428484],[135.19110636922537,34.844552483218266]],[[135.1878242522224,34.76756833704843],[135.18609073972087,34.76832508875095]],[[135.18609073972087,34.76832508875095],[135.18833274922287,34.76940908443294]],[[135.18833274922287,34.76940908443294],[135.18988135372427,34.76844780524325]],[[135.12255172816393,34.690441021637575],[135.1212804856628,34.68997060841709],[135.12155784766304,34.68825257752488],[135.12349938166477,34.68745492032493]],[[135.12349938166477,34.68745492032493],[135.1231989061645,34.68700495985316]],[[135.1231989061645,34.68700495985316],[135.1201710376618,34.68743446757621],[135.11820639016005,34.689991061165806],[135.12167341516314,34.692629465750265]],[[135.12167341516314,34.692629465750265],[135.1219507771634,34.692240863524646]],[[135.1219507771634,34.692240863524646],[135.12255172816393,34.690441021637575]],[[135.1986182567321,34.86502568468373],[135.19790173823145,34.86737775078616],[135.19575218272954,34.86911623442708],[135.19381064872778,34.86940257290912]],[[135.19381064872778,34.86940257290912],[135.19318658422722,34.87202052474486]],[[135.19318658422722,34.87202052474486],[135.19422669172815,34.87253184346278],[135.19878005123223,34.86788906950407],[135.19956591023293,34.865393834160635],[135.20072158523396,34.864943873688865],[135.20143810373463,34.86641647159647]],[[135.20143810373463,34.86641647159647],[135.2008602662341,34.864800704447845],[135.19887250523232,34.86359399227356]],[[135.19887250523232,34.86359399227356],[135.1986182567321,34.86502568468373]],[[135.18740820922204,34.77928776206313],[135.18553601572037,34.78000360826821],[135.1837793897188,34.78491226796023],[135.18158360721682,34.78677346809346],[135.18084397521616,34.78599626364222],[135.1792029167147,34.787018901078056],[135.17705336121276,34.789902738647115]],[[135.17705336121276,34.789902738647115],[135.1812369047165,34.790741301344504],[135.18340957371848,34.79356378066741],[135.18442656771938,34.792622954226445],[135.18511997272,34.79517954781604],[135.1825543742177,34.79628399624674],[135.1801043432155,34.79894285357992],[135.1804510457158,34.80045635698496],[135.17825526321386,34.8016017109131],[135.17823214971384,34.80311521431814],[135.17649863721226,34.80466962322061],[135.17781610671346,34.806878520082016],[135.1810057697163,34.80638765411282],[135.18216144471734,34.80702168932304],[135.18435722721932,34.81360747440983]],[[135.18435722721932,34.81360747440983],[135.189580878224,34.817963909886494],[135.18752377672214,34.817984362635215],[135.18941908372386,34.81970239352742],[135.18655300972128,34.82064321996839],[135.18844831672297,34.822177176122146],[135.18948842422392,34.821072727691444],[135.18971955922413,34.82401792350665],[135.19168420672588,34.82393611251179]],[[135.19168420672588,34.82393611251179],[135.1970696522307,34.82596093463474],[135.199635250733,34.82876296120894]],[[135.199635250733,34.82876296120894],[135.20273245973578,34.82814937874743],[135.2047664477376,34.825265541178375],[135.20414238323704,34.82397701800922]],[[135.1245163756657,34.802685706595085],[135.1244932621657,34.802890234082255]],[[135.1158256996579,34.81886383083003],[135.11873800066053,34.819722846276136],[135.11933895166106,34.82135906617348],[135.12516355366628,34.82279075858365],[135.12588007216692,34.8237111322759]],[[135.14420907768334,34.715475186066875],[135.14661288168548,34.71909532258974]],[[135.14661288168548,34.71909532258974],[135.1474218541862,34.71932030282562]],[[135.1474218541862,34.71932030282562],[135.1475143081863,34.7178272521693]],[[135.1475143081863,34.7178272521693],[135.1476298756864,34.71666144549244],[135.14420907768334,34.715475186066875]],[[135.2109146387431,34.78871647922155],[135.214127415246,34.787775652780574],[135.2145896852464,34.78896191220615],[135.21632319774795,34.787796105529296]],[[135.2326644422626,34.81060092034846],[135.23594655926553,34.80894424770241]],[[135.2360390132656,34.80890334220498],[135.2351144732648,34.80679670908715]],[[135.22101523825216,34.81683900870708],[135.22154684875264,34.81874111433773]],[[135.22154684875264,34.81874111433773],[135.22200911875305,34.820295523240205]],[[135.22200911875305,34.820295523240205],[135.22249450225348,34.82225898711701]],[[135.22249450225348,34.82225898711701],[135.22309545325402,34.82397701800922]],[[135.22309545325402,34.82397701800922],[135.22635445675695,34.82340434104515]],[[135.19917298073258,34.855003837812525],[135.1954979342293,34.85621054998681]],[[135.1954979342293,34.85621054998681],[135.19607577172982,34.85950344253021],[135.19820221373172,34.86206003611981]],[[135.19820221373172,34.86206003611981],[135.19970459123306,34.862305469104406],[135.20381879423675,34.86478025169913]],[[135.11328321465564,34.764500424740916],[135.1110180916536,34.76492993246397],[135.10970062215242,34.76329371256663],[135.1065340726496,34.764889026966536]],[[135.11083318365343,34.797715688656915],[135.11099497815357,34.797858857897936]],[[135.12410033266534,34.794872756585285],[135.12403099216525,34.790823112339375],[135.1246088296658,34.78718252306779],[135.12571827766678,34.78593490539607],[135.1246319431658,34.7808421709656],[135.12615743416717,34.77939002580671]],[[135.12615743416717,34.77939002580671],[135.12294465766428,34.77615849150946],[135.12289843066424,34.773336012186554],[135.12361494916487,34.772354280248145],[135.12243616066382,34.76904093495604],[135.12238993366378,34.76634117212542],[135.11968565416137,34.767772864535594],[135.1167040126587,34.765216270946006],[135.11550211065762,34.76556396767419],[135.11328321465564,34.764500424740916]],[[135.17601325371183,34.74318866057806],[135.17601325371183,34.74292277484475]],[[135.17601325371183,34.74292277484475],[135.17437219521037,34.741920590157626],[135.1710900782074,34.74222738138838]],[[135.1710900782074,34.74222738138838],[135.17102073770735,34.74241145612683]],[[135.17102073770735,34.74241145612683],[135.17342454170952,34.74523393544974],[135.1751811677111,34.745520273931774],[135.17601325371183,34.74318866057806]],[[135.1507501981892,34.72899445296864],[135.15038038218887,34.73097836959417]],[[135.15038038218887,34.73097836959417],[135.15400920169213,34.72956712993271]],[[135.13683587117674,34.71780679942058],[135.1374599356773,34.718440834630805]],[[135.1374599356773,34.718440834630805],[135.13875429167845,34.719340755574336]],[[135.13942458317905,34.718502192876954],[135.13933212917897,34.71662053999501]],[[135.13933212917897,34.71619103227196],[135.1364429416764,34.7156388080566]],[[135.17705336121276,34.789902738647115],[135.1759901402118,34.78906417594973],[135.17427974121028,34.79018907712915],[135.17356322270965,34.78912553419588]],[[135.16607444870294,34.787775652780574],[135.16533481670226,34.788880101211284],[135.16175222419906,34.791068545323974]],[[135.17111319170743,34.795527244544225],[135.17270802320888,34.79405464663662],[135.17416417371018,34.794300079621216],[135.17196839120822,34.79652942923134],[135.1705122407069,34.79957688879014],[135.1708589432072,34.802685706595085],[135.1694027927059,34.80342200554889],[135.16845513920507,34.805344563928266],[135.16924099820577,34.80755346078967],[135.16510368170205,34.80904651144599],[135.16383243920092,34.81278936446116],[135.16464141170164,34.8146710173431],[135.16251496969974,34.81698217794809],[135.16417914170123,34.81960012978384]],[[135.17427974121028,34.821522688163206],[135.1758745727117,34.82129770792733],[135.17649863721226,34.81761621315831],[135.17790856071355,34.81636859548659],[135.1796651867151,34.81638904823531],[135.18026613771565,34.8151618833123],[135.18287796321798,34.815325505302035],[135.18435722721932,34.81360747440983]],[[135.1006170166443,34.83434656160861],[135.10357554464693,34.83716904093152],[135.105910008149,34.841914078633806],[135.10604868914913,34.8436116567773],[135.1133525551557,34.84655685259251],[135.11561767815772,34.84555466790539],[135.11887668166065,34.84271173583376],[135.12030971866193,34.840032425751865],[135.1231989061645,34.83749628491099],[135.12594941266698,34.83702587169051],[135.12752113066838,34.83749628491099],[135.1311037231716,34.8367804387059]],[[135.1311037231716,34.8367804387059],[135.12987870767049,34.835266935300865],[135.1254178021665,34.83373297914711],[135.12014792416178,34.832608077967684],[135.1154789971576,34.832239928490786],[135.1109025241535,34.830092389875524],[135.10891476315172,34.83150362953698],[135.10667275364972,34.830031031629375],[135.1021887346457,34.82902884694226],[135.1011717406448,34.829662882152476],[135.1006170166443,34.83434656160861]],[[135.1334613001737,34.726110615399584],[135.13336884617362,34.726049257153434]],[[135.13336884617362,34.726049257153434],[135.13230562517268,34.72641740663033]],[[135.13230562517268,34.72641740663033],[135.12950889167016,34.728360417758424],[135.1320976036725,34.7313874245685]],[[135.13415470517432,34.72883083097891],[135.1334613001737,34.726110615399584]],[[135.1364660551764,34.72561974943038],[135.13688209817678,34.72729687482515]],[[135.1409500741804,34.7280945320251],[135.14136611718078,34.727153705584136]],[[135.14136611718078,34.727153705584136],[135.1413892306808,34.72666283961493]],[[135.17286981770903,34.76182111465902],[135.17081271620717,34.76124843769495]],[[135.16968015470616,34.76137115418725],[135.17060469470698,34.762884657592295]],[[135.17122875920754,34.76353914555123],[135.18075152121608,34.76492993246397]],[[135.152784186191,34.72179508542035],[135.15236814319064,34.72177463267163]],[[135.15236814319064,34.72177463267163],[135.1517671921901,34.72193825466137]],[[135.1517671921901,34.72193825466137],[135.1515360571899,34.72390171853817]],[[135.1515360571899,34.72390171853817],[135.15139737618978,34.72453575374839]],[[135.15139737618978,34.72453575374839],[135.15313088869132,34.725599296681665]],[[135.15329268319147,34.72373809654844],[135.152784186191,34.72179508542035]],[[135.13537972067542,34.73555978530672],[135.13854627017827,34.73453714787088]],[[135.13854627017827,34.73453714787088],[135.13861561067833,34.73416899839398]],[[135.12837633016915,34.72187689641522],[135.1280989681689,34.72441303725609]],[[135.13114995017165,34.72645831212777],[135.1318895821723,34.726110615399584]],[[135.1318895821723,34.726110615399584],[135.12927775666995,34.72351311631255],[135.130410318171,34.721856443666496]],[[135.12255172816393,34.690441021637575],[135.1234300411647,34.69046147438629]],[[135.1234300411647,34.69046147438629],[135.12349938166477,34.68745492032493]],[[135.16327771520042,34.83581915951622],[135.16152108919886,34.83586006501365],[135.15567337369362,34.840298311485185],[135.15511864969312,34.84205724787483]],[[135.15511864969312,34.84205724787483],[135.15682904869465,34.846618210838656],[135.15805406419574,34.848254430736],[135.15849322069613,34.85091328806918],[135.1575686806953,34.851915472756296],[135.15726820519504,34.85686503794575]],[[135.13917033467882,34.73709374146048],[135.14032600967985,34.73537571056827],[135.13854627017827,34.73453714787088]],[[135.19353328672753,34.77415412213522],[135.19117570972543,34.77196567802253],[135.1911294827254,34.77347918142757],[135.1889337002234,34.775728983786415],[135.19082900722512,34.77691524321198],[135.19401867022796,34.77583124752999],[135.19353328672753,34.77415412213522]],[[135.16464141170164,34.74484533322412],[135.16653671870336,34.745070313460005]],[[135.16653671870336,34.745070313460005],[135.1670452157038,34.742043306649926]],[[135.1670452157038,34.742043306649926],[135.16531170320224,34.74065251973719]],[[135.14180527368117,34.737482343686096],[135.1410425281805,34.73648015899897],[135.1423599976817,34.734946202845215],[135.14208263568145,34.733534963183764],[135.14002553417959,34.73390311266066]],[[135.12588007216692,34.720690636989644],[135.12490930516606,34.72336994707154],[135.1235456086648,34.72478118673299]],[[135.15139737618978,34.72453575374839],[135.1483926211871,34.72457665924583]],[[135.1490629126877,34.725087977963746],[135.15088887918932,34.72645831212777]],[[135.1602267331977,34.7442112980139],[135.16006493869756,34.74648155312146]],[[135.1626998776999,34.747708718044464],[135.1634626232006,34.74813822576752]],[[135.15068085768914,34.73995712628082],[135.14901668568766,34.740243464762855]],[[135.14901668568766,34.740243464762855],[135.14880866418747,34.74361816830112]],[[135.14700581118584,34.72993527940962],[135.15038038218887,34.73097836959417]],[[135.15021858768873,34.727542307809756],[135.14848507518718,34.727787740794355]],[[135.19235449822648,34.76699566008436],[135.1939493297279,34.76857052173555]],[[135.1939493297279,34.76857052173555],[135.19693097123059,34.76627981387927]],[[135.19693097123059,34.76627981387927],[135.19408801072802,34.76407091701787]],[[135.19945034273283,34.780760359970735],[135.1995196832329,34.78143530067838]],[[135.2179411427494,34.85942163153534],[135.21618451674783,34.861916866878786],[135.21586092774754,34.86561881439652]],[[135.21586092774754,34.86561881439652],[135.21979022275107,34.86580288913497]],[[135.21979022275107,34.86580288913497],[135.21907370425043,34.86244863834542]],[[135.21907370425043,34.86244863834542],[135.2179411427494,34.85942163153534]],[[135.15514176319314,34.72171327442548],[135.152784186191,34.72179508542035]],[[135.1608970246983,34.73987531528595],[135.1591403986967,34.74102066921409],[135.15992625769744,34.74265688911143]],[[135.1632546017004,34.74040708675259],[135.16295412620013,34.74032527575772]],[[135.16295412620013,34.74032527575772],[135.1608970246983,34.73987531528595]],[[135.14323831068248,34.719463472066636],[135.1429147216822,34.71958618855894]],[[135.1374599356773,34.718440834630805],[135.13688209817678,34.72019977102044]],[[135.13688209817678,34.72019977102044],[135.139355242679,34.721979160158796]],[[135.1930479032271,34.862100941617236],[135.1920309092262,34.86244863834542],[135.19073655322504,34.8649847791863]],[[135.19073655322504,34.8649847791863],[135.19376442172774,34.865127948427315]],[[135.19376442172774,34.865127948427315],[135.1986182567321,34.86502568468373]],[[135.19887250523232,34.86359399227356],[135.19820221373172,34.86206003611981]],[[135.19820221373172,34.86206003611981],[135.1930479032271,34.862100941617236]],[[135.19466584822854,34.775381287058224],[135.1954979342293,34.774501818863406],[135.19815598673168,34.775013137581325],[135.19790173823145,34.777078865201716]],[[135.20148433073467,34.77413366938651],[135.19956591023293,34.77309057920195],[135.19878005123223,34.77139300105846],[135.19385687572782,34.77212930001227],[135.19466584822854,34.775381287058224]],[[135.2086495157411,34.8151618833123],[135.20804856474055,34.81561184378407]],[[135.20804856474055,34.81561184378407],[135.20818724574067,34.81622542624557]],[[135.2086726292411,34.81663448121991],[135.2095740557419,34.817411685671146],[135.20948160174183,34.82039778698379],[135.21287928624486,34.82099091669657],[135.21267126474467,34.82232034536316],[135.21498261474676,34.824631505968156]],[[135.21498261474676,34.824631505968156],[135.216369424748,34.8240792817528]],[[135.216369424748,34.8240792817528],[135.2151444092469,34.82182947939396]],[[135.2151444092469,34.82182947939396],[135.21200097324407,34.81814798462494]],[[135.21200097324407,34.81814798462494],[135.21089152524308,34.81718670543526]],[[135.21089152524308,34.81718670543526],[135.2086495157411,34.8151618833123]],[[135.14187461418126,34.742309192383246],[135.14062648518012,34.742943227593464]],[[135.14062648518012,34.742943227593464],[135.141597252181,34.74480442772669],[135.14067271218016,34.745602084926645]],[[135.14067271218016,34.745602084926645],[135.14078827968027,34.74574525416766]],[[135.14078827968027,34.74574525416766],[135.14180527368117,34.745274840947175],[135.1437005806829,34.74717694657783]],[[135.1437005806829,34.74717694657783],[135.14379303468297,34.74711558833168]],[[135.14379303468297,34.74711558833168],[135.14568834168466,34.745602084926645]],[[135.14647420068536,34.74343409356267],[135.14571145518468,34.74235009788068]],[[135.1265272501675,34.745254388198454],[135.12749801716836,34.748097320270084],[135.1262036611672,34.75143111831092],[135.12648102316746,34.75343548768516],[135.12569516416676,34.755092160331216],[135.12490930516606,34.760184894761686],[135.12373051666498,34.760880288218054],[135.12433146766554,34.76278239384871],[135.1262036611672,34.76437770824862],[135.12405410566527,34.76470495222809],[135.12601875316705,34.76748652605356],[135.12379985716504,34.767731959038166],[135.12546402916655,34.76904093495604],[135.12733622266822,34.771986130771246],[135.12668904466764,34.77384733090447],[135.12791406016873,34.775013137581325],[135.1285612381693,34.77808104988884],[135.12615743416717,34.77939002580671]],[[135.1412736631807,34.79108899807269],[135.14143545768084,34.788041538513895],[135.1391472211788,34.785444039426864]],[[135.1391472211788,34.785444039426864],[135.1357033096757,34.784871362462795],[135.13283723567315,34.78331695356032],[135.13297591667327,34.78143530067838],[135.13147353917194,34.77793788064782],[135.12964757267028,34.777140223447866],[135.12971691317034,34.77599486951973],[135.13230562517268,34.77380642540704],[135.12976314017038,34.770309005376475],[135.12930087016997,34.767609242545866],[135.1307570206713,34.7678955810279],[135.130410318171,34.765973022648524],[135.1321207171725,34.76666841610489],[135.13336884617362,34.76556396767419],[135.1358188771758,34.765523062176754]],[[135.1358188771758,34.765523062176754],[135.13408536467426,34.76347778730508],[135.13556462867558,34.76190292565389],[135.13794531917773,34.76108481570522],[135.13628114717625,34.75871229685408],[135.1336693216739,34.757710112166954],[135.1345707481747,34.75550121530555],[135.13415470517432,34.750101689644325],[135.1351254721752,34.74930403244437],[135.13057211267113,34.74594978165483],[135.1265272501675,34.745254388198454]],[[135.11351434965584,34.8188229253326],[135.11404596015632,34.82129770792733]],[[135.11404596015632,34.82129770792733],[135.11478559215698,34.82465195871687],[135.11906158966082,34.82886522495252],[135.1218352096633,34.830112842624246],[135.12204323116347,34.832239928490786],[135.12523289416634,34.833262565926624],[135.12680461216775,34.832689888962555],[135.1278678331687,34.83387614838813],[135.1346863156748,34.83451018359835]],[[135.20860328874105,34.83573734852135],[135.20931980724168,34.835451010039314]],[[135.20931980724168,34.835451010039314],[135.21089152524308,34.83297622744459],[135.212994853745,34.83295577469587]],[[135.212994853745,34.83295577469587],[135.21745575924896,34.83385569563941]],[[135.21745575924896,34.83385569563941],[135.21754821324905,34.83289441644972]],[[135.21754821324905,34.83289441644972],[135.21962842825093,34.831074121813934],[135.216369424748,34.828619791967924],[135.21498261474676,34.824631505968156]],[[135.199635250733,34.82876296120894],[135.20113762823436,34.83156498778313],[135.2028480272359,34.83283305820357],[135.20266311923572,34.83440791985476],[135.20469710723754,34.837128135434085],[135.2061301442388,34.837005418941786],[135.20740138673997,34.835266935300865],[135.20860328874105,34.83573734852135]],[[135.22873514725907,34.83283305820357],[135.22503698725578,34.832935321947154]],[[135.22503698725578,34.832935321947154],[135.22575350575642,34.835021502316266]],[[135.22575350575642,34.835021502316266],[135.22633134325693,34.83602368700338]],[[135.22633134325693,34.83602368700338],[135.22949789275975,34.835778254018784]],[[135.1479303511867,34.71962709405637],[135.1474218541862,34.71932030282562]],[[135.14661288168548,34.71909532258974],[135.14642797368532,34.719790716046106]],[[135.14642797368532,34.719790716046106],[135.14779167018656,34.72112014471269]],[[135.14779167018656,34.72112014471269],[135.1517671921901,34.72193825466137]],[[135.15236814319064,34.72177463267163],[135.15038038218887,34.721242861205],[135.15072708468918,34.71956573581022]],[[135.15072708468918,34.71956573581022],[135.1479303511867,34.71962709405637]],[[135.119269611161,34.70651688212894],[135.11924649766098,34.70925755045698],[135.12121114516273,34.710300640641535],[135.1210724641626,34.70661914587252]],[[135.18676103122147,34.76944998993037],[135.18306287121814,34.767650148043295],[135.18183785571705,34.77002266689444],[135.18530488072017,34.77186341427895],[135.18676103122147,34.76944998993037]],[[135.22029871975153,34.840236953239035],[135.21856520724995,34.84330486554654]],[[135.2240893337549,34.842998074315794],[135.22304922625398,34.84117777968]],[[135.22304922625398,34.84117777968],[135.22029871975153,34.840236953239035]],[[135.19466584822854,34.775381287058224],[135.19577529622956,34.77769244766322],[135.1988493917323,34.78114896219635]],[[135.20351831873649,34.81213487650222],[135.2023164167354,34.81207351825607]],[[135.20804856474055,34.81561184378407],[135.2043272912372,34.81585727676867],[135.20361077273657,34.81512097781487],[135.20351831873649,34.81213487650222]],[[135.19073655322504,34.8649847791863],[135.18909549472355,34.866232396858024]],[[135.18909549472355,34.866232396858024],[135.19038985072473,34.86899351793478],[135.19381064872778,34.86940257290912]],[[135.19381064872778,34.86940257290912],[135.19376442172774,34.865127948427315]],[[135.1437005806829,34.74717694657783],[135.14143545768084,34.74930403244437],[135.14175904668113,34.75157428755193]],[[135.14175904668113,34.75157428755193],[135.146058157685,34.7510425160853]],[[135.146058157685,34.7510425160853],[135.14601193068495,34.75071527210583]],[[135.14601193068495,34.75071527210583],[135.1455034336845,34.7479950565265],[135.14379303468297,34.74711558833168]],[[135.20705468423967,34.81201216000992],[135.20351831873649,34.81213487650222]],[[135.2086495157411,34.8151618833123],[135.20705468423967,34.81201216000992]],[[135.21720151074874,34.85614919174066],[135.21632319774795,34.855331081791995]],[[135.21632319774795,34.855331081791995],[135.21505195524682,34.85666051045858],[135.21209342724416,34.855085648807396]],[[135.21209342724416,34.855085648807396],[135.2101287797424,34.85537198728943]],[[135.2101287797424,34.85537198728943],[135.21264815124465,34.86385987800688]],[[135.21264815124465,34.86385987800688],[135.2145896852464,34.861262378919854],[135.21720151074874,34.85614919174066]],[[135.12846878416923,34.714759339861786],[135.1274286766683,34.715597902559175]],[[135.1274286766683,34.715597902559175],[135.12569516416676,34.71582288279506]],[[135.13461697517474,34.71531156407714],[135.13408536467426,34.71418666289772],[135.131542879672,34.71322538370803],[135.12846878416923,34.714759339861786]],[[135.1954979342293,34.85621054998681],[135.1934870597275,34.85635371922783]],[[135.1934870597275,34.85635371922783],[135.192932335727,34.857969486376454],[135.1930479032271,34.862100941617236]],[[135.19318658422722,34.87202052474486],[135.19196156872613,34.873452217155034],[135.19087523422516,34.87120241479619],[135.18629876122105,34.86705050680669],[135.18902615422348,34.8654756451555]],[[135.18902615422348,34.8654756451555],[135.1902511697246,34.86357353952484],[135.19006626172444,34.86152826465317]],[[135.18340957371848,34.87396353587295],[135.18424165971922,34.875640661267724],[135.1847732702197,34.87404534686782],[135.18842520322295,34.87410670511397],[135.1896964457241,34.875333870036975],[135.18671480422142,34.87938351428289],[135.18153738021678,34.88224689910324]],[[135.1586781286963,34.87627469647794],[135.15759179419533,34.877788199882986],[135.15590450869382,34.87811544386245],[135.15606630319397,34.880099360487975],[135.154979968693,34.882615048580135],[135.1591172851967,34.88357632776982],[135.16041164119787,34.884823945441546],[135.1641560282012,34.88594884662096],[135.16598199470286,34.888157743482374],[135.16528858970221,34.889200833666926],[135.16734569120408,34.88922128641565],[135.1697263817062,34.890673431574534],[135.17032733270673,34.88893494793361],[135.17256934220876,34.88787140500034],[135.1746495572106,34.88844408196441],[135.17844017121402,34.887523708272155],[135.18232323921748,34.88856679845671],[135.18502751871992,34.88736008628242],[135.18606762622085,34.88443534321593],[135.18798604672256,34.884946661933846],[135.18888747322336,34.883003650805755],[135.19154552572576,34.88050841546231],[135.1939493297279,34.88097882868279],[135.19743946823104,34.87956758902134],[135.19815598673168,34.877276881165066],[135.20159989823478,34.87582473600617]],[[135.20157678473475,34.86637556609904],[135.20143810373463,34.86641647159647]],[[135.1546563796927,34.84173000389536],[135.15511864969312,34.84205724787483]],[[135.15726820519504,34.74887452472132],[135.15662102719446,34.75067436660839],[135.1581234046958,34.752228775510865]],[[135.14309962968235,34.73245096750178],[135.14677467618563,34.73345315218889]],[[135.14677467618563,34.73345315218889],[135.14679778968565,34.73345315218889]],[[135.14679778968565,34.73345315218889],[135.14834639418706,34.732041912527436],[135.14621995218513,34.730119354148066]],[[135.14621995218513,34.730119354148066],[135.14309962968235,34.73245096750178]],[[135.12567205066674,34.720506562251195],[135.12234370666374,34.72152919968703],[135.1207257616623,34.72046565675376]],[[135.1207257616623,34.72046565675376],[135.11924649766098,34.721979160158796]],[[135.14263735968194,34.732635042240226],[135.14309962968235,34.73245096750178]],[[135.1459657036849,34.72964894092758],[135.14312274318237,34.72913762220966],[135.14088073368035,34.73073293660957]],[[135.1682702312049,34.74580661241381],[135.16653671870336,34.745070313460005]],[[135.15405542869217,34.75828278913102],[135.15317711569136,34.75942814305916],[135.14880866418747,34.760614402484734]],[[135.14880866418747,34.760614402484734],[135.1475143081863,34.76114617395137]],[[135.1475143081863,34.76114617395137],[135.15021858768873,34.763273259817915],[135.1517671921901,34.762618771858975]],[[135.21586092774754,34.86561881439652],[135.2131335347451,34.865843794632404]],[[135.22006758475132,34.86617103861187],[135.2203680602516,34.86586424738112]],[[135.2203680602516,34.86586424738112],[135.21979022275107,34.86580288913497]],[[135.21396562074585,34.81205306550736],[135.2136882587456,34.81176672702532],[135.2086495157411,34.8151618833123]],[[135.21089152524308,34.81718670543526],[135.21574536024744,34.81389381289186]],[[135.12583384516688,34.68909114022227],[135.12546402916655,34.68712767634546],[135.1231989061645,34.68700495985316]],[[135.1234300411647,34.69046147438629],[135.1236380626649,34.692424938263095]],[[135.1236380626649,34.692424938263095],[135.12465505666583,34.69240448551438],[135.12437769466558,34.689929702919656],[135.12583384516688,34.68909114022227]],[[135.21930483925064,34.857764958889284],[135.2179411427494,34.85942163153534]],[[135.21907370425043,34.86244863834542],[135.22156996225266,34.86206003611981]],[[135.22156996225266,34.86206003611981],[135.22087655725204,34.859135293053306],[135.21930483925064,34.857764958889284]],[[135.08115544962683,34.817002630696805],[135.0853389931306,34.82146132991706],[135.08517719863045,34.824549694973285],[135.08695693813203,34.82612455662448],[135.08887535863377,34.82634953686036]],[[135.08887535863377,34.82634953686036],[135.098074531642,34.825449615916824],[135.10170335114526,34.82385430151692],[135.10214250764565,34.82291347507595]],[[135.10214250764565,34.82291347507595],[135.1019807131455,34.819845562768435],[135.0985368016424,34.817718476901895],[135.10001606564373,34.8151618833123],[135.09913775264295,34.81389381289186],[135.1010792866447,34.81370973815341],[135.1009637191446,34.812237140245806],[135.1033212961467,34.810028243384394],[135.1060255756491,34.80859655097422],[135.105910008149,34.80518094193853],[135.10891476315172,34.802235746123316],[135.10907655765186,34.80090631745673],[135.11150347515402,34.80076314821571],[135.11432332215657,34.79949507779527]],[[135.1311037231716,34.8367804387059],[135.1329990301733,34.83710768268537],[135.13494056417503,34.835655537526485]],[[135.11404596015632,34.82129770792733],[135.11099497815357,34.82103182219401],[135.10655718614962,34.82225898711701],[135.10214250764565,34.82291347507595]],[[135.08887535863377,34.82634953686036],[135.09130227613593,34.82686085557828],[135.09248106463698,34.82808802050128],[135.09224992963678,34.8323830977318],[135.09375230713812,34.83303758569074],[135.09645658664056,34.83283305820357],[135.1006170166443,34.83434656160861]],[[135.19168420672588,34.82393611251179],[135.19210024972625,34.82581776539373],[135.18923417572367,34.827065383065445],[135.1883558627229,34.82911065793712],[135.18743132272206,34.82814937874743],[135.18731575522196,34.830562803096015]],[[135.19480452922866,34.845247876674634],[135.19757814923116,34.845002443690035],[135.20083715273407,34.847068171310426]],[[135.21061416324284,34.839664276274966],[135.20860328874105,34.83573734852135]],[[135.12169652866316,34.71641601250784],[135.12111869116265,34.71643646525656]],[[135.12111869116265,34.71643646525656],[135.1207257616623,34.72046565675376]],[[135.17023487870665,34.75038802812636],[135.16773862070443,34.750490291869944]],[[135.16773862070443,34.750490291869944],[135.16662917270344,34.75065391385968],[135.16679096720358,34.752637830485206]],[[135.16679096720358,34.752637830485206],[135.16868627420527,34.75253556674162]],[[135.16868627420527,34.75253556674162],[135.17041978670682,34.75220832276215],[135.17023487870665,34.75038802812636]],[[135.14661288168548,34.73899584709113],[135.14647420068536,34.73400537640425]],[[135.14647420068536,34.73400537640425],[135.14434775868347,34.73447578962473],[135.14407039668322,34.73717555245534],[135.14661288168548,34.73899584709113]],[[135.14781478368658,34.77435864962239],[135.1495020691881,34.76904093495604],[135.14721383268602,34.767977392022765],[135.1455034336845,34.7691227459509],[135.14633551968524,34.7724156384943],[135.14578079568474,34.77362235066859],[135.14781478368658,34.77435864962239]],[[135.13630426067627,34.725128883461174],[135.1334613001737,34.726110615399584]],[[135.13669719017662,34.729342149696826],[135.13785286517765,34.72838087050714]],[[135.22249450225348,34.82225898711701],[135.22006758475132,34.822872569578514]],[[135.22254072925352,34.828558433721774],[135.2246440577554,34.82845616997819]],[[135.2246440577554,34.82845616997819],[135.22438980925517,34.827597154532086]],[[135.22438980925517,34.827597154532086],[135.22309545325402,34.82397701800922]],[[135.1939493297279,34.76857052173555],[135.19344083272745,34.770186288884176],[135.19152241222574,34.77073851309952]],[[135.19152241222574,34.77073851309952],[135.19307101672712,34.77118847357129],[135.19748569523108,34.77110666257643],[135.19965836423302,34.7685091634894],[135.19693097123059,34.76627981387927]],[[135.16230694819956,34.72645831212777],[135.16128995419865,34.72564020217909]],[[135.16128995419865,34.72564020217909],[135.16230694819956,34.72645831212777]],[[135.21375759924567,34.817002630696805],[135.21200097324407,34.81814798462494]],[[135.2151444092469,34.82182947939396],[135.2169472622485,34.82121589693246]],[[135.2169472622485,34.82121589693246],[135.2154679982472,34.81847522860441],[135.21375759924567,34.817002630696805]],[[135.21426609624612,34.81013050712798],[135.2104523687427,34.81164401053302]],[[135.2104523687427,34.81164401053302],[135.20705468423967,34.81201216000992]],[[135.12111869116265,34.71643646525656],[135.1183681846602,34.71678416198475]],[[135.1183681846602,34.71678416198475],[135.11818327666003,34.719913432538405],[135.1189460221607,34.72232685688698]],[[135.14901668568766,34.740243464762855],[135.1473062866861,34.740488897747454]],[[135.1473062866861,34.740488897747454],[135.14647420068536,34.74343409356267]],[[135.2246440577554,34.82845616997819],[135.22503698725578,34.832935321947154]],[[135.22649313775707,34.82729036330133],[135.22438980925517,34.827597154532086]],[[135.2101287797424,34.85537198728943],[135.20816413224065,34.85066785508457]],[[135.20816413224065,34.85066785508457],[135.2078867702404,34.848172619741135]],[[135.21172361124383,34.86502568468373],[135.21264815124465,34.86385987800688]],[[135.14240622468174,34.71809313790261],[135.14266047318196,34.71702959496935]],[[135.14266047318196,34.71702959496935],[135.14254490568186,34.71686597297961]],[[135.1547488336928,34.7131844782106],[135.1537318396919,34.71210048252861],[135.1528766401911,34.71414575740028],[135.1534313641916,34.71653872900014],[135.15648234619434,34.71570016630276],[135.1563205516942,34.713143572713165],[135.1547488336928,34.7131844782106]],[[135.1318895821723,34.726110615399584],[135.13230562517268,34.72641740663033]],[[135.13336884617362,34.726049257153434],[135.13415470517432,34.72277681735875]],[[135.21565290624736,34.83782352889046],[135.21465902574647,34.839071146562176]],[[135.22029871975153,34.840236953239035],[135.21879634225016,34.839459748787796]],[[135.21879634225016,34.839459748787796],[135.21565290624736,34.83782352889046]],[[135.212994853745,34.83782352889046],[135.21294862674492,34.836412289229]],[[135.21294862674492,34.836412289229],[135.20931980724168,34.835451010039314]],[[135.22455160375532,34.840564197218505],[135.22304922625398,34.84117777968]],[[135.1584701071961,34.737216457952776],[135.1590248311966,34.73928218557317]],[[135.1590248311966,34.73928218557317],[135.15907105819664,34.73950716580905]],[[135.15907105819664,34.73950716580905],[135.1608970246983,34.73987531528595]],[[135.16295412620013,34.74032527575772],[135.1652654762022,34.738566339368084],[135.1638093257009,34.73742098543994],[135.16272299119993,34.73795275690658],[135.1584701071961,34.737216457952776]],[[135.16422536870127,34.750878894095564],[135.165034341202,34.749467654434106]],[[135.15128180868967,34.737666418424546],[135.15038038218887,34.73631653700924]],[[135.15038038218887,34.73631653700924],[135.14781478368658,34.73703238321433],[135.14744496768623,34.73887313059883]],[[135.14744496768623,34.73887313059883],[135.15070397118916,34.738627697614234],[135.15128180868967,34.737666418424546]],[[135.21865766125003,34.85420618061257],[135.21720151074874,34.85614919174066]],[[135.21930483925064,34.857764958889284],[135.21979022275107,34.85690594344318]],[[135.1499643391885,34.75570574279271],[135.1465204276854,34.755910270279884]],[[135.1465204276854,34.755910270279884],[135.14638174668528,34.75646249449524]],[[135.14638174668528,34.75646249449524],[135.1468440166857,34.75981674528478]],[[135.1468440166857,34.75981674528478],[135.14712137868594,34.76182111465902]],[[135.14712137868594,34.76182111465902],[135.1475143081863,34.76114617395137]],[[135.14880866418747,34.760614402484734],[135.1483926211871,34.759223615572]],[[135.14779167018656,34.72112014471269],[135.14732940018612,34.72334949432282]],[[135.14732940018612,34.72334949432282],[135.148277053687,34.72232685688698],[135.1515360571899,34.72390171853817]],[[135.1701655382066,34.743659073798554],[135.17102073770735,34.74241145612683]],[[135.1710900782074,34.74222738138838],[135.17102073770735,34.7420024011525]],[[135.17102073770735,34.7420024011525],[135.1670452157038,34.742043306649926]],[[135.15229880269058,34.73971169329622],[135.15225257569054,34.73962988230135]],[[135.15225257569054,34.73962988230135],[135.15144360318982,34.73789139866043]],[[135.15144360318982,34.73789139866043],[135.15128180868967,34.737666418424546]],[[135.14744496768623,34.73887313059883],[135.14739874068619,34.739466260311616]],[[135.14739874068619,34.739466260311616],[135.1473062866861,34.740488897747454]],[[135.14732940018612,34.72334949432282],[135.1470751516859,34.72375854929716]],[[135.14420907768334,34.715475186066875],[135.14485625568392,34.717602271933416],[135.14266047318196,34.71702959496935]],[[135.2236270637545,34.86189641413007],[135.22156996225266,34.86206003611981]],[[135.22156996225266,34.86206003611981],[135.22388131225472,34.865148401176036],[135.22367329075453,34.86658009358621]],[[135.22367329075453,34.86658009358621],[135.22612332175675,34.86703005405797]],[[135.14219820318155,34.75736241543877],[135.14266047318196,34.760307611253985]],[[135.14266047318196,34.760307611253985],[135.1468440166857,34.75981674528478]],[[135.14638174668528,34.75646249449524],[135.14219820318155,34.75736241543877]],[[135.2333347337632,34.81258483697399],[135.23666307776617,34.81053956210231]],[[135.1934870597275,34.85635371922783],[135.19082900722512,34.855515156530444]],[[135.18902615422348,34.8654756451555],[135.18909549472355,34.866232396858024]],[[135.14545720668445,34.72801272103024],[135.14136611718078,34.727153705584136]],[[135.20816413224065,34.85066785508457],[135.21061416324284,34.85101555181276]],[[135.21061416324284,34.85101555181276],[135.21121511424337,34.85122007929993]],[[135.21121511424337,34.85122007929993],[135.21130756824346,34.85070876058201]],[[135.14266047318196,34.760307611253985],[135.14296094868223,34.76182111465902],[135.14501805018406,34.76278239384871],[135.14545720668445,34.76431635000247]],[[135.14545720668445,34.76431635000247],[135.14712137868594,34.76182111465902]],[[135.15546535219343,34.7394458075629],[135.15592762219384,34.742186475890946]],[[135.15592762219384,34.742186475890946],[135.158354539696,34.74232964513196],[135.15907105819664,34.73950716580905]],[[135.1590248311966,34.73928218557317],[135.15546535219343,34.7394458075629]],[[135.16903297670558,34.748363206003404],[135.16866316070525,34.74813822576752]],[[135.1677155072044,34.750183500639196],[135.16773862070443,34.750490291869944]],[[135.17023487870665,34.75038802812636],[135.16903297670558,34.748363206003404]],[[135.18495817821986,34.74480442772669],[135.18495817821986,34.74480442772669]],[[135.18495817821986,34.74480442772669],[135.18276239571787,34.74351590455753],[135.183987411219,34.743025038588335],[135.18206899071726,34.74089795272179],[135.178417057714,34.73909811083472],[135.175088713711,34.73825954813733],[135.17682222621255,34.74032527575772],[135.17601325371183,34.74292277484475]],[[135.17601325371183,34.74318866057806],[135.1755278702114,34.744497636495936],[135.17691468021263,34.74635883662916],[135.17652175071228,34.747401926813716],[135.17850951171408,34.750694819357115],[135.1780703552137,34.75355820417746],[135.17481135171076,34.75638068350037],[135.17446464921045,34.75838505287461]],[[135.18130624521658,34.76415272801273],[135.18463458921957,34.76380503128455],[135.18581337772062,34.76251650811539],[135.18844831672297,34.76351869280251],[135.19087523422516,34.76347778730508]],[[135.19152241222574,34.77073851309952],[135.18833274922287,34.76940908443294]],[[135.18609073972087,34.76832508875095],[135.18352514121858,34.76642298312029],[135.181768515217,34.76601392814596],[135.1812137912165,34.764623141233216]],[[135.21630008424793,34.75834414737717],[135.21572224674742,34.757587395674655],[135.20344897823642,34.75595117577732],[135.19776305723133,34.75419223938768],[135.19674606323042,34.754499030618426],[135.19408801072802,34.75323096019799],[135.19501255072885,34.75179926778782]],[[135.19501255072885,34.75179926778782],[135.1926087467267,34.75134930731605],[135.1919384552261,34.74938584343924],[135.18750066322212,34.745847517911244],[135.18495817821986,34.74480442772669]],[[135.2432504252721,34.85150641778196],[135.2444985542732,34.85330625966903],[135.24408251127284,34.85676277420217],[135.24530752677393,34.859912497504546],[135.24408251127284,34.860751060201935],[135.24396694377273,34.863000862560774],[135.2459547047745,34.86698914856054],[135.24574668327432,34.8686458212066],[135.24750330927588,34.872347768724325],[135.24720283377562,34.874168063360116],[135.24937550277758,34.872429579719196],[135.24768821727605,34.87831997134962],[135.25210289578,34.87921989229316],[135.2573265467847,34.88239006834425],[135.25774258978507,34.884926209185124],[135.2635671917903,34.88619427960557],[135.27431496929992,34.885846582877384],[135.27868342080384,34.88664424007734],[135.28270516980743,34.88347406402624],[135.28305187230774,34.882165088108366],[135.2857792653102,34.87899491205727],[135.28515520080964,34.8769496371856],[135.28651889731086,34.87150920602694],[135.28815995581232,34.86921849817067],[135.28987035481384,34.8687685376989],[135.29072555431463,34.86639601884775],[135.2921354778159,34.86574153088882],[135.29188122931566,34.86363489777099],[135.29296756381663,34.86177369763777],[135.29128027831513,34.860096572242995],[135.2903557383143,34.8559446642535],[135.2884604313126,34.854553877340756],[135.28550190330995,34.85547425103301],[135.28448490930904,34.85328580692032],[135.28270516980743,34.85195637825373],[135.2832367803079,34.84864303296162],[135.28175751630658,34.84866348571033],[135.28129524630617,34.84698636031556],[135.27866030730382,34.84798854500268],[135.27572489280118,34.84731360429503],[135.2744074233,34.84807035599755],[135.2726045702984,34.846884096571976],[135.26816677829441,34.84852031646932],[135.2645841857912,34.8481317142437],[135.26421436979086,34.84608643937202],[135.2619030197888,34.8442252392388],[135.26229594928915,34.84301852706451],[135.25963789678676,34.842507208346596],[135.25672559578416,34.84359120402858],[135.25251893878038,34.84393890075677],[135.24780378477615,34.84541149866437],[135.24558488877418,34.84743632078733],[135.24350467377232,34.84804990324883]],[[135.13850004317823,34.71371624967723],[135.1370207791769,34.7142889266413]],[[135.21810293724954,34.81808662637879],[135.21911993125048,34.82097046394786]],[[135.21911993125048,34.82097046394786],[135.22200911875305,34.820295523240205]],[[135.22154684875264,34.81874111433773],[135.21810293724954,34.81808662637879]],[[135.1363273741763,34.748751808229024],[135.14078827968027,34.74574525416766]],[[135.14067271218016,34.745602084926645],[135.13850004317823,34.744620352988235],[135.1384769296782,34.7433522825678],[135.13531038017535,34.745090766208726],[135.13637360117633,34.74656336411633],[135.1363273741763,34.748751808229024]],[[135.21121511424337,34.85122007929993],[135.2143585502462,34.852365433228066],[135.21632319774795,34.855331081791995]],[[135.17023487870665,34.75038802812636],[135.1721764127084,34.75028576438278]],[[135.1721764127084,34.75028576438278],[135.17347076870956,34.750244858885345],[135.17254622870874,34.747586001552165],[135.169495246706,34.747647359798314],[135.16903297670558,34.748363206003404]],[[135.1501954741887,34.73568250179902],[135.15038038218887,34.73631653700924]],[[135.15144360318982,34.73789139866043],[135.15190587319023,34.737911851409145]],[[135.15370872619184,34.73400537640425],[135.15590450869382,34.732635042240226],[135.1555578061935,34.73183738504027]],[[135.1555578061935,34.73183738504027],[135.1496407501882,34.733064549963274],[135.1501954741887,34.73568250179902]],[[135.16679096720358,34.752637830485206],[135.16531170320224,34.75271964148007]],[[135.16531170320224,34.75271964148007],[135.16531170320224,34.75433540862869]],[[135.16531170320224,34.75433540862869],[135.16845513920507,34.75431495587998],[135.16875561470533,34.75349684593131]],[[135.16875561470533,34.75349684593131],[135.16868627420527,34.75253556674162]],[[135.14601193068495,34.75071527210583],[135.14811525918685,34.751656098546796]],[[135.2104523687427,34.81164401053302],[135.20793299724045,34.8094146609229]],[[135.13533349367538,34.72064973149221],[135.13688209817678,34.72019977102044]],[[135.22367329075453,34.86658009358621],[135.2203680602516,34.86586424738112]],[[135.21754821324905,34.83289441644972],[135.21923549875058,34.83328301867534]],[[135.21923549875058,34.83328301867534],[135.21997513075124,34.83168770427543],[135.21932795275066,34.82956061840889]],[[135.21643876524806,34.82424290374254],[135.216369424748,34.8240792817528]],[[135.1465204276854,34.755910270279884],[135.1443939856835,34.755337593315815],[135.14051091768002,34.75247420849547]],[[135.14051091768002,34.75247420849547],[135.13997930717954,34.75359910967489],[135.14074205268022,34.75619660876192],[135.14189772768128,34.757403320936206]],[[135.14189772768128,34.757403320936206],[135.14219820318155,34.75736241543877]],[[135.156112530194,34.7351711830811],[135.15865501519627,34.735191635829814]],[[135.15865501519627,34.735191635829814],[135.15886303669646,34.73324862470173],[135.15761490769535,34.73146923556337],[135.1555578061935,34.73183738504027]],[[135.21923549875058,34.83328301867534],[135.22242516175342,34.83424429786503]],[[135.22242516175342,34.83424429786503],[135.2225176157535,34.828558433721774]],[[135.212994853745,34.835144218808566],[135.21294862674492,34.836412289229]],[[135.21565290624736,34.83782352889046],[135.21745575924896,34.8355532737829]],[[135.21745575924896,34.8355532737829],[135.212994853745,34.835144218808566]],[[135.21375759924567,34.817002630696805],[135.21810293724954,34.81808662637879]],[[135.21810293724954,34.81808662637879],[135.21807982374952,34.81683900870708]],[[135.2182878452497,34.834489730849626],[135.21745575924896,34.8355532737829]],[[135.21879634225016,34.839459748787796],[135.22159307575268,34.83657591121874]],[[135.22159307575268,34.83657591121874],[135.22140816775251,34.835778254018784],[135.2182878452497,34.834489730849626]],[[135.13415470517432,34.72277681735875],[135.1358188771758,34.72373809654844]],[[135.16875561470533,34.75349684593131],[135.171714142708,34.75286281072109],[135.1721764127084,34.75028576438278]],[[135.14677467618563,34.73345315218889],[135.14647420068536,34.73400537640425]],[[135.14661288168548,34.73899584709113],[135.14739874068619,34.739466260311616]],[[135.1501954741887,34.73568250179902],[135.1487162101874,34.73343269944018],[135.14679778968565,34.73345315218889]],[[135.2169472622485,34.82121589693246],[135.21911993125048,34.82097046394786]],[[135.14064959868014,34.75040848087508],[135.14051091768002,34.75247420849547]],[[135.1465204276854,34.755910270279884],[135.146058157685,34.7510425160853]],[[135.14175904668113,34.75157428755193],[135.14064959868014,34.75040848087508]],[[135.1219507771634,34.692240863524646],[135.1236380626649,34.692424938263095]],[[135.1554191251934,34.721140597461414],[135.15602007619393,34.7216110106819]],[[135.157221978195,34.72118150295884],[135.1566672541945,34.71974981054867],[135.15749934019524,34.717540913687266],[135.15920973919677,34.71635465426169],[135.15638989219426,34.712448179256796],[135.15336202369153,34.711016486846624],[135.15167473819002,34.71516839483612],[135.15248371069075,34.71702959496935],[135.15481817419285,34.71643646525656],[135.1554191251934,34.721140597461414]],[[135.21745575924896,34.83385569563941],[135.21865766125003,34.83399886488043]],[[135.21865766125003,34.83399886488043],[135.22170864325278,34.835205577054715],[135.22633134325693,34.83602368700338]],[[135.22575350575642,34.835021502316266],[135.22242516175342,34.83424429786503]],[[135.212994853745,34.83295577469587],[135.212994853745,34.835144218808566]],[[135.2182878452497,34.834489730849626],[135.21865766125003,34.83399886488043]],[[135.21061416324284,34.85101555181276],[135.21209342724416,34.855085648807396]],[[135.22471339825546,34.84013468949545],[135.22406622025488,34.83800760362891],[135.22133882725245,34.83776217064431],[135.22159307575268,34.83657591121874]],[[135.12846878416923,34.714759339861786],[135.1274286766683,34.715597902559175]],[[135.15546535219343,34.7394458075629],[135.1552111036932,34.73936399656803]],[[135.1552111036932,34.73936399656803],[135.15225257569054,34.73962988230135]],[[135.1528766401911,34.743004585839614],[135.15592762219384,34.742186475890946]],[[135.1554191251934,34.721140597461414],[135.15072708468918,34.71956573581022]],[[135.16309280720026,34.7525151139929],[135.16306969370024,34.752556019490335]],[[135.16306969370024,34.752556019490335],[135.16531170320224,34.75271964148007]],[[135.15602007619393,34.738116378896315],[135.1565516866944,34.737543701932246]],[[135.1565516866944,34.737543701932246],[135.15826208569592,34.73717555245534]],[[135.15826208569592,34.73717555245534],[135.15865501519627,34.735191635829814]],[[135.11601060765807,34.698499404631974],[135.11252046915496,34.697844916673034],[135.1111336591537,34.70164912793435],[135.10882230915163,34.7030603675958],[135.10981618965252,34.70569877218027],[135.10905344415184,34.70833717676473],[135.11004732465273,34.70956434168773],[135.10817513115106,34.714759339861786],[135.1082213581511,34.71118010883636],[135.10762040715056,34.707334992077605],[135.10295148014637,34.71040290438512],[135.1010792866447,34.70872577899035],[135.09895284464278,34.70876668448778],[135.0994382281432,34.71079150661074],[135.1006401301443,34.71167097480556],[135.10168023764524,34.71451390687719],[135.09985427114358,34.71144599456967],[135.0986292556425,34.710955128600474],[135.09809764514202,34.70882804273393],[135.0985368016424,34.70676231511354],[135.0963872461405,34.70621009089819],[135.0942839176386,34.70387847754448],[135.0941683501385,34.7095234361903],[135.09342871813783,34.7108733176056],[135.0941914636385,34.71228455726706],[135.09303578863748,34.71660008724629],[135.09368296663806,34.717479555441116],[135.09758914814157,34.71786815766673],[135.0988603906427,34.71915668083589],[135.10283591264627,34.71913622808717],[135.10574821364887,34.72052701499991],[135.10794399615085,34.7190544170923],[135.10803645015093,34.718052232405185],[135.11099497815357,34.71764317743085],[135.11372237115603,34.71582288279506],[135.11654221815854,34.717724988425715],[135.1183681846602,34.71678416198475]],[[135.1475143081863,34.7178272521693],[135.1479303511867,34.71962709405637]],[[135.15877058269638,34.724556206497105],[135.16128995419865,34.72564020217909]],[[135.16230694819956,34.72645831212777],[135.16341639620055,34.72670374511237],[135.16565840570257,34.72923988595324],[135.16847825270509,34.72962848817886],[135.17002685720647,34.73132606632235],[135.1680390962047,34.73292138072226],[135.1693796792059,34.735150730332386],[135.17270802320888,34.73654151724512],[135.17111319170743,34.74046844499874],[135.17102073770735,34.7420024011525]],[[135.19501255072885,34.75179926778782],[135.19591397722968,34.75143111831092],[135.19831778123182,34.747279210321416],[135.19565972872945,34.744681711234385],[135.19651492823021,34.742738700106294],[135.19510500472893,34.74077523622949],[135.19711587923075,34.7384640756245],[135.1986413702321,34.73555978530672],[135.17973452721517,34.71929985007691],[135.17009619770653,34.717581819184694],[135.16977260870624,34.71414575740028],[135.16686030770364,34.71079150661074],[135.16533481670226,34.71077105386202],[135.1645027307015,34.70925755045698],[135.16117438669855,34.70768268880579],[135.16142863519877,34.709993849410786],[135.16004182519754,34.70663959862124],[135.15897860419656,34.70657824037509],[135.15602007619393,34.70387847754448],[135.15179030569013,34.702303615893285],[135.14809214568683,34.69962430581139],[135.14457889368367,34.69946068382166],[135.14356189968277,34.696883637483346],[135.14229065718163,34.696106433032114],[135.14048780418,34.6970677122218],[135.1385693836783,34.695267870334725],[135.13900854017868,34.69342712295022],[135.13704389267693,34.69240448551438],[135.1333457326736,34.69444976038606],[135.13066456667121,34.693202142714334],[135.12659659066756,34.690359210642704],[135.12583384516688,34.68909114022227]],[[135.12167341516314,34.692629465750265],[135.1216271881631,34.692690823996415]],[[135.1565516866944,34.737543701932246],[135.1554422386934,34.73875041410653]],[[135.1584701071961,34.737216457952776],[135.15826208569592,34.73717555245534]],[[135.14980254468836,34.755214876823516],[135.1497332041883,34.75511261307993]],[[135.1265272501675,34.745254388198454],[135.1253946886665,34.74341364081395]],[[135.1253946886665,34.74341364081395],[135.1207257616623,34.74603159264969],[135.11607994815813,34.7433522825678],[135.1141384141564,34.74423175076262]],[[135.1141384141564,34.74423175076262],[135.11399973315628,34.747974603777784]],[[135.11399973315628,34.747974603777784],[135.11522474865737,34.75100161058786],[135.11675023965873,34.752760546977505],[135.11779034715966,34.75877365510023],[135.11471625165692,34.76388684227941],[135.11328321465564,34.764500424740916]],[[135.1363273741763,34.748751808229024],[135.1380377731778,34.74995852040331],[135.14064959868014,34.75040848087508]],[[135.16306969370024,34.752556019490335],[135.16226072119952,34.75498989658763],[135.16304658020022,34.755685290044],[135.16531170320224,34.75433540862869]],[[135.14189772768128,34.757403320936206],[135.14113498218057,34.76241424437181],[135.1443939856835,34.76247560261796],[135.14545720668445,34.76431635000247]],[[135.1141384141564,34.74423175076262],[135.1102553461529,34.743720432044704],[135.10729681815027,34.74253417261913],[135.10572510014885,34.73787094591171],[135.10290525314633,34.73600974577849],[135.10091749214456,34.73596884028105],[135.09825943964216,34.73697102496818],[135.0993226606431,34.737645965675824],[135.09393721513828,34.74073433073205],[135.09555516013975,34.742104664896075],[135.0927353131372,34.745090766208726],[135.0928277671373,34.747545096054736],[135.0912560491359,34.750163047890474],[135.0904933036352,34.75431495587998],[135.08855176963348,34.75466265260816],[135.08762722963263,34.757464679182355],[135.08619419263135,34.759223615572]],[[135.0934056046378,34.76241424437181],[135.09733489964134,34.760123536515536],[135.0978433966418,34.758691844105364],[135.0999929521437,34.75748513193107],[135.09950756864328,34.755787553787584],[135.1009637191446,34.755685290044],[135.10228118864578,34.75380363716206],[135.10315950164656,34.75427405038254],[135.1065340726496,34.75079708310069],[135.10794399615085,34.75096070509043],[135.1096775086524,34.74856773349057],[135.11196574515444,34.74909950495721],[135.11399973315628,34.747974603777784]],[[135.1391472211788,34.785444039426864],[135.1419208411813,34.78315333157059],[135.14125054968068,34.780883076463034],[135.13683587117674,34.7761993970069],[135.13850004317823,34.77476770459673],[135.1386849511784,34.77245654399173],[135.13762173017744,34.767711506289444],[135.1358188771758,34.765523062176754]],[[135.14062648518012,34.742943227593464],[135.1362118066762,34.74116383845511],[135.12906973516976,34.739588976803915],[135.1276598116685,34.74235009788068],[135.1253946886665,34.74341364081395]]]}