{"type":"Topology","bbox":[134.91705867330776,34.65692785646603,135.09932229046993,34.77600549016744],"objects":{"town":{"type":"GeometryCollection","geometries":[{"type":"MultiPolygon","arcs":[[[10,11,4,0,1,85,86,87,88,89]]],"properties":{"name":"秋葉台"}},{"type":"Polygon","arcs":[[5,6,7,8]],"properties":{"name":"伊川谷町井吹"}},{"type":"Polygon","arcs":[[12,13,14,15,16,17,18]],"properties":{"name":"伊川谷町別府"}},{"type":"MultiPolygon","arcs":[[[104,-41,105,23,24,92,390,-376,-375,503,21,463,464,462,-84,19,-83,-82]]],"properties":{"name":"王塚台"}},{"type":"Polygon","arcs":[[27,28,29,30,31,32,33]],"properties":{"name":"伊川谷町小寺"}},{"type":"Polygon","arcs":[[34,35,36,37]],"properties":{"name":"押部谷町養田"}},{"type":"MultiPolygon","arcs":[[[99,127,-24,-106,40,-105,-81,128,102,103,98]]],"properties":{"name":"枝吉"}},{"type":"Polygon","arcs":[[42,43,44]],"properties":{"name":"岩岡町西脇"}},{"type":"Polygon","arcs":[[45,46,47,48,49,50,51,52,53,54]],"properties":{"name":"岩岡町岩岡"}},{"type":"Polygon","arcs":[[55,56,57,-37,58,59,60,61]],"properties":{"name":"押部谷町高和"}},{"type":"Polygon","arcs":[[62,63,64,65,66,-29,67,68,69,70,71]],"properties":{"name":"伊川谷町長坂"}},{"type":"Polygon","arcs":[[72,73,74,75,76,77,78,79]],"properties":{"name":"伊川谷町潤和"}},{"type":"Polygon","arcs":[[80,81,82,-20,83,84]],"properties":{"name":"曙町"}},{"type":"MultiPolygon","arcs":[[[-13,132,91,133,134,135,-72,136],[137],[138],[139],[140],[141]]],"properties":{"name":"伊川谷町有瀬"}},{"type":"Polygon","arcs":[[95,96,-48]],"properties":{"name":"岩岡町古郷"}},{"type":"Polygon","arcs":[[107,108,-30,-67,109,110,111,112]],"properties":{"name":"伊川谷町上脇"}},{"type":"Polygon","arcs":[[-108,113,114,-7,115,116,117,118,119,120,121,122,123]],"properties":{"name":"伊川谷町前開"}},{"type":"Polygon","arcs":[[-118,124,125,126]],"properties":{"name":"伊川谷町布施畑"}},{"type":"Polygon","arcs":[[129,130,131,-55]],"properties":{"name":"岩岡町印路"}},{"type":"Polygon","arcs":[[142,143,-51,144]],"properties":{"name":"岩岡町野中"}},{"type":"Polygon","arcs":[[-90,145,146,147,148,-11]],"properties":{"name":"押部谷町木幡"}},{"type":"MultiPolygon","arcs":[[[-187,-280,-323,151,331,-299,300,-170,-200,149,-161,361,-157,174,175]]],"properties":{"name":"桜が丘中町"}},{"type":"MultiPolygon","arcs":[[[167,196,197,277,158,-350,154,155,156,-362,160,-150,199,169]]],"properties":{"name":"桜が丘西町"}},{"type":"MultiPolygon","arcs":[[[-275,320,230,231,-474,520,521,164,161,-276]]],"properties":{"name":"狩場台"}},{"type":"MultiPolygon","arcs":[[[280,323,-88,-87,-86,-2,-1,296,297,298,-332,-152,322,279,186,-176,187]]],"properties":{"name":"桜が丘東町"}},{"type":"MultiPolygon","arcs":[[[223,224,225,179,180,181,182,183,413,-231,-321,274,275,-162,172,173,229]]],"properties":{"name":"糀台"}},{"type":"MultiPolygon","arcs":[[[276,-32,-31,-109,-124,-123]]],"properties":{"name":"前開南町"}},{"type":"MultiPolygon","arcs":[[[255,256,257,190,383,384,385,386,-313,259]]],"properties":{"name":"井吹台北町"}},{"type":"Polygon","arcs":[[193,194,195]],"properties":{"name":"和井取"}},{"type":"Polygon","arcs":[[200,201,202,203,204,205]],"properties":{"name":"神出町五百蔵"}},{"type":"Polygon","arcs":[[206,207,208,209,210,211]],"properties":{"name":"神出町紫合"}},{"type":"Polygon","arcs":[[212,213,214,215,216]],"properties":{"name":"神出町小束野"}},{"type":"MultiPolygon","arcs":[[[221,222,217,218,219,-401,419,420,-418,421,422]]],"properties":{"name":"二ッ屋"}},{"type":"Polygon","arcs":[[235,-216,236]],"properties":{"name":"神出町勝成"}},{"type":"MultiPolygon","arcs":[[[238,428,264,429,430,-256,-312,431,-506,630,395,645,643,644,471]]],"properties":{"name":"井吹台西町"}},{"type":"MultiPolygon","arcs":[[[-249,379,242,243,244,397,398,399,400,-220,396,381]]],"properties":{"name":"小山"}},{"type":"MultiPolygon","arcs":[[[-218,250,246,247,248,-382,-397,-219]]],"properties":{"name":"丸塚"}},{"type":"Polygon","arcs":[[251,252,253,254]],"properties":{"name":"神出町南"}},{"type":"MultiPolygon","arcs":[[[261,262,263,650,-44,-452,651,-456]]],"properties":{"name":"大沢"}},{"type":"MultiPolygon","arcs":[[[-343,480,481,308,267,268,309,482]]],"properties":{"name":"宮下"}},{"type":"MultiPolygon","arcs":[[[317,-556,271,272,319,346,347,348]]],"properties":{"name":"見津が丘"}},{"type":"MultiPolygon","arcs":[[[529,303,304,-196,-195,282,-78,283,305,306,307,530,-491]]],"properties":{"name":"白水"}},{"type":"MultiPolygon","arcs":[[[451,-43,452,444,443,286,486,-410,476,-263,-262,455,456]]],"properties":{"name":"竜が岡"}},{"type":"MultiPolygon","arcs":[[[635,636,634,291,292,288,367,368,369]]],"properties":{"name":"水谷"}},{"type":"MultiPolygon","arcs":[[[374,375,376,293,294,377,378]]],"properties":{"name":"中野"}},{"type":"MultiPolygon","arcs":[[[-386,502,499,-8,-115,500,427,442,504,505,-432,311,-260,312,-387]]],"properties":{"name":"井吹台東町"}},{"type":"Polygon","arcs":[[-217,-236,324,-201,325]],"properties":{"name":"神出町古神"}},{"type":"MultiPolygon","arcs":[[[327,328,329,438,439,515,516,511,512,531,532,333,334]]],"properties":{"name":"樫野台"}},{"type":"Polygon","arcs":[[336,-253,337,-59,-36,338]],"properties":{"name":"押部谷町和田"}},{"type":"Polygon","arcs":[[339,340,341,342,343,344,-244,345]],"properties":{"name":"玉津町居住"}},{"type":"Polygon","arcs":[[-155,349,-159,-278,-198,350,-56,351,352,353,354,355,356,357]],"properties":{"name":"押部谷町押部"}},{"type":"Polygon","arcs":[[-203,358,359,360]],"properties":{"name":"高雄台"}},{"type":"MultiPolygon","arcs":[[[-531,-308,-721,786,656,364,365,609,610,-607,362,-18,-17,-16,-15,489,490]]],"properties":{"name":"南別府"}},{"type":"MultiPolygon","arcs":[[[372,411,-49,-97,412,409,-487,-287,-444,492]]],"properties":{"name":"上新地"}},{"type":"MultiPolygon","arcs":[[[506,435,387,-360,388,433,507,508,509,510]]],"properties":{"name":"北山台"}},{"type":"MultiPolygon","arcs":[[[402,-181,-180,-226,726,589,590,-439,-330,604,459,460]]],"properties":{"name":"竹の台"}},{"type":"MultiPolygon","arcs":[[[743,699,-597,-596,-595,-68,-28,-34,-33,-277,-122,-121,408,404,-712]]],"properties":{"name":"学園西町"}},{"type":"Polygon","arcs":[[-398,-245,-345,414,415,416,417,418]],"properties":{"name":"長畑町"}},{"type":"MultiPolygon","arcs":[[[-365,-657,-787,720,-307,-306,-284,-77,-650,674,450,445,-581,653,-610,-366]]],"properties":{"name":"北別府"}},{"type":"MultiPolygon","arcs":[[[-356,620,621,704,-548,495,496,497,585,575,-357]]],"properties":{"name":"月が丘"}},{"type":"Polygon","arcs":[[472,473,-232,-414,-184,474,475,-38,-58]],"properties":{"name":"高塚台"}},{"type":"Polygon","arcs":[[483,484,-208,485,-214]],"properties":{"name":"神出町広谷"}},{"type":"MultiPolygon","arcs":[[[488,-116,-6,637]]],"properties":{"name":"室谷"}},{"type":"Polygon","arcs":[[-53,517,-212,518]],"properties":{"name":"神出町池田"}},{"type":"MultiPolygon","arcs":[[[-550,-549,-705,-622,-621,-355,-354,522,-551]]],"properties":{"name":"美穂が丘"}},{"type":"MultiPolygon","arcs":[[[-509,526,527,-546,542,540,537,-511,-510]]],"properties":{"name":"富士見が丘"}},{"type":"MultiPolygon","arcs":[[[-135,-609,-674,-693,536,-64,-63,-136]]],"properties":{"name":"大津和"}},{"type":"Polygon","arcs":[[543,544,-543,545,-528,546,-496,547,548,549,550,-523,-353]],"properties":{"name":"押部谷町福住"}},{"type":"Polygon","arcs":[[551,-126,552,553,-297,-5,-12,-149,554,-272,555,-318,-349]],"properties":{"name":"押部谷町木見"}},{"type":"Polygon","arcs":[[-210,556,557,-255,558,559,560,561]],"properties":{"name":"神出町田井"}},{"type":"Polygon","arcs":[[562,-544,-352,-62,563]],"properties":{"name":"押部谷町近江"}},{"type":"Polygon","arcs":[[-557,-209,-485,564]],"properties":{"name":"神出町北"}},{"type":"Polygon","arcs":[[-563,565,-204,-361,-388,-436,-507,-538,-541,-545]],"properties":{"name":"押部谷町西盛"}},{"type":"MultiPolygon","arcs":[[[-465,-761,-613,570,571,566,567,687,-85,-463]]],"properties":{"name":"持子"}},{"type":"MultiPolygon","arcs":[[[697,640,677,617,-70,-69,594,595,596,-700,-744,711,-405,-409,-120,642]]],"properties":{"name":"学園東町"}},{"type":"MultiPolygon","arcs":[[[-608,-611,-654,580,-446,581,676,-112,-111,-110,-66,-65,-537,692,673]]],"properties":{"name":"池上"}},{"type":"Polygon","arcs":[[598,599,600,601,602,603]],"properties":{"name":"平野町向井"}},{"type":"Polygon","arcs":[[-243,-380,-248,605,-346]],"properties":{"name":"玉津町小山"}},{"type":"Polygon","arcs":[[-92,-133,-19,-363,606,607,608,-134]],"properties":{"name":"今寺"}},{"type":"Polygon","arcs":[[611,-571,612,613,-251,-223,614,-368,-289,615]],"properties":{"name":"玉津町今津"}},{"type":"Polygon","arcs":[[623,624,625,626,627,628,629]],"properties":{"name":"平野町宮前"}},{"type":"MultiPolygon","arcs":[[[755,632,-104,-103,-129,-688,-568,-567,703,-752,735,736]]],"properties":{"name":"森友"}},{"type":"Polygon","arcs":[[-76,648,649]],"properties":{"name":"天王山"}},{"type":"Polygon","arcs":[[657,-516,-440,-591,658,659]],"properties":{"name":"櫨谷町栃木"}},{"type":"Polygon","arcs":[[-89,-324,-281,-188,-175,-156,-358,-576,-586,-498,660,-146]],"properties":{"name":"押部谷町栄"}},{"type":"Polygon","arcs":[[661,-503,-385,662,-173,-165,-522,663]],"properties":{"name":"櫨谷町福谷"}},{"type":"Polygon","arcs":[[664,-341,665,-378,-295,666,667,668,669,670,671]],"properties":{"name":"平野町中津"}},{"type":"Polygon","arcs":[[-603,678,-669,679,-626,680,681,682]],"properties":{"name":"平野町下村"}},{"type":"MultiPolygon","arcs":[[[746,-717,710,-475,-183,-182,-403,-461,-460,-605,-329,689,762,763]]],"properties":{"name":"美賀多台"}},{"type":"MultiPolygon","arcs":[[[-334,-533,-532,-513,-512,734,-604,-683,-682,-681,-625,-624,770,771,-763,-690,-328,-335]]],"properties":{"name":"春日台"}},{"type":"Polygon","arcs":[[-384,-191,-258,713,-224,-230,-174,-663]],"properties":{"name":"櫨谷町池谷"}},{"type":"Polygon","arcs":[[714,715]],"properties":{"name":"玉津町上池"}},{"type":"Polygon","arcs":[[-35,-476,-711,716,717,718,-339]],"properties":{"name":"平野町堅田"}},{"type":"Polygon","arcs":[[-61,721,-205,-566,-564]],"properties":{"name":"押部谷町細田"}},{"type":"Polygon","arcs":[[-628,722,-131,723,-561,724,725]],"properties":{"name":"平野町西戸田"}},{"type":"Polygon","arcs":[[-483,-310,-269,730,731,-415,-344]],"properties":{"name":"玉津町田中"}},{"type":"Polygon","arcs":[[-416,-732,738,739,740,741]],"properties":{"name":"平野町慶明"}},{"type":"Polygon","arcs":[[-629,-726,742]],"properties":{"name":"平野町大畑"}},{"type":"Polygon","arcs":[[744]],"properties":{"name":"玉津町吉田"}},{"type":"Polygon","arcs":[[748,749,750,-737]],"properties":{"name":"玉津町森友"}},{"type":"Polygon","arcs":[[-749,-736,751,-704,-572,-612,752,753]],"properties":{"name":"玉津町西河原"}},{"type":"Polygon","arcs":[[-257,-431,754,-659,-590,-727,-225,-714]],"properties":{"name":"櫨谷町長谷"}},{"type":"Polygon","arcs":[[-504,-379,-666,-340,-606,-247,-614,760,-464,-22]],"properties":{"name":"玉津町出合"}},{"type":"Polygon","arcs":[[-292,-635,761]],"properties":{"name":"玉津町水谷"}},{"type":"Polygon","arcs":[[-400,775,-420]],"properties":{"name":"玉津町二ツ屋字桜井東山"}},{"type":"Polygon","arcs":[[-60,-338,-252,-558,-565,-484,-213,-326,-206,-722]],"properties":{"name":"神出町東"}},{"type":"Polygon","arcs":[[-645,777,-660,-755,-430,-265,-429,-239,-472]],"properties":{"name":"櫨谷町谷口"}},{"type":"Polygon","arcs":[[-73,778,779,780,-741,781,-600,782]],"properties":{"name":"櫨谷町松本"}},{"type":"Polygon","arcs":[[-715,783,-750,-754,784,785]],"properties":{"name":"玉津町新方"}},{"type":"Polygon","arcs":[[787,-771,-630,-743,-725,-560,788]],"properties":{"name":"平野町常本"}},{"type":"MultiPolygon","arcs":[[[796,804,-143,805]]],"properties":{"name":"福吉台"}},{"type":"Polygon","arcs":[[-422,-417,-742,-781,798]],"properties":{"name":"天が岡"}},{"type":"Polygon","arcs":[[-347,-320,-273,-555,-148,801]],"properties":{"name":"押部谷町木津"}},{"type":"Polygon","arcs":[[-668,802,-46,-132,-723,-627,-680]],"properties":{"name":"平野町印路"}},{"type":"Polygon","arcs":[[-130,-54,-519,-211,-562,-724]],"properties":{"name":"神出町宝勢"}},{"type":"Polygon","arcs":[[-553,-125,-117,-489,-638,-9,-500,-662,806]],"properties":{"name":"櫨谷町友清"}},{"type":"Polygon","arcs":[[807,-74,-783,-599,-735,-517,-658,-778,-644]],"properties":{"name":"櫨谷町菅野"}},{"type":"Polygon","arcs":[[-785,-753,-616,-293,-762,-637,808,-79,-283,-194,-305,809]],"properties":{"name":"玉津町高津橋"}},{"type":"Polygon","arcs":[[-602,810,-670,-679]],"properties":{"name":"平野町福中"}},{"type":"Polygon","arcs":[[-739,-731,-268,-309,-482,811,-672,812]],"properties":{"name":"平野町大野"}},{"type":"Polygon","arcs":[[-813,-671,-811,-601,-782,-740]],"properties":{"name":"平野町芝崎"}},{"type":"Polygon","arcs":[[-719,814,-789,-559,-254,-337]],"properties":{"name":"平野町黒田"}},{"type":"Polygon","arcs":[[-807,-664,-521,-473,-57,-351,-197,-168,-301,-298,-554]],"properties":{"name":"櫨谷町寺谷"}},{"type":"Polygon","arcs":[[-747,-764,-772,-788,-815,-718]],"properties":{"name":"平野町繁田"}},{"type":"Polygon","arcs":[[815,-369,-615,-222,-423,-799,-780]],"properties":{"name":"玉津町二ツ屋"}}]}},"arcs":[[[135.06647510193847,34.73993326769703],[135.06490747806848,34.74211260632764]],[[135.06490747806848,34.74211260632764],[135.0662928200931,34.742815234629305]],[[135.0662928200931,34.742815234629305],[135.0674411957188,34.743196321165804]],[[135.0674411957188,34.743196321165804],[135.07152430905455,34.743625043519366],[135.07172481908444,34.74491121058004]],[[135.07172481908444,34.74491121058004],[135.07238103372768,34.74330350175419],[135.0715972217927,34.741469522797296],[135.0669854911054,34.74092171090108],[135.06647510193847,34.73993326769703]],[[135.0516738160963,34.7070883718326],[135.05143684969735,34.706397652485194],[135.04748133365334,34.70414686012901],[135.0456767433844,34.70089571561451]],[[135.0456767433844,34.70089571561451],[135.0451116696638,34.70095526038583]],[[135.0451116696638,34.70095526038583],[135.04646055531938,34.70303932738231],[135.0462053607359,34.70660010470771],[135.04729905180798,34.708303085167685]],[[135.04729905180798,34.708303085167685],[135.04821046103473,34.70761236582028],[135.05090823234585,34.70789818072266],[135.0516738160963,34.7070883718326]],[[135.0674411957188,34.743196321165804],[135.06711308839718,34.745339932933604],[135.06572774637254,34.746649917902815],[135.0668761219982,34.74768599692392]],[[135.0668761219982,34.74768599692392],[135.0679151285167,34.74520893443668],[135.06946452420215,34.74436339868383],[135.07070404075048,34.74578056424143]],[[135.07070404075048,34.74578056424143],[135.07172481908444,34.74491121058004]],[[135.01973803679155,34.666490746741275],[135.01640227902172,34.66747918994532],[135.01580074893207,34.666502655695545]],[[135.01580074893207,34.666502655695545],[135.01430603780022,34.66647883778701],[135.01419666869302,34.66483540209836],[135.0119728301798,34.66572857366828],[135.010241152649,34.6647877662813],[135.00752515315332,34.66460913196732],[135.00422585175255,34.6655856662171]],[[135.00422585175255,34.6655856662171],[135.00584816017613,34.66588339007373]],[[135.00584816017613,34.66588339007373],[135.01237385023956,34.66761018844224]],[[135.01237385023956,34.66761018844224],[135.0171860909567,34.66895590027425]],[[135.0171860909567,34.66895590027425],[135.01884485574936,34.668491451057896]],[[135.01884485574936,34.668491451057896],[135.01973803679155,34.666490746741275]],[[134.97870639340402,34.6716711418468],[134.97642787033718,34.67237377014847]],[[134.97642787033718,34.67237377014847],[134.9775397895938,34.67482701472718]],[[134.9775397895938,34.67482701472718],[134.97992768176783,34.67432683864802]],[[134.97992768176783,34.67432683864802],[134.97870639340402,34.6716711418468]],[[134.97298274346014,34.66950371217047],[134.97154271688188,34.669658528575916]],[[134.97154271688188,34.669658528575916],[134.9698657239047,34.67142105380722],[134.97004800575004,34.67260004027951]],[[134.97004800575004,34.67260004027951],[134.9733837635199,34.67157587021268]],[[134.9733837635199,34.67157587021268],[134.97298274346014,34.66950371217047]],[[135.04954111850574,34.67879269649761],[135.04870262201715,34.678137704013004]],[[135.04870262201715,34.678137704013004],[135.04571319975346,34.67798288760755],[135.04224984469187,34.67910232930851],[135.03893231510656,34.68155557388722],[135.03639859745624,34.68199620519505]],[[135.03639859745624,34.68199620519505],[135.03681784570054,34.68306801107895],[135.04088273085176,34.68623579291359]],[[135.04088273085176,34.68623579291359],[135.04259618019805,34.68717660030057]],[[135.04259618019805,34.68717660030057],[135.04669752171833,34.68497344376144]],[[135.04669752171833,34.68497344376144],[135.04735373636157,34.68462808408774]],[[135.04735373636157,34.68462808408774],[135.04813754829658,34.68399690951166],[135.04675220627195,34.68217483950903],[135.04770007186775,34.6810792157166],[135.04666106534927,34.67941196211942],[135.04954111850574,34.67879269649761]],[[135.0100953271727,34.72895321186418],[135.00663197211114,34.73025128787913]],[[135.00663197211114,34.73025128787913],[135.00788971684403,34.73339525180524],[135.00694185124823,34.73432415023795],[135.00931151523773,34.736610669456944]],[[135.00931151523773,34.736610669456944],[135.01379564863325,34.73684884854225],[135.01693089637322,34.735979494880866]],[[135.01693089637322,34.735979494880866],[135.0138685613714,34.7349315069055],[135.01224625294782,34.73119209526611],[135.0100953271727,34.72895321186418]],[[134.97671952128974,34.66588339007373],[134.97515189741975,34.665990570662125]],[[134.97515189741975,34.665990570662125],[134.97409466271674,34.66736010040266],[134.9746050518837,34.66925362413089]],[[134.9746050518837,34.66925362413089],[134.97805017876078,34.66878917491453]],[[134.97805017876078,34.66878917491453],[134.97671952128974,34.66588339007373]],[[134.93140425453655,34.7099584298106],[134.93304479114468,34.70896998660656]],[[134.93304479114468,34.70896998660656],[134.9342660795085,34.70687401065582],[134.936635743498,34.705361573464096]],[[134.936635743498,34.705361573464096],[134.9339926567405,34.70394440790649],[134.93479469686,34.702038975224],[134.93257085834676,34.70206279313253],[134.9330630193292,34.700764717117586],[134.93012828161912,34.698180474041955],[134.92963612063667,34.700252632084165],[134.9282690067966,34.70010972463297],[134.9279591276595,34.70190797672708],[134.92608162465243,34.70268205875434],[134.92404006798455,34.705671206275],[134.92615453739057,34.70738609568924],[134.92954497971402,34.70730273300938],[134.93034701983353,34.709446344777184],[134.93220629465608,34.708386447847545],[134.93140425453655,34.7099584298106]],[[134.96056934979202,34.716365447205476],[134.95896526955298,34.714507650340046]],[[134.95896526955298,34.714507650340046],[134.95847310857053,34.712828487788606],[134.95515557898523,34.71235212961798],[134.9517833648463,34.71323339223363],[134.95152817026283,34.71167331922484],[134.94749974148067,34.712149677395466],[134.94538527207465,34.712947577331256]],[[134.94538527207465,34.712947577331256],[134.9443098091871,34.71345966236468]],[[134.9443098091871,34.71345966236468],[134.94390878912733,34.71516264282465]],[[134.94390878912733,34.71516264282465],[134.9453123593365,34.71878296492139],[134.94317966174594,34.719116415640826]],[[134.94317966174594,34.719116415640826],[134.94361713817477,34.72208174525295],[134.94443740647884,34.72262955714917],[134.94155735332237,34.725047074865074],[134.94184900427493,34.728012404477205],[134.94075531320283,34.729655840165854],[134.93762006546288,34.72937002526348],[134.9305293016789,34.72751222839805],[134.92520667179477,34.72545197931011]],[[134.92520667179477,34.72545197931011],[134.91973821643435,34.7269405985933],[134.92447754441338,34.727786134346154],[134.9269748056946,34.72740504780966],[134.93483115322906,34.73004883565662],[134.93632586436092,34.731084914677716],[134.94381764820466,34.732394899646934],[134.9485752043682,34.7327878951377],[134.9516739957391,34.73503868749389]],[[134.9516739957391,34.73503868749389],[134.95271300225758,34.73350243239363],[134.95378846514512,34.734121698015436]],[[134.95378846514512,34.734121698015436],[134.95506443806255,34.73307371004007],[134.95885590044577,34.734967233768295],[134.96251976553722,34.735431682984654],[134.96346763113303,34.734002608472785],[134.96095214166724,34.72987020134263],[134.96330357747223,34.72783377016322],[134.9680246772667,34.72559488676129]],[[134.9680246772667,34.72559488676129],[134.96519930866384,34.72508280172787],[134.9651263959257,34.723117824274055],[134.96220988640013,34.7179850649856],[134.96129847717341,34.71853287688181],[134.96056934979202,34.716365447205476]],[[135.05112697056026,34.740457261684725],[135.05431690285383,34.739016278218585]],[[135.05431690285383,34.739016278218585],[135.05599389583102,34.735979494880866],[135.05278573535293,34.737372842529936],[135.04944997758307,34.7348957800427],[135.0464058707658,34.73508632331095],[135.04516635421743,34.73189472356778],[135.0433253075794,34.733157072719926],[135.04022651620852,34.73085864454667],[135.03725532212937,34.73068001023269],[135.03472160447905,34.73139454748863],[135.03370082614512,34.730834826638144]],[[135.03370082614512,34.730834826638144],[135.02950834370213,34.73502677853962],[135.02513357941382,34.74130279743758],[135.02373000920466,34.74164815711128],[135.0206494460183,34.74021908259941],[135.01815218473703,34.740576351227375],[135.01693089637322,34.735979494880866]],[[135.00931151523773,34.736610669456944],[135.00980367622017,34.74054062436458],[135.0084547905646,34.74179106456246]],[[135.0084547905646,34.74179106456246],[135.0102046962799,34.74401803901013]],[[135.0102046962799,34.74401803901013],[135.00973076348203,34.74258896449826],[135.0164934199444,34.745768655287165],[135.0229097409006,34.744506306135015],[135.02549814310453,34.7454113866592],[135.02919846456504,34.745006482214166]],[[135.02919846456504,34.745006482214166],[135.03656265111707,34.745339932933604],[135.0382578722788,34.74232696750442],[135.04111969725074,34.74126707057478],[135.04410911951442,34.742517510772664],[135.04487470326487,34.74120752580345],[135.04655169624206,34.74120752580345],[135.04892136023156,34.73992135874277],[135.05112697056026,34.740457261684725]],[[135.03404716165127,34.66942034949061],[135.0335367724843,34.66942034949061]],[[135.0335367724843,34.66942034949061],[135.03433881260383,34.67095660459086]],[[135.03433881260383,34.67095660459086],[135.03103951120306,34.67427920283096]],[[135.03103951120306,34.67427920283096],[135.02954480007122,34.67567255048003]],[[135.02954480007122,34.67567255048003],[135.03029215563714,34.67707780708337],[135.03412007438942,34.67941196211942],[135.03639859745624,34.68199620519505]],[[135.04870262201715,34.678137704013004],[135.05424399011568,34.6756487325715],[135.05938433815447,34.676279907147574],[135.05894686172564,34.67857833532083]],[[135.05894686172564,34.67857833532083],[135.06372264607373,34.68024558891801]],[[135.06372264607373,34.68024558891801],[135.06563660544987,34.67965014120473],[135.06395961247267,34.67853069950377],[135.06468873985406,34.67667290263834]],[[135.06468873985406,34.67667290263834],[135.06217325038827,34.67466028936746],[135.05903800264832,34.67306448949587],[135.05617617767638,34.673207396947056],[135.05145507788188,34.6756487325715],[135.0502520177026,34.67580354897695],[135.04533040787823,34.67183786720652],[135.04339822031756,34.66896780922852],[135.04006246254772,34.66968234648445]],[[135.04006246254772,34.66968234648445],[135.039424476089,34.66852717792069],[135.03690898662322,34.668777265960266],[135.03659910748613,34.669837162889905],[135.03404716165127,34.66942034949061]],[[135.009457340714,34.688045953961954],[135.01022292446447,34.69022529259256]],[[135.01022292446447,34.69022529259256],[135.0116629510427,34.68990375082738]],[[135.0116629510427,34.68990375082738],[135.01075154181598,34.688605674812436],[135.00980367622017,34.68474717363039],[135.00954848163667,34.68096012617394],[135.00832719327286,34.679030875582924]],[[135.00832719327286,34.679030875582924],[135.00621272386684,34.676113181787855],[135.00754338133785,34.67482701472718]],[[135.00754338133785,34.67482701472718],[135.0066137439266,34.67373139093474]],[[135.0066137439266,34.67373139093474],[135.0041529390144,34.674386383419346],[135.0040982544608,34.67743507571134],[135.00269468425165,34.67732789512294]],[[135.00269468425165,34.67732789512294],[135.00289519428154,34.680043136695495]],[[135.00289519428154,34.680043136695495],[135.0053559991937,34.68297273944482],[135.00830896508833,34.683532460295304],[135.009457340714,34.688045953961954]],[[134.98038338638122,34.66846763314936],[134.97839651426693,34.66874153909747]],[[134.97839651426693,34.66874153909747],[134.9782689169752,34.669491803216204],[134.97418580363941,34.67077797027688],[134.97496961557442,34.672862037273354]],[[134.97496961557442,34.672862037273354],[134.97642787033718,34.67237377014847]],[[134.97870639340402,34.6716711418468],[134.9811671983162,34.67081369713968]],[[134.9811671983162,34.67081369713968],[134.98038338638122,34.66846763314936]],[[135.0662928200931,34.742815234629305],[135.06488924988395,34.74478021208312]],[[135.06488924988395,34.74478021208312],[135.0634492233057,34.74680473430827]],[[135.0634492233057,34.74680473430827],[135.06425126342523,34.747674087969656]],[[135.06425126342523,34.747674087969656],[135.06461582711592,34.74810281032322]],[[135.06461582711592,34.74810281032322],[135.06742296753424,34.74922225202418],[135.0668761219982,34.74768599692392]],[[135.0212327479234,34.66463294987585],[135.02108692244713,34.66471631255571]],[[135.02108692244713,34.66471631255571],[135.0212327479234,34.66463294987585]],[[134.97004800575004,34.67260004027951],[134.97185259601898,34.67444592819068]],[[134.97185259601898,34.67444592819068],[134.97393060905594,34.673505120803696]],[[134.97393060905594,34.673505120803696],[134.9733837635199,34.67157587021268]],[[134.94538527207465,34.712947577331256],[134.9447290574314,34.712911850468466]],[[134.9447290574314,34.712911850468466],[134.9443098091871,34.71345966236468]],[[134.97455036733012,34.664811584189835],[134.97881576251123,34.66365641562607]],[[134.97881576251123,34.66365641562607],[134.97693825950415,34.65833311306936],[134.97555291747952,34.66069108601395],[134.975534689295,34.663977957391246],[134.97455036733012,34.664811584189835]],[[134.97455036733012,34.664811584189835],[134.97440454185383,34.66602629752492]],[[134.97440454185383,34.66602629752492],[134.97515189741975,34.665990570662125]],[[134.97671952128974,34.66588339007373],[134.97947197715447,34.665692846805484]],[[134.97947197715447,34.665692846805484],[134.97941729260086,34.6655142124915]],[[134.97941729260086,34.6655142124915],[134.97881576251123,34.66365641562607]],[[134.97839651426693,34.66874153909747],[134.97805017876078,34.66878917491453]],[[134.9746050518837,34.66925362413089],[134.97298274346014,34.66950371217047]],[[134.97393060905594,34.673505120803696],[134.97496961557442,34.672862037273354]],[[135.0394791606426,34.690844558214366],[135.03913282513645,34.68823649723021],[135.0409556435899,34.68803404500769]],[[135.0409556435899,34.68803404500769],[135.03902345602924,34.68571179892591],[135.04088273085176,34.68623579291359]],[[135.02954480007122,34.67567255048003],[135.02947188733307,34.675696368388564]],[[135.02947188733307,34.675696368388564],[135.02832351170738,34.67618463551345]],[[135.02832351170738,34.67618463551345],[135.02540700218185,34.67718498767176],[135.0202848823276,34.67681581008952]],[[135.0202848823276,34.67681581008952],[135.0182433256597,34.67607745492506],[135.01826155384424,34.67823297564713],[135.02077704331003,34.680197953100944],[135.01979272134517,34.68155557388722],[135.0214514861378,34.68257974395406],[135.02839642444553,34.68373491251782],[135.02958125644028,34.68642633618184],[135.03145875944736,34.68518780493822],[135.03058380658968,34.687045601803646],[135.0333362624544,34.68811740768755],[135.0336461415915,34.689832297101795],[135.03743760397472,34.692106907366515],[135.0394791606426,34.690844558214366]],[[135.0394791606426,34.690844558214366],[135.0400077779941,34.69347643710706],[135.04159363004862,34.694262428088585],[135.04319771028767,34.697215848746445],[135.04301542844235,34.69994299927326],[135.04452836775872,34.700967169340096]],[[135.04452836775872,34.700967169340096],[135.0451116696638,34.70095526038583]],[[135.0456767433844,34.70089571561451],[135.04543977698543,34.69865683221258],[135.04687980356368,34.69613213390828],[135.04790058189764,34.69609640704548],[135.04768184368322,34.698859284435095],[135.04948643395215,34.69891882920642],[135.04979631308922,34.69756120842015],[135.05313207085908,34.698775921755235],[135.05561110395578,34.69893073816068],[135.05743392240925,34.70249151548609],[135.0572334123794,34.70700500915274]],[[135.0572334123794,34.70700500915274],[135.05943902270806,34.70829117621342],[135.06390492791905,34.71270939824595],[135.06798804125484,34.71232831170945],[135.07136025539376,34.71330484595923],[135.0730190201864,34.712697489291685],[135.07498766411615,34.714805374196686],[135.07702922078403,34.714972099556405]],[[135.07702922078403,34.714972099556405],[135.07604489881916,34.71203058785281],[135.07668288527788,34.706445288302255],[135.07383928849046,34.703277506467614],[135.07356586572243,34.70157452600764],[135.07498766411615,34.69984772763913],[135.0743861340265,34.69746593678602],[135.07225343643594,34.69841865312726],[135.07287319471013,34.695858227960166],[135.07097746351852,34.693000078936436]],[[135.07097746351852,34.693000078936436],[135.06822500765378,34.69361934455824],[135.06809741036204,34.692571356582874],[135.0652355853901,34.69111846416247],[135.0656183772653,34.6904872895864]],[[135.0656183772653,34.6904872895864],[135.06405075339535,34.689570300107945],[135.06144412300688,34.69043965376934],[135.05949370726168,34.6897608433762]],[[135.05949370726168,34.6897608433762],[135.055720473063,34.68811740768755],[135.05165558791177,34.68891530762334],[135.05065303776237,34.688022136053426]],[[135.05065303776237,34.688022136053426],[135.04906718570786,34.687724412196786],[135.04675220627195,34.685223531801014]],[[135.04675220627195,34.685223531801014],[135.04718968270078,34.68635488245624],[135.04523926695558,34.688105498733286],[135.04443722683604,34.68778395696811]],[[135.04443722683604,34.68778395696811],[135.04296074388873,34.68940357474823],[135.0432523948413,34.6908326492601],[135.03964321430342,34.689284485205576],[135.0409556435899,34.68803404500769]],[[135.07702922078403,34.714972099556405],[135.07750315358192,34.716020087531774],[135.07987281757144,34.71698471282728]],[[135.07987281757144,34.71698471282728],[135.08125815959608,34.71723480086686],[135.087528655076,34.715436548772765],[135.09059099007783,34.71777070380882],[135.0924138085313,34.718092245573985]],[[135.0924138085313,34.718092245573985],[135.09356218415698,34.717258618775396],[135.09341635868068,34.71353111609027],[135.0942001706157,34.71228067589239],[135.0942730833538,34.70388486313516],[135.0931064795436,34.70268205875434],[135.0947834725208,34.6991331903832],[135.09432776790743,34.69671567266729],[135.09305179499,34.69486978475613],[135.09314293591268,34.693000078936436],[135.0909555537685,34.69296435207364],[135.08957021174388,34.69174963873855],[135.08623445397404,34.692321268543296],[135.08297160894233,34.691809183509875],[135.08087536772084,34.68954648219942],[135.07746669721286,34.69086837612289],[135.0762818652181,34.6929405341651],[135.0730190201864,34.69133282533925],[135.07097746351852,34.693000078936436]],[[134.97440454185383,34.66602629752492],[134.97154271688188,34.669658528575916]],[[134.98038338638122,34.66846763314936],[134.97947197715447,34.665692846805484]],[[134.9680246772667,34.72559488676129],[134.9737483272106,34.724963712185215]],[[134.9737483272106,34.724963712185215],[134.97413111908583,34.72266528401196],[134.97223538789422,34.72249855865225],[134.97177968328083,34.72390381525558]],[[134.97177968328083,34.72390381525558],[134.97115992500667,34.72245092283518],[134.9703396567026,34.72418963015796],[134.96831632821926,34.72495180323095],[134.96822518729658,34.7197118633541],[134.9672226371472,34.72114093786597],[134.9658737514916,34.71886632760125],[134.96299369833514,34.71702043969008],[134.96381396663918,34.71624635766282],[134.96056934979202,34.716365447205476]],[[135.01973803679155,34.666490746741275],[135.02108692244713,34.66471631255571]],[[135.0212327479234,34.66463294987585],[135.02192541893572,34.6640613200711],[135.02506066667567,34.66596675275359]],[[135.02506066667567,34.66596675275359],[135.027320961558,34.66674083478085]],[[135.027320961558,34.66674083478085],[135.03062026295876,34.66750300785385],[135.0311671084948,34.66889635550292],[135.03404716165127,34.66942034949061]],[[135.04006246254772,34.66968234648445],[135.03946093245807,34.66791982125314],[135.03681784570054,34.66736010040266],[135.0371641812067,34.66568093785122],[135.03534136275323,34.664728221509975],[135.0325342223349,34.662155887388614],[135.03129470578654,34.6590833771881],[135.02699285423637,34.661560439675334],[135.02314670729953,34.658523656337614],[135.02256340539444,34.6597740965355],[135.02203478804293,34.65735657881959],[135.0207041305719,34.658487929474816],[135.0183344665824,34.65821402352671],[135.01773293649273,34.6590119234625],[135.01589188985474,34.65743994149945],[135.0159648025929,34.66065535915115],[135.01348576949616,34.66025045470612],[135.0164569635753,34.66256079183364],[135.01651164812893,34.66425186333935],[135.0182797820288,34.66594293484506],[135.01580074893207,34.666502655695545]],[[135.02830528352285,34.66495449164102],[135.02830528352285,34.66495449164102]],[[135.027594384326,34.666288294518765],[135.027594384326,34.666288294518765]],[[135.03317220879362,34.66852717792069],[135.03317220879362,34.66852717792069]],[[135.0322243431978,34.668812992823064],[135.0322243431978,34.668812992823064]],[[135.0345940071873,34.66900353609131],[135.0345940071873,34.66900353609131]],[[134.92794089947498,34.71819942616237],[134.92651910108125,34.72055739910696]],[[134.92651910108125,34.72055739910696],[134.93005536888097,34.72174829453351],[134.92978194611297,34.72364181826174],[134.92671961111114,34.72440399133473],[134.92520667179477,34.72545197931011]],[[134.94317966174594,34.719116415640826],[134.93991681671423,34.718461423156214],[134.93778411912368,34.71596054276045],[134.93528685784244,34.71686562328463],[134.93519571691976,34.718223244070906],[134.93275314019212,34.71810415452825],[134.93268022745397,34.71912832459509],[134.93007359706553,34.719056870869494],[134.92794089947498,34.71819942616237]],[[135.06461582711592,34.74810281032322],[135.06246490134083,34.752437669675885],[135.06361327696652,34.75268775771546],[135.0654543236045,34.75570072314465],[135.06789690033216,34.75729652301624],[135.0708134098577,34.756784437982816],[135.07493297956253,34.75965449596082],[135.07859684465402,34.75999985563452]],[[135.07859684465402,34.75999985563452],[135.0792712874818,34.759475861646834]],[[135.0792712874818,34.759475861646834],[135.07662820072426,34.757963424455106],[135.07589907334287,34.75380719941642],[135.07608135518822,34.75141349960904],[135.0732377584008,34.74934134156683],[135.06986554426192,34.7486982580365],[135.06995668518456,34.74693573280519]],[[135.06995668518456,34.74693573280519],[135.07070404075048,34.74578056424143]],[[135.05974890184515,34.74227933168736],[135.05829064708237,34.7443038539125]],[[135.05829064708237,34.7443038539125],[135.0601316937204,34.74519702548242]],[[135.0601316937204,34.74519702548242],[135.06158994848317,34.743196321165804]],[[135.06158994848317,34.743196321165804],[135.05974890184515,34.74227933168736]],[[135.0551007147888,34.74875780280782],[135.0540434800858,34.74801944764336],[135.0521477488942,34.74890071025901]],[[135.0521477488942,34.74890071025901],[135.0513639369592,34.750960959346955]],[[135.0513639369592,34.750960959346955],[135.05269459443025,34.751544498105964],[135.05539236574137,34.75034169372514]],[[135.05539236574137,34.75034169372514],[135.0551007147888,34.74875780280782]],[[135.05829064708237,34.7443038539125],[135.05464501017545,34.74258896449826]],[[135.05464501017545,34.74258896449826],[135.05247585621584,34.74469684940326]],[[135.05247585621584,34.74469684940326],[135.0565589695516,34.74672137162841]],[[135.0565589695516,34.74672137162841],[135.05829064708237,34.7443038539125]],[[135.0322243431978,34.717508706814975],[135.03089368572677,34.71933077681761]],[[135.03089368572677,34.71933077681761],[135.03475806084813,34.72148629753967]],[[135.03475806084813,34.72148629753967],[135.03630745653356,34.719699954399836]],[[135.03630745653356,34.719699954399836],[135.0322243431978,34.717508706814975]],[[135.0601316937204,34.74519702548242],[135.0634492233057,34.74680473430827]],[[135.06488924988395,34.74478021208312],[135.06158994848317,34.743196321165804]],[[135.06182691488212,34.73936163789229],[135.0602957473812,34.73861137377356],[135.05885572080297,34.73938545580082]],[[135.05885572080297,34.73938545580082],[135.06117070023888,34.74026671841647]],[[135.06117070023888,34.74026671841647],[135.06182691488212,34.73936163789229]],[[135.02615435774777,34.715138824916124],[135.0259538477179,34.71730625459246]],[[135.0259538477179,34.71730625459246],[135.03089368572677,34.71933077681761]],[[135.0322243431978,34.717508706814975],[135.03118533667933,34.71702043969008]],[[135.03118533667933,34.71702043969008],[135.02615435774777,34.715138824916124]],[[135.05539236574137,34.75034169372514],[135.0575068351474,34.75163976974009]],[[135.0575068351474,34.75163976974009],[135.05747037877833,34.74988915346305]],[[135.05747037877833,34.74988915346305],[135.0551007147888,34.74875780280782]],[[135.04443722683604,34.68778395696811],[135.04259618019805,34.68717660030057]],[[135.02108692244713,34.71654408151946],[135.01696735274228,34.716020087531774]],[[135.01696735274228,34.716020087531774],[135.01694912455775,34.71618681289149]],[[135.01694912455775,34.71618681289149],[135.01632936628357,34.719437957405994]],[[135.01632936628357,34.719437957405994],[135.0157096080094,34.7211647557745]],[[135.0157096080094,34.7211647557745],[135.01766002375462,34.7222722885212]],[[135.01766002375462,34.7222722885212],[135.02019374140494,34.72153393335673]],[[135.02019374140494,34.72153393335673],[135.02048539235747,34.71990240662235]],[[135.02048539235747,34.71990240662235],[135.02108692244713,34.71654408151946]],[[135.05783494246901,34.75002015195997],[135.05747037877833,34.74988915346305]],[[135.0575068351474,34.75163976974009],[135.05991295550598,34.75177076823701],[135.06073322381002,34.75097286830122]],[[135.06073322381002,34.75097286830122],[135.05974890184515,34.74932943261257],[135.05783494246901,34.75002015195997]],[[135.03003696105364,34.70608801967429],[135.02930783367225,34.70719555242099]],[[135.02930783367225,34.70719555242099],[135.03093014209585,34.70880326124684],[135.03510439635428,34.709791704450886],[135.03632568471812,34.70937489105159]],[[135.03632568471812,34.70937489105159],[135.03360968522244,34.70789818072266]],[[135.03360968522244,34.70789818072266],[135.03003696105364,34.70608801967429]],[[134.9985204299932,34.67027779419773],[134.9981558663025,34.67078987923115],[134.99992400020238,34.674422110282144],[135.0020384696084,34.676494268324355]],[[135.0020384696084,34.676494268324355],[135.00253063059083,34.67525573708073],[135.0003067920776,34.67314785217573]],[[135.0003067920776,34.67314785217573],[134.9985204299932,34.67027779419773]],[[135.05885572080297,34.73938545580082],[135.05843647255867,34.73930209312096]],[[135.05843647255867,34.73930209312096],[135.0567230232124,34.74081453031269]],[[135.0567230232124,34.74081453031269],[135.05974890184515,34.74227933168736]],[[135.05974890184515,34.74227933168736],[135.06117070023888,34.74026671841647]],[[135.01395970229407,34.76181001668289],[135.01206397110246,34.76689514015428]],[[135.01206397110246,34.76689514015428],[135.01658456086707,34.766359237212335],[135.02119629155433,34.76485870897487],[135.02431331110975,34.76231019276204],[135.02577156587253,34.76258409871015]],[[135.02577156587253,34.76258409871015],[135.02604498864056,34.75959495118949]],[[135.02604498864056,34.75959495118949],[135.0258627067952,34.759309136287115]],[[135.0258627067952,34.759309136287115],[135.0258080222416,34.75920195569873]],[[135.0258080222416,34.75920195569873],[135.02276391542432,34.75964258700655],[135.0178605337845,34.75874941543663],[135.01643873539078,34.75946395269257],[135.01809750018344,34.76172665400303],[135.01395970229407,34.76181001668289]],[[134.95637686734904,34.74011190201102],[134.96078808800644,34.74562574783598],[134.9663476842895,34.751294410066386],[134.96631122792044,34.752866392029446],[134.96403270485362,34.756736802165754],[134.96337649021035,34.75959495118949]],[[134.96337649021035,34.75959495118949],[134.9653451341401,34.75846360053426],[134.9687538046481,34.75773715432406]],[[134.9687538046481,34.75773715432406],[134.9730738843828,34.754212103861455],[134.97199842149527,34.75290211889224],[134.97238121337048,34.74996060718865],[134.9702302875954,34.75072278026164],[134.97110524045306,34.747554998427],[134.97429517274662,34.7475907252898]],[[134.97429517274662,34.7475907252898],[134.97440454185383,34.746066379143805]],[[134.97440454185383,34.746066379143805],[134.97340199170443,34.744375307638094],[134.97558937384858,34.74413712855278],[134.97609976301555,34.74312486744021],[134.97320148167455,34.741933972013655],[134.97167031417362,34.742862870446366],[134.97216247515607,34.744291944958235]],[[134.97216247515607,34.744291944958235],[134.9683892409574,34.74389894946747],[134.9676054290224,34.74295814208049],[134.9647071476814,34.74276759881224],[134.96448840946698,34.742053061556305],[134.9607151752683,34.741636248157015],[134.95637686734904,34.74011190201102]],[[134.9982105508561,34.761250295832404],[134.99658824243252,34.75994031086319],[134.99471073942547,34.75679634693708],[134.9928332364184,34.75586744850437],[134.99082813611957,34.7562366260866],[134.99223170632874,34.7591066840646],[134.9895157068331,34.759023321384745],[134.98650805638485,34.75996412877172],[134.98545082168184,34.76158374655184],[134.98399256691908,34.76182192563715]],[[134.98399256691908,34.76182192563715],[134.98138593653061,34.76245310021323],[134.9805292118575,34.76181001668289],[134.97859702429682,34.7627389151156],[134.97688357495056,34.76482298211207],[134.97540709200325,34.765215977602836]],[[134.97540709200325,34.765215977602836],[134.9767559776588,34.766061513355695],[134.97805017876078,34.768883935516634],[134.98069326551828,34.7692769310074],[134.98165935929865,34.77165872186051],[134.9841748487644,34.77244471284204],[134.9853232243901,34.771837356174494],[134.98643514364673,34.773361702320486],[134.99091927704225,34.773695153039924]],[[134.99091927704225,34.773695153039924],[134.99142966620923,34.77250425761336],[134.99390869930593,34.77170635767757]],[[134.99390869930593,34.77170635767757],[134.99314311555548,34.771075183101495],[134.99429149118117,34.76869339224838],[134.9946925112409,34.76314381956063],[134.99689812156961,34.76109547942695],[134.9982105508561,34.761250295832404]],[[134.9882215057311,34.67960250538767],[134.9872736401353,34.67998359192416]],[[134.9872736401353,34.67998359192416],[134.98880480763623,34.68296083049056]],[[134.98880480763623,34.68296083049056],[134.98882303582076,34.68300846630762]],[[134.98882303582076,34.68300846630762],[134.99194005537618,34.68298464839909]],[[134.99194005537618,34.68298464839909],[134.98982558597015,34.68036467846066]],[[134.98982558597015,34.68036467846066],[134.9882215057311,34.67960250538767]],[[135.02309202274594,34.71360256981586],[135.01982917771423,34.71157804759072]],[[135.01982917771423,34.71157804759072],[135.01860788935042,34.7114827759566]],[[135.01860788935042,34.7114827759566],[135.01899068122563,34.712530763931966],[135.01696735274228,34.716020087531774]],[[135.02108692244713,34.71654408151946],[135.0214879425069,34.71491255478508],[135.02309202274594,34.71360256981586]],[[135.02048539235747,34.71990240662235],[135.02261808994803,34.72017631257046]],[[135.02261808994803,34.72017631257046],[135.02314670729953,34.71748488890644],[135.0259538477179,34.71730625459246]],[[135.02615435774777,34.715138824916124],[135.02309202274594,34.71360256981586]],[[135.02626372685498,34.72360609139894],[135.02600853227148,34.724927985322424]],[[135.02600853227148,34.724927985322424],[135.02914378001145,34.726738146370785]],[[135.02914378001145,34.726738146370785],[135.03249776596581,34.72385617943852]],[[135.03249776596581,34.72385617943852],[135.03118533667933,34.72302255263993]],[[135.03118533667933,34.72302255263993],[135.02936251822587,34.723915724209846],[135.02626372685498,34.72360609139894]],[[135.00089009398272,34.77223035166526],[134.99992400020238,34.77140863382093],[134.99390869930593,34.77170635767757]],[[134.99091927704225,34.773695153039924],[134.99312488737095,34.77418342016481],[134.99677052427788,34.7739452410795],[134.99748142347474,34.77494559323781],[135.00216606690014,34.77600549016744],[135.00223897963826,34.77410005748495],[135.00089009398272,34.77223035166526]],[[135.02245403628723,34.69161864024163],[135.01915473488646,34.69558432201206]],[[135.01915473488646,34.69558432201206],[135.02125097610795,34.69669185475876],[135.02382115012733,34.69684667116421]],[[135.02382115012733,34.69684667116421],[135.0256439685808,34.69431006390565]],[[135.0256439685808,34.69431006390565],[135.02245403628723,34.69161864024163]],[[134.98514094254475,34.683330008072794],[134.98246139941816,34.68403263637446]],[[134.98246139941816,34.68403263637446],[134.9826436812635,34.68630724663918]],[[134.9826436812635,34.68630724663918],[134.9845940970087,34.68569988997164],[134.98590652629522,34.68735523461455]],[[134.98590652629522,34.68735523461455],[134.98625286180138,34.68714087343777]],[[134.98625286180138,34.68714087343777],[134.98514094254475,34.683330008072794]],[[134.98435713060977,34.67606554597079],[134.9820603793584,34.67793525179049]],[[134.9820603793584,34.67793525179049],[134.98220620483468,34.6795905964334]],[[134.98220620483468,34.6795905964334],[134.98382851325826,34.679578687479136]],[[134.98382851325826,34.679578687479136],[134.98656274093847,34.678780787543346],[134.9872736401353,34.67998359192416]],[[134.9882215057311,34.67960250538767],[134.98435713060977,34.67606554597079]],[[134.9935805919843,34.74837671627132],[134.99691634975414,34.748674440127964],[134.99959589288076,34.74972242810333],[134.99826523540972,34.748138537186016],[135.00397065716908,34.74578056424143],[135.00340558344848,34.74372031515349],[135.00455395907417,34.74320823012007]],[[135.00455395907417,34.74320823012007],[135.0019291005012,34.742946233126226],[135.0004526175539,34.74137425116317],[135.0012546576734,34.74062398704444],[134.99813763811798,34.738432739459576],[134.99766370532006,34.74004044828543],[134.996570014248,34.73936163789229],[134.9957315177594,34.73559840834437]],[[134.9957315177594,34.73559840834437],[134.9928332364184,34.73439560396355],[134.99245044454315,34.73188281461351],[134.99099218978037,34.732013813110434]],[[134.99099218978037,34.732013813110434],[134.99091927704225,34.73718229926169],[134.98834910302287,34.73739666043847],[134.98882303582076,34.740957437763875],[134.99097396159584,34.74463730463194],[134.99132029710202,34.747959902872026],[134.9935805919843,34.74837671627132]],[[135.02919846456504,34.70027644999269],[135.0276490688796,34.70205088417826]],[[135.0276490688796,34.70205088417826],[135.0253340894437,34.704849488430675],[135.0263366395931,34.70538539137262]],[[135.0263366395931,34.70538539137262],[135.02930783367225,34.70719555242099]],[[135.03003696105364,34.70608801967429],[135.02892504179704,34.70411113326621],[135.0313858467092,34.70161025287044]],[[135.0313858467092,34.70161025287044],[135.02919846456504,34.70027644999269]],[[134.9368909380815,34.705647388366465],[134.93494052233626,34.70871989856698]],[[134.93494052233626,34.70871989856698],[134.93754715272473,34.70950588954851]],[[134.93754715272473,34.70950588954851],[134.94017201129773,34.70824354039636]],[[134.94017201129773,34.70824354039636],[134.93865907198133,34.70612374653709],[134.9368909380815,34.705647388366465]],[[135.02560751221174,34.69820429195049],[135.02476901572314,34.69918082620026]],[[135.02476901572314,34.69918082620026],[135.02597207590242,34.70111007679128],[135.02746678703426,34.69931182469718],[135.02560751221174,34.69820429195049]],[[134.97928969530912,34.69060637912905],[134.97506075649707,34.69173772978428]],[[134.97506075649707,34.69173772978428],[134.97558937384858,34.692785717759655],[134.98213329209653,34.69209499841225]],[[134.98213329209653,34.69209499841225],[134.98145884926876,34.69065401494611],[134.97930792349365,34.69169009396722],[134.97928969530912,34.69060637912905]],[[135.0824247634063,34.74587583587555],[135.08271641435886,34.74308914057741],[135.08187791787026,34.74195778992218]],[[135.08187791787026,34.74195778992218],[135.0798545893869,34.743101049531674],[135.07584438878928,34.74123134371198]],[[135.07584438878928,34.74123134371198],[135.0743314494729,34.74227933168736],[135.07608135518822,34.74306532266888]],[[135.07608135518822,34.74306532266888],[135.0777036636118,34.74305341371461],[135.07748492539739,34.74597110750968],[135.0824247634063,34.74587583587555]],[[135.02261808994803,34.72017631257046],[135.026810572391,34.72071221551241]],[[135.026810572391,34.72071221551241],[135.02905263908877,34.72073603342094]],[[135.02905263908877,34.72073603342094],[135.03089368572677,34.71933077681761]],[[135.04675220627195,34.685223531801014],[135.04669752171833,34.68497344376144]],[[135.0567230232124,34.74081453031269],[135.05464501017545,34.74258896449826]],[[135.06186337125118,34.74849580581398],[135.05841824437414,34.74763836110686]],[[135.05841824437414,34.74763836110686],[135.05783494246901,34.75002015195997]],[[135.06073322381002,34.75097286830122],[135.0625560422635,34.75023451313675],[135.06186337125118,34.74849580581398]],[[135.00548359648545,34.67095660459086],[135.0003067920776,34.67314785217573]],[[135.0020384696084,34.676494268324355],[135.00269468425165,34.67732789512294]],[[135.0066137439266,34.67373139093474],[135.00548359648545,34.67095660459086]],[[134.9334275830199,34.711720955041905],[134.93329998572815,34.71081587451772]],[[134.93329998572815,34.71081587451772],[134.92928978513052,34.71553182040689]],[[134.92928978513052,34.71553182040689],[134.93439367680023,34.71443619661446]],[[134.93439367680023,34.71443619661446],[134.9334275830199,34.711720955041905]],[[134.99338008195443,34.67595836538241],[134.99482010853268,34.677292168260145],[134.99440086028838,34.6799359561071]],[[134.99440086028838,34.6799359561071],[134.9985204299932,34.67975732179312]],[[134.9985204299932,34.67975732179312],[134.99831991996334,34.67823297564713]],[[134.99831991996334,34.67823297564713],[134.99801004082624,34.6767205384554]],[[134.99801004082624,34.6767205384554],[134.99700749067682,34.67763752793385],[134.99338008195443,34.67595836538241]],[[134.9712328377448,34.677423166757066],[134.96931887836865,34.6777923443393],[134.96683984527195,34.68043613218626],[134.96651173795033,34.681603209704285]],[[134.96651173795033,34.681603209704285],[134.97305565619828,34.67879269649761]],[[134.97305565619828,34.67879269649761],[134.9712328377448,34.677423166757066]],[[135.06647510193847,34.73993326769703],[135.06700371928997,34.737920654426155]],[[135.06700371928997,34.737920654426155],[135.06496216262207,34.7384922842309]],[[135.06496216262207,34.7384922842309],[135.06304820324593,34.741171798940655]],[[135.06304820324593,34.741171798940655],[135.06490747806848,34.74211260632764]],[[135.06496216262207,34.7384922842309],[135.06182691488212,34.73936163789229]],[[135.06117070023888,34.74026671841647],[135.06304820324593,34.741171798940655]],[[135.00665020029567,34.66921789726809],[135.00253063059083,34.67019443151787]],[[135.00253063059083,34.67019443151787],[134.99881208094575,34.670206340472134]],[[134.99881208094575,34.670206340472134],[134.9985204299932,34.67027779419773]],[[135.00548359648545,34.67095660459086],[135.00612158294416,34.67070651655129]],[[135.00612158294416,34.67070651655129],[135.0080355423203,34.669872889752696]],[[135.0080355423203,34.669872889752696],[135.00665020029567,34.66921789726809]],[[134.9742769445621,34.68993947769018],[134.97506075649707,34.69173772978428]],[[134.97928969530912,34.69060637912905],[134.97897981617203,34.68851040317831]],[[134.97897981617203,34.68851040317831],[134.9742769445621,34.68993947769018]],[[135.03054735022062,34.6987878307095],[135.02919846456504,34.70027644999269]],[[135.0313858467092,34.70161025287044],[135.03297169876373,34.704920942156264],[135.03481274540172,34.705480663006746]],[[135.03481274540172,34.705480663006746],[135.03667202022427,34.702610605028745]],[[135.03667202022427,34.702610605028745],[135.03413830257395,34.70015736045004]],[[135.03413830257395,34.70015736045004],[135.03054735022062,34.6987878307095]],[[135.0872187759389,34.738004017106014],[135.08670838677193,34.73820646932853]],[[135.08670838677193,34.73820646932853],[135.08654433311114,34.73825410514559]],[[135.08654433311114,34.73825410514559],[135.08472151465764,34.73899246031006],[135.08187791787026,34.74195778992218]],[[135.0824247634063,34.74587583587555],[135.0837554208773,34.745983016463946],[135.08701826590902,34.74469684940326],[135.0874192859688,34.743446409205376],[135.0898436345119,34.74325586593713],[135.09018997001806,34.742136424236165],[135.0872187759389,34.738004017106014]],[[135.026810572391,34.72071221551241],[135.02626372685498,34.72360609139894]],[[135.03118533667933,34.72302255263993],[135.02905263908877,34.72073603342094]],[[135.0601316937204,34.74519702548242],[135.05841824437414,34.74763836110686]],[[135.06186337125118,34.74849580581398],[135.06246490134083,34.74925797888697],[135.06425126342523,34.747674087969656]],[[135.00089009398272,34.77223035166526],[135.0003067920776,34.77071791447353],[135.0039888853536,34.770694096565],[135.0065043748194,34.76978901604082],[135.00765275044506,34.76781212963273],[135.01206397110246,34.76689514015428]],[[135.01395970229407,34.76181001668289],[135.01425135324664,34.76102402570136],[135.0117723201499,34.75916622883593],[135.00916568976146,34.759011412430475],[135.0077256631832,34.760416669033816],[135.002093154162,34.76170283609449],[134.9982105508561,34.761250295832404]],[[135.004718012735,34.70902953137789],[135.00223897963826,34.71116123419142]],[[135.00223897963826,34.71116123419142],[135.0046815563659,34.71326911909643]],[[135.0046815563659,34.71326911909643],[135.004718012735,34.71329293700496]],[[135.004718012735,34.71329293700496],[135.00748869678426,34.711268414779816]],[[135.00748869678426,34.711268414779816],[135.004718012735,34.70902953137789]],[[135.06158994848317,34.743196321165804],[135.06304820324593,34.741171798940655]],[[134.99875739639216,34.70552829882381],[134.99753610802833,34.70579029581765]],[[134.99753610802833,34.70579029581765],[134.99963234924982,34.70891044183523]],[[134.99963234924982,34.70891044183523],[135.00223897963826,34.71116123419142]],[[135.004718012735,34.70902953137789],[134.99992400020238,34.70580220477192],[134.99875739639216,34.70552829882381]],[[134.99536695406871,34.73169227134526],[134.99505707493162,34.73459805618606],[134.9957315177594,34.73559840834437]],[[135.00455395907417,34.74320823012007],[135.00665020029567,34.74140997802596],[135.0084547905646,34.74179106456246]],[[135.00663197211114,34.73025128787913],[135.00406179809175,34.73135882062583],[135.00048907392295,34.729941655068224],[135.00048907392295,34.73120400422037],[134.99780953079636,34.732478262326794],[134.99536695406871,34.73169227134526]],[[134.98009173542866,34.68124594107632],[134.9782324606061,34.681805661926795]],[[134.9782324606061,34.681805661926795],[134.97828714515973,34.68187711565239]],[[134.97828714515973,34.68187711565239],[134.97976362810704,34.68508062434983],[134.9796360308153,34.68718850925484]],[[134.9796360308153,34.68718850925484],[134.98107605739352,34.68748623311147]],[[134.98107605739352,34.68748623311147],[134.98289887584698,34.68866521958377]],[[134.98289887584698,34.68866521958377],[134.98590652629522,34.68735523461455]],[[134.9826436812635,34.68630724663918],[134.98089377554817,34.68194856937799],[134.98009173542866,34.68124594107632]],[[135.0872187759389,34.738004017106014],[135.0861615412359,34.735765133704085],[135.08577874936066,34.730822917683874],[135.08701826590902,34.729060392452574]],[[135.08701826590902,34.729060392452574],[135.08617976942043,34.72700014336463],[135.0841017563835,34.7262498792459]],[[135.0841017563835,34.7262498792459],[135.08320857534127,34.72589261061793],[135.08102119319713,34.72752413735231],[135.07998218667865,34.73029892369619],[135.0834819981093,34.7306085565071],[135.08319034715674,34.73279980409196],[135.0850496219793,34.7330618010858],[135.08670838677193,34.73820646932853]],[[135.0521477488942,34.74890071025901],[135.05169204428083,34.74559002097318],[135.05247585621584,34.74469684940326]],[[135.05843647255867,34.73930209312096],[135.05659542592065,34.73970699756599],[135.05431690285383,34.739016278218585]],[[135.05112697056026,34.740457261684725],[135.04821046103473,34.74140997802596],[135.04290605933514,34.746780916399736],[135.04184882463213,34.74701909548505]],[[135.04184882463213,34.74701909548505],[135.04132020728062,34.75147304438037],[135.04235921379907,34.75229476222469],[135.0421587037692,34.754414556083965],[135.0432523948413,34.754497918763825],[135.0434711330557,34.757689518507]],[[135.0434711330557,34.757689518507],[135.04432785772883,34.75754661105581]],[[135.04432785772883,34.75754661105581],[135.04585902522973,34.75776097223259],[135.04718968270078,34.75972594968641]],[[135.04718968270078,34.75972594968641],[135.0480464073739,34.75866605275677],[135.05059835320876,34.75853505425985]],[[135.05059835320876,34.75853505425985],[135.04954111850574,34.75587935745863],[135.05081709142317,34.755891266412895]],[[135.05081709142317,34.755891266412895],[135.0494682057676,34.75128250111212],[135.0513639369592,34.750960959346955]],[[135.02577156587253,34.76258409871015],[135.02719336426625,34.76279845988693]],[[135.02719336426625,34.76279845988693],[135.02934429004134,34.76051194066794]],[[135.02934429004134,34.76051194066794],[135.02883390087436,34.757463248375956],[135.02604498864056,34.75959495118949]],[[135.0565589695516,34.74672137162841],[135.0551007147888,34.74875780280782]],[[135.0189177684875,34.66850336001216],[135.01884485574936,34.668491451057896]],[[135.0171860909567,34.66895590027425],[135.01530858794965,34.671301964264565]],[[135.01530858794965,34.671301964264565],[135.01532681613418,34.671301964264565]],[[135.01532681613418,34.671301964264565],[135.01957398313075,34.67258813132525]],[[135.01957398313075,34.67258813132525],[135.0189177684875,34.66850336001216]],[[134.99440086028838,34.6799359561071],[134.99414566570488,34.68162702761281]],[[134.99414566570488,34.68162702761281],[134.99523935677695,34.682401109640075]],[[134.99523935677695,34.682401109640075],[134.99817409448704,34.68161511865855]],[[134.99817409448704,34.68161511865855],[134.9985204299932,34.67975732179312]],[[134.93856793105869,34.71312621164524],[134.93550559605686,34.715555638315415]],[[134.93550559605686,34.715555638315415],[134.9382215955525,34.715769999492196],[134.94327080266862,34.71494828164787]],[[134.94327080266862,34.71494828164787],[134.94075531320283,34.7132095743251],[134.93856793105869,34.71312621164524]],[[134.97531595108057,34.67587500270255],[134.97504252831254,34.67595836538241]],[[134.97504252831254,34.67595836538241],[134.9718708242035,34.67681581008952]],[[134.9718708242035,34.67681581008952],[134.9712328377448,34.677423166757066]],[[134.97305565619828,34.67879269649761],[134.97429517274662,34.67937623525662],[134.97666483673615,34.678733151726284]],[[134.97666483673615,34.678733151726284],[134.97531595108057,34.67587500270255]],[[134.98220620483468,34.6795905964334],[134.98246139941816,34.68403263637446]],[[134.98514094254475,34.683330008072794],[134.98519562709836,34.68330619016426]],[[134.98519562709836,34.68330619016426],[134.98382851325826,34.679578687479136]],[[135.03481274540172,34.705480663006746],[135.03360968522244,34.70789818072266]],[[135.03632568471812,34.70937489105159],[135.0365808793016,34.70962497909117]],[[135.0365808793016,34.70962497909117],[135.03796622132623,34.7106848760208],[135.0398437243333,34.70958925222837]],[[135.0398437243333,34.70958925222837],[135.03977081159516,34.70955352536557]],[[135.03977081159516,34.70955352536557],[135.03829432864785,34.70875562542978],[135.0379115367726,34.706993100198474],[135.03481274540172,34.705480663006746]],[[135.0296359409939,34.76080966452458],[135.02934429004134,34.76051194066794]],[[135.02719336426625,34.76279845988693],[135.02611790137868,34.76417989858173],[135.02821414260018,34.76442998662131]],[[135.02821414260018,34.76442998662131],[135.0296359409939,34.76080966452458]],[[134.97185259601898,34.67444592819068],[134.9718708242035,34.67681581008952]],[[134.97504252831254,34.67595836538241],[134.97393060905594,34.673505120803696]],[[135.02398520378813,34.69047538063213],[135.02245403628723,34.69161864024163]],[[135.0256439685808,34.69431006390565],[135.0276490688796,34.69701339652393]],[[135.0276490688796,34.69701339652393],[135.02901618271972,34.69475069521347]],[[135.02901618271972,34.69475069521347],[135.02398520378813,34.69047538063213]],[[134.98880480763623,34.68296083049056],[134.98519562709836,34.68330619016426]],[[134.98625286180138,34.68714087343777],[134.9873100965044,34.68735523461455]],[[134.9873100965044,34.68735523461455],[134.98802099570122,34.685366439252206]],[[134.98802099570122,34.685366439252206],[134.98882303582076,34.68539025716073]],[[134.98882303582076,34.68539025716073],[134.98882303582076,34.68300846630762]],[[135.01410552777034,34.71554372936115],[135.01319411854362,34.71866387537873]],[[135.01319411854362,34.71866387537873],[135.01632936628357,34.719437957405994]],[[135.01694912455775,34.71618681289149],[135.01410552777034,34.71554372936115]],[[135.05936610996994,34.687879228602235],[135.0589833180947,34.68553316461192]],[[135.0589833180947,34.68553316461192],[135.05269459443025,34.68572370788017]],[[135.05269459443025,34.68572370788017],[135.05176495701897,34.68547361984059]],[[135.05176495701897,34.68547361984059],[135.05065303776237,34.688022136053426]],[[135.05949370726168,34.6897608433762],[135.05936610996994,34.687879228602235]],[[134.9417943197213,34.71123268791702],[134.93807577007624,34.71295948628553]],[[134.93807577007624,34.71295948628553],[134.93856793105869,34.71312621164524]],[[134.94327080266862,34.71494828164787],[134.94390878912733,34.71516264282465]],[[134.9447290574314,34.712911850468466],[134.94272395713259,34.71275703406301],[134.9417943197213,34.71123268791702]],[[135.02019374140494,34.72153393335673],[135.02126920429248,34.72161729603659],[135.02600853227148,34.724927985322424]],[[134.98289887584698,34.68866521958377],[134.98304470132328,34.690999374619814],[134.98477637885406,34.69039201795227]],[[134.98477637885406,34.69039201795227],[134.9873830092425,34.68908203298306]],[[134.9873830092425,34.68908203298306],[134.98940633772588,34.68858185690391]],[[134.98940633772588,34.68858185690391],[134.9891693713269,34.68816504350461]],[[134.9891693713269,34.68816504350461],[134.9873100965044,34.68735523461455]],[[134.98882303582076,34.68539025716073],[134.99060939790516,34.68711705552924],[134.98938810954132,34.68756959579133]],[[134.98938810954132,34.68756959579133],[134.9891693713269,34.68816504350461]],[[134.98940633772588,34.68858185690391],[134.992104109037,34.6868907853982]],[[134.992104109037,34.6868907853982],[134.99194005537618,34.68298464839909]],[[135.03946093245807,34.70060990071213],[135.0366902484088,34.70263442293728]],[[135.0366902484088,34.70263442293728],[135.03940624790448,34.70356332136999]],[[135.03940624790448,34.70356332136999],[135.04224984469187,34.70363477509559]],[[135.04224984469187,34.70363477509559],[135.04195819373933,34.701300620059534]],[[135.04195819373933,34.701300620059534],[135.03946093245807,34.70060990071213]],[[135.02382115012733,34.69684667116421],[135.02560751221174,34.69820429195049]],[[135.02476901572314,34.69918082620026],[135.02387583468092,34.70095526038583]],[[135.02387583468092,34.70095526038583],[135.02551637128906,34.7027296945714],[135.0276490688796,34.70205088417826]],[[135.03054735022062,34.6987878307095],[135.03060203477423,34.698728285938174]],[[135.03060203477423,34.698728285938174],[135.0276490688796,34.69701339652393]],[[135.02821414260018,34.76442998662131],[135.03167749766178,34.7656089730936],[135.03486742995534,34.765513701459476]],[[135.03486742995534,34.765513701459476],[135.03386487980592,34.76569233577346],[135.03109419575665,34.76372735831964],[135.03111242394118,34.76178619877435]],[[135.03111242394118,34.76178619877435],[135.0296359409939,34.76080966452458]],[[135.0041529390144,34.70474230784228],[135.00298633520418,34.70545684509822]],[[135.00298633520418,34.70545684509822],[135.00500966368756,34.70768381954588],[135.004718012735,34.70902953137789]],[[135.00748869678426,34.711268414779816],[135.01058748815515,34.70829117621342]],[[135.01058748815515,34.70829117621342],[135.00634032115858,34.707040736015536],[135.0041529390144,34.70474230784228]],[[135.03572415462847,34.697382574106165],[135.03413830257395,34.70015736045004]],[[135.03667202022427,34.702610605028745],[135.0366902484088,34.70263442293728]],[[135.03946093245807,34.70060990071213],[135.03761988582008,34.6980256576365],[135.03572415462847,34.697382574106165]],[[134.92704771843276,34.71569854576661],[134.92928978513052,34.71553182040689]],[[134.93329998572815,34.71081587451772],[134.93016473798818,34.71061342229521],[134.93005536888097,34.71259030870329],[134.9268654365874,34.714841101059484],[134.92704771843276,34.71569854576661]],[[135.01979272134517,34.67448165505348],[135.01977449316064,34.67441020132788]],[[135.01977449316064,34.67441020132788],[135.0162929099145,34.674934195315565]],[[135.0162929099145,34.674934195315565],[135.01368627952604,34.67572018629709]],[[135.01368627952604,34.67572018629709],[135.01346754131163,34.676327542964636]],[[135.01346754131163,34.676327542964636],[135.01363159497245,34.677387439894275]],[[135.01363159497245,34.677387439894275],[135.01979272134517,34.67448165505348]],[[134.93351872394257,34.709148620920544],[134.93304479114468,34.70896998660656]],[[134.93140425453655,34.7099584298106],[134.93329998572815,34.71081587451772]],[[134.9334275830199,34.711720955041905],[134.9363805489145,34.71066105811227]],[[134.9363805489145,34.71066105811227],[134.93754715272473,34.70950588954851]],[[134.93494052233626,34.70871989856698],[134.93446658953837,34.70932725523453]],[[134.93446658953837,34.70932725523453],[134.93351872394257,34.709148620920544]],[[135.00931151523773,34.712828487788606],[135.00923860249958,34.71285230569713]],[[135.00923860249958,34.71285230569713],[135.00690539487914,34.715043553282]],[[135.00690539487914,34.715043553282],[135.00949379708308,34.71685371433036]],[[135.00949379708308,34.71685371433036],[135.01319411854362,34.71866387537873]],[[135.01410552777034,34.71554372936115],[135.00931151523773,34.712828487788606]],[[134.9814770774533,34.671814049297986],[134.9811671983162,34.67081369713968]],[[134.97992768176783,34.67432683864802],[134.9816958156677,34.67398147897432]],[[134.9816958156677,34.67398147897432],[134.9814770774533,34.671814049297986]],[[135.051254567852,34.75919004674446],[135.05047075591702,34.75886850497929]],[[135.05047075591702,34.75886850497929],[135.04912187026144,34.7602142168113]],[[135.04912187026144,34.7602142168113],[135.05187432612618,34.76314381956063]],[[135.05187432612618,34.76314381956063],[135.0551007147888,34.76286991361252]],[[135.0551007147888,34.76286991361252],[135.05090823234585,34.75967831386935],[135.051254567852,34.75919004674446]],[[135.02245403628723,34.69161864024163],[135.02097755333992,34.69030865527242],[135.01959221131528,34.69061828808332],[135.017605339201,34.693071532662024],[135.01541795705685,34.69423861018005]],[[135.01541795705685,34.69423861018005],[135.0164934199444,34.69523896233836],[135.01915473488646,34.69558432201206]],[[135.03370082614512,34.730834826638144],[135.03257067870396,34.73017983415354]],[[135.03257067870396,34.73017983415354],[135.02914378001145,34.726738146370785]],[[135.01766002375462,34.7222722885212],[135.01456123238373,34.72312973322832],[135.00963962255935,34.72698823441036]],[[135.00963962255935,34.72698823441036],[135.0100953271727,34.72895321186418]],[[134.9417943197213,34.71123268791702],[134.94017201129773,34.70824354039636]],[[134.9363805489145,34.71066105811227],[134.93807577007624,34.71295948628553]],[[135.03977081159516,34.70955352536557],[135.0407369053755,34.707874362814124]],[[135.0407369053755,34.707874362814124],[135.03940624790448,34.70356332136999]],[[134.9796360308153,34.68718850925484],[134.9779590378381,34.68639060931904],[134.9734384480735,34.68859376585817]],[[134.9734384480735,34.68859376585817],[134.9742769445621,34.68993947769018]],[[134.97897981617203,34.68851040317831],[134.98107605739352,34.68748623311147]],[[134.98399256691908,34.76182192563715],[134.98561487534266,34.76004749145158],[134.98623463361685,34.75790387968378],[134.98749237834974,34.75789197072951],[134.98740123742706,34.75626044399513],[134.98370091596652,34.75712979765652],[134.98156821837597,34.75639144249205]],[[134.98156821837597,34.75639144249205],[134.97943552078542,34.755688814190385],[134.97143334777468,34.758939958704886],[134.96884494557077,34.75853505425985],[134.9687538046481,34.75773715432406]],[[134.96337649021035,34.75959495118949],[134.96215520184654,34.76246500916749],[134.96419675851442,34.76241737335043],[134.96685807345648,34.76362017773125],[134.96848038188006,34.762262556944975],[134.96990218027378,34.7638107209995],[134.97167031417362,34.76250073603029],[134.9730738843828,34.76416798962747],[134.97540709200325,34.765215977602836]],[[134.93439367680023,34.71443619661446],[134.93807577007624,34.71295948628553]],[[135.0456767433844,34.70089571561451],[135.0497234003511,34.700705172346254],[135.0546085538064,34.704420766077114],[135.0568141641351,34.70685019274729]],[[135.0568141641351,34.70685019274729],[135.0572334123794,34.70700500915274]],[[135.00422585175255,34.6655856662171],[135.00548359648545,34.667836458573284]],[[135.00548359648545,34.667836458573284],[135.006559059373,34.66912262563397]],[[135.006559059373,34.66912262563397],[135.00872821333263,34.668765357006],[135.00860061604087,34.66782454961902],[135.00584816017613,34.66588339007373]],[[134.92704771843276,34.71569854576661],[134.93041993257168,34.717496797860704],[134.93550559605686,34.715555638315415]],[[135.05537413755684,34.762393555441896],[135.0551007147888,34.76286991361252]],[[135.05187432612618,34.76314381956063],[135.0515097624355,34.763429634463]],[[135.0515097624355,34.763429634463],[135.05395233916315,34.765382702962555]],[[135.05395233916315,34.765382702962555],[135.057561519701,34.76371544936538],[135.05958484818436,34.76421562544453]],[[135.05958484818436,34.76421562544453],[135.05901977446376,34.76338199864594]],[[135.05901977446376,34.76338199864594],[135.05741569422472,34.76238164648763],[135.05537413755684,34.762393555441896]],[[135.04558560246173,34.71036333425563],[135.04729905180798,34.708303085167685]],[[135.04452836775872,34.700967169340096],[135.04195819373933,34.701300620059534]],[[135.04224984469187,34.70363477509559],[135.04290605933514,34.70762427477455],[135.0407369053755,34.707874362814124]],[[135.0398437243333,34.70958925222837],[135.0416300864177,34.71060151334094],[135.04261440838258,34.70930343732599],[135.04558560246173,34.71036333425563]],[[134.97531595108057,34.67587500270255],[134.9775397895938,34.67482701472718]],[[135.03572415462847,34.697382574106165],[135.0323883968586,34.69682285325568]],[[135.0323883968586,34.69682285325568],[135.03060203477423,34.698728285938174]],[[135.03182332313804,34.76152420178051],[135.03111242394118,34.76178619877435]],[[135.03486742995534,34.765513701459476],[135.03802090587985,34.76469198361515]],[[135.03802090587985,34.76469198361515],[135.03621631561091,34.76364399563978]],[[135.03621631561091,34.76364399563978],[135.03412007438942,34.76240546439616]],[[135.03412007438942,34.76240546439616],[135.03182332313804,34.76152420178051]],[[134.9958408868666,34.701800796138684],[134.99653355787893,34.70356332136999]],[[134.99653355787893,34.70356332136999],[134.99666115517067,34.70352759450719]],[[134.99666115517067,34.70352759450719],[134.9982470072252,34.703158416924964]],[[134.9982470072252,34.703158416924964],[135.0012911140425,34.70368241091265],[135.00298633520418,34.70545684509822]],[[135.0041529390144,34.70474230784228],[135.00243948966815,34.70319414378776]],[[135.00243948966815,34.70319414378776],[135.00001514112503,34.70152689019058],[134.99808295356436,34.7023843348977],[134.9958408868666,34.701800796138684]],[[134.9516739957391,34.73503868749389],[134.9551373508007,34.738349376779716],[134.95637686734904,34.74011190201102]],[[134.97216247515607,34.744291944958235],[134.96964698569028,34.74385131365041],[134.96899077104703,34.741886336196586],[134.9648712013422,34.74092171090108],[134.96425144306804,34.73945690952641],[134.9625562219063,34.73988563187997],[134.96067871889923,34.73786110965483],[134.9564680082717,34.73802783501455],[134.9549915253244,34.73758720370672],[134.95473633074093,34.73497914272256],[134.95378846514512,34.734121698015436]],[[135.03475806084813,34.72148629753967],[135.03249776596581,34.72385617943852]],[[135.03257067870396,34.73017983415354],[135.0327347323648,34.72806004029427],[135.03120356486386,34.72729786722127],[135.03514085272334,34.725058983819345]],[[135.03514085272334,34.725058983819345],[135.03782039584996,34.72039067374724],[135.03630745653356,34.719699954399836]],[[135.0434711330557,34.757689518507],[135.04090095903632,34.7580706050435],[135.0416847709713,34.758928049750615]],[[135.0416847709713,34.758928049750615],[135.0440908913299,34.759225773607255]],[[135.0440908913299,34.759225773607255],[135.04432785772883,34.75754661105581]],[[135.03749228852834,34.76263173452721],[135.03621631561091,34.76364399563978]],[[135.03802090587985,34.76469198361515],[135.0400442343632,34.76276273302413],[135.03946093245807,34.76231019276204]],[[135.03946093245807,34.76231019276204],[135.03913282513645,34.762214921127914]],[[135.03913282513645,34.762214921127914],[135.03749228852834,34.76263173452721]],[[135.00548359648545,34.667836458573284],[135.00309570431142,34.66837236151524],[135.00253063059083,34.67019443151787]],[[135.00665020029567,34.66921789726809],[135.006559059373,34.66912262563397]],[[134.99666115517067,34.70352759450719],[134.99749965165927,34.70569502418353]],[[134.99749965165927,34.70569502418353],[134.99753610802833,34.70579029581765]],[[134.99875739639216,34.70552829882381],[134.9982470072252,34.703158416924964]],[[135.0335367724843,34.66942034949061],[135.03054735022062,34.66993243452403],[135.0266465187302,34.66824136301832]],[[135.0266465187302,34.66824136301832],[135.02582625042615,34.669908616615494]],[[135.02582625042615,34.669908616615494],[135.03350031611524,34.671516325441345],[135.03433881260383,34.67095660459086]],[[135.03359145703791,34.75828496622028],[135.0336461415915,34.75959495118949],[135.03182332313804,34.76152420178051]],[[135.03412007438942,34.76240546439616],[135.03577883918206,34.76113120628975]],[[135.03577883918206,34.76113120628975],[135.03359145703791,34.75828496622028]],[[135.0338466516214,34.75801106027217],[135.03359145703791,34.75828496622028]],[[135.03577883918206,34.76113120628975],[135.0376381140046,34.75971404073214]],[[135.0376381140046,34.75971404073214],[135.0338466516214,34.75801106027217]],[[135.04184882463213,34.74701909548505],[135.03913282513645,34.74817426404881],[135.03586998010474,34.748352898362796]],[[135.03586998010474,34.748352898362796],[135.03667202022427,34.75194940255099],[135.03583352373568,34.753997742684675],[135.03718240939125,34.755522088830666],[135.03576061099753,34.757618064781404],[135.0338466516214,34.75801106027217]],[[135.0376381140046,34.75971404073214],[135.03913282513645,34.762214921127914]],[[135.03946093245807,34.76231019276204],[135.04002600617864,34.7605953033478],[135.04192173737025,34.76506116119739],[135.04350758942476,34.76616869394408],[135.0468980317482,34.76593051485877],[135.0520930643406,34.76887202656237],[135.05395233916315,34.765382702962555]],[[135.0515097624355,34.763429634463],[135.04760893094507,34.76185765249995]],[[135.04760893094507,34.76185765249995],[135.04522103877102,34.761833834591414]],[[135.04522103877102,34.761833834591414],[135.0416300864177,34.76107166151842],[135.04195819373933,34.75967831386935]],[[135.04195819373933,34.75967831386935],[135.0416847709713,34.758928049750615]],[[135.0841017563835,34.7262498792459],[135.08566938025345,34.724415900289],[135.08756511144506,34.724082449569565],[135.08904159439237,34.72208174525295],[135.09190341936431,34.71980713498823],[135.0924138085313,34.718092245573985]],[[135.07987281757144,34.71698471282728],[135.079107233821,34.7179850649856]],[[135.079107233821,34.7179850649856],[135.07719327444485,34.72060503492402],[135.07682871075414,34.7254877061729],[135.0755345096522,34.726738146370785],[135.07506057685427,34.72967965807438],[135.07400334215126,34.73139454748863],[135.07172481908444,34.732525898143855],[135.0708680944113,34.73190663252204],[135.07026656432166,34.73426460546663],[135.0680244976239,34.73551504566451],[135.06700371928997,34.737920654426155]],[[135.06995668518456,34.74693573280519],[135.073857516675,34.745256570253744],[135.07608135518822,34.74306532266888]],[[135.07584438878928,34.74123134371198],[135.07783126090357,34.737337115667145],[135.0775942945046,34.73617003814912],[135.0802738376312,34.73500296063109],[135.08654433311114,34.73825410514559]],[[134.97429517274662,34.7475907252898],[134.9796907153689,34.74712627607344],[134.98014641998225,34.749103162481525],[134.98304470132328,34.74794799391776],[134.9846305533778,34.749698610194805],[134.98761997564148,34.75065132653605],[134.98720072739718,34.75135395483772]],[[134.98720072739718,34.75135395483772],[134.98995318326192,34.75032978477088],[134.9906823106433,34.75098477725548],[134.9946195985028,34.751032413072544],[134.99522112859242,34.75047269222206],[134.9927967800493,34.749174616207114],[134.9935805919843,34.74837671627132]],[[134.99099218978037,34.732013813110434],[134.99028129058354,34.72975111179998],[134.98670856641473,34.73048946696444],[134.98599766721787,34.72757177316937]],[[134.98599766721787,34.72757177316937],[134.9842659896871,34.72605933597765]],[[134.9842659896871,34.72605933597765],[134.9824249430491,34.72717877767861]],[[134.9824249430491,34.72717877767861],[134.98355509049023,34.729322389446416],[134.9872189555817,34.73262116977798],[134.9884767003146,34.732097175790294],[134.98876835126717,34.73380015625027],[134.98698198918277,34.73419315174103],[134.98776580111775,34.73557459043584],[134.98548727805093,34.73626530978324],[134.98397433873453,34.74229124064162],[134.98134948016155,34.740874075084015],[134.9786881652195,34.74186251828806],[134.9754435483723,34.746364103000445],[134.97440454185383,34.746066379143805]],[[135.02952657188666,34.748591077448104],[135.0316410412927,34.74819808195734],[135.0343205844193,34.74886498339621],[135.03586998010474,34.748352898362796]],[[135.02919846456504,34.745006482214166],[135.026810572391,34.748209990911604],[135.02952657188666,34.748591077448104]],[[134.98156821837597,34.75639144249205],[134.9818963256976,34.7551648202027],[134.98599766721787,34.753985833730404],[134.98814859299299,34.75229476222469],[134.98720072739718,34.75135395483772]],[[135.02952657188666,34.748591077448104],[135.02766729706414,34.7529854815721],[135.02903441090425,34.755760267915974],[135.0258627067952,34.759309136287115]],[[134.98614349269417,34.667634006350774],[134.9835733186748,34.668003183933]],[[134.9835733186748,34.668003183933],[134.98229734575736,34.668181818246985]],[[134.98229734575736,34.668181818246985],[134.98344572138302,34.671301964264565]],[[134.98344572138302,34.671301964264565],[134.98492220433033,34.670968513545134]],[[134.98492220433033,34.670968513545134],[134.98545082168184,34.66942034949061]],[[134.98545082168184,34.66942034949061],[134.98614349269417,34.667634006350774]],[[135.05936610996994,34.687879228602235],[135.06310288779954,34.68752195997427],[135.0639231561036,34.68537834820647]],[[135.0639231561036,34.68537834820647],[135.06374087425826,34.68537834820647]],[[135.06374087425826,34.68537834820647],[135.0589833180947,34.68553316461192]],[[135.053879426425,34.75815396772335],[135.05464501017545,34.75677252902855],[135.05081709142317,34.755891266412895]],[[135.05059835320876,34.75853505425985],[135.05047075591702,34.75886850497929]],[[135.051254567852,34.75919004674446],[135.0518925543107,34.75919004674446]],[[135.0518925543107,34.75919004674446],[135.053879426425,34.75815396772335]],[[135.022855056347,34.67427920283096],[135.02084995604818,34.673540847666494]],[[135.02084995604818,34.673540847666494],[135.01977449316064,34.67441020132788]],[[135.01979272134517,34.67448165505348],[135.02017551322038,34.675601096754434]],[[135.02017551322038,34.675601096754434],[135.02609967319415,34.676279907147574],[135.02832351170738,34.67618463551345]],[[135.02947188733307,34.675696368388564],[135.02790426346309,34.674052932699915],[135.022855056347,34.67427920283096]],[[135.0518925543107,34.75919004674446],[135.05469969472907,34.760702483936186],[135.05537413755684,34.762393555441896]],[[135.05901977446376,34.76338199864594],[135.05652251318253,34.76009512726864],[135.053879426425,34.75815396772335]],[[135.00748869678426,34.711268414779816],[135.00923860249958,34.71285230569713]],[[135.00931151523773,34.712828487788606],[135.01195460199526,34.71118505209996],[135.01383210500234,34.712173495304]],[[135.01383210500234,34.712173495304],[135.01443363509196,34.71060151334094]],[[135.01443363509196,34.71060151334094],[135.012082199287,34.70913671196628]],[[135.012082199287,34.70913671196628],[135.01058748815515,34.70829117621342]],[[135.04992391038098,34.683544369249574],[135.04735373636157,34.68462808408774]],[[135.05176495701897,34.68547361984059],[135.04992391038098,34.683544369249574]],[[135.06368618970464,34.68153175597869],[135.06372264607373,34.68024558891801]],[[135.05894686172564,34.67857833532083],[135.0589286335411,34.67857833532083]],[[135.0589286335411,34.67857833532083],[135.05869166714214,34.68030513368934]],[[135.05869166714214,34.68030513368934],[135.05849115711226,34.681853297743864]],[[135.05849115711226,34.681853297743864],[135.06368618970464,34.68153175597869]],[[134.99580443049754,34.701729342413095],[134.99600494052743,34.699192735154526],[134.9951117594852,34.6987878307095]],[[134.9951117594852,34.6987878307095],[134.9941638938894,34.69819238299622]],[[134.9941638938894,34.69819238299622],[134.99312488737095,34.69745402783175],[134.98820327754657,34.69731112038057],[134.98670856641473,34.696239314496665],[134.98058389641108,34.697501663648815]],[[134.98058389641108,34.697501663648815],[134.98313584224593,34.698609196395516],[134.98335458046037,34.70140780064792]],[[134.98335458046037,34.70140780064792],[134.98732832468892,34.70220570058372]],[[134.98732832468892,34.70220570058372],[134.99206765266794,34.701217257379675],[134.99580443049754,34.701729342413095]],[[135.004718012735,34.71329293700496],[135.00690539487914,34.715043553282]],[[134.9820603793584,34.67793525179049],[134.98018287635134,34.679149965125575],[134.98009173542866,34.68124594107632]],[[135.0189177684875,34.66850336001216],[135.02367532465104,34.66964661962165]],[[135.02367532465104,34.66964661962165],[135.0239669756036,34.66955134798753]],[[135.0239669756036,34.66955134798753],[135.02506066667567,34.66596675275359]],[[135.01957398313075,34.67258813132525],[135.02084995604818,34.67349321184943]],[[135.02084995604818,34.67349321184943],[135.02367532465104,34.66964661962165]],[[134.98971621686294,34.67011106883801],[134.98718249921265,34.67018252256361],[134.98545082168184,34.66942034949061]],[[134.98492220433033,34.670968513545134],[134.98464878156233,34.67218322688022]],[[134.98464878156233,34.67218322688022],[134.98435713060977,34.67606554597079]],[[134.98982558597015,34.68036467846066],[134.99255981365036,34.68056713068318],[134.99414566570488,34.68162702761281]],[[134.99338008195443,34.67595836538241],[134.99184891445353,34.6749580132241],[134.98971621686294,34.67011106883801]],[[135.06882653774343,34.67814961296727],[135.07077695348863,34.67520810126367],[135.07026656432166,34.67469601623026]],[[135.07026656432166,34.67469601623026],[135.0684437458682,34.67467219832172],[135.06468873985406,34.67667290263834]],[[135.06368618970464,34.68153175597869],[135.067550564826,34.681900933560925]],[[135.067550564826,34.681900933560925],[135.06882653774343,34.67814961296727]],[[135.04718968270078,34.75972594968641],[135.04724436725436,34.7601427630857]],[[135.04724436725436,34.7601427630857],[135.04771830005228,34.76058339439353]],[[135.04771830005228,34.76058339439353],[135.04912187026144,34.7602142168113]],[[134.9962054505573,34.71550800249835],[134.99507530311615,34.714924463739344],[134.99297906189466,34.711435140139535]],[[134.99297906189466,34.711435140139535],[134.99186714263806,34.70933916418879],[134.99040888787528,34.70877944333831],[134.99122915617934,34.70680255693023]],[[134.99122915617934,34.70680255693023],[134.9885313848682,34.705945112223105],[134.98694553281368,34.70371813777545],[134.98344572138302,34.70511148542452],[134.98058389641108,34.70475421679655],[134.97952666170806,34.70570693313779]],[[134.97952666170806,34.70570693313779],[134.98023756090492,34.708183995625035]],[[134.98023756090492,34.708183995625035],[134.98499511706848,34.71160186549925],[134.98608880814055,34.71287612360567]],[[134.98608880814055,34.71287612360567],[134.9868908482601,34.71050624170682],[134.9883673312074,34.70985124922221],[134.9905729415361,34.7103395163471],[134.992104109037,34.71162568340778],[134.99523935677695,34.71624635766282]],[[134.99523935677695,34.71624635766282],[134.9962054505573,34.71550800249835]],[[135.0323883968586,34.69682285325568],[135.02901618271972,34.69475069521347]],[[134.9824249430491,34.66529985131472],[134.98154999019144,34.66304905895853]],[[134.98154999019144,34.66304905895853],[134.97881576251123,34.66365641562607]],[[134.97941729260086,34.6655142124915],[134.9824249430491,34.66529985131472]],[[134.9993589264818,34.67822106669286],[134.99831991996334,34.67823297564713]],[[134.99817409448704,34.68161511865855],[135.00280405335886,34.679995500878434]],[[135.00280405335886,34.679995500878434],[134.9993589264818,34.67822106669286]],[[135.0516738160963,34.7070883718326],[135.05318675541267,34.706457197256526],[135.0568141641351,34.70685019274729]],[[135.0731283892936,34.67899514872013],[135.06882653774343,34.67814961296727]],[[135.067550564826,34.681900933560925],[135.0676052493796,34.68193666042372]],[[135.0676052493796,34.68193666042372],[135.07110506081025,34.68228202009742],[135.0731283892936,34.67899514872013]],[[135.06751410845692,34.68323473643866],[135.06720422931983,34.68466381095053],[135.0639231561036,34.68537834820647]],[[135.0656183772653,34.6904872895864],[135.07121442991746,34.68791495546503],[135.06751410845692,34.68323473643866]],[[135.01714963458764,34.691094646253944],[135.0143971787229,34.692607083445665],[135.01496225244347,34.69359552664971]],[[135.01496225244347,34.69359552664971],[135.01541795705685,34.69423861018005]],[[135.02398520378813,34.69047538063213],[135.0198656340833,34.687974500236365],[135.01714963458764,34.691094646253944]],[[135.02555282765812,34.67040879269465],[135.022855056347,34.67427920283096]],[[135.03103951120306,34.67427920283096],[135.02821414260018,34.6709804224994],[135.02555282765812,34.67040879269465]],[[135.00832719327286,34.679030875582924],[135.01153535375096,34.677720890613706]],[[135.01153535375096,34.677720890613706],[135.01144421282828,34.67663717577554],[135.00847301874913,34.67593454747387],[135.00754338133785,34.67482701472718]],[[134.9368909380815,34.705647388366465],[134.936635743498,34.705361573464096]],[[134.93351872394257,34.709148620920544],[134.93446658953837,34.70932725523453]],[[135.01532681613418,34.671301964264565],[135.01499870881256,34.67238567910273],[135.0162929099145,34.674934195315565]],[[135.02084995604818,34.673540847666494],[135.02084995604818,34.67349321184943]],[[135.03577883918206,34.76113120628975],[135.03749228852834,34.76263173452721]],[[135.01237385023956,34.66761018844224],[135.01494402425894,34.67124241949324]],[[135.01494402425894,34.67124241949324],[135.01530858794965,34.671301964264565]],[[135.00770743499868,34.70071708130052],[135.00628563660499,34.70072899025479],[135.00243948966815,34.70319414378776]],[[135.012082199287,34.70913671196628],[135.01361336678792,34.70664774052477],[135.01343108494257,34.70515912124158],[135.0153450443187,34.70470658097948],[135.01642050720625,34.70300360051951]],[[135.01642050720625,34.70300360051951],[135.01270195756118,34.700466993260946],[135.01224625294782,34.703075054245105],[135.00978544803564,34.70384913627237],[135.00770743499868,34.70071708130052]],[[135.05958484818436,34.76421562544453],[135.06186337125118,34.76410844485614],[135.0643970889015,34.762643643481475],[135.06767816211774,34.76246500916749],[135.07294610744827,34.76562088204787],[135.07662820072426,34.76510879701445],[135.07859684465402,34.75999985563452]],[[135.04937706484492,34.71823515302517],[135.04733550817704,34.71723480086686],[135.04498407237207,34.714209926483406],[135.04558560246173,34.71036333425563]],[[135.0365808793016,34.70962497909117],[135.0345940071873,34.71194722517295],[135.03136761852468,34.712983304194054],[135.0301645583454,34.714376651843125],[135.03118533667933,34.71702043969008]],[[135.03514085272334,34.725058983819345],[135.03807559043344,34.725987882252056],[135.04133843546515,34.719318867863336],[135.04208579103107,34.72035494688444],[135.04396329403812,34.719104506686556],[135.04658815261112,34.71906877982376],[135.04937706484492,34.71823515302517]],[[134.97314679712093,34.688224588275936],[134.97398529360953,34.686616879450085],[134.97744864867113,34.68593806905695],[134.97828714515973,34.68187711565239]],[[134.9782324606061,34.681805661926795],[134.97825068879064,34.67929287257677],[134.97666483673615,34.678733151726284]],[[134.96651173795033,34.681603209704285],[134.96426967125257,34.68517589598395],[134.96627477155138,34.689451210565295],[134.96640236884312,34.69209499841225],[134.9641785303299,34.69436960867697],[134.96594666422976,34.69510796384144],[134.96405093303815,34.69659658312463],[134.96591020786067,34.697334938289096],[134.9632488929186,34.70406349744915],[134.96554564417,34.70500430483612]],[[134.96554564417,34.70500430483612],[134.96911836833877,34.70236051698917],[134.97154271688188,34.70325368855909],[134.97517012560428,34.70257487816595],[134.97615444756917,34.70178888718442]],[[134.97615444756917,34.70178888718442],[134.975808112063,34.70014545149577],[134.97763093051648,34.69960954855382]],[[134.97763093051648,34.69960954855382],[134.97681066221242,34.69775175168839]],[[134.97681066221242,34.69775175168839],[134.9753888638187,34.69491742057319]],[[134.9753888638187,34.69491742057319],[134.9731285689364,34.69036820004374],[134.97314679712093,34.688224588275936]],[[135.02555282765812,34.67040879269465],[135.02578979405706,34.669920525569765]],[[135.02578979405706,34.669920525569765],[135.0239669756036,34.66955134798753]],[[135.01153535375096,34.677720890613706],[135.01363159497245,34.677387439894275]],[[135.01346754131163,34.676327542964636],[135.00880112607075,34.67245713282833],[135.00612158294416,34.67070651655129]],[[135.02017551322038,34.675601096754434],[135.0202848823276,34.67681581008952]],[[135.0731283892936,34.67899514872013],[135.07555273783672,34.67597027433667],[135.07362055027605,34.67371948198048],[135.07026656432166,34.67469601623026]],[[134.98335458046037,34.70140780064792],[134.9818963256976,34.702443879669026],[134.9808026346255,34.70124107528821],[134.97861525248135,34.70195561254414],[134.97763093051648,34.69960954855382]],[[134.97615444756917,34.70178888718442],[134.97952666170806,34.70570693313779]],[[134.99122915617934,34.70680255693023],[134.99086459248863,34.706314289805334]],[[134.99086459248863,34.706314289805334],[134.9886407539754,34.704897124247736]],[[134.9886407539754,34.704897124247736],[134.98732832468892,34.70220570058372]],[[135.05643137225985,34.68205574996637],[135.0530409299364,34.682484472319935]],[[135.0530409299364,34.682484472319935],[135.04992391038098,34.683544369249574]],[[135.05269459443025,34.68572370788017],[135.05320498359723,34.68462808408774],[135.0571969560103,34.68373491251782]],[[135.0571969560103,34.68373491251782],[135.05643137225985,34.68205574996637]],[[134.98229734575736,34.668181818246985],[134.98038338638122,34.66846763314936]],[[134.9814770774533,34.671814049297986],[134.98344572138302,34.671301964264565]],[[135.0046815563659,34.71326911909643],[135.00222075145373,34.714805374196686]],[[135.00222075145373,34.714805374196686],[135.00433522085976,34.71717525609554]],[[135.00433522085976,34.71717525609554],[135.00690539487914,34.715043553282]],[[135.02582625042615,34.669908616615494],[135.02578979405706,34.669920525569765]],[[135.00223897963826,34.71116123419142],[135.0004526175539,34.712983304194054]],[[135.0004526175539,34.712983304194054],[135.00222075145373,34.714805374196686]],[[135.06368618970464,34.68153175597869],[135.06364973333558,34.68355627820384]],[[135.06364973333558,34.68355627820384],[135.06374087425826,34.68537834820647]],[[135.06751410845692,34.68323473643866],[135.0676052493796,34.68193666042372]],[[135.0571969560103,34.68373491251782],[135.05869166714214,34.683675367746496]],[[135.05869166714214,34.683675367746496],[135.05849115711226,34.681853297743864]],[[135.05869166714214,34.68030513368934],[135.0569782177959,34.680340860552135],[135.05643137225985,34.68205574996637]],[[134.98594298266428,34.66508549013794],[134.9824249430491,34.66529985131472]],[[134.9824249430491,34.66529985131472],[134.9835733186748,34.668003183933]],[[134.98614349269417,34.667634006350774],[134.98692730462915,34.666836106414976],[134.98594298266428,34.66508549013794]],[[135.04771830005228,34.76058339439353],[135.04760893094507,34.76185765249995]],[[135.01319411854362,34.71866387537873],[135.01159003830458,34.72156966021953]],[[135.01159003830458,34.72156966021953],[135.01317589035907,34.72321309590818],[135.0157096080094,34.7211647557745]],[[135.01159003830458,34.72156966021953],[135.01153535375096,34.72153393335673]],[[135.01153535375096,34.72153393335673],[135.0096760789284,34.72302255263993]],[[135.0096760789284,34.72302255263993],[135.00863707240995,34.72405863166104]],[[135.00863707240995,34.72405863166104],[135.00963962255935,34.72698823441036]],[[135.05870989532667,34.683711094609286],[135.0589833180947,34.68553316461192]],[[135.06364973333558,34.68355627820384],[135.05870989532667,34.683711094609286]],[[135.0263366395931,34.70538539137262],[135.022855056347,34.70656437784491],[135.02090464060177,34.708981895560825],[135.02174313709037,34.709660705953965],[135.01982917771423,34.71157804759072]],[[134.9844847279015,34.660000366666544],[134.9845940970087,34.661226988955896],[134.9866356536766,34.66066726810541],[134.98707313010544,34.661643802355194],[134.99159371987002,34.66014327411773],[134.99286969278745,34.658988105553966],[134.99551277954498,34.6586665637888]],[[134.99551277954498,34.6586665637888],[134.99194005537618,34.65774957431035],[134.98971621686294,34.65813066084685],[134.98643514364673,34.657344669865324],[134.9844847279015,34.660000366666544]],[[135.00863707240995,34.72405863166104],[135.0057205628844,34.72210556316148]],[[135.0057205628844,34.72210556316148],[135.0035149525557,34.724082449569565],[134.9981558663025,34.72565443153262]],[[134.9981558663025,34.72565443153262],[135.00043438936933,34.72765513584923],[134.995786202313,34.730501375918706],[134.99536695406871,34.73169227134526]],[[135.01368627952604,34.67572018629709],[135.0141784405085,34.67479128786438],[135.01228270931688,34.67368375511768],[135.01047811904795,34.670551700145836]],[[135.01047811904795,34.670551700145836],[135.0080355423203,34.669872889752696]],[[135.0102046962799,34.74401803901013],[135.00969430711297,34.74937706842963],[135.01109787732213,34.74934134156683],[135.01045989086342,34.750829960850034],[135.01091559547677,34.75510527543137],[135.0133399440199,34.754164468044394],[135.0140872995858,34.75573645000745],[135.01673038634334,34.75847550948853],[135.01942815765446,34.75651053203471],[135.0258080222416,34.75920195569873]],[[134.98023756090492,34.708183995625035],[134.97702940042683,34.70899380451509],[134.97487847465175,34.710708693929334],[134.97515189741975,34.71247121916063],[134.97413111908583,34.71511500700759],[134.97387592450232,34.71781833962588],[134.97108701226853,34.7204025827015],[134.97177968328083,34.72390381525558]],[[134.9737483272106,34.724963712185215],[134.97548000474137,34.72678578218785],[134.97661015218253,34.72945338794334],[134.98031047364307,34.72922711781229],[134.9818598693285,34.73027510578766],[134.9824249430491,34.72717877767861]],[[134.9842659896871,34.72605933597765],[134.98131302379247,34.72427299283781],[134.9823155739419,34.72360609139894],[134.9817505002213,34.72139102590555],[134.98566955989625,34.71983095289676],[134.98619817724776,34.718008882894125],[134.98933342498773,34.71849715001901],[134.99077345156596,34.717151438187]],[[134.99077345156596,34.717151438187],[134.98608880814055,34.71287612360567]],[[135.01860788935042,34.7114827759566],[135.01663924542066,34.709779795496615],[135.01443363509196,34.71060151334094]],[[135.01383210500234,34.712173495304],[135.0155455543486,34.71376929517558],[135.01410552777034,34.71554372936115]],[[135.00768920681415,34.71915214250362],[135.01153535375096,34.72153393335673]],[[135.00949379708308,34.71685371433036],[135.00768920681415,34.71915214250362]],[[134.98213329209653,34.69209499841225],[134.98288064766245,34.691975908869594]],[[134.98288064766245,34.691975908869594],[134.98477637885406,34.69039201795227]],[[134.9886407539754,34.704897124247736],[134.9902083778454,34.70334896019321],[134.9933253974008,34.703408504964536],[134.995002390378,34.704337403397254]],[[134.995002390378,34.704337403397254],[134.99653355787893,34.70356332136999]],[[134.9958408868666,34.701800796138684],[134.99580443049754,34.701729342413095]],[[134.98393788236547,34.66252506497084],[134.9838467414428,34.66237024856539]],[[134.9838467414428,34.66237024856539],[134.98255254034083,34.66283469778175]],[[134.98255254034083,34.66283469778175],[134.98393788236547,34.66252506497084]],[[134.98288064766245,34.691975908869594],[134.98286241947793,34.6922140879549]],[[134.98286241947793,34.6922140879549],[134.98503157343754,34.694893602664656],[134.9873100965044,34.69596540854856],[134.987911626594,34.69485787580186],[134.99148435076282,34.69435769972271]],[[134.99148435076282,34.69435769972271],[134.9914661225783,34.692571356582874]],[[134.9914661225783,34.692571356582874],[134.9873830092425,34.68908203298306]],[[134.99077345156596,34.717151438187],[134.9918853708226,34.717580160540564],[134.99523935677695,34.71624635766282]],[[135.05870989532667,34.683711094609286],[135.05869166714214,34.683675367746496]],[[134.98058389641108,34.65855938320041],[134.98058389641108,34.65855938320041]],[[135.00615803931322,34.72070030655814],[135.00515548916383,34.72196265571029]],[[135.00515548916383,34.72196265571029],[135.0057205628844,34.72210556316148]],[[135.0096760789284,34.72302255263993],[135.00615803931322,34.72070030655814]],[[134.9838467414428,34.66237024856539],[134.9837556005201,34.66120317104737]],[[134.9837556005201,34.66120317104737],[134.9837556005201,34.6611912620931]],[[134.9837556005201,34.6611912620931],[134.98142239289967,34.66142944117841],[134.98255254034083,34.66283469778175]],[[134.98393788236547,34.66252506497084],[134.98594298266428,34.66508549013794]],[[134.98971621686294,34.67011106883801],[134.9897344450475,34.668265180926845],[134.99122915617934,34.667836458573284],[134.9904635724289,34.6659310258908]],[[134.9904635724289,34.6659310258908],[134.98922405588053,34.664216136476554],[134.9874194656116,34.66445431556187],[134.98594298266428,34.66209634261728],[134.9837556005201,34.66120317104737]],[[135.02387583468092,34.70095526038583],[135.0206494460183,34.70250342444036],[135.01851674842774,34.70462321829962],[135.01747774190926,34.702562969211684],[135.01642050720625,34.70300360051951]],[[134.98255254034083,34.66283469778175],[134.98154999019144,34.66304905895853]],[[135.0519290106798,34.680626675454505],[135.0530409299364,34.682484472319935]],[[135.0589286335411,34.67857833532083],[135.05511894297337,34.67882842336041],[135.0519290106798,34.680626675454505]],[[135.0440908913299,34.759225773607255],[135.04569497156893,34.76008321831438]],[[135.04569497156893,34.76008321831438],[135.04724436725436,34.7601427630857]],[[134.98464878156233,34.67218322688022],[134.9816958156677,34.67398147897432]],[[134.9993589264818,34.67822106669286],[134.9974085107366,34.6745769266876],[134.99647887332532,34.67585118479401],[134.99801004082624,34.6767205384554]],[[135.00222075145373,34.714805374196686],[134.99975994654156,34.71648453674813]],[[134.99975994654156,34.71648453674813],[135.00174681865585,34.71812797243678],[135.00515548916383,34.72196265571029]],[[135.00615803931322,34.72070030655814],[135.00601221383695,34.72060503492402]],[[135.00601221383695,34.72060503492402],[135.00413471082987,34.71923550518348],[135.00433522085976,34.71717525609554]],[[135.0266465187302,34.66824136301832],[135.027320961558,34.66674083478085]],[[135.0004526175539,34.712983304194054],[134.9984657454396,34.711851953538826]],[[134.9984657454396,34.711851953538826],[134.99596848415834,34.71388838471824],[134.9945831421337,34.71139941327674]],[[134.9945831421337,34.71139941327674],[134.99297906189466,34.711435140139535]],[[134.9962054505573,34.71550800249835],[134.99833814814787,34.71600817857751]],[[134.99833814814787,34.71600817857751],[134.99975994654156,34.71648453674813]],[[135.04954111850574,34.67879269649761],[135.04917655481506,34.68074576499716],[135.0519290106798,34.680626675454505]],[[135.04569497156893,34.76008321831438],[135.0453668642473,34.76064293916486]],[[135.0453668642473,34.76064293916486],[135.04522103877102,34.761833834591414]],[[134.98802099570122,34.685366439252206],[134.98938810954132,34.68756959579133]],[[135.0453668642473,34.76064293916486],[135.04195819373933,34.75967831386935]],[[135.01496225244347,34.69359552664971],[135.01273841393024,34.695727229463245],[135.0127201857457,34.69701339652393],[135.00770743499868,34.70071708130052]],[[135.009457340714,34.688045953961954],[135.00480915365767,34.688260315138734],[135.00329621434128,34.68631915559345],[135.00118174493525,34.68579516160576]],[[135.00118174493525,34.68579516160576],[134.99472896761,34.68768868533399],[134.9929972900792,34.68947502847382]],[[134.9929972900792,34.68947502847382],[134.99235930362047,34.69242844913168],[134.9914661225783,34.692571356582874]],[[134.99148435076282,34.69435769972271],[134.9936352765379,34.69658467417037],[134.9941638938894,34.69819238299622]],[[134.9951117594852,34.6987878307095],[134.99538518225324,34.696155951816806],[134.9981011817489,34.69654894730757],[135.0084547905646,34.69360743560398],[135.01022292446447,34.69022529259256]],[[134.9844847279015,34.660000366666544],[134.9837556005201,34.6611912620931]],[[134.9904635724289,34.6659310258908],[134.99170308897723,34.6655142124915]],[[134.99170308897723,34.6655142124915],[134.99487479308627,34.66446622451613],[134.9939998402286,34.66272751719336],[134.99859334273134,34.66108408150471],[134.99848397362413,34.65920246673075],[134.99551277954498,34.6586665637888]],[[135.01047811904795,34.670551700145836],[135.01494402425894,34.67124241949324]],[[134.99443731665744,34.72065267074108],[134.9981558663025,34.718139881391046],[134.99833814814787,34.71600817857751]],[[134.98599766721787,34.72757177316937],[134.99006255236912,34.72549961512717],[134.98869543852902,34.72324882277098],[134.98969798867842,34.72110521100317],[134.99317957192454,34.71960468276571],[134.99443731665744,34.72065267074108]],[[135.00768920681415,34.71915214250362],[135.00732464312344,34.71896159923537]],[[135.00732464312344,34.71896159923537],[135.00601221383695,34.72060503492402]],[[134.99749965165927,34.70569502418353],[134.99589557142022,34.70655246889065],[134.99658824243252,34.70950588954851]],[[134.99658824243252,34.70950588954851],[134.99963234924982,34.70891044183523]],[[134.99086459248863,34.706314289805334],[134.9943644039193,34.70587365849751]],[[134.9943644039193,34.70587365849751],[134.995002390378,34.704337403397254]],[[134.99658824243252,34.70950588954851],[134.9984657454396,34.711851953538826]],[[134.92376664521652,34.71637735615974],[134.9239124706928,34.71579381740073],[134.91705867330776,34.71621063080003],[134.9226000414063,34.71944986636026]],[[134.9226000414063,34.71944986636026],[134.92247244411456,34.716532172565195],[134.92376664521652,34.71637735615974]],[[134.9929972900792,34.68947502847382],[134.992104109037,34.6868907853982]],[[134.9945831421337,34.71139941327674],[134.99502061856253,34.70980361340515]],[[134.99502061856253,34.70980361340515],[134.9943644039193,34.70587365849751]],[[135.0792712874818,34.759475861646834],[135.08052903221468,34.75809442295203],[135.08344554174022,34.75920195569873],[135.0861068566823,34.75933295419565],[135.08772916510588,34.75739179465036],[135.08854943340995,34.754664644123544],[135.09048162097062,34.75431928444984],[135.09124720472107,34.75016305941116],[135.09281482859106,34.747554998427],[135.0927419158529,34.745101753848296],[135.09554905627124,34.74210069737337],[135.0939449760322,34.74075498554136],[135.09932229046993,34.73764674847805],[135.09735364654017,34.736527306777084],[135.09675211645055,34.734157424878234],[135.09817391484424,34.732299628012804],[135.09675211645055,34.728048131339996],[135.09401788877034,34.7302631968334],[135.0937444660023,34.73135882062583],[135.09064567463142,34.730834826638144],[135.09080972829224,34.72973920284571],[135.08701826590902,34.729060392452574]],[[134.96554564417,34.70500430483612],[134.96643882521218,34.706111837582824],[134.96589197967614,34.709779795496615],[134.9636681411629,34.711042144648765],[134.96494411408034,34.71162568340778],[134.9617724099713,34.713281028050694],[134.96157189994142,34.71455528615711],[134.95974908148796,34.713495389227475],[134.95896526955298,34.714507650340046]],[[134.99658824243252,34.70950588954851],[134.99502061856253,34.70980361340515]],[[134.9226000414063,34.71944986636026],[134.92651910108125,34.72055739910696]],[[134.92794089947498,34.71819942616237],[134.92376664521652,34.71637735615974]],[[135.04937706484492,34.71823515302517],[135.0549913456816,34.71810415452825],[135.05947547907715,34.72004531407354],[135.06412366613347,34.72018822152472],[135.06536318268184,34.721212391591564],[135.06899059140423,34.720152494661924],[135.0746048722409,34.71950941113159],[135.07679225438508,34.71790170230574],[135.079107233821,34.7179850649856]],[[135.01714963458764,34.691094646253944],[135.01363159497245,34.69116609997953],[135.0116629510427,34.68990375082738]],[[135.00280405335886,34.679995500878434],[135.00289519428154,34.680043136695495]],[[134.99881208094575,34.670206340472134],[134.99775484624274,34.667979366024475],[134.9966793833552,34.668193727201256],[134.99554923591404,34.66635974824435],[134.99312488737095,34.66724101086001],[134.99170308897723,34.6655142124915]],[[134.98058389641108,34.697501663648815],[134.98034693001213,34.6966442189417],[134.97681066221242,34.69775175168839]],[[134.9734384480735,34.68859376585817],[134.97314679712093,34.688224588275936]],[[134.9753888638187,34.69491742057319],[134.9802193327204,34.69342880128999],[134.98235203031095,34.69401234004901],[134.98286241947793,34.6922140879549]],[[135.00732464312344,34.71896159923537],[135.00433522085976,34.71717525609554]],[[134.9981558663025,34.72565443153262],[134.99443731665744,34.72065267074108]],[[135.00118174493525,34.68579516160576],[135.00110883219713,34.683365734935585],[135.00347849618663,34.68443754081949],[135.00222075145373,34.68273456035951],[134.9991584164519,34.68319900957587],[134.99523935677695,34.682401109640075]]]}